<?xml version="1.0" encoding="ISO-8859-1"?>
<Root_Element ID="DAOCUi">

<!-- @@ Edited with the DAoC User Interface Editor v1.76b -->
<!-- @@ Free download available at http://www.bradtownsend.com/daoced -->

  <WindowTemplate>
    <Name>custom3_window</Name>
    <WindowId>Custom3</WindowId>
    <CloseButton>true</CloseButton>
    <MoveButton>true</MoveButton>
    <TopRightResizeButton>false</TopRightResizeButton>
    <BottomRightResizeButton>false</BottomRightResizeButton>
    <BottomLeftResizeButton>false</BottomLeftResizeButton>
    <ResizeButtonOffsetX>0</ResizeButtonOffsetX>
    <ResizeButtonOffsetY>0</ResizeButtonOffsetY>
    <TitleWidth>78</TitleWidth>
    <TitleHeight>18</TitleHeight>
    <Width>78</Width>
    <Height>226</Height>
    <ResizeableWidth>0</ResizeableWidth>
    <ResizeableHeight>0</ResizeableHeight>
    <ResizeableTwoWayWidth>0</ResizeableTwoWayWidth>
    <ResizeableTwoWayHeight>0</ResizeableTwoWayHeight>
    <MinWidth>0</MinWidth>
    <MinHeight>0</MinHeight>

    <FullResizeImageDef>
      <ControlId>BackgroundImage</ControlId>
      <Position>
        <X>0</X>
        <Y>0</Y>
      </Position>
      <Alignment>
        <GrowWidth>true</GrowWidth>
        <GrowHeight>true</GrowHeight>
      </Alignment>
      <TemplateName>valmer_box</TemplateName>
      <Width>78</Width>
      <Height>226</Height>
    </FullResizeImageDef>

    <FullResizeImageDef>
      <ControlId></ControlId>
      <Position>
        <X>1</X>
        <Y>56</Y>
      </Position>
      <Alignment>
        <GrowWidth>true</GrowWidth>
        <GrowHeight>true</GrowHeight>
      </Alignment>
      <TemplateName>selection_box</TemplateName>
      <Width>76</Width>
      <Height>50</Height>
    </FullResizeImageDef>

    <LabelDef>
      <ControlId></ControlId>
      <Position>
        <X>5</X>
        <Y>4</Y>
      </Position>
      <Alignment>
        <TopLeft>true</TopLeft>
      </Alignment>
      <Color>
        <R>204</R>
        <G>255</G>
        <B>204</B>
        <A>255</A>
      </Color>
      <FontName>arial9</FontName>
      <Width>45</Width>
      <Height>16</Height>
      <ColorAdapter></ColorAdapter>
      <MaxCharacters>9</MaxCharacters>
      <Data>Forza</Data>
      <EndAligned>false</EndAligned>
      <TextCentered>false</TextCentered>
      <Adapter></Adapter>
    </LabelDef>

    <ScalarLabelDef>
      <ControlId></ControlId>
      <Position>
        <X>50</X>
        <Y>4</Y>
      </Position>
      <Alignment>
        <TopLeft>true</TopLeft>
      </Alignment>
      <FontName>arial9</FontName>
      <Adapter>stats_strength</Adapter>
      <ColorAdapter>stats_strength_color</ColorAdapter>
      <Width>24</Width>
      <Height>16</Height>
      <MaxCharacters>8</MaxCharacters>
      <Color>
        <R>255</R>
        <G>255</G>
        <B>255</B>
        <A>255</A>
      </Color>
      <Data></Data>
      <EndAligned>false</EndAligned>
      <TextCentered>false</TextCentered>
      <DontDrawWhenZero>false</DontDrawWhenZero>
    </ScalarLabelDef>

    <LabelDef>
      <ControlId></ControlId>
      <Position>
        <X>5</X>
        <Y>17</Y>
      </Position>
      <Alignment>
        <TopLeft>true</TopLeft>
      </Alignment>
      <Color>
        <R>204</R>
        <G>255</G>
        <B>204</B>
        <A>255</A>
      </Color>
      <FontName>arial9</FontName>
      <Width>40</Width>
      <Height>16</Height>
      <ColorAdapter></ColorAdapter>
      <MaxCharacters>9</MaxCharacters>
      <Data>Costituz.</Data>
      <EndAligned>false</EndAligned>
      <TextCentered>false</TextCentered>
      <Adapter></Adapter>
    </LabelDef>

    <ScalarLabelDef>
      <ControlId></ControlId>
      <Position>
        <X>50</X>
        <Y>17</Y>
      </Position>
      <Alignment>
        <TopLeft>true</TopLeft>
      </Alignment>
      <FontName>arial9</FontName>
      <Adapter>stats_constitution</Adapter>
      <ColorAdapter>stats_constitution_color</ColorAdapter>
      <Width>24</Width>
      <Height>16</Height>
      <MaxCharacters>8</MaxCharacters>
      <Color>
        <R>255</R>
        <G>255</G>
        <B>255</B>
        <A>255</A>
      </Color>
      <Data></Data>
      <EndAligned>false</EndAligned>
      <TextCentered>false</TextCentered>
      <DontDrawWhenZero>false</DontDrawWhenZero>
    </ScalarLabelDef>

    <LabelDef>
      <ControlId></ControlId>
      <Position>
        <X>5</X>
        <Y>30</Y>
      </Position>
      <Alignment>
        <TopLeft>true</TopLeft>
      </Alignment>
      <Color>
        <R>204</R>
        <G>255</G>
        <B>204</B>
        <A>255</A>
      </Color>
      <FontName>arial9</FontName>
      <Width>40</Width>
      <Height>16</Height>
      <ColorAdapter></ColorAdapter>
      <MaxCharacters>9</MaxCharacters>
      <Data>Destrezza</Data>
      <EndAligned>false</EndAligned>
      <TextCentered>false</TextCentered>
      <Adapter></Adapter>
    </LabelDef>

    <ScalarLabelDef>
      <ControlId></ControlId>
      <Position>
        <X>50</X>
        <Y>30</Y>
      </Position>
      <Alignment>
        <TopLeft>true</TopLeft>
      </Alignment>
      <FontName>arial9</FontName>
      <Adapter>stats_dexterity</Adapter>
      <ColorAdapter>stats_dexterity_color</ColorAdapter>
      <Width>24</Width>
      <Height>16</Height>
      <MaxCharacters>8</MaxCharacters>
      <Color>
        <R>255</R>
        <G>255</G>
        <B>255</B>
        <A>255</A>
      </Color>
      <Data></Data>
      <EndAligned>false</EndAligned>
      <TextCentered>false</TextCentered>
      <DontDrawWhenZero>false</DontDrawWhenZero>
    </ScalarLabelDef>

    <LabelDef>
      <ControlId></ControlId>
      <Position>
        <X>5</X>
        <Y>43</Y>
      </Position>
      <Alignment>
        <TopLeft>true</TopLeft>
      </Alignment>
      <Color>
        <R>204</R>
        <G>255</G>
        <B>204</B>
        <A>255</A>
      </Color>
      <FontName>arial9</FontName>
      <Width>40</Width>
      <Height>16</Height>
      <ColorAdapter></ColorAdapter>
      <MaxCharacters>9</MaxCharacters>
      <Data>Agilit�</Data>
      <EndAligned>false</EndAligned>
      <TextCentered>false</TextCentered>
      <Adapter></Adapter>
    </LabelDef>

    <ScalarLabelDef>
      <ControlId></ControlId>
      <Position>
        <X>50</X>
        <Y>43</Y>
      </Position>
      <Alignment>
        <TopLeft>true</TopLeft>
      </Alignment>
      <FontName>arial9</FontName>
      <Adapter>stats_quickness</Adapter>
      <ColorAdapter>stats_cquickness_color</ColorAdapter>
      <Width>24</Width>
      <Height>16</Height>
      <MaxCharacters>8</MaxCharacters>
      <Color>
        <R>255</R>
        <G>255</G>
        <B>255</B>
        <A>255</A>
      </Color>
      <Data></Data>
      <EndAligned>false</EndAligned>
      <TextCentered>false</TextCentered>
      <DontDrawWhenZero>false</DontDrawWhenZero>
    </ScalarLabelDef>

    <LabelDef>
      <ControlId></ControlId>
      <Position>
        <X>5</X>
        <Y>57</Y>
      </Position>
      <Alignment>
        <TopLeft>true</TopLeft>
      </Alignment>
      <Color>
        <R>255</R>
        <G>153</G>
        <B>153</B>
        <A>255</A>
      </Color>
      <FontName>arial9</FontName>
      <Width>40</Width>
      <Height>16</Height>
      <ColorAdapter></ColorAdapter>
      <MaxCharacters>9</MaxCharacters>
      <Data>PF</Data>
      <EndAligned>false</EndAligned>
      <TextCentered>false</TextCentered>
      <Adapter></Adapter>
    </LabelDef>

    <ScalarLabelDef>
      <ControlId></ControlId>
      <Position>
        <X>50</X>
        <Y>57</Y>
      </Position>
      <Alignment>
        <TopLeft>true</TopLeft>
      </Alignment>
      <FontName>arial9</FontName>
      <Adapter>stats_hitpoints</Adapter>
      <ColorAdapter></ColorAdapter>
      <Width>24</Width>
      <Height>16</Height>
      <MaxCharacters>8</MaxCharacters>
      <Color>
        <R>255</R>
        <G>153</G>
        <B>153</B>
        <A>255</A>
      </Color>
      <Data></Data>
      <EndAligned>false</EndAligned>
      <TextCentered>false</TextCentered>
      <DontDrawWhenZero>false</DontDrawWhenZero>
    </ScalarLabelDef>

    <LabelDef>
      <ControlId></ControlId>
      <Position>
        <X>5</X>
        <Y>70</Y>
      </Position>
      <Alignment>
        <TopLeft>true</TopLeft>
      </Alignment>
      <Color>
        <R>102</R>
        <G>255</G>
        <B>255</B>
        <A>255</A>
      </Color>
      <FontName>arial9</FontName>
      <Width>40</Width>
      <Height>16</Height>
      <ColorAdapter></ColorAdapter>
      <MaxCharacters>9</MaxCharacters>
      <Data>AF</Data>
      <EndAligned>false</EndAligned>
      <TextCentered>false</TextCentered>
      <Adapter></Adapter>
    </LabelDef>

    <ScalarLabelDef>
      <ControlId></ControlId>
      <Position>
        <X>50</X>
        <Y>70</Y>
      </Position>
      <Alignment>
        <TopLeft>true</TopLeft>
      </Alignment>
      <FontName>arial9</FontName>
      <Adapter>stats_armor_factor</Adapter>
      <ColorAdapter></ColorAdapter>
      <Width>24</Width>
      <Height>16</Height>
      <MaxCharacters>8</MaxCharacters>
      <Color>
        <R>102</R>
        <G>255</G>
        <B>255</B>
        <A>255</A>
      </Color>
      <Data></Data>
      <EndAligned>false</EndAligned>
      <TextCentered>false</TextCentered>
      <DontDrawWhenZero>false</DontDrawWhenZero>
    </ScalarLabelDef>

    <LabelDef>
      <ControlId></ControlId>
      <Position>
        <X>5</X>
        <Y>83</Y>
      </Position>
      <Alignment>
        <TopLeft>true</TopLeft>
      </Alignment>
      <Color>
        <R>204</R>
        <G>204</G>
        <B>0</B>
        <A>255</A>
      </Color>
      <FontName>arial9</FontName>
      <Width>40</Width>
      <Height>16</Height>
      <ColorAdapter></ColorAdapter>
      <MaxCharacters>9</MaxCharacters>
      <Data>Danno</Data>
      <EndAligned>false</EndAligned>
      <TextCentered>false</TextCentered>
      <Adapter></Adapter>
    </LabelDef>

    <ScalarLabelDef>
      <ControlId></ControlId>
      <Position>
        <X>50</X>
        <Y>80</Y>
      </Position>
      <Alignment>
        <TopLeft>true</TopLeft>
      </Alignment>
      <FontName>arial9</FontName>
      <Adapter>stats_weapon_damage</Adapter>
      <ColorAdapter></ColorAdapter>
      <Width>24</Width>
      <Height>16</Height>
      <MaxCharacters>8</MaxCharacters>
      <Color>
        <R>204</R>
        <G>204</G>
        <B>0</B>
        <A>255</A>
      </Color>
      <Data></Data>
      <EndAligned>false</EndAligned>
      <TextCentered>false</TextCentered>
      <DontDrawWhenZero>false</DontDrawWhenZero>
    </ScalarLabelDef>

    <LabelDef>
      <ControlId></ControlId>
      <Position>
        <X>5</X>
        <Y>93</Y>
      </Position>
      <Alignment>
        <TopLeft>true</TopLeft>
      </Alignment>
      <Color>
        <R>204</R>
        <G>204</G>
        <B>0</B>
        <A>255</A>
      </Color>
      <FontName>arial9</FontName>
      <Width>40</Width>
      <Height>16</Height>
      <ColorAdapter></ColorAdapter>
      <MaxCharacters>9</MaxCharacters>
      <Data>Abilit�</Data>
      <EndAligned>false</EndAligned>
      <TextCentered>false</TextCentered>
      <Adapter></Adapter>
    </LabelDef>

    <ScalarLabelDef>
      <ControlId></ControlId>
      <Position>
        <X>50</X>
        <Y>93</Y>
      </Position>
      <Alignment>
        <TopLeft>true</TopLeft>
      </Alignment>
      <FontName>arial9</FontName>
      <Adapter>stats_weapon_skill</Adapter>
      <ColorAdapter></ColorAdapter>
      <Width>24</Width>
      <Height>16</Height>
      <MaxCharacters>8</MaxCharacters>
      <Color>
        <R>204</R>
        <G>204</G>
        <B>0</B>
        <A>255</A>
      </Color>
      <Data></Data>
      <EndAligned>false</EndAligned>
      <TextCentered>false</TextCentered>
      <DontDrawWhenZero>false</DontDrawWhenZero>
    </ScalarLabelDef>

    <LabelDef>
      <ControlId></ControlId>
      <Position>
        <X>5</X>
        <Y>107</Y>
      </Position>
      <Alignment>
        <TopLeft>true</TopLeft>
      </Alignment>
      <Color>
        <R>255</R>
        <G>204</G>
        <B>204</B>
        <A>255</A>
      </Color>
      <FontName>arial9</FontName>
      <Width>40</Width>
      <Height>16</Height>
      <ColorAdapter></ColorAdapter>
      <MaxCharacters>9</MaxCharacters>
      <Data>Taglio</Data>
      <EndAligned>false</EndAligned>
      <TextCentered>false</TextCentered>
      <Adapter></Adapter>
    </LabelDef>

    <LabelDef>
      <ControlId></ControlId>
      <Position>
        <X>50</X>
        <Y>107</Y>
      </Position>
      <Alignment>
        <TopLeft>true</TopLeft>
      </Alignment>
      <Color>
        <R>255</R>
        <G>204</G>
        <B>204</B>
        <A>255</A>
      </Color>
      <FontName>arial9</FontName>
      <Width>26</Width>
      <Height>16</Height>
      <ColorAdapter>stats_slash_color</ColorAdapter>
      <MaxCharacters>128</MaxCharacters>
      <Data></Data>
      <EndAligned>false</EndAligned>
      <TextCentered>false</TextCentered>
      <Adapter>stats_slash</Adapter>
    </LabelDef>

    <LabelDef>
      <ControlId></ControlId>
      <Position>
        <X>5</X>
        <Y>120</Y>
      </Position>
      <Alignment>
        <TopLeft>true</TopLeft>
      </Alignment>
      <Color>
        <R>255</R>
        <G>204</G>
        <B>204</B>
        <A>255</A>
      </Color>
      <FontName>arial9</FontName>
      <Width>40</Width>
      <Height>16</Height>
      <ColorAdapter></ColorAdapter>
      <MaxCharacters>9</MaxCharacters>
      <Data>Perf.</Data>
      <EndAligned>false</EndAligned>
      <TextCentered>false</TextCentered>
      <Adapter></Adapter>
    </LabelDef>

    <LabelDef>
      <ControlId></ControlId>
      <Position>
        <X>50</X>
        <Y>120</Y>
      </Position>
      <Alignment>
        <TopLeft>true</TopLeft>
      </Alignment>
      <Color>
        <R>255</R>
        <G>204</G>
        <B>204</B>
        <A>255</A>
      </Color>
      <FontName>arial9</FontName>
      <Width>26</Width>
      <Height>16</Height>
      <ColorAdapter>stats_thrust_color</ColorAdapter>
      <MaxCharacters>32</MaxCharacters>
      <Data></Data>
      <EndAligned>false</EndAligned>
      <TextCentered>false</TextCentered>
      <Adapter>stats_thrust</Adapter>
    </LabelDef>

    <LabelDef>
      <ControlId></ControlId>
      <Position>
        <X>5</X>
        <Y>133</Y>
      </Position>
      <Alignment>
        <TopLeft>true</TopLeft>
      </Alignment>
      <Color>
        <R>255</R>
        <G>204</G>
        <B>204</B>
        <A>255</A>
      </Color>
      <FontName>arial9</FontName>
      <Width>40</Width>
      <Height>16</Height>
      <ColorAdapter></ColorAdapter>
      <MaxCharacters>9</MaxCharacters>
      <Data>Impat.</Data>
      <EndAligned>false</EndAligned>
      <TextCentered>false</TextCentered>
      <Adapter></Adapter>
    </LabelDef>

    <LabelDef>
      <ControlId></ControlId>
      <Position>
        <X>50</X>
        <Y>133</Y>
      </Position>
      <Alignment>
        <TopLeft>true</TopLeft>
      </Alignment>
      <Color>
        <R>255</R>
        <G>204</G>
        <B>204</B>
        <A>255</A>
      </Color>
      <FontName>arial9</FontName>
      <Width>26</Width>
      <Height>16</Height>
      <ColorAdapter>stats_crush_color</ColorAdapter>
      <MaxCharacters>128</MaxCharacters>
      <Data></Data>
      <EndAligned>false</EndAligned>
      <TextCentered>false</TextCentered>
      <Adapter>stats_crush</Adapter>
    </LabelDef>

    <LabelDef>
      <ControlId></ControlId>
      <Position>
        <X>5</X>
        <Y>146</Y>
      </Position>
      <Alignment>
        <TopLeft>true</TopLeft>
      </Alignment>
      <Color>
        <R>255</R>
        <G>255</G>
        <B>204</B>
        <A>255</A>
      </Color>
      <FontName>arial9</FontName>
      <Width>23</Width>
      <Height>16</Height>
      <ColorAdapter></ColorAdapter>
      <MaxCharacters>9</MaxCharacters>
      <Data>Caldo</Data>
      <EndAligned>false</EndAligned>
      <TextCentered>false</TextCentered>
      <Adapter></Adapter>
    </LabelDef>

    <LabelDef>
      <ControlId></ControlId>
      <Position>
        <X>50</X>
        <Y>146</Y>
      </Position>
      <Alignment>
        <TopLeft>true</TopLeft>
      </Alignment>
      <Color>
        <R>204</R>
        <G>204</G>
        <B>204</B>
        <A>255</A>
      </Color>
      <FontName>arial9</FontName>
      <Width>26</Width>
      <Height>16</Height>
      <ColorAdapter>stats_heat_color</ColorAdapter>
      <MaxCharacters>128</MaxCharacters>
      <Data></Data>
      <EndAligned>false</EndAligned>
      <TextCentered>false</TextCentered>
      <Adapter>stats_heat</Adapter>
    </LabelDef>

    <LabelDef>
      <ControlId></ControlId>
      <Position>
        <X>5</X>
        <Y>159</Y>
      </Position>
      <Alignment>
        <TopLeft>true</TopLeft>
      </Alignment>
      <Color>
        <R>255</R>
        <G>255</G>
        <B>204</B>
        <A>255</A>
      </Color>
      <FontName>arial9</FontName>
      <Width>23</Width>
      <Height>16</Height>
      <ColorAdapter></ColorAdapter>
      <MaxCharacters>9</MaxCharacters>
      <Data>Freddo</Data>
      <EndAligned>false</EndAligned>
      <TextCentered>false</TextCentered>
      <Adapter></Adapter>
    </LabelDef>

    <LabelDef>
      <ControlId></ControlId>
      <Position>
        <X>50</X>
        <Y>159</Y>
      </Position>
      <Alignment>
        <TopLeft>true</TopLeft>
      </Alignment>
      <Color>
        <R>204</R>
        <G>204</G>
        <B>204</B>
        <A>255</A>
      </Color>
      <FontName>arial9</FontName>
      <Width>26</Width>
      <Height>16</Height>
      <ColorAdapter>stats_cold_color</ColorAdapter>
      <MaxCharacters>128</MaxCharacters>
      <Data></Data>
      <EndAligned>false</EndAligned>
      <TextCentered>false</TextCentered>
      <Adapter>stats_cold</Adapter>
    </LabelDef>

    <LabelDef>
      <ControlId></ControlId>
      <Position>
        <X>5</X>
        <Y>172</Y>
      </Position>
      <Alignment>
        <TopLeft>true</TopLeft>
      </Alignment>
      <Color>
        <R>255</R>
        <G>255</G>
        <B>204</B>
        <A>255</A>
      </Color>
      <FontName>arial9</FontName>
      <Width>40</Width>
      <Height>16</Height>
      <ColorAdapter></ColorAdapter>
      <MaxCharacters>9</MaxCharacters>
      <Data>Materia</Data>
      <EndAligned>false</EndAligned>
      <TextCentered>false</TextCentered>
      <Adapter></Adapter>
    </LabelDef>

    <LabelDef>
      <ControlId></ControlId>
      <Position>
        <X>50</X>
        <Y>172</Y>
      </Position>
      <Alignment>
        <TopLeft>true</TopLeft>
      </Alignment>
      <Color>
        <R>255</R>
        <G>255</G>
        <B>255</B>
        <A>255</A>
      </Color>
      <FontName>arial9</FontName>
      <Width>26</Width>
      <Height>16</Height>
      <ColorAdapter>stats_matter_color</ColorAdapter>
      <MaxCharacters>128</MaxCharacters>
      <Data></Data>
      <EndAligned>false</EndAligned>
      <TextCentered>false</TextCentered>
      <Adapter>stats_matter</Adapter>
    </LabelDef>

    <LabelDef>
      <ControlId></ControlId>
      <Position>
        <X>5</X>
        <Y>185</Y>
      </Position>
      <Alignment>
        <TopLeft>true</TopLeft>
      </Alignment>
      <Color>
        <R>204</R>
        <G>255</G>
        <B>255</B>
        <A>255</A>
      </Color>
      <FontName>arial9</FontName>
      <Width>40</Width>
      <Height>16</Height>
      <ColorAdapter></ColorAdapter>
      <MaxCharacters>9</MaxCharacters>
      <Data>Corpo</Data>
      <EndAligned>false</EndAligned>
      <TextCentered>false</TextCentered>
      <Adapter></Adapter>
    </LabelDef>

    <LabelDef>
      <ControlId></ControlId>
      <Position>
        <X>50</X>
        <Y>185</Y>
      </Position>
      <Alignment>
        <TopLeft>true</TopLeft>
      </Alignment>
      <Color>
        <R>255</R>
        <G>255</G>
        <B>255</B>
        <A>255</A>
      </Color>
      <FontName>arial9</FontName>
      <Width>26</Width>
      <Height>16</Height>
      <ColorAdapter>stats_body_color</ColorAdapter>
      <MaxCharacters>128</MaxCharacters>
      <Data></Data>
      <EndAligned>false</EndAligned>
      <TextCentered>false</TextCentered>
      <Adapter>stats_body</Adapter>
    </LabelDef>

    <LabelDef>
      <ControlId></ControlId>
      <Position>
        <X>5</X>
        <Y>198</Y>
      </Position>
      <Alignment>
        <TopLeft>true</TopLeft>
      </Alignment>
      <Color>
        <R>204</R>
        <G>255</G>
        <B>255</B>
        <A>255</A>
      </Color>
      <FontName>arial9</FontName>
      <Width>40</Width>
      <Height>16</Height>
      <ColorAdapter></ColorAdapter>
      <MaxCharacters>9</MaxCharacters>
      <Data>Energia</Data>
      <EndAligned>false</EndAligned>
      <TextCentered>false</TextCentered>
      <Adapter></Adapter>
    </LabelDef>

    <LabelDef>
      <ControlId></ControlId>
      <Position>
        <X>50</X>
        <Y>198</Y>
      </Position>
      <Alignment>
        <TopLeft>true</TopLeft>
      </Alignment>
      <Color>
        <R>204</R>
        <G>255</G>
        <B>255</B>
        <A>255</A>
      </Color>
      <FontName>arial9</FontName>
      <Width>26</Width>
      <Height>16</Height>
      <ColorAdapter>stats_energy_color</ColorAdapter>
      <MaxCharacters>128</MaxCharacters>
      <Data></Data>
      <EndAligned>false</EndAligned>
      <TextCentered>false</TextCentered>
      <Adapter>stats_energy</Adapter>
    </LabelDef>

    <LabelDef>
      <ControlId></ControlId>
      <Position>
        <X>5</X>
        <Y>211</Y>
      </Position>
      <Alignment>
        <TopLeft>true</TopLeft>
      </Alignment>
      <Color>
        <R>204</R>
        <G>255</G>
        <B>255</B>
        <A>255</A>
      </Color>
      <FontName>arial9</FontName>
      <Width>40</Width>
      <Height>16</Height>
      <ColorAdapter></ColorAdapter>
      <MaxCharacters>9</MaxCharacters>
      <Data>Spirito</Data>
      <EndAligned>false</EndAligned>
      <TextCentered>false</TextCentered>
      <Adapter></Adapter>
    </LabelDef>

    <LabelDef>
      <ControlId></ControlId>
      <Position>
        <X>50</X>
        <Y>211</Y>
      </Position>
      <Alignment>
        <TopLeft>true</TopLeft>
      </Alignment>
      <Color>
        <R>204</R>
        <G>255</G>
        <B>255</B>
        <A>255</A>
      </Color>
      <FontName>arial9</FontName>
      <Width>26</Width>
      <Height>16</Height>
      <ColorAdapter>stats_spirit_color</ColorAdapter>
      <MaxCharacters>128</MaxCharacters>
      <Data></Data>
      <EndAligned>false</EndAligned>
      <TextCentered>false</TextCentered>
      <Adapter>stats_spirit</Adapter>
    </LabelDef>

  </WindowTemplate>

</Root_Element>
