<?xml version="1.0" encoding="UTF-8"?>
<SCItem>
	<ActiveState>drop</ActiveState>
	<Location>Left Ring</Location>
	<Realm>All</Realm>
	<ItemName>Crocodile Tear Ring</ItemName>
	<AFDPS>0.0</AFDPS>
	<Bonus>0</Bonus>
	<ItemQuality>100</ItemQuality>
	<Equipped>1</Equipped>
	<Level>50</Level>
	<OFFHAND>no</OFFHAND>
	<SOURCE>artifact</SOURCE>
	<DBSOURCE>Ethinarg</DBSOURCE>
	<CLASSRESTRICTIONS>
		<CLASS>Shaman</CLASS>
		<CLASS>Healer</CLASS>
		<CLASS>Heretic</CLASS>
		<CLASS>Skald</CLASS>
		<CLASS>Bonedancer</CLASS>
		<CLASS>Bard</CLASS>
		<CLASS>Animist</CLASS>
		<CLASS>Eldritch</CLASS>
		<CLASS>Minstrel</CLASS>
		<CLASS>Cabalist</CLASS>
		<CLASS>Theurgist</CLASS>
		<CLASS>Wizard</CLASS>
		<CLASS>Sorcerer</CLASS>
		<CLASS>Necromancer</CLASS>
		<CLASS>Enchanter</CLASS>
		<CLASS>Mentalist</CLASS>
		<CLASS>Runemaster</CLASS>
		<CLASS>Spiritmaster</CLASS>
		<CLASS>Friar</CLASS>
		<CLASS>Warden</CLASS>
		<CLASS>Druid</CLASS>
		<CLASS>Cleric</CLASS>
	</CLASSRESTRICTIONS>
	<ISUNIQUE>0</ISUNIQUE>
	<ORACLE_IGNORE>0</ORACLE_IGNORE>
	<USER_VALUE>0</USER_VALUE>
	<VARIANT></VARIANT>
	<ASSOCIATE IsParent="0"></ASSOCIATE>
	<EQUIPLIST>
		<SLOT NAME="Left Ring">true</SLOT>
		<SLOT NAME="Right Ring">true</SLOT>
	</EQUIPLIST>
	<DROPITEM>
		<SLOT Number="0">
			<Remakes>0</Remakes>
			<Effect>Body Resist</Effect>
			<Qua>99</Qua>
			<Amount>4</Amount>
			<Done>0</Done>
			<Time>0</Time>
			<Type>Resist</Type>
		</SLOT>
		<SLOT Number="1">
			<Remakes>0</Remakes>
			<Effect>Cold Resist</Effect>
			<Qua>99</Qua>
			<Amount>4</Amount>
			<Done>0</Done>
			<Time>0</Time>
			<Type>Resist</Type>
		</SLOT>
		<SLOT Number="2">
			<Remakes>0</Remakes>
			<Effect>Heat Resist</Effect>
			<Qua>99</Qua>
			<Amount>4</Amount>
			<Done>0</Done>
			<Time>0</Time>
			<Type>Resist</Type>
		</SLOT>
		<SLOT Number="3">
			<Remakes>0</Remakes>
			<Effect>Energy Resist</Effect>
			<Qua>99</Qua>
			<Amount>4</Amount>
			<Done>0</Done>
			<Time>0</Time>
			<Type>Resist</Type>
		</SLOT>
		<SLOT Number="4">
			<Remakes>0</Remakes>
			<Effect>Matter Resist</Effect>
			<Qua>99</Qua>
			<Amount>4</Amount>
			<Done>0</Done>
			<Time>0</Time>
			<Type>Resist</Type>
		</SLOT>
		<SLOT Number="5">
			<Remakes>0</Remakes>
			<Effect>Acuity</Effect>
			<Qua>99</Qua>
			<Amount>15</Amount>
			<Done>0</Done>
			<Time>0</Time>
			<Type>Stat</Type>
		</SLOT>
		<SLOT Number="6">
			<Remakes>0</Remakes>
			<Effect></Effect>
			<Qua>99</Qua>
			<Amount>0</Amount>
			<Done>0</Done>
			<Time>0</Time>
			<Type>Unused</Type>
		</SLOT>
		<SLOT Number="7">
			<Remakes>0</Remakes>
			<Effect></Effect>
			<Qua>99</Qua>
			<Amount>0</Amount>
			<Done>0</Done>
			<Time>0</Time>
			<Type>Unused</Type>
		</SLOT>
		<SLOT Number="8">
			<Remakes>0</Remakes>
			<Effect></Effect>
			<Qua>99</Qua>
			<Amount>0</Amount>
			<Done>0</Done>
			<Time>0</Time>
			<Type>Unused</Type>
		</SLOT>
		<SLOT Number="9">
			<Remakes>0</Remakes>
			<Effect></Effect>
			<Qua>99</Qua>
			<Amount>0</Amount>
			<Done>0</Done>
			<Time>0</Time>
			<Type>Unused</Type>
		</SLOT>
	</DROPITEM>
</SCItem>
