<?xml version="1.0" encoding="UTF-8"?>
<SCItem>
	<ActiveState>drop</ActiveState>
	<Location>Belt</Location>
	<Realm>All</Realm>
	<ItemName>Curative Sash of the Vigilant</ItemName>
	<AFDPS>0.0</AFDPS>
	<Bonus>0</Bonus>
	<ItemQuality>99</ItemQuality>
	<Equipped>1</Equipped>
	<Level>51</Level>
	<OFFHAND>no</OFFHAND>
	<SOURCE>drop</SOURCE>
	<DBSOURCE>LOKI</DBSOURCE>
	<CLASSRESTRICTIONS>
		<CLASS>All</CLASS>
	</CLASSRESTRICTIONS>
	<ISUNIQUE>0</ISUNIQUE>
	<ORACLE_IGNORE>0</ORACLE_IGNORE>
	<USER_VALUE>0</USER_VALUE>
	<VARIANT></VARIANT>
	<ASSOCIATE IsParent="0"></ASSOCIATE>
	<EQUIPLIST>
		<SLOT NAME="Belt">true</SLOT>
	</EQUIPLIST>
	<DROPITEM>
		<SLOT Number="0">
			<Remakes>0</Remakes>
			<Effect>Acuity</Effect>
			<Qua>99</Qua>
			<Amount>21</Amount>
			<Done>0</Done>
			<Time>0</Time>
			<Type>Stat</Type>
		</SLOT>
		<SLOT Number="1">
			<Remakes>0</Remakes>
			<Effect>Dexterity</Effect>
			<Qua>99</Qua>
			<Amount>18</Amount>
			<Done>0</Done>
			<Time>0</Time>
			<Type>Stat</Type>
		</SLOT>
		<SLOT Number="2">
			<Remakes>0</Remakes>
			<Effect>Hits</Effect>
			<Qua>99</Qua>
			<Amount>40</Amount>
			<Done>0</Done>
			<Time>0</Time>
			<Type>Hits</Type>
		</SLOT>
		<SLOT Number="3">
			<Remakes>0</Remakes>
			<Effect>Thrust Resist</Effect>
			<Qua>99</Qua>
			<Amount>5</Amount>
			<Done>0</Done>
			<Time>0</Time>
			<Type>Resist</Type>
		</SLOT>
		<SLOT Number="4">
			<Remakes>0</Remakes>
			<Effect>Spirit Resist</Effect>
			<Qua>99</Qua>
			<Amount>5</Amount>
			<Done>0</Done>
			<Time>0</Time>
			<Type>Resist</Type>
		</SLOT>
		<SLOT Number="5">
			<Remakes>0</Remakes>
			<Effect>Matter Resist</Effect>
			<Qua>99</Qua>
			<Amount>5</Amount>
			<Done>0</Done>
			<Time>0</Time>
			<Type>Resist</Type>
		</SLOT>
		<SLOT Number="6">
			<Remakes>0</Remakes>
			<Effect>Acuity</Effect>
			<Qua>99</Qua>
			<Amount>5</Amount>
			<Done>0</Done>
			<Time>0</Time>
			<Type>Cap Increase</Type>
		</SLOT>
		<SLOT Number="7">
			<Remakes>0</Remakes>
			<Effect>Dexterity</Effect>
			<Qua>99</Qua>
			<Amount>4</Amount>
			<Done>0</Done>
			<Time>0</Time>
			<Type>Cap Increase</Type>
		</SLOT>
		<SLOT Number="8">
			<Remakes>0</Remakes>
			<Effect>Hits</Effect>
			<Qua>99</Qua>
			<Amount>40</Amount>
			<Done>0</Done>
			<Time>0</Time>
			<Type>Cap Increase</Type>
		</SLOT>
		<SLOT Number="9">
			<Remakes>0</Remakes>
			<Effect>Healing Bonus</Effect>
			<Qua>99</Qua>
			<Amount>10</Amount>
			<Done>0</Done>
			<Time>0</Time>
			<Type>Other Bonus</Type>
		</SLOT>
	</DROPITEM>
</SCItem>
