<?xml version="1.0" encoding="UTF-8"?>
<SCItem>
	<ActiveState>drop</ActiveState>
	<Location>Belt</Location>
	<Realm>All</Realm>
	<ItemName>Jacina&apos;s Sash</ItemName>
	<AFDPS>0.0</AFDPS>
	<Bonus>35</Bonus>
	<ItemQuality>100</ItemQuality>
	<Equipped>1</Equipped>
	<Level>45</Level>
	<OFFHAND>no</OFFHAND>
	<SOURCE>artifact</SOURCE>
	<DBSOURCE>LOKI</DBSOURCE>
	<CLASSRESTRICTIONS>
		<CLASS>All</CLASS>
	</CLASSRESTRICTIONS>
	<ISUNIQUE>0</ISUNIQUE>
	<ORACLE_IGNORE>0</ORACLE_IGNORE>
	<USER_VALUE>0</USER_VALUE>
	<VARIANT></VARIANT>
	<ASSOCIATE IsParent="0"></ASSOCIATE>
	<EQUIPLIST>
		<SLOT NAME="Belt">true</SLOT>
	</EQUIPLIST>
	<DROPITEM>
		<SLOT Number="0">
			<Remakes>0</Remakes>
			<Effect>Buff Bonus</Effect>
			<Qua>99</Qua>
			<Amount>6</Amount>
			<Done>0</Done>
			<Time>0</Time>
			<Type>Other Bonus</Type>
		</SLOT>
		<SLOT Number="1">
			<Remakes>0</Remakes>
			<Effect>Power</Effect>
			<Qua>99</Qua>
			<Amount>5</Amount>
			<Done>0</Done>
			<Time>0</Time>
			<Type>Cap Increase</Type>
		</SLOT>
		<SLOT Number="2">
			<Remakes>0</Remakes>
			<Effect>Power Percentage Bonus</Effect>
			<Qua>99</Qua>
			<Amount>5</Amount>
			<Done>0</Done>
			<Time>0</Time>
			<Type>Other Bonus</Type>
		</SLOT>
		<SLOT Number="3">
			<Remakes>0</Remakes>
			<Effect>Spell Range Bonus</Effect>
			<Qua>99</Qua>
			<Amount>5</Amount>
			<Done>0</Done>
			<Time>0</Time>
			<Type>Other Bonus</Type>
		</SLOT>
		<SLOT Number="4">
			<Remakes>0</Remakes>
			<Effect>Spell Duration Bonus</Effect>
			<Qua>99</Qua>
			<Amount>6</Amount>
			<Done>0</Done>
			<Time>0</Time>
			<Type>Other Bonus</Type>
		</SLOT>
		<SLOT Number="5">
			<Remakes>0</Remakes>
			<Effect>Resist Pierce</Effect>
			<Qua>99</Qua>
			<Amount>5</Amount>
			<Done>0</Done>
			<Time>0</Time>
			<Type>Other Bonus</Type>
		</SLOT>
		<SLOT Number="6">
			<Remakes>0</Remakes>
			<Effect></Effect>
			<Qua>99</Qua>
			<Amount>0</Amount>
			<Done>0</Done>
			<Time>0</Time>
			<Type>Unused</Type>
		</SLOT>
		<SLOT Number="7">
			<Remakes>0</Remakes>
			<Effect></Effect>
			<Qua>99</Qua>
			<Amount>0</Amount>
			<Done>0</Done>
			<Time>0</Time>
			<Type>Unused</Type>
		</SLOT>
		<SLOT Number="8">
			<Remakes>0</Remakes>
			<Effect></Effect>
			<Qua>99</Qua>
			<Amount>0</Amount>
			<Done>0</Done>
			<Time>0</Time>
			<Type>Unused</Type>
		</SLOT>
		<SLOT Number="9">
			<Remakes>0</Remakes>
			<Effect></Effect>
			<Qua>99</Qua>
			<Amount>0</Amount>
			<Done>0</Done>
			<Time>0</Time>
			<Type>Unused</Type>
		</SLOT>
	</DROPITEM>
</SCItem>
