<?xml version="1.0" encoding="UTF-8"?>
<SCItem>
	<ActiveState>drop</ActiveState>
	<Location>Right Ring</Location>
	<Realm>Albion</Realm>
	<ItemName>Ring of Granite Enhancement</ItemName>
	<AFDPS>0.0</AFDPS>
	<Bonus>35</Bonus>
	<ItemQuality>94</ItemQuality>
	<Equipped>1</Equipped>
	<Level>51</Level>
	<OFFHAND>no</OFFHAND>
	<SOURCE>drop</SOURCE>
	<DBSOURCE>Ethinarg</DBSOURCE>
	<CLASSRESTRICTIONS>
		<CLASS>All</CLASS>
	</CLASSRESTRICTIONS>
	<ISUNIQUE>0</ISUNIQUE>
	<ORACLE_IGNORE>0</ORACLE_IGNORE>
	<USER_VALUE>0</USER_VALUE>
	<VARIANT></VARIANT>
	<ASSOCIATE IsParent="0"></ASSOCIATE>
	<EQUIPLIST>
		<SLOT NAME="Left Ring">true</SLOT>
		<SLOT NAME="Right Ring">true</SLOT>
	</EQUIPLIST>
	<DROPITEM>
		<SLOT Number="0">
			<Remakes>0</Remakes>
			<Effect>All Melee Skill Bonus</Effect>
			<Qua>99</Qua>
			<Amount>3</Amount>
			<Done>0</Done>
			<Time>0</Time>
			<Type>Skill</Type>
		</SLOT>
		<SLOT Number="1">
			<Remakes>0</Remakes>
			<Effect>Cold Resist</Effect>
			<Qua>99</Qua>
			<Amount>6</Amount>
			<Done>0</Done>
			<Time>0</Time>
			<Type>Resist</Type>
		</SLOT>
		<SLOT Number="2">
			<Remakes>0</Remakes>
			<Effect>Heat Resist</Effect>
			<Qua>99</Qua>
			<Amount>6</Amount>
			<Done>0</Done>
			<Time>0</Time>
			<Type>Resist</Type>
		</SLOT>
		<SLOT Number="3">
			<Remakes>0</Remakes>
			<Effect>Crush Resist</Effect>
			<Qua>99</Qua>
			<Amount>6</Amount>
			<Done>0</Done>
			<Time>0</Time>
			<Type>Resist</Type>
		</SLOT>
		<SLOT Number="4">
			<Remakes>0</Remakes>
			<Effect>Thrust Resist</Effect>
			<Qua>99</Qua>
			<Amount>6</Amount>
			<Done>0</Done>
			<Time>0</Time>
			<Type>Resist</Type>
		</SLOT>
		<SLOT Number="5">
			<Remakes>0</Remakes>
			<Effect>Slash Resist</Effect>
			<Qua>99</Qua>
			<Amount>6</Amount>
			<Done>0</Done>
			<Time>0</Time>
			<Type>Resist</Type>
		</SLOT>
		<SLOT Number="6">
			<Remakes>0</Remakes>
			<Effect>Hits</Effect>
			<Qua>99</Qua>
			<Amount>50</Amount>
			<Done>0</Done>
			<Time>0</Time>
			<Type>Hits</Type>
		</SLOT>
		<SLOT Number="7">
			<Remakes>0</Remakes>
			<Effect>Hits</Effect>
			<Qua>99</Qua>
			<Amount>50</Amount>
			<Done>0</Done>
			<Time>0</Time>
			<Type>Cap Increase</Type>
		</SLOT>
		<SLOT Number="8">
			<Remakes>0</Remakes>
			<Effect></Effect>
			<Qua>99</Qua>
			<Amount>0</Amount>
			<Done>0</Done>
			<Time>0</Time>
			<Type>Unused</Type>
		</SLOT>
		<SLOT Number="9">
			<Remakes>0</Remakes>
			<Effect></Effect>
			<Qua>99</Qua>
			<Amount>0</Amount>
			<Done>0</Done>
			<Time>0</Time>
			<Type>Unused</Type>
		</SLOT>
	</DROPITEM>
</SCItem>
