<?xml version="1.0" encoding="UTF-8"?>
<SCItem>
	<ActiveState>drop</ActiveState>
	<Location>Right Ring</Location>
	<Realm>All</Realm>
	<ItemName>Ring of Tarka&apos;oz</ItemName>
	<AFDPS>0.0</AFDPS>
	<Bonus>35</Bonus>
	<ItemQuality>100</ItemQuality>
	<Equipped>1</Equipped>
	<Level>50</Level>
	<OFFHAND>no</OFFHAND>
	<SOURCE>drop</SOURCE>
	<DBSOURCE>Ethinarg</DBSOURCE>
	<CLASSRESTRICTIONS>
		<CLASS>All</CLASS>
	</CLASSRESTRICTIONS>
	<ISUNIQUE>0</ISUNIQUE>
	<ORACLE_IGNORE>0</ORACLE_IGNORE>
	<USER_VALUE>0</USER_VALUE>
	<VARIANT></VARIANT>
	<ASSOCIATE IsParent="0"></ASSOCIATE>
	<EQUIPLIST>
		<SLOT NAME="Left Ring">true</SLOT>
		<SLOT NAME="Right Ring">true</SLOT>
	</EQUIPLIST>
	<DROPITEM>
		<SLOT Number="0">
			<Remakes>0</Remakes>
			<Effect>Strength</Effect>
			<Qua>99</Qua>
			<Amount>21</Amount>
			<Done>0</Done>
			<Time>0</Time>
			<Type>Stat</Type>
		</SLOT>
		<SLOT Number="1">
			<Remakes>0</Remakes>
			<Effect>All Melee Skill Bonus</Effect>
			<Qua>99</Qua>
			<Amount>4</Amount>
			<Done>0</Done>
			<Time>0</Time>
			<Type>Skill</Type>
		</SLOT>
		<SLOT Number="2">
			<Remakes>0</Remakes>
			<Effect>Crush Resist</Effect>
			<Qua>99</Qua>
			<Amount>4</Amount>
			<Done>0</Done>
			<Time>0</Time>
			<Type>Resist</Type>
		</SLOT>
		<SLOT Number="3">
			<Remakes>0</Remakes>
			<Effect>Thrust Resist</Effect>
			<Qua>99</Qua>
			<Amount>4</Amount>
			<Done>0</Done>
			<Time>0</Time>
			<Type>Resist</Type>
		</SLOT>
		<SLOT Number="4">
			<Remakes>0</Remakes>
			<Effect>Slash Resist</Effect>
			<Qua>99</Qua>
			<Amount>4</Amount>
			<Done>0</Done>
			<Time>0</Time>
			<Type>Resist</Type>
		</SLOT>
		<SLOT Number="5">
			<Remakes>0</Remakes>
			<Effect>Hits</Effect>
			<Qua>99</Qua>
			<Amount>35</Amount>
			<Done>0</Done>
			<Time>0</Time>
			<Type>Hits</Type>
		</SLOT>
		<SLOT Number="6">
			<Remakes>0</Remakes>
			<Effect>Strength</Effect>
			<Qua>99</Qua>
			<Amount>5</Amount>
			<Done>0</Done>
			<Time>0</Time>
			<Type>Cap Increase</Type>
		</SLOT>
		<SLOT Number="7">
			<Remakes>0</Remakes>
			<Effect>AF Bonus</Effect>
			<Qua>99</Qua>
			<Amount>5</Amount>
			<Done>0</Done>
			<Time>0</Time>
			<Type>Other Bonus</Type>
		</SLOT>
		<SLOT Number="8">
			<Remakes>0</Remakes>
			<Effect>Hits</Effect>
			<Qua>99</Qua>
			<Amount>35</Amount>
			<Done>0</Done>
			<Time>0</Time>
			<Type>Cap Increase</Type>
		</SLOT>
		<SLOT Number="9">
			<Remakes>0</Remakes>
			<Effect>Style Damage Bonus</Effect>
			<Qua>99</Qua>
			<Amount>2</Amount>
			<Done>0</Done>
			<Time>0</Time>
			<Type>Other Bonus</Type>
		</SLOT>
	</DROPITEM>
</SCItem>
