<?xml version="1.0" encoding="UTF-8"?>
<SCItem>
	<ActiveState>drop</ActiveState>
	<Location>Jewel</Location>
	<Realm>All</Realm>
	<ItemName>Tablet of Atlantis</ItemName>
	<AFDPS>0.0</AFDPS>
	<Bonus>35</Bonus>
	<ItemQuality>100</ItemQuality>
	<Equipped>1</Equipped>
	<Level>40</Level>
	<OFFHAND>no</OFFHAND>
	<SOURCE>artifact</SOURCE>
	<DBSOURCE>LOKI</DBSOURCE>
	<CLASSRESTRICTIONS>
		<CLASS>All</CLASS>
	</CLASSRESTRICTIONS>
	<ISUNIQUE>0</ISUNIQUE>
	<ORACLE_IGNORE>0</ORACLE_IGNORE>
	<USER_VALUE>0</USER_VALUE>
	<VARIANT></VARIANT>
	<ASSOCIATE IsParent="0"></ASSOCIATE>
	<EQUIPLIST>
		<SLOT NAME="Jewel">true</SLOT>
	</EQUIPLIST>
	<DROPITEM>
		<SLOT Number="0">
			<Remakes>0</Remakes>
			<Effect>All Magic Skill Bonus</Effect>
			<Qua>99</Qua>
			<Amount>3</Amount>
			<Done>0</Done>
			<Time>0</Time>
			<Type>Skill</Type>
		</SLOT>
		<SLOT Number="1">
			<Remakes>0</Remakes>
			<Effect>Hits</Effect>
			<Qua>99</Qua>
			<Amount>40</Amount>
			<Done>0</Done>
			<Time>0</Time>
			<Type>Hits</Type>
		</SLOT>
		<SLOT Number="2">
			<Remakes>0</Remakes>
			<Effect>AF Bonus</Effect>
			<Qua>99</Qua>
			<Amount>10</Amount>
			<Done>0</Done>
			<Time>0</Time>
			<Type>Other Bonus</Type>
		</SLOT>
		<SLOT Number="3">
			<Remakes>0</Remakes>
			<Effect>Acuity</Effect>
			<Qua>99</Qua>
			<Amount>15</Amount>
			<Done>0</Done>
			<Time>0</Time>
			<Type>Stat</Type>
		</SLOT>
		<SLOT Number="4">
			<Remakes>0</Remakes>
			<Effect>Resist Pierce</Effect>
			<Qua>99</Qua>
			<Amount>5</Amount>
			<Done>0</Done>
			<Time>0</Time>
			<Type>Other Bonus</Type>
		</SLOT>
		<SLOT Number="5">
			<Remakes>0</Remakes>
			<Effect></Effect>
			<Qua>99</Qua>
			<Amount>0</Amount>
			<Done>0</Done>
			<Time>0</Time>
			<Type>Unused</Type>
		</SLOT>
		<SLOT Number="6">
			<Remakes>0</Remakes>
			<Effect></Effect>
			<Qua>99</Qua>
			<Amount>0</Amount>
			<Done>0</Done>
			<Time>0</Time>
			<Type>Unused</Type>
		</SLOT>
		<SLOT Number="7">
			<Remakes>0</Remakes>
			<Effect></Effect>
			<Qua>99</Qua>
			<Amount>0</Amount>
			<Done>0</Done>
			<Time>0</Time>
			<Type>Unused</Type>
		</SLOT>
		<SLOT Number="8">
			<Remakes>0</Remakes>
			<Effect></Effect>
			<Qua>99</Qua>
			<Amount>0</Amount>
			<Done>0</Done>
			<Time>0</Time>
			<Type>Unused</Type>
		</SLOT>
		<SLOT Number="9">
			<Remakes>0</Remakes>
			<Effect></Effect>
			<Qua>99</Qua>
			<Amount>0</Amount>
			<Done>0</Done>
			<Time>0</Time>
			<Type>Unused</Type>
		</SLOT>
	</DROPITEM>
</SCItem>
