<?xml version="1.0" encoding="ISO-8859-1"?>
<Root_Element ID="DAOCUi">

<!-- @@ Edited with the DAoC User Interface Editor v1.71 -->
<!-- @@ Free download available at http://www.bradtownsend.com/daoced -->

  <WindowTemplate>
      <Name>float_target_window</Name>
      <WindowId>float_target</WindowId>
    <CloseButton>false</CloseButton>
    <MoveButton>false</MoveButton>
    <TopRightResizeButton>false</TopRightResizeButton>
    <BottomRightResizeButton>false</BottomRightResizeButton>
    <BottomLeftResizeButton>false</BottomLeftResizeButton>
    <ResizeButtonOffsetX>0</ResizeButtonOffsetX>
    <ResizeButtonOffsetY>0</ResizeButtonOffsetY>
    <TitleWidth>0</TitleWidth>
    <TitleHeight>0</TitleHeight>
    <Width>120</Width>
    <Height>22</Height>
    <ResizeableWidth>0</ResizeableWidth>
    <ResizeableHeight>0</ResizeableHeight>
    <ResizeableTwoWayWidth>0</ResizeableTwoWayWidth>
    <ResizeableTwoWayHeight>0</ResizeableTwoWayHeight>
    <MinWidth>0</MinWidth>
    <MinHeight>0</MinHeight>

    <LabelDef>
      <ControlId></ControlId>
      <Position>
        <X>0</X>
        <Y>0</Y>
      </Position>
      <Alignment>
        <TopLeft>true</TopLeft>
      </Alignment>
      <FontName>arial11</FontName>
      <Adapter>summary_target</Adapter>
      <ColorAdapter>summary_target_color</ColorAdapter>
      <Width>100</Width>
      <Height>16</Height>
      <MaxCharacters>64</MaxCharacters>
      <Color>
        <R>255</R>
        <G>255</G>
        <B>0</B>
        <A>255</A>
      </Color>
      <Data></Data>
      <EndAligned>false</EndAligned>
      <TextCentered>false</TextCentered>
    </LabelDef>

    <StatusBarDef>
      <ControlId></ControlId>
      <Position>
        <X>0</X>
        <Y>15</Y>
      </Position>
      <Alignment>
      </Alignment>
      <TemplateName>red_status</TemplateName>
      <AdapterName>summary_target_hits</AdapterName>
      <Width>100</Width>
    </StatusBarDef>

    <ScalarLabelDef>
      <ControlId></ControlId>
      <Position>
        <X>96</X>
        <Y>8</Y>
      </Position>
      <Alignment>
      </Alignment>
      <FontName>arial14</FontName>
      <Adapter>summary_target_hits</Adapter>
      <ColorAdapter></ColorAdapter>
      <Width>32</Width>
      <Height>16</Height>
      <MaxCharacters>32</MaxCharacters>
      <Color>
        <R>255</R>
        <G>0</G>
        <B>0</B>
        <A>255</A>
      </Color>
      <Data></Data>
      <EndAligned>false</EndAligned>
      <TextCentered>true</TextCentered>
      <DontDrawWhenZero>true</DontDrawWhenZero>
      <DontDrawWhenNegOne>true</DontDrawWhenNegOne>
    </ScalarLabelDef>

    <InvisibleButtonDef>
      <ControlId></ControlId>
      <Position>
        <X>0</X>
        <Y>0</Y>
      </Position>
      <Alignment>
        <TopLeft>true</TopLeft>
      </Alignment>
      <Label></Label>
      <OnClickEvent>Face</OnClickEvent>
      <Width>120</Width>
      <Height>20</Height>
    </InvisibleButtonDef>

  </WindowTemplate>

</Root_Element>
