<?xml version="1.0" encoding="ISO-8859-1"?>
<Root_Element ID="DAOCUi">

   <WindowTemplate>
      <Name>menu_bar_window</Name>
      <WindowId>menu_bar</WindowId>
      <CloseButton>true</CloseButton>
      <MoveButton>true</MoveButton>
      <TopRightResizeButton>false</TopRightResizeButton>
      <BottomRightResizeButton>false</BottomRightResizeButton>
      <BottomLeftResizeButton>false</BottomLeftResizeButton>
      <ResizeButtonOffsetX>0</ResizeButtonOffsetX>
      <ResizeButtonOffsetY>0</ResizeButtonOffsetY>
      <TitleWidth>0</TitleWidth>
      <TitleHeight>0</TitleHeight>
      <Width>309</Width>
      <Height>77</Height>
      <ResizeableWidth>0</ResizeableWidth>
      <ResizeableHeight>0</ResizeableHeight>
      <ResizeableTwoWayWidth>0</ResizeableTwoWayWidth>
      <ResizeableTwoWayHeight>0</ResizeableTwoWayHeight>
      <MinWidth>0</MinWidth>
      <MinHeight>0</MinHeight>
      <ContextTemplateName></ContextTemplateName>

      <FullResizeImageDef>
         <ControlId>ImageBackground</ControlId>
         <Position>
            <X>0</X>
            <Y>0</Y>
         </Position>
         <Alignment>
         </Alignment>
         <TemplateName>valmer_box</TemplateName>
         <Width>309</Width>
         <Height>77</Height>
      </FullResizeImageDef>

<!-- 1 FIRST ROW -->
<!-- COIN -->
      <ImageAreaDef>
         <ControlId></ControlId>
         <Position>
            <X>6</X>
            <Y>11</Y>
         </Position>
         <Alignment>
            <TopLeft>true</TopLeft>
         </Alignment>
         <TemplateName>platinum_decal</TemplateName>
      </ImageAreaDef>
      <LabelDef>
         <ControlId></ControlId>
         <Position>
            <X>19</X>
            <Y>10</Y>
         </Position>
         <Alignment>
            <TopLeft>true</TopLeft>
         </Alignment>
         <Color>
            <R>255</R>
            <G>255</G>
            <B>255</B>
            <A>255</A>
         </Color>
         <FontName>arial9</FontName>
         <Width>27</Width>
         <Height>16</Height>
         <ColorAdapter></ColorAdapter>
         <MaxCharacters>128</MaxCharacters>
         <Data>P:999</Data>
         <EndAligned>false</EndAligned>
         <TextCentered>false</TextCentered>
         <Adapter>merchant_platinum</Adapter>
      </LabelDef>

      <ImageAreaDef>
         <ControlId></ControlId>
         <Position>
            <X>46</X>
            <Y>11</Y>
         </Position>
         <Alignment>
            <TopLeft>true</TopLeft>
         </Alignment>
         <TemplateName>gold_decal</TemplateName>
      </ImageAreaDef>
      <LabelDef>
         <ControlId></ControlId>
         <Position>
            <X>59</X>
            <Y>10</Y>
         </Position>
         <Alignment>
            <TopLeft>true</TopLeft>
         </Alignment>
         <Color>
            <R>255</R>
            <G>255</G>
            <B>255</B>
            <A>255</A>
         </Color>
         <FontName>arial9</FontName>
         <Width>27</Width>
         <Height>16</Height>
         <ColorAdapter></ColorAdapter>
         <MaxCharacters>128</MaxCharacters>
         <Data>G:999</Data>
         <EndAligned>false</EndAligned>
         <TextCentered>false</TextCentered>
         <Adapter>merchant_gold</Adapter>
      </LabelDef>

      <ImageAreaDef>
         <ControlId></ControlId>
         <Position>
            <X>86</X>
            <Y>11</Y>
         </Position>
         <Alignment>
            <TopLeft>true</TopLeft>
         </Alignment>
         <TemplateName>silver_decal</TemplateName>
      </ImageAreaDef>
      <LabelDef>
         <ControlId></ControlId>
         <Position>
            <X>99</X>
            <Y>10</Y>
         </Position>
         <Alignment>
            <TopLeft>true</TopLeft>
         </Alignment>
         <Color>
            <R>255</R>
            <G>255</G>
            <B>255</B>
            <A>255</A>
         </Color>
         <FontName>arial9</FontName>
         <Width>27</Width>
         <Height>16</Height>
         <ColorAdapter></ColorAdapter>
         <MaxCharacters>128</MaxCharacters>
         <Data>S:999</Data>
         <EndAligned>false</EndAligned>
         <TextCentered>false</TextCentered>
         <Adapter>merchant_silver</Adapter>
      </LabelDef>

      <ImageAreaDef>
         <ControlId></ControlId>
         <Position>
            <X>126</X>
            <Y>11</Y>
         </Position>
         <Alignment>
            <TopLeft>true</TopLeft>
         </Alignment>
         <TemplateName>copper_decal</TemplateName>
      </ImageAreaDef>
      <LabelDef>
         <ControlId></ControlId>
         <Position>
            <X>139</X>
            <Y>10</Y>
         </Position>
         <Alignment>
            <TopLeft>true</TopLeft>
         </Alignment>
         <Color>
            <R>255</R>
            <G>255</G>
            <B>255</B>
            <A>255</A>
         </Color>
         <FontName>arial9</FontName>
         <Width>27</Width>
         <Height>16</Height>
         <ColorAdapter></ColorAdapter>
         <MaxCharacters>128</MaxCharacters>
         <Data> C:999</Data>
         <EndAligned>false</EndAligned>
         <TextCentered>false</TextCentered>
         <Adapter>merchant_copper</Adapter>
      </LabelDef>

      <HorizontalResizeButtonDef>
         <ControlId></ControlId>
         <Position>
            <X>168</X>
            <Y>8</Y>
         </Position>
         <Alignment>
            <TopLeft>true</TopLeft>
         </Alignment>
         <TemplateName>generic_hr_button_small</TemplateName>
         <Label>Lascia</Label>
         <Width>44</Width>
         <onClickEvent>GroupDisband</onClickEvent>
      </HorizontalResizeButtonDef>

    <ButtonDef>
      <ControlId></ControlId>
      <Position>
        <X>214</X>
        <Y>5</Y>
      </Position>
      <Alignment>
        <TopLeft>true</TopLeft>
      </Alignment>
      <TemplateName>button_quit</TemplateName>
      <Label></Label>
      <onClickEvent>QUIT</onClickEvent>
    </ButtonDef>

    <ButtonDef>
      <ControlId></ControlId>
      <Position>
        <X>236</X>
        <Y>5</Y>
      </Position>
      <Alignment>
        <TopLeft>true</TopLeft>
      </Alignment>
      <TemplateName>button_menu</TemplateName>
      <Label></Label>
      <onClickEvent>ToggleMainMenu</onClickEvent>
    </ButtonDef>

    <ButtonDef>
      <ControlId></ControlId>
      <Position>
        <X>258</X>
        <Y>5</Y>
      </Position>
      <Alignment>
        <TopLeft>true</TopLeft>
      </Alignment>
      <TemplateName>button_purple</TemplateName>
      <Label>Int</Label>
      <onClickEvent>ToggleInterfaceElements</onClickEvent>
    </ButtonDef>

    <ButtonDef>
      <ControlId></ControlId>
      <Position>
        <X>280</X>
        <Y>5</Y>
      </Position>
      <Alignment>
        <TopLeft>true</TopLeft>
      </Alignment>
      <TemplateName>button_options</TemplateName>
      <onClickEvent>ToggleOptions</onClickEvent>
    </ButtonDef>

<!-- 2 SECOND ROW -->
    <ButtonDef>
      <ControlId></ControlId>
      <Position>
        <X>6</X>
        <Y>28</Y>
      </Position>
      <Alignment>
        <TopLeft>true</TopLeft>
      </Alignment>
      <TemplateName>button_black</TemplateName>
      <Label>K</Label>
      <onClickEvent>Realm</onClickEvent>
    </ButtonDef>

    <ButtonDef>
      <ControlId></ControlId>
      <Position>
        <X>28</X>
        <Y>28</Y>
      </Position>
      <Alignment>
        <TopLeft>true</TopLeft>
      </Alignment>
      <TemplateName>button_black</TemplateName>
      <Label>R</Label>
      <onClickEvent>Relic</onClickEvent>
    </ButtonDef>

    <ButtonDef>
      <ControlId></ControlId>
      <Position>
        <X>54</X>
        <Y>28</Y>
      </Position>
      <Alignment>
        <TopLeft>true</TopLeft>
      </Alignment>
      <TemplateName>button_quest</TemplateName>
      <Label></Label>
      <onClickEvent>ToggleJournal</onClickEvent>
    </ButtonDef>

    <ButtonDef>
      <ControlId></ControlId>
      <Position>
        <X>76</X>
        <Y>28</Y>
      </Position>
      <Alignment>
        <TopLeft>true</TopLeft>
      </Alignment>
      <TemplateName>button_mount</TemplateName>
      <Label></Label>
      <onClickEvent>ToggleMount</onClickEvent>
    </ButtonDef>

    <ButtonDef>
      <ControlId>1028</ControlId>
      <Position>
        <X>98</X>
        <Y>28</Y>
      </Position>
      <Alignment>
        <TopLeft>true</TopLeft>
      </Alignment>
      <TemplateName>button_title</TemplateName>
      <Label></Label>
      <onClickEvent>ToggleTitle</onClickEvent>
    </ButtonDef>

    <ButtonDef>
      <ControlId></ControlId>
      <Position>
        <X>120</X>
        <Y>28</Y>
      </Position>
      <Alignment>
        <TopLeft>true</TopLeft>
      </Alignment>
      <TemplateName>button_quiver</TemplateName>
      <Label></Label>
      <onClickEvent>ToggleQuiver</onClickEvent>
    </ButtonDef>

    <ButtonDef>
      <ControlId></ControlId>
      <Position>
        <X>144</X>
        <Y>28</Y>
      </Position>
      <Alignment>
        <TopLeft>true</TopLeft>
      </Alignment>
      <TemplateName>button_release</TemplateName>
      <Label></Label>
      <onClickEvent>Release</onClickEvent>
    </ButtonDef>

<!-- PERFORMANCE -->
      <StatusIconDef>
         <ControlId>2000</ControlId>
         <Position>
            <X>168</X>
            <Y>30</Y>
         </Position>
         <Alignment>
            <TopLeft>true</TopLeft>
         </Alignment>
         <TemplateName>performance_icon_small</TemplateName>
         <AdapterName>performance_meter</AdapterName>
      </StatusIconDef>
      <StatusIconDef>
         <ControlId>2001</ControlId>
         <Position>
            <X>182</X>
            <Y>30</Y>
         </Position>
         <Alignment>
            <TopLeft>true</TopLeft>
         </Alignment>
         <TemplateName>performance_icon_small</TemplateName>
         <AdapterName>lag_meter</AdapterName>
      </StatusIconDef>
      <StatusIconDef>
         <ControlId>2002</ControlId>
         <Position>
            <X>196</X>
            <Y>30</Y>
         </Position>
         <Alignment>
            <TopLeft>true</TopLeft>
         </Alignment>
         <TemplateName>performance_icon_small</TemplateName>
         <AdapterName>framerate_meter</AdapterName>
      </StatusIconDef>
<!-- END PERFORMANCE -->

    <ButtonDef>
      <ControlId></ControlId>
      <Position>
        <X>214</X>
        <Y>28</Y>
      </Position>
      <Alignment>
        <TopLeft>true</TopLeft>
      </Alignment>
      <TemplateName>button_black</TemplateName>
      <Label>B</Label>
      <onClickEvent>ToggleCustom6</onClickEvent>
    </ButtonDef>

    <ButtonDef>
      <ControlId></ControlId>
      <Position>
        <X>236</X>
        <Y>28</Y>
      </Position>
      <Alignment>
        <TopLeft>true</TopLeft>
      </Alignment>
      <TemplateName>button_black</TemplateName>
      <Label>ml</Label>
      <onClickEvent>ToggleMasterLevel</onClickEvent>
    </ButtonDef>

    <ButtonDef>
      <ControlId></ControlId>
      <Position>
        <X>258</X>
        <Y>28</Y>
      </Position>
      <Alignment>
        <TopLeft>true</TopLeft>
      </Alignment>
      <TemplateName>button_black</TemplateName>
      <Label>rp</Label>
      <onClickEvent>ToggleCustom0</onClickEvent>
    </ButtonDef>

    <ButtonDef>
      <ControlId></ControlId>
      <Position>
        <X>280</X>
        <Y>28</Y>
      </Position>
      <Alignment>
        <TopLeft>true</TopLeft>
      </Alignment>
      <TemplateName>button_help</TemplateName>
      <onClickEvent>Help</onClickEvent>
    </ButtonDef>

<!-- 3 THIRD ROW -->
<!-- RVR AND GROUP BUTTONS -->

    <ButtonDef>
      <ControlId></ControlId>
      <Position>
        <X>6</X>
        <Y>51</Y>
      </Position>
      <Alignment>
        <TopLeft>true</TopLeft>
      </Alignment>
      <TemplateName>button_gold</TemplateName>
      <Label>w</Label>
      <onClickEvent>ShowWarmap</onClickEvent>
    </ButtonDef>

    <ButtonDef>
      <ControlId></ControlId>
      <Position>
        <X>28</X>
        <Y>51</Y>
      </Position>
      <Alignment>
        <TopLeft>true</TopLeft>
      </Alignment>
      <TemplateName>button_gold</TemplateName>
      <Label>m</Label>
      <onClickEvent>ToggleMap</onClickEvent>
    </ButtonDef>

    <ButtonDef>
      <ControlId></ControlId>
      <Position>
        <X>54</X>
        <Y>51</Y>
      </Position>
      <Alignment>
        <TopLeft>true</TopLeft>
      </Alignment>
      <TemplateName>button_group</TemplateName>
      <Label>Gr</Label>
      <onClickEvent>ToggleMiniGroup</onClickEvent>
    </ButtonDef>

    <ButtonDef>
      <ControlId></ControlId>
      <Position>
        <X>76</X>
        <Y>51</Y>
      </Position>
      <Alignment>
        <TopLeft>true</TopLeft>
      </Alignment>
      <TemplateName>button_heal</TemplateName>
      <Label></Label>
      <onClickEvent>ToggleCustom1</onClickEvent>
    </ButtonDef>

    <ButtonDef>
      <ControlId></ControlId>
      <Position>
        <X>98</X>
        <Y>51</Y>
      </Position>
      <Alignment>
        <TopLeft>true</TopLeft>
      </Alignment>
      <TemplateName>button_pet</TemplateName>
      <Label></Label>
      <onClickEvent>ToggleMiniPet</onClickEvent>
    </ButtonDef>

    <ButtonDef>
      <ControlId></ControlId>
      <Position>
        <X>120</X>
        <Y>51</Y>
      </Position>
      <Alignment>
        <TopLeft>true</TopLeft>
      </Alignment>
      <TemplateName>button_conc</TemplateName>
      <Label></Label>
      <onClickEvent>ToggleConcentration</onClickEvent>
    </ButtonDef>

    <ButtonDef>
      <ControlId></ControlId>
      <Position>
        <X>144</X>
        <Y>51</Y>
      </Position>
      <Alignment>
        <TopLeft>true</TopLeft>
      </Alignment>
      <TemplateName>button_benefits</TemplateName>
      <Label></Label>
      <onClickEvent>ToggleGroupBuffs</onClickEvent>
    </ButtonDef>

      <HorizontalResizeButtonDef>
         <ControlId></ControlId>
         <Position>
            <X>168</X>
            <Y>53</Y>
         </Position>
         <Alignment>
            <TopLeft>true</TopLeft>
         </Alignment>
         <TemplateName>generic_hr_button_small</TemplateName>
         <Label>Invita</Label>
         <Width>44</Width>
         <onClickEvent>GroupInvite</onClickEvent>
      </HorizontalResizeButtonDef>

    <ButtonDef>
      <ControlId></ControlId>
      <Position>
        <X>214</X>
        <Y>51</Y>
      </Position>
      <Alignment>
        <TopLeft>true</TopLeft>
      </Alignment>
      <TemplateName>button_compass</TemplateName>
      <Label></Label>
      <onClickEvent>ToggleCompass</onClickEvent>
    </ButtonDef>

    <ButtonDef>
      <ControlId></ControlId>
      <Position>
        <X>236</X>
        <Y>51</Y>
      </Position>
      <Alignment>
        <TopLeft>true</TopLeft>
      </Alignment>
      <TemplateName>button_time</TemplateName>
      <Label></Label>
      <onClickEvent>ToggleClock</onClickEvent>
    </ButtonDef>

    <ButtonDef>
      <ControlId></ControlId>
      <Position>
        <X>280</X>
        <Y>51</Y>
      </Position>
      <Alignment>
        <TopLeft>true</TopLeft>
      </Alignment>
      <TemplateName>button_black</TemplateName>
      <Label>co</Label>
      <onClickEvent>Community</onClickEvent>
    </ButtonDef>
   </WindowTemplate>


</Root_Element>
