<?xml version='1.0' encoding='ISO-8859-1' ?>
<!DOCTYPE toc PUBLIC "-//Sun Microsystems Inc.//DTD JavaHelp TOC Version 1.0//EN" "http://java.sun.com/products/javahelp/toc_1_0.dtd">
<toc version="1.0">
 <tocitem text="Welcome" target="Welcome_1" />
 <tocitem text="Getting Started">
  <tocitem text="Program Settings" target="Program_Settings_1" />
  <tocitem text="Loading a Project" target="Loading_a_Project" />
  <tocitem text="Previewing Windows" target="Previewing_Windows" />
  <tocitem text="The Tab Views" target="The_Windows_Assets_Templates_and_File_Views" />
  <tocitem text="Positioning Windows and Controls" target="Positioning_Windows_and_Controls" />
  <tocitem text="Saving" target="Saving" />
  </tocitem>
 <tocitem text="Editing Tasks">
  <tocitem text="Understanding DAoC User Interface Components" target="Understanding_DAoC_User_Interface_Components" />
  <tocitem text="Windows" target="Windows" />
  <tocitem text="Controls" target="Controls" />
  <tocitem text="Templates" target="Templates" />
  <tocitem text="Assets" target="Assets" />
  </tocitem>
 <tocitem text="Tools">
  <tocitem text="Texture Editor" target="Texture_Editor" />
  <tocitem text="Event Browser" target="Event_Browser" />
  <tocitem text="Adapter Browser" target="Adapter_Browser" />
  <tocitem text="Adapter Editor" target="Adapter_Editor" />
  <tocitem text="Log Viewer" target="Log_Viewer" />
  </tocitem>
 <tocitem text="Advanced">
  <tocitem text="Program Settings" target="Program_Settings" />
  <tocitem text="Sharing Your Custom Mods" target="Sharing_Your_Custom_Mods" />
  <tocitem text="Editing XML Files Outside the Editor" target="Editing_XML_Files_Outside_the_Editor" />
  <tocitem text="Quick Keys" target="Quick_Keys" />
  </tocitem>
</toc>