<?xml version='1.0' encoding='ISO-8859-1' ?>
<!DOCTYPE index PUBLIC "-//Sun Microsystems Inc.//DTD JavaHelp Index Version 1.0//EN" "http://java.sun.com/products/javahelp/index_1_0.dtd">
<index version="1.0">
 <indexitem text="Adapter Browser" target="Adapter_Browser" />
 <indexitem text="Adapter Editor" target="Adapter_Editor" />
 <indexitem text="Add Control dialog" target="Controls" />
 <indexitem text="Add Custom Window" target="Windows" />
 <indexitem text="Add Template dialog" target="Templates" />
 <indexitem text="Adding:Assets" target="Assets" />
 <indexitem text="Adding:Controls" target="Controls" />
 <indexitem text="Adding:Templates" target="Templates" />
 <indexitem text="Adding:Windows" target="Windows" >
  <indexitem text="Assets" target="Assets" />
  <indexitem text="Controls" target="Controls" />
  <indexitem text="Custom Windows" target="Windows" />
  <indexitem text="Templates" target="Templates" />
  </indexitem>
 <indexitem text="Adjust Control Position" target="Controls" />
 <indexitem text="Asset List:Assets" target="Assets" />
 <indexitem text="Asset List:The Windows, Assets, Templates, and File Views" target="The_Windows_Assets_Templates_and_File_Views" />
 <indexitem text="Asset Properties" target="Assets" />
 <indexitem text="Assets" target="Assets" >
  <indexitem text="Adding" target="Assets" />
  <indexitem text="Removing" target="Assets" />
  </indexitem>
 <indexitem text="Assets View" target="The_Windows_Assets_Templates_and_File_Views" />
 <indexitem text="Atlantis Directory" target="Program_Settings_1" />
 <indexitem text="Auto-load Most Recent Project" target="Program_Settings" />
 <indexitem text="Background Color" target="Program_Settings" />
 <indexitem text="Background Image" target="Program_Settings" />
 <indexitem text="Chat Area" target="Understanding_DAoC_User_Interface_Components" />
 <indexitem text="Checkbox" target="Understanding_DAoC_User_Interface_Components" />
 <indexitem text="Close All Button" target="Previewing_Windows" />
 <indexitem text="Close All Windows" target="Quick_Keys" />
 <indexitem text="Combobox" target="Understanding_DAoC_User_Interface_Components" />
 <indexitem text="Control Draw Order" target="Controls" />
 <indexitem text="Control Properties" target="Controls" />
 <indexitem text="Controls:Controls" target="Controls" />
 <indexitem text="Controls:Positioning Windows and Controls" target="Positioning_Windows_and_Controls" >
  <indexitem text="Adding" target="Controls" />
  <indexitem text="Positioning" target="Controls" />
  <indexitem text="Removing" target="Controls" />
  </indexitem>
 <indexitem text="Coordinate Editor" target="Texture_Editor" />
 <indexitem text="Custom Windows" target="Windows" >
  <indexitem text="Adding" target="Windows" />
  <indexitem text="Removing" target="Windows" />
  </indexitem>
 <indexitem text="Cut" target="Controls" />
 <indexitem text="DAoC User Interface Components" target="Understanding_DAoC_User_Interface_Components" />
 <indexitem text="Delete Control" target="Controls" />
 <indexitem text="Delete Template" target="Templates" />
 <indexitem text="Editor" target="Editing_XML_Files_Outside_the_Editor" />
 <indexitem text="Empty Lines Between Elements" target="Program_Settings" />
 <indexitem text="European" target="Program_Settings" />
 <indexitem text="Event Browser" target="Event_Browser" />
 <indexitem text="File Views" target="The_Windows_Assets_Templates_and_File_Views" />
 <indexitem text="Full Resize Image" target="Understanding_DAoC_User_Interface_Components" />
 <indexitem text="Hide Window" target="Previewing_Windows" />
 <indexitem text="Horizontal Resize Image" target="Understanding_DAoC_User_Interface_Components" />
 <indexitem text="Image Controls" target="Understanding_DAoC_User_Interface_Components" />
 <indexitem text="Importing Assets" target="Assets" />
 <indexitem text="Indent Spaces" target="Program_Settings" />
 <indexitem text="Interactive Controls" target="Understanding_DAoC_User_Interface_Components" />
 <indexitem text="Invalid Atlantis Directory" target="Program_Settings_1" />
 <indexitem text="Invisible Button" target="Understanding_DAoC_User_Interface_Components" />
 <indexitem text="ISO-8859-1" target="Program_Settings" />
 <indexitem text="Label" target="Understanding_DAoC_User_Interface_Components" />
 <indexitem text="Listbox" target="Understanding_DAoC_User_Interface_Components" />
 <indexitem text="Load DAoC UI Project" target="Loading_a_Project" />
 <indexitem text="Load Project" target="Quick_Keys" />
 <indexitem text="Log Viewer" target="Log_Viewer" />
 <indexitem text="Misc Settings" target="Program_Settings" />
 <indexitem text="Modifying:Assets" target="Assets" />
 <indexitem text="Modifying:Controls" target="Controls" />
 <indexitem text="Modifying:Templates" target="Templates" />
 <indexitem text="Modifying:Windows" target="Windows" >
  <indexitem text="Asset Properties" target="Assets" />
  <indexitem text="Control Properties" target="Controls" />
  <indexitem text="Template Properties" target="Templates" />
  <indexitem text="Window Properties" target="Windows" />
  </indexitem>
 <indexitem text="Multiple Control Positioning" target="Controls" />
 <indexitem text="Order Next" target="Controls" />
 <indexitem text="Order Previous" target="Controls" />
 <indexitem text="Pasting Controls" target="Controls" />
 <indexitem text="Positioning:Controls" target="Controls" />
 <indexitem text="Positioning:Positioning Windows and Controls" target="Positioning_Windows_and_Controls" >
  <indexitem text="Controls" target="Controls" />
  <indexitem text="Multiple Controls" target="Controls" />
  <indexitem text="Windows" target="Positioning_Windows_and_Controls" />
  </indexitem>
 <indexitem text="Preview Area:Controls" target="Controls" />
 <indexitem text="Preview Area:Positioning Windows and Controls" target="Positioning_Windows_and_Controls" />
 <indexitem text="Preview Area:Previewing Windows" target="Previewing_Windows" />
 <indexitem text="Preview Area:Program Settings" target="Program_Settings" />
 <indexitem text="Preview Area:Understanding DAoC User Interface Components" target="Understanding_DAoC_User_Interface_Components" />
 <indexitem text="Preview Area:Windows" target="Windows" />
 <indexitem text="Preview Area toolbar" target="Adapter_Editor" />
 <indexitem text="Preview Size" target="Program_Settings" />
 <indexitem text="Previewing Windows" target="Previewing_Windows" />
 <indexitem text="Program Settings" target="Program_Settings" />
 <indexitem text="Project Loading" target="Loading_a_Project" />
 <indexitem text="Quick Adapter Editor" target="Adapter_Editor" />
 <indexitem text="Quick Keys" target="Quick_Keys" />
 <indexitem text="Reload Current Project" target="Quick_Keys" />
 <indexitem text="Remember Dialog Sizes" target="Program_Settings" />
 <indexitem text="Removing:Assets" target="Assets" />
 <indexitem text="Removing:Controls" target="Controls" />
 <indexitem text="Removing:Templates" target="Templates" />
 <indexitem text="Removing:Windows" target="Windows" >
  <indexitem text="Assets" target="Assets" />
  <indexitem text="Controls" target="Controls" />
  <indexitem text="Custom Windows" target="Windows" />
  <indexitem text="Templates" target="Templates" />
  </indexitem>
 <indexitem text="Reset Position" target="Controls" />
 <indexitem text="Resource Browser" target="Assets" />
 <indexitem text="Save As" target="Saving" />
 <indexitem text="Saving" target="Saving" />
 <indexitem text="Scalar Label:Adapter Browser" target="Adapter_Browser" />
 <indexitem text="Scalar Label:Understanding DAoC User Interface Components" target="Understanding_DAoC_User_Interface_Components" />
 <indexitem text="Selection Color" target="Program_Settings" />
 <indexitem text="Sharing Custom Mods" target="Sharing_Your_Custom_Mods" />
 <indexitem text="Sharing your mod" target="Sharing_Your_Custom_Mods" />
 <indexitem text="Show Background Image" target="Program_Settings" />
 <indexitem text="Show Splash Screen" target="Program_Settings" />
 <indexitem text="Static File Image" target="Understanding_DAoC_User_Interface_Components" />
 <indexitem text="Static Image File" target="Understanding_DAoC_User_Interface_Components" />
 <indexitem text="Status Icon" target="Understanding_DAoC_User_Interface_Components" />
 <indexitem text="Statusbar" target="Understanding_DAoC_User_Interface_Components" />
 <indexitem text="Tag Line" target="Program_Settings" />
 <indexitem text="Template:Templates" target="Templates" />
 <indexitem text="Template:The Windows, Assets, Templates, and File Views" target="The_Windows_Assets_Templates_and_File_Views" >
  <indexitem text="Adding" target="Templates" />
  <indexitem text="Removing" target="Templates" />
  </indexitem>
 <indexitem text="Template List:Templates" target="Templates" />
 <indexitem text="Template List:The Windows, Assets, Templates, and File Views" target="The_Windows_Assets_Templates_and_File_Views" />
 <indexitem text="Template Properties" target="Templates" />
 <indexitem text="Templates View" target="The_Windows_Assets_Templates_and_File_Views" />
 <indexitem text="Text Controls" target="Understanding_DAoC_User_Interface_Components" />
 <indexitem text="Textarea" target="Understanding_DAoC_User_Interface_Components" />
 <indexitem text="Textareas" target="Understanding_DAoC_User_Interface_Components" />
 <indexitem text="Textbox" target="Understanding_DAoC_User_Interface_Components" />
 <indexitem text="Texture Coordinates" target="Texture_Editor" />
 <indexitem text="Texture Editor" target="Texture_Editor" />
 <indexitem text="Toggle Window Visibility on Selection" target="Program_Settings" />
 <indexitem text="UI Overlord" target="Sharing_Your_Custom_Mods" />
 <indexitem text="Understanding:Texture Editor" target="Texture_Editor" />
 <indexitem text="Understanding:Understanding DAoC User Interface Components" target="Understanding_DAoC_User_Interface_Components" >
  <indexitem text="DAoC Textures" target="Texture_Editor" />
  <indexitem text="DAoC User Interface Components" target="Understanding_DAoC_User_Interface_Components" />
  </indexitem>
 <indexitem text="Vertical Resize Image" target="Understanding_DAoC_User_Interface_Components" />
 <indexitem text="Vertical Statusbar" target="Understanding_DAoC_User_Interface_Components" />
 <indexitem text="Warn Before Deleting Nodes" target="Program_Settings" />
 <indexitem text="Window List" target="The_Windows_Assets_Templates_and_File_Views" />
 <indexitem text="Window Properties" target="Windows" />
 <indexitem text="Windows:Loading a Project" target="Loading_a_Project" />
 <indexitem text="Windows:Positioning Windows and Controls" target="Positioning_Windows_and_Controls" />
 <indexitem text="Windows:Previewing Windows" target="Previewing_Windows" />
 <indexitem text="Windows:Saving" target="Saving" />
 <indexitem text="Windows:The Windows, Assets, Templates, and File Views" target="The_Windows_Assets_Templates_and_File_Views" />
 <indexitem text="Windows:Windows" target="Windows" >
  <indexitem text="Positioning" target="Positioning_Windows_and_Controls" />
  <indexitem text="Previewing" target="Previewing_Windows" />
  </indexitem>
 <indexitem text="XML Files" target="Editing_XML_Files_Outside_the_Editor" >
  <indexitem text="Editing with outside XML editors" target="Editing_XML_Files_Outside_the_Editor" />
  </indexitem>
 <indexitem text="Zip" target="Sharing_Your_Custom_Mods" />
</index>