<?xml version='1.0' encoding='ISO-8859-1' ?>
<!DOCTYPE map PUBLIC "-//Sun Microsystems Inc.//DTD JavaHelp Map Version 1.0//EN" "http://java.sun.com/products/javahelp/map_1_0.dtd">

<map version="1.0">
  <mapID target="Welcome_1" url="uieditorhelp_rtf/welcome_1.htm" />
  <mapID target="Program_Settings_1" url="uieditorhelp_rtf/program_settings_1.htm" />
  <mapID target="Loading_a_Project" url="uieditorhelp_rtf/loading_a_project.htm" />
  <mapID target="Previewing_Windows" url="uieditorhelp_rtf/previewing_windows.htm" />
  <mapID target="The_Windows_Assets_Templates_and_File_Views" url="uieditorhelp_rtf/the_windows_assets_templates_and_file_views.htm" />
  <mapID target="Positioning_Windows_and_Controls" url="uieditorhelp_rtf/positioning_windows_and_controls.htm" />
  <mapID target="Saving" url="uieditorhelp_rtf/saving.htm" />
  <mapID target="Understanding_DAoC_User_Interface_Components" url="uieditorhelp_rtf/understanding_daoc_user_interface_components.htm" />
  <mapID target="Windows" url="uieditorhelp_rtf/windows.htm" />
  <mapID target="Controls" url="uieditorhelp_rtf/controls.htm" />
  <mapID target="Templates" url="uieditorhelp_rtf/templates.htm" />
  <mapID target="Assets" url="uieditorhelp_rtf/assets.htm" />
  <mapID target="Texture_Editor" url="uieditorhelp_rtf/texture_editor.htm" />
  <mapID target="Event_Browser" url="uieditorhelp_rtf/event_browser.htm" />
  <mapID target="Adapter_Browser" url="uieditorhelp_rtf/adapter_browser.htm" />
  <mapID target="Adapter_Editor" url="uieditorhelp_rtf/adapter_editor.htm" />
  <mapID target="Log_Viewer" url="uieditorhelp_rtf/log_viewer.htm" />
  <mapID target="Program_Settings" url="uieditorhelp_rtf/program_settings.htm" />
  <mapID target="Sharing_Your_Custom_Mods" url="uieditorhelp_rtf/sharing_your_custom_mods.htm" />
  <mapID target="Editing_XML_Files_Outside_the_Editor" url="uieditorhelp_rtf/editing_xml_files_outside_the_editor.htm" />
  <mapID target="Quick_Keys" url="uieditorhelp_rtf/quick_keys.htm" />
</map>
