<?xml version="1.0" encoding="ISO-8859-1"?>
<Root_Element ID="DAOCUi">

<!-- @@ Edited with the DAoC User Interface Editor v1.80 -->
<!-- @@ Free download available at http://www.bradtownsend.com/daoced -->

  <!-- Templates -->

  <MenuTemplate>
    <Name>Menu_Generic_Scroll</Name>
    <Width>104</Width>
    <Height>16</Height>
    <LabelLength>128</LabelLength>
    <Font>
      <Name>font_buttons</Name>
      <ColorNormal>
        <R>192</R>
        <G>192</G>
        <B>192</B>
        <A>255</A>
      </ColorNormal>
      <ColorHighlit>
        <R>255</R>
        <G>192</G>
        <B>0</B>
        <A>255</A>
      </ColorHighlit>
    </Font>
    <Texture>
      <TextureName>buttons_01</TextureName>
      <Normal>
        <X>107</X>
        <Y>88</Y>
      </Normal>
      <Highlit>
        <X>107</X>
        <Y>71</Y>
      </Highlit>
    </Texture>
    <ScrollbarTemplate>generic_vscroll</ScrollbarTemplate>
    <MaxVisibleItems>7</MaxVisibleItems>
  </MenuTemplate>

  <ComboBoxTemplate>
    <Name>ComboBox_Generic_Scroll</Name>
    <Menuoffset>
      <X>0</X>
      <Y>0</Y>
    </Menuoffset>
    <DownButtonTemplate>button_arrow_down</DownButtonTemplate>
    <LabelButtonTemplate>button_combobox</LabelButtonTemplate>
    <MenuTemplate>menu_generic_scroll</MenuTemplate>
  </ComboBoxTemplate>

  <EditBoxTemplate>
    <Name>EditBox_Generic</Name>
    <LinePadding>0</LinePadding>
    <BackgroundTemplate>fresizeImage_chatentryframe</BackgroundTemplate>
    <TextOffset>
      <X>10</X>
      <Y>3</Y>
    </TextOffset>
    <Font>
      <Name>font_buttons</Name>
      <ColorNormal>
        <R>255</R>
        <G>255</G>
        <B>255</B>
        <A>255</A>
      </ColorNormal>
      <ColorActive>
        <R>255</R>
        <G>255</G>
        <B>0</B>
        <A>255</A>
      </ColorActive>
    </Font>
    <ScrollbarOffset>
      <X>3</X>
      <Y>2</Y>
    </ScrollbarOffset>
    <ScrollbarSizeOffset>
      <X>0</X>
      <Y>-4</Y>
    </ScrollbarSizeOffset>
  </EditBoxTemplate>

  <!-- Main Window -->

  <WindowTemplate>
    <Name>bazaar_query</Name>
    <WindowId>BazaarQuery</WindowId>
    <CloseButton>true</CloseButton>
    <MoveButton>true</MoveButton>
    <TopRightResizeButton>false</TopRightResizeButton>
    <BottomRightResizeButton>false</BottomRightResizeButton>
    <BottomLeftResizeButton>false</BottomLeftResizeButton>
    <ResizeButtonOffsetX>0</ResizeButtonOffsetX>
    <ResizeButtonOffsetY>0</ResizeButtonOffsetY>
    <TitleWidth>450</TitleWidth>
    <TitleHeight>27</TitleHeight>
    <Width>450</Width>
    <Height>308</Height>
    <ResizeableWidth>0</ResizeableWidth>
    <ResizeableHeight>0</ResizeableHeight>
    <ResizeableTwoWayWidth>0</ResizeableTwoWayWidth>
    <ResizeableTwoWayHeight>0</ResizeableTwoWayHeight>
    <MinWidth>450</MinWidth>
    <MinHeight>308</MinHeight>
    <ContextTemplateName></ContextTemplateName>

    <!-- Background -->

    <FullResizeImageDef>
      <ControlId>Background</ControlId>
      <Position>
        <X>0</X>
        <Y>0</Y>
      </Position>
      <Alignment>
      </Alignment>
      <TemplateName>fresizeimage_dlg_bg</TemplateName>
      <Width>450</Width>
      <Height>308</Height>
    </FullResizeImageDef>

    <!-- Title -->

    <LabelDef>
      <ControlId></ControlId>
      <Position>
        <X>0</X>
        <Y>11</Y>
      </Position>
      <Alignment>
      </Alignment>
      <Color>
        <R>255</R>
        <G>192</G>
        <B>0</B>
        <A>255</A>
      </Color>
      <FontName>font_titles</FontName>
      <Width>450</Width>
      <Height>17</Height>
      <ColorAdapter></ColorAdapter>
      <MaxCharacters>16</MaxCharacters>
      <Data>Market Explorer Search</Data>
      <EndAligned>false</EndAligned>
      <TextCentered>true</TextCentered>
      <Adapter></Adapter>
    </LabelDef>

    <!-- Interior -->

    <!--Keyword-->

    <HorizontalResizeImageDef>
      <ControlId></ControlId>
      <Position>
        <X>10</X>
        <Y>27</Y>
      </Position>
      <Alignment>
      </Alignment>
      <TemplateName>hresizeimage_listbox_row_bg</TemplateName>
      <Width>430</Width>
    </HorizontalResizeImageDef>

    <LabelDef>
      <ControlId></ControlId>
      <Position>
        <X>12</X>
        <Y>28</Y>
      </Position>
      <Alignment>
      </Alignment>
      <Color>
        <R>192</R>
        <G>192</G>
        <B>192</B>
        <A>255</A>
      </Color>
      <FontName>font_headings</FontName>
      <Width>100</Width>
      <Height>16</Height>
      <ColorAdapter></ColorAdapter>
      <MaxCharacters>50</MaxCharacters>
      <Data>Keyword</Data>
      <EndAligned>false</EndAligned>
      <TextCentered>false</TextCentered>
      <Adapter></Adapter>
    </LabelDef>

    <!--Clickable Edit Area-->

    <ClickableEditBoxDef>
      <TemplateName>editbox_generic</TemplateName>
      <ControlId>1000</ControlId>
      <Position>
        <X>10</X>
        <Y>43</Y>
      </Position>
      <Width>430</Width>
      <Height>24</Height>
      <Alignment>
        <CenterHorizontally>true</CenterHorizontally>
      </Alignment>			
      <MaxCharacters>32</MaxCharacters>
    </ClickableEditBoxDef>

    <!--Stats-->

    <HorizontalResizeImageDef>
      <ControlId></ControlId>
      <Position>
        <X>10</X>
        <Y>75</Y>
      </Position>
      <Alignment>
      </Alignment>
      <TemplateName>hresizeimage_listbox_row_bg</TemplateName>
      <Width>430</Width>
    </HorizontalResizeImageDef>

    <LabelDef>
      <ControlId></ControlId>
      <Position>
        <X>12</X>
        <Y>76</Y>
      </Position>
      <Alignment>
      </Alignment>
      <Color>
        <R>192</R>
        <G>192</G>
        <B>192</B>
        <A>255</A>
      </Color>
      <FontName>font_headings</FontName>
      <Width>75</Width>
      <Height>16</Height>
      <ColorAdapter></ColorAdapter>
      <MaxCharacters>50</MaxCharacters>
      <Data>Stats</Data>
      <EndAligned>false</EndAligned>
      <TextCentered>false</TextCentered>
      <Adapter></Adapter>
    </LabelDef>

    <FullResizeImageDef>
      <ControlId>Interior</ControlId>
      <Position>
        <X>10</X>
        <Y>91</Y>
      </Position>
      <Alignment>
      </Alignment>
      <TemplateName>fresizeimage_dlg_interior</TemplateName>
      <Width>430</Width>
      <Height>100</Height>
    </FullResizeImageDef>

    <LabelDef>
      <ControlId></ControlId>
      <Position>
        <X>18</X>
        <Y>95</Y>
      </Position>
      <Alignment>
      </Alignment>
      <Color>
        <R>192</R>
        <G>192</G>
        <B>192</B>
        <A>255</A>
      </Color>
      <FontName>font_buttons</FontName>
      <Width>80</Width>
      <Height>15</Height>
      <ColorAdapter></ColorAdapter>
      <MaxCharacters>50</MaxCharacters>
      <Data>Slot</Data>
      <EndAligned>false</EndAligned>
      <TextCentered>false</TextCentered>
      <Adapter></Adapter>
    </LabelDef>

    <LabelDef>
      <ControlId></ControlId>
      <Position>
        <X>18</X>
        <Y>114</Y>
      </Position>
      <Alignment>
      </Alignment>
      <Color>
        <R>192</R>
        <G>192</G>
        <B>192</B>
        <A>255</A>
      </Color>
      <FontName>font_buttons</FontName>
      <Width>80</Width>
      <Height>15</Height>
      <ColorAdapter></ColorAdapter>
      <MaxCharacters>50</MaxCharacters>
      <Data>Skill</Data>
      <EndAligned>false</EndAligned>
      <TextCentered>false</TextCentered>
      <Adapter></Adapter>
    </LabelDef>

    <LabelDef>
      <ControlId></ControlId>
      <Position>
        <X>18</X>
        <Y>133</Y>
      </Position>
      <Alignment>
      </Alignment>
      <Color>
        <R>192</R>
        <G>192</G>
        <B>192</B>
        <A>255</A>
      </Color>
      <FontName>font_buttons</FontName>
      <Width>80</Width>
      <Height>15</Height>
      <ColorAdapter></ColorAdapter>
      <MaxCharacters>50</MaxCharacters>
      <Data>Bonus</Data>
      <EndAligned>false</EndAligned>
      <TextCentered>false</TextCentered>
      <Adapter></Adapter>
    </LabelDef>

    <LabelDef>
      <ControlId></ControlId>
      <Position>
        <X>18</X>
        <Y>152</Y>
      </Position>
      <Alignment>
      </Alignment>
      <Color>
        <R>192</R>
        <G>192</G>
        <B>192</B>
        <A>255</A>
      </Color>
      <FontName>font_buttons</FontName>
      <Width>80</Width>
      <Height>15</Height>
      <ColorAdapter></ColorAdapter>
      <MaxCharacters>50</MaxCharacters>
      <Data>Armor Class</Data>
      <EndAligned>false</EndAligned>
      <TextCentered>false</TextCentered>
      <Adapter></Adapter>
    </LabelDef>

    <LabelDef>
      <ControlId></ControlId>
      <Position>
        <X>18</X>
        <Y>171</Y>
      </Position>
      <Alignment>
      </Alignment>
      <Color>
        <R>192</R>
        <G>192</G>
        <B>192</B>
        <A>255</A>
      </Color>
      <FontName>font_buttons</FontName>
      <Width>80</Width>
      <Height>15</Height>
      <ColorAdapter></ColorAdapter>
      <MaxCharacters>50</MaxCharacters>
      <Data>Damage Type</Data>
      <EndAligned>false</EndAligned>
      <TextCentered>false</TextCentered>
      <Adapter></Adapter>
    </LabelDef>

    <LabelDef>
      <ControlId></ControlId>
      <Position>
        <X>235</X>
        <Y>95</Y>
      </Position>
      <Alignment>
      </Alignment>
      <Color>
        <R>192</R>
        <G>192</G>
        <B>192</B>
        <A>255</A>
      </Color>
      <FontName>font_buttons</FontName>
      <Width>80</Width>
      <Height>15</Height>
      <ColorAdapter></ColorAdapter>
      <MaxCharacters>50</MaxCharacters>
      <Data>Hits</Data>
      <EndAligned>false</EndAligned>
      <TextCentered>false</TextCentered>
      <Adapter></Adapter>
    </LabelDef>

    <LabelDef>
      <ControlId></ControlId>
      <Position>
        <X>235</X>
        <Y>114</Y>
      </Position>
      <Alignment>
      </Alignment>
      <Color>
        <R>192</R>
        <G>192</G>
        <B>192</B>
        <A>255</A>
      </Color>
      <FontName>font_buttons</FontName>
      <Width>80</Width>
      <Height>15</Height>
      <ColorAdapter></ColorAdapter>
      <MaxCharacters>50</MaxCharacters>
      <Data>Procs</Data>
      <EndAligned>false</EndAligned>
      <TextCentered>false</TextCentered>
      <Adapter></Adapter>
    </LabelDef>

    <LabelDef>
      <ControlId></ControlId>
      <Position>
        <X>235</X>
        <Y>133</Y>
      </Position>
      <Alignment>
      </Alignment>
      <Color>
        <R>192</R>
        <G>192</G>
        <B>192</B>
        <A>255</A>
      </Color>
      <FontName>font_buttons</FontName>
      <Width>80</Width>
      <Height>15</Height>
      <ColorAdapter></ColorAdapter>
      <MaxCharacters>50</MaxCharacters>
      <Data>Resist</Data>
      <EndAligned>false</EndAligned>
      <TextCentered>false</TextCentered>
      <Adapter></Adapter>
    </LabelDef>

    <LabelDef>
      <ControlId></ControlId>
      <Position>
        <X>235</X>
        <Y>152</Y>
      </Position>
      <Alignment>
      </Alignment>
      <Color>
        <R>192</R>
        <G>192</G>
        <B>192</B>
        <A>255</A>
      </Color>
      <FontName>font_buttons</FontName>
      <Width>80</Width>
      <Height>15</Height>
      <ColorAdapter></ColorAdapter>
      <MaxCharacters>50</MaxCharacters>
      <Data>Power</Data>
      <EndAligned>false</EndAligned>
      <TextCentered>false</TextCentered>
      <Adapter></Adapter>
    </LabelDef>

    <CheckBoxDef>
      <ControlId>1001</ControlId>
      <Position>
        <X>235</X>
        <Y>171</Y>
      </Position>
      <Alignment>
      </Alignment>
      <TemplateName>checkbox_generic</TemplateName>
      <AdapterName></AdapterName>
      <TextAdapterName></TextAdapterName>
      <Data>Player Crafted</Data>
      <LabelWidth>120</LabelWidth>
      <OnClickEvent></OnClickEvent>
    </CheckBoxDef>

    <CheckBoxDef>
      <ControlId>1026</ControlId>
      <Position>
        <X>344</X>
        <Y>171</Y>
      </Position>
      <Alignment>
      </Alignment>
      <TemplateName>checkbox_generic</TemplateName>
      <AdapterName></AdapterName>
      <TextAdapterName></TextAdapterName>
      <Data>Visual Effects</Data>
      <LabelWidth>120</LabelWidth>
      <OnClickEvent></OnClickEvent>
    </CheckBoxDef>

    <!--Limits-->

    <HorizontalResizeImageDef>
      <ControlId></ControlId>
      <Position>
        <X>10</X>
        <Y>199</Y>
      </Position>
      <Alignment>
      </Alignment>
      <TemplateName>hresizeimage_listbox_row_bg</TemplateName>
      <Width>430</Width>
    </HorizontalResizeImageDef>

    <LabelDef>
      <ControlId></ControlId>
      <Position>
        <X>12</X>
        <Y>200</Y>
      </Position>
      <Alignment>
      </Alignment>
      <Color>
        <R>192</R>
        <G>192</G>
        <B>192</B>
        <A>255</A>
      </Color>
      <FontName>font_headings</FontName>
      <Width>75</Width>
      <Height>15</Height>
      <ColorAdapter></ColorAdapter>
      <MaxCharacters>50</MaxCharacters>
      <Data>Limits</Data>
      <EndAligned>false</EndAligned>
      <TextCentered>false</TextCentered>
      <Adapter></Adapter>
    </LabelDef>

    <FullResizeImageDef>
      <ControlId>Interior</ControlId>
      <Position>
        <X>10</X>
        <Y>215</Y>
      </Position>
      <Alignment>
      </Alignment>
      <TemplateName>fresizeimage_dlg_interior_small</TemplateName>
      <Width>430</Width>
      <Height>62</Height>
    </FullResizeImageDef>

    <!--Price Limit-->

    <LabelDef>
      <ControlId></ControlId>
      <Position>
        <X>170</X>
        <Y>219</Y>
      </Position>
      <Alignment>
      </Alignment>
      <Color>
        <R>192</R>
        <G>192</G>
        <B>192</B>
        <A>255</A>
      </Color>
      <FontName>font_buttons</FontName>
      <Width>110</Width>
      <Height>15</Height>
      <ColorAdapter></ColorAdapter>
      <MaxCharacters>32</MaxCharacters>
      <Data>Price</Data>
      <EndAligned>false</EndAligned>
      <TextCentered>true</TextCentered>
      <Adapter></Adapter>
    </LabelDef>

    <!--Min Price-->

    <ButtonDef>
      <ControlId></ControlId>
      <Position>
        <X>170</X>
        <Y>238</Y>
      </Position>
      <Alignment>
      </Alignment>
      <TemplateName>button_size_110</TemplateName>
      <Label></Label>
      <onClickEvent></onClickEvent>
    </ButtonDef>

    <LabelDef>
      <ControlId>1012</ControlId>
      <Position>
        <X>170</X>
        <Y>238</Y>
      </Position>
      <Alignment>
      </Alignment>
      <Color>
        <R>192</R>
        <G>192</G>
        <B>192</B>
        <A>255</A>
      </Color>
      <FontName>font_buttons</FontName>
      <Width>110</Width>
      <Height>15</Height>
      <ColorAdapter></ColorAdapter>
      <MaxCharacters>32</MaxCharacters>
      <Data>Don't Care</Data>
      <EndAligned>false</EndAligned>
      <TextCentered>true</TextCentered>
      <Adapter></Adapter>
    </LabelDef>

    <!--Max Price-->

    <ButtonDef>
      <ControlId></ControlId>
      <Position>
        <X>170</X>
        <Y>257</Y>
      </Position>
      <Alignment>
      </Alignment>
      <TemplateName>button_size_110</TemplateName>
      <Label></Label>
      <onClickEvent></onClickEvent>
    </ButtonDef>

    <LabelDef>
      <ControlId>1013</ControlId>
      <Position>
        <X>170</X>
        <Y>257</Y>
      </Position>
      <Alignment>
      </Alignment>
      <Color>
        <R>192</R>
        <G>192</G>
        <B>192</B>
        <A>255</A>
      </Color>
      <FontName>font_buttons</FontName>
      <Width>110</Width>
      <Height>15</Height>
      <ColorAdapter></ColorAdapter>
      <MaxCharacters>32</MaxCharacters>
      <Data>Don't Care</Data>
      <EndAligned>false</EndAligned>
      <TextCentered>true</TextCentered>
      <Adapter></Adapter>
    </LabelDef>

    <!--Quality Limit-->

    <LabelDef>
      <ControlId></ControlId>
      <Position>
        <X>322</X>
        <Y>219</Y>
      </Position>
      <Alignment>
      </Alignment>
      <Color>
        <R>192</R>
        <G>192</G>
        <B>192</B>
        <A>255</A>
      </Color>
      <FontName>font_buttons</FontName>
      <Width>110</Width>
      <Height>15</Height>
      <ColorAdapter></ColorAdapter>
      <MaxCharacters>32</MaxCharacters>
      <Data>Quality</Data>
      <EndAligned>false</EndAligned>
      <TextCentered>true</TextCentered>
      <Adapter></Adapter>
    </LabelDef>

    <!--Min Quality-->

    <ButtonDef>
      <ControlId>1014</ControlId>
      <Position>
        <X>327</X>
        <Y>238</Y>
      </Position>
      <Alignment>
      </Alignment>
      <TemplateName>button_arrow_left</TemplateName>
      <Label></Label>
      <onClickEvent></onClickEvent>
    </ButtonDef>

    <LabelDef>
      <ControlId>1016</ControlId>
      <Position>
        <X>343</X>
        <Y>238</Y>
      </Position>
      <Alignment>
      </Alignment>
      <Color>
        <R>192</R>
        <G>192</G>
        <B>192</B>
        <A>255</A>
      </Color>
      <FontName>font_buttons</FontName>
      <Width>68</Width>
      <Height>16</Height>
      <ColorAdapter></ColorAdapter>
      <MaxCharacters>4</MaxCharacters>
      <Data>99</Data>
      <EndAligned>false</EndAligned>
      <TextCentered>true</TextCentered>
      <Adapter></Adapter>
    </LabelDef>

    <ButtonDef>
      <ControlId>1015</ControlId>
      <Position>
        <X>411</X>
        <Y>238</Y>
      </Position>
      <Alignment>
      </Alignment>
      <TemplateName>button_arrow_right</TemplateName>
      <Label></Label>
      <onClickEvent></onClickEvent>
    </ButtonDef>

    <!--Max Quality-->

    <ButtonDef>
      <ControlId>1017</ControlId>
      <Position>
        <X>327</X>
        <Y>257</Y>
      </Position>
      <Alignment>
      </Alignment>
      <TemplateName>button_arrow_left</TemplateName>
      <Label></Label>
      <onClickEvent></onClickEvent>
    </ButtonDef>

    <LabelDef>
      <ControlId>1019</ControlId>
      <Position>
        <X>343</X>
        <Y>257</Y>
      </Position>
      <Alignment>
      </Alignment>
      <Color>
        <R>192</R>
        <G>192</G>
        <B>192</B>
        <A>255</A>
      </Color>
      <FontName>font_buttons</FontName>
      <Width>68</Width>
      <Height>16</Height>
      <ColorAdapter></ColorAdapter>
      <MaxCharacters>4</MaxCharacters>
      <Data>99</Data>
      <EndAligned>false</EndAligned>
      <TextCentered>true</TextCentered>
      <Adapter></Adapter>
    </LabelDef>

    <ButtonDef>
      <ControlId>1018</ControlId>
      <Position>
        <X>411</X>
        <Y>257</Y>
      </Position>
      <Alignment>
      </Alignment>
      <TemplateName>button_arrow_right</TemplateName>
      <Label></Label>
      <onClickEvent></onClickEvent>
    </ButtonDef>

    <!--Level Limit-->

    <LabelDef>
      <ControlId></ControlId>
      <Position>
        <X>18</X>
        <Y>219</Y>
      </Position>
      <Alignment>
      </Alignment>
      <Color>
        <R>192</R>
        <G>192</G>
        <B>192</B>
        <A>255</A>
      </Color>
      <FontName>font_buttons</FontName>
      <Width>110</Width>
      <Height>15</Height>
      <ColorAdapter></ColorAdapter>
      <MaxCharacters>32</MaxCharacters>
      <Data>Level</Data>
      <EndAligned>false</EndAligned>
      <TextCentered>true</TextCentered>
      <Adapter></Adapter>
    </LabelDef>

    <!--Min Level-->

    <ButtonDef>
      <ControlId>1020</ControlId>
      <Position>
        <X>23</X>
        <Y>238</Y>
      </Position>
      <Alignment>
      </Alignment>
      <TemplateName>button_arrow_left</TemplateName>
      <Label></Label>
      <onClickEvent></onClickEvent>
    </ButtonDef>

    <LabelDef>
      <ControlId>1022</ControlId>
      <Position>
        <X>39</X>
        <Y>238</Y>
      </Position>
      <Alignment>
      </Alignment>
      <Color>
        <R>192</R>
        <G>192</G>
        <B>192</B>
        <A>255</A>
      </Color>
      <FontName>font_buttons</FontName>
      <Width>68</Width>
      <Height>16</Height>
      <ColorAdapter></ColorAdapter>
      <MaxCharacters>4</MaxCharacters>
      <Data>99</Data>
      <EndAligned>false</EndAligned>
      <TextCentered>true</TextCentered>
      <Adapter></Adapter>
    </LabelDef>

    <ButtonDef>
      <ControlId>1021</ControlId>
      <Position>
        <X>107</X>
        <Y>238</Y>
      </Position>
      <Alignment>
      </Alignment>
      <TemplateName>button_arrow_right</TemplateName>
      <Label></Label>
      <onClickEvent></onClickEvent>
    </ButtonDef>

    <!--Max Level-->

    <ButtonDef>
      <ControlId>1023</ControlId>
      <Position>
        <X>23</X>
        <Y>257</Y>
      </Position>
      <Alignment>
      </Alignment>
      <TemplateName>button_arrow_left</TemplateName>
      <Label></Label>
      <onClickEvent></onClickEvent>
    </ButtonDef>

    <LabelDef>
      <ControlId>1025</ControlId>
      <Position>
        <X>39</X>
        <Y>257</Y>
      </Position>
      <Alignment>
      </Alignment>
      <Color>
        <R>192</R>
        <G>192</G>
        <B>192</B>
        <A>255</A>
      </Color>
      <FontName>font_buttons</FontName>
      <Width>68</Width>
      <Height>16</Height>
      <ColorAdapter></ColorAdapter>
      <MaxCharacters>4</MaxCharacters>
      <Data>99</Data>
      <EndAligned>false</EndAligned>
      <TextCentered>true</TextCentered>
      <Adapter></Adapter>
    </LabelDef>

    <ButtonDef>
      <ControlId>1024</ControlId>
      <Position>
        <X>107</X>
        <Y>257</Y>
      </Position>
      <Alignment>
      </Alignment>
      <TemplateName>button_arrow_right</TemplateName>
      <Label></Label>
      <onClickEvent></onClickEvent>
    </ButtonDef>

    <!--Reset/Accept/Cancel buttons-->

    <ButtonDef>
      <ControlId>1027</ControlId>
      <Position>
        <X>10</X>
        <Y>10</Y>
      </Position>
      <Alignment>
        <OffsetBottom>true</OffsetBottom>
      </Alignment>
      <TemplateName>button_generic</TemplateName>
      <Label>Reset</Label>
      <onClickEvent></onClickEvent>
    </ButtonDef>

    <ButtonDef>
      <ControlId>1028</ControlId>
      <Position>
        <X>72</X>
        <Y>10</Y>
      </Position>
      <Alignment>
        <OffsetBottom>true</OffsetBottom>
        <OffsetRight>true</OffsetRight>
      </Alignment>
      <TemplateName>button_generic</TemplateName>
      <Label>Accept</Label>
      <onClickEvent></onClickEvent>
    </ButtonDef>

    <ButtonDef>
      <ControlId>1029</ControlId>
      <Position>
        <X>10</X>
        <Y>10</Y>
      </Position>
      <Alignment>
        <OffsetBottom>true</OffsetBottom>
        <OffsetRight>true</OffsetRight>
      </Alignment>
      <TemplateName>button_generic</TemplateName>
      <Label>Cancel</Label>
      <onClickEvent></onClickEvent>
    </ButtonDef>

    <!--Left Column Dropdowns-->

    <ComboBoxDef>
      <ControlId>1005</ControlId>
      <Position>
        <X>98</X>
        <Y>171</Y>
      </Position>
      <Alignment>
      </Alignment>
      <TemplateName>combobox_generic_scroll</TemplateName>
    </ComboBoxDef>

    <ComboBoxDef>
      <ControlId>1006</ControlId>
      <Position>
        <X>98</X>
        <Y>152</Y>
      </Position>
      <Alignment>
      </Alignment>
      <TemplateName>combobox_generic_scroll</TemplateName>
    </ComboBoxDef>

    <ComboBoxDef>
      <ControlId>1004</ControlId>
      <Position>
        <X>98</X>
        <Y>133</Y>
      </Position>
      <Alignment>
      </Alignment>
      <TemplateName>combobox_generic_scroll</TemplateName>
    </ComboBoxDef>

    <ComboBoxDef>
      <ControlId>1002</ControlId>
      <Position>
        <X>98</X>
        <Y>114</Y>
      </Position>
      <Alignment>
      </Alignment>
      <TemplateName>combobox_generic_scroll</TemplateName>
    </ComboBoxDef>

    <ComboBoxDef>
      <ControlId>1003</ControlId>
      <Position>
        <X>98</X>
        <Y>95</Y>
      </Position>
      <Alignment>
      </Alignment>
      <TemplateName>combobox_generic_scroll</TemplateName>
    </ComboBoxDef>

    <!--Right Column Dropdowns-->

    <ComboBoxDef>
      <ControlId>1009</ControlId>
      <Position>
        <X>315</X>
        <Y>152</Y>
      </Position>
      <Alignment>
      </Alignment>
      <TemplateName>combobox_generic_scroll</TemplateName>
    </ComboBoxDef>

    <ComboBoxDef>
      <ControlId>1008</ControlId>
      <Position>
        <X>315</X>
        <Y>133</Y>
      </Position>
      <Alignment>
      </Alignment>
      <TemplateName>combobox_generic_scroll</TemplateName>
    </ComboBoxDef>

    <ComboBoxDef>
      <ControlId>1007</ControlId>
      <Position>
        <X>315</X>
        <Y>114</Y>
      </Position>
      <Alignment>
      </Alignment>
      <TemplateName>combobox_generic_scroll</TemplateName>
    </ComboBoxDef>

    <ComboBoxDef>
      <ControlId>1010</ControlId>
      <Position>
        <X>315</X>
        <Y>95</Y>
      </Position>
      <Alignment>
      </Alignment>
      <TemplateName>combobox_generic_scroll</TemplateName>
    </ComboBoxDef>

  </WindowTemplate>

</Root_Element>
