<?xml version="1.0" encoding="ISO-8859-1"?>
<Root_Element ID="DAOCUi">

<!-- @@ Edited with the DAoC User Interface Editor v1.80 -->
<!-- @@ Free download available at http://www.bradtownsend.com/daoced -->

  <!-- Load Button Images -->

  <Texture>
    <Name>Buttons_01</Name>
    <File>custom/assets/textures/ButtonImages_01.tga</File>
  </Texture>

  <Texture>
    <Name>Buttons_04</Name>
    <File>custom/assets/textures/ButtonImages_02.tga</File>
  </Texture>

  <TabsTemplate>
    <Name>Tabs_Generic</Name>
    <ControlAreaFullResizeImageTemplate>fresizeimage_tab_panel</ControlAreaFullResizeImageTemplate>
    <TabButtonTemplate>button_tab</TabButtonTemplate>
    <TabXOffset>5</TabXOffset>
    <TabYOffset>0</TabYOffset>
  </TabsTemplate>

  <TabsTemplate>
    <Name>Tabs_Generic_Wide</Name>
    <ControlAreaFullResizeImageTemplate>fresizeimage_tab_panel</ControlAreaFullResizeImageTemplate>
    <TabButtonTemplate>button_tab_wide</TabButtonTemplate>
    <TabXOffset>5</TabXOffset>
    <TabYOffset>0</TabYOffset>
  </TabsTemplate>

  <TabsTemplate>
    <Name>Tabs_Generic_Small</Name>
    <ControlAreaFullResizeImageTemplate>fresizeimage_tab_panel_small</ControlAreaFullResizeImageTemplate>
    <TabButtonTemplate>button_tab_small</TabButtonTemplate>
    <TabXOffset>5</TabXOffset>
    <TabYOffset>0</TabYOffset>
  </TabsTemplate>

  <TabsTemplate>
    <Name>Tabs_Video</Name>
    <ControlAreaFullResizeImageTemplate>fresizeimage_blank</ControlAreaFullResizeImageTemplate>
    <TabButtonTemplate>button_tab</TabButtonTemplate>
    <TabXOffset>5</TabXOffset>
    <TabYOffset>0</TabYOffset>
  </TabsTemplate>

  <!-- Tab button -->

  <ButtonTemplate>
    <Name>Button_Tab</Name>
    <Size>
      <X>80</X>
      <Y>16</Y>
    </Size>
    <Font>
      <Name>font_buttons</Name>
      <ColorNormal>
        <R>148</R>
        <G>111</G>
        <B>0</B>
        <A>255</A>
      </ColorNormal>
      <ColorPressed>
        <R>255</R>
        <G>192</G>
        <B>0</B>
        <A>255</A>
      </ColorPressed>
      <ColorHighlit>
        <R>192</R>
        <G>192</G>
        <B>192</B>
        <A>255</A>
      </ColorHighlit>
      <ColorDisabled>
        <R>128</R>
        <G>128</G>
        <B>128</B>
        <A>255</A>
      </ColorDisabled>
    </Font>
    <Texture>
      <TextureName>buttons_01</TextureName>
      <Normal>
        <X>1</X>
        <Y>157</Y>
      </Normal>
      <Pressed>
        <X>1</X>
        <Y>157</Y>
      </Pressed>
      <NormalHighlit>
        <X>1</X>
        <Y>140</Y>
      </NormalHighlit>
      <PressedHighlit>
        <X>1</X>
        <Y>140</Y>
      </PressedHighlit>
      <Disabled>
        <X>1</X>
        <Y>157</Y>
      </Disabled>
    </Texture>
  </ButtonTemplate>

  <ButtonTemplate>
    <Name>Button_Tab_Small</Name>
    <Size>
      <X>50</X>
      <Y>16</Y>
    </Size>
    <Font>
      <Name>font_buttons</Name>
      <ColorNormal>
        <R>148</R>
        <G>111</G>
        <B>0</B>
        <A>255</A>
      </ColorNormal>
      <ColorPressed>
        <R>255</R>
        <G>192</G>
        <B>0</B>
        <A>255</A>
      </ColorPressed>
      <ColorHighlit>
        <R>192</R>
        <G>192</G>
        <B>192</B>
        <A>255</A>
      </ColorHighlit>
      <ColorDisabled>
        <R>128</R>
        <G>128</G>
        <B>128</B>
        <A>255</A>
      </ColorDisabled>
    </Font>
    <Texture>
      <TextureName>buttons_01</TextureName>
      <Normal>
        <X>1</X>
        <Y>123</Y>
      </Normal>
      <Pressed>
        <X>1</X>
        <Y>123</Y>
      </Pressed>
      <NormalHighlit>
        <X>1</X>
        <Y>106</Y>
      </NormalHighlit>
      <PressedHighlit>
        <X>1</X>
        <Y>106</Y>
      </PressedHighlit>
      <Disabled>
        <X>1</X>
        <Y>123</Y>
      </Disabled>
    </Texture>
  </ButtonTemplate>

  <ButtonTemplate>
    <Name>Button_Tab_Wide</Name>
    <Size>
      <X>100</X>
      <Y>16</Y>
    </Size>
    <Font>
      <Name>font_buttons</Name>
      <ColorNormal>
        <R>148</R>
        <G>111</G>
        <B>0</B>
        <A>255</A>
      </ColorNormal>
      <ColorPressed>
        <R>255</R>
        <G>192</G>
        <B>0</B>
        <A>255</A>
      </ColorPressed>
      <ColorHighlit>
        <R>192</R>
        <G>192</G>
        <B>192</B>
        <A>255</A>
      </ColorHighlit>
      <ColorDisabled>
        <R>128</R>
        <G>128</G>
        <B>128</B>
        <A>255</A>
      </ColorDisabled>
    </Font>
    <Texture>
      <TextureName>buttons_01</TextureName>
      <Normal>
        <X>1</X>
        <Y>191</Y>
      </Normal>
      <Pressed>
        <X>1</X>
        <Y>191</Y>
      </Pressed>
      <NormalHighlit>
        <X>1</X>
        <Y>174</Y>
      </NormalHighlit>
      <PressedHighlit>
        <X>1</X>
        <Y>174</Y>
      </PressedHighlit>
      <Disabled>
        <X>1</X>
        <Y>191</Y>
      </Disabled>
    </Texture>
  </ButtonTemplate>

  <ButtonTemplate>
    <Name>Button_Tab_Command</Name>
    <Size>
      <X>62</X>
      <Y>16</Y>
    </Size>
    <Font>
      <Name>font_buttons</Name>
      <ColorNormal>
        <R>148</R>
        <G>111</G>
        <B>0</B>
        <A>255</A>
      </ColorNormal>
      <ColorPressed>
        <R>255</R>
        <G>192</G>
        <B>0</B>
        <A>255</A>
      </ColorPressed>
      <ColorHighlit>
        <R>192</R>
        <G>192</G>
        <B>192</B>
        <A>255</A>
      </ColorHighlit>
      <ColorDisabled>
        <R>128</R>
        <G>128</G>
        <B>128</B>
        <A>255</A>
      </ColorDisabled>
    </Font>
    <Texture>
      <TextureName>buttons_01</TextureName>
      <Normal>
        <X>107</X>
        <Y>104</Y>
      </Normal>
      <Pressed>
        <X>107</X>
        <Y>104</Y>
      </Pressed>
      <NormalHighlit>
        <X>107</X>
        <Y>104</Y>
      </NormalHighlit>
      <PressedHighlit>
        <X>107</X>
        <Y>104</Y>
      </PressedHighlit>
      <Disabled>
        <X>107</X>
        <Y>104</Y>
      </Disabled>
    </Texture>
  </ButtonTemplate>

  <!-- Generic Move Window button -->

  <ButtonTemplate>
    <Name>window_move</Name>
    <Size>
      <X>13</X>
      <Y>13</Y>
    </Size>
    <Font>
      <Name>font_buttons</Name>
      <ColorNormal>
        <R>255</R>
        <G>255</G>
        <B>255</B>
        <A>255</A>
      </ColorNormal>
      <ColorPressed>
        <R>255</R>
        <G>255</G>
        <B>255</B>
        <A>255</A>
      </ColorPressed>
      <ColorHighlit>
        <R>255</R>
        <G>255</G>
        <B>255</B>
        <A>255</A>
      </ColorHighlit>
      <ColorDisabled>
        <R>255</R>
        <G>255</G>
        <B>255</B>
        <A>255</A>
      </ColorDisabled>
    </Font>
    <Texture>
      <TextureName>buttons_01</TextureName>
      <Normal>
        <X>184</X>
        <Y>134</Y>
      </Normal>
      <Pressed>
        <X>93</X>
        <Y>134</Y>
      </Pressed>
      <NormalHighlit>
        <X>93</X>
        <Y>120</Y>
      </NormalHighlit>
      <PressedHighlit>
        <X>93</X>
        <Y>134</Y>
      </PressedHighlit>
      <Disabled>
        <X>184</X>
        <Y>134</Y>
      </Disabled>
    </Texture>
  </ButtonTemplate>

  <!-- Generic Minimize Window button -->

  <ButtonTemplate>
    <Name>window_minimize</Name>
    <Size>
      <X>13</X>
      <Y>13</Y>
    </Size>
    <Font>
      <Name>font_buttons</Name>
      <ColorNormal>
        <R>255</R>
        <G>255</G>
        <B>255</B>
        <A>255</A>
      </ColorNormal>
      <ColorPressed>
        <R>255</R>
        <G>255</G>
        <B>255</B>
        <A>255</A>
      </ColorPressed>
      <ColorHighlit>
        <R>255</R>
        <G>255</G>
        <B>255</B>
        <A>255</A>
      </ColorHighlit>
      <ColorDisabled>
        <R>255</R>
        <G>255</G>
        <B>255</B>
        <A>255</A>
      </ColorDisabled>
    </Font>
    <Texture>
      <TextureName>buttons_01</TextureName>
      <Normal>
        <X>184</X>
        <Y>134</Y>
      </Normal>
      <Pressed>
        <X>121</X>
        <Y>134</Y>
      </Pressed>
      <NormalHighlit>
        <X>121</X>
        <Y>120</Y>
      </NormalHighlit>
      <PressedHighlit>
        <X>121</X>
        <Y>134</Y>
      </PressedHighlit>
      <Disabled>
        <X>184</X>
        <Y>134</Y>
      </Disabled>
    </Texture>
  </ButtonTemplate>

  <!-- Generic Close Window button -->

  <ButtonTemplate>
    <Name>window_close</Name>
    <Size>
      <X>13</X>
      <Y>13</Y>
    </Size>
    <Font>
      <Name>font_buttons</Name>
      <ColorNormal>
        <R>255</R>
        <G>255</G>
        <B>255</B>
        <A>255</A>
      </ColorNormal>
      <ColorPressed>
        <R>255</R>
        <G>255</G>
        <B>255</B>
        <A>255</A>
      </ColorPressed>
      <ColorHighlit>
        <R>255</R>
        <G>255</G>
        <B>255</B>
        <A>255</A>
      </ColorHighlit>
      <ColorDisabled>
        <R>255</R>
        <G>255</G>
        <B>255</B>
        <A>255</A>
      </ColorDisabled>
    </Font>
    <Texture>
      <TextureName>buttons_01</TextureName>
      <Normal>
        <X>184</X>
        <Y>134</Y>
      </Normal>
      <Pressed>
        <X>107</X>
        <Y>134</Y>
      </Pressed>
      <NormalHighlit>
        <X>107</X>
        <Y>120</Y>
      </NormalHighlit>
      <PressedHighlit>
        <X>107</X>
        <Y>134</Y>
      </PressedHighlit>
      <Disabled>
        <X>184</X>
        <Y>134</Y>
      </Disabled>
    </Texture>
  </ButtonTemplate>

  <!-- Generic Resize Bottom Left Window button -->

  <ButtonTemplate>
    <Name>resize_bottom_left</Name>
    <Size>
      <X>13</X>
      <Y>13</Y>
    </Size>
    <Font>
      <Name>font_buttons</Name>
      <ColorNormal>
        <R>255</R>
        <G>255</G>
        <B>255</B>
        <A>255</A>
      </ColorNormal>
      <ColorPressed>
        <R>255</R>
        <G>255</G>
        <B>255</B>
        <A>255</A>
      </ColorPressed>
      <ColorHighlit>
        <R>255</R>
        <G>255</G>
        <B>255</B>
        <A>255</A>
      </ColorHighlit>
      <ColorDisabled>
        <R>255</R>
        <G>255</G>
        <B>255</B>
        <A>255</A>
      </ColorDisabled>
    </Font>
    <Texture>
      <TextureName>buttons_01</TextureName>
      <Normal>
        <X>184</X>
        <Y>134</Y>
      </Normal>
      <Pressed>
        <X>135</X>
        <Y>134</Y>
      </Pressed>
      <NormalHighlit>
        <X>135</X>
        <Y>120</Y>
      </NormalHighlit>
      <PressedHighlit>
        <X>135</X>
        <Y>134</Y>
      </PressedHighlit>
      <Disabled>
        <X>184</X>
        <Y>134</Y>
      </Disabled>
    </Texture>
  </ButtonTemplate>

  <!-- Generic Resize Bottom Right Window button -->

  <ButtonTemplate>
    <Name>resize_bottom_right</Name>
    <Size>
      <X>13</X>
      <Y>13</Y>
    </Size>
    <Font>
      <Name>font_buttons</Name>
      <ColorNormal>
        <R>255</R>
        <G>255</G>
        <B>255</B>
        <A>255</A>
      </ColorNormal>
      <ColorPressed>
        <R>255</R>
        <G>255</G>
        <B>255</B>
        <A>255</A>
      </ColorPressed>
      <ColorHighlit>
        <R>255</R>
        <G>255</G>
        <B>255</B>
        <A>255</A>
      </ColorHighlit>
      <ColorDisabled>
        <R>255</R>
        <G>255</G>
        <B>255</B>
        <A>255</A>
      </ColorDisabled>
    </Font>
    <Texture>
      <TextureName>buttons_01</TextureName>
      <Normal>
        <X>184</X>
        <Y>134</Y>
      </Normal>
      <Pressed>
        <X>149</X>
        <Y>134</Y>
      </Pressed>
      <NormalHighlit>
        <X>149</X>
        <Y>120</Y>
      </NormalHighlit>
      <PressedHighlit>
        <X>149</X>
        <Y>134</Y>
      </PressedHighlit>
      <Disabled>
        <X>184</X>
        <Y>134</Y>
      </Disabled>
    </Texture>
  </ButtonTemplate>

  <!-- Generic Resize Top Right Window button -->

  <ButtonTemplate>
    <Name>resize_top_right</Name>
    <Size>
      <X>13</X>
      <Y>13</Y>
    </Size>
    <Font>
      <Name>font_buttons</Name>
      <ColorNormal>
        <R>255</R>
        <G>255</G>
        <B>255</B>
        <A>255</A>
      </ColorNormal>
      <ColorPressed>
        <R>255</R>
        <G>255</G>
        <B>255</B>
        <A>255</A>
      </ColorPressed>
      <ColorHighlit>
        <R>255</R>
        <G>255</G>
        <B>255</B>
        <A>255</A>
      </ColorHighlit>
      <ColorDisabled>
        <R>255</R>
        <G>255</G>
        <B>255</B>
        <A>255</A>
      </ColorDisabled>
    </Font>
    <Texture>
      <TextureName>buttons_01</TextureName>
      <Normal>
        <X>184</X>
        <Y>134</Y>
      </Normal>
      <Pressed>
        <X>163</X>
        <Y>134</Y>
      </Pressed>
      <NormalHighlit>
        <X>163</X>
        <Y>120</Y>
      </NormalHighlit>
      <PressedHighlit>
        <X>163</X>
        <Y>134</Y>
      </PressedHighlit>
      <Disabled>
        <X>184</X>
        <Y>134</Y>
      </Disabled>
    </Texture>
  </ButtonTemplate>

</Root_Element>
