<?xml version="1.0" encoding="ISO-8859-1"?>
<Root_Element ID="DAOCUi">

<!-- @@ Edited with the DAoC User Interface Editor v1.80 -->
<!-- @@ Free download available at http://www.bradtownsend.com/daoced -->

  <WindowTemplate>
    <Name>channel</Name>
    <WindowId>Channel</WindowId>
    <CloseButton>false</CloseButton>
    <MoveButton>false</MoveButton>
    <TopRightResizeButton>false</TopRightResizeButton>
    <BottomRightResizeButton>false</BottomRightResizeButton>
    <BottomLeftResizeButton>false</BottomLeftResizeButton>
    <ResizeButtonOffsetX>0</ResizeButtonOffsetX>
    <ResizeButtonOffsetY>0</ResizeButtonOffsetY>
    <TitleWidth>130</TitleWidth>
    <TitleHeight>10</TitleHeight>
    <Width>110</Width>
    <Height>226</Height>
    <ResizeableWidth>0</ResizeableWidth>
    <ResizeableHeight>0</ResizeableHeight>
    <ResizeableTwoWayWidth>0</ResizeableTwoWayWidth>
    <ResizeableTwoWayHeight>0</ResizeableTwoWayHeight>
    <MinWidth>0</MinWidth>
    <MinHeight>0</MinHeight>
    <ContextTemplateName></ContextTemplateName>

    <!--Background-->

    <FullResizeImageDef>
      <ControlId></ControlId>
      <Position>
        <X>0</X>
        <Y>0</Y>
      </Position>
      <Alignment>
        <TopLeft>true</TopLeft>
      </Alignment>
      <TemplateName>fresizeimage_dlg_bg</TemplateName>
      <Width>110</Width>
      <Height>226</Height>
    </FullResizeImageDef>

    <FullResizeImageDef>
      <ControlId></ControlId>
      <Position>
        <X>10</X>
        <Y>10</Y>
      </Position>
      <Alignment>
      </Alignment>
      <TemplateName>fresizeimage_dlg_interior</TemplateName>
      <Width>90</Width>
      <Height>206</Height>
    </FullResizeImageDef>

    <!--Command Buttons-->

    <HorizontalResizeButtonDef>
      <ControlId>1000</ControlId>
      <Position>
        <X>15</X>
        <Y>15</Y>
      </Position>
      <Alignment>
        <TopLeft>true</TopLeft>
      </Alignment>
      <TemplateName>hresizebutton_generic</TemplateName>
      <Label>/say</Label>
      <Width>80</Width>
      <onClickEvent></onClickEvent>
      <Labelalignment>
        <CenterVertically>true</CenterVertically>
      </Labelalignment>
      <LabelIndent>10</LabelIndent>
    </HorizontalResizeButtonDef>

    <HorizontalResizeButtonDef>
      <ControlId>1001</ControlId>
      <Position>
        <X>15</X>
        <Y>33</Y>
      </Position>
      <Alignment>
        <TopLeft>true</TopLeft>
      </Alignment>
      <TemplateName>hresizebutton_generic</TemplateName>
      <Label>/emote</Label>
      <Width>80</Width>
      <onClickEvent></onClickEvent>
      <Labelalignment>
        <CenterVertically>true</CenterVertically>
      </Labelalignment>
      <LabelIndent>10</LabelIndent>
    </HorizontalResizeButtonDef>

    <HorizontalResizeButtonDef>
      <ControlId>1002</ControlId>
      <Position>
        <X>15</X>
        <Y>51</Y>
      </Position>
      <Alignment>
        <TopLeft>true</TopLeft>
      </Alignment>
      <TemplateName>hresizebutton_generic</TemplateName>
      <Label>/broadcast</Label>
      <Width>80</Width>
      <onClickEvent></onClickEvent>
      <Labelalignment>
        <CenterVertically>true</CenterVertically>
      </Labelalignment>
      <LabelIndent>10</LabelIndent>
    </HorizontalResizeButtonDef>

    <HorizontalResizeButtonDef>
      <ControlId>1003</ControlId>
      <Position>
        <X>15</X>
        <Y>69</Y>
      </Position>
      <Alignment>
        <TopLeft>true</TopLeft>
      </Alignment>
      <TemplateName>hresizebutton_generic</TemplateName>
      <Label>/group</Label>
      <Width>80</Width>
      <onClickEvent></onClickEvent>
      <Labelalignment>
        <CenterVertically>true</CenterVertically>
      </Labelalignment>
      <LabelIndent>10</LabelIndent>
    </HorizontalResizeButtonDef>

    <HorizontalResizeButtonDef>
      <ControlId>1004</ControlId>
      <Position>
        <X>15</X>
        <Y>87</Y>
      </Position>
      <Alignment>
        <TopLeft>true</TopLeft>
      </Alignment>
      <TemplateName>hresizebutton_generic</TemplateName>
      <Label>/guild</Label>
      <Width>80</Width>
      <onClickEvent></onClickEvent>
      <Labelalignment>
        <CenterVertically>true</CenterVertically>
      </Labelalignment>
      <LabelIndent>10</LabelIndent>
    </HorizontalResizeButtonDef>

    <HorizontalResizeButtonDef>
      <ControlId>1005</ControlId>
      <Position>
        <X>15</X>
        <Y>105</Y>
      </Position>
      <Alignment>
        <TopLeft>true</TopLeft>
      </Alignment>
      <ToolTipID>158</ToolTipID>
      <TemplateName>hresizebutton_generic</TemplateName>
      <Label>/osend</Label>
      <Width>80</Width>
      <onClickEvent></onClickEvent>
      <Labelalignment>
        <CenterVertically>true</CenterVertically>
      </Labelalignment>
      <LabelIndent>10</LabelIndent>
    </HorizontalResizeButtonDef>

    <HorizontalResizeButtonDef>
      <ControlId>1006</ControlId>
      <Position>
        <X>15</X>
        <Y>123</Y>
      </Position>
      <Alignment>
        <TopLeft>true</TopLeft>
      </Alignment>
      <ToolTipID>159</ToolTipID>
      <TemplateName>hresizebutton_generic</TemplateName>
      <Label>/asend</Label>
      <Width>80</Width>
      <onClickEvent></onClickEvent>
      <Labelalignment>
        <CenterVertically>true</CenterVertically>
      </Labelalignment>
      <LabelIndent>10</LabelIndent>
    </HorizontalResizeButtonDef>

    <HorizontalResizeButtonDef>
      <ControlId>1007</ControlId>
      <Position>
        <X>15</X>
        <Y>141</Y>
      </Position>
      <Alignment>
        <TopLeft>true</TopLeft>
      </Alignment>
      <ToolTipID>160</ToolTipID>
      <TemplateName>hresizebutton_generic</TemplateName>
      <Label>/chat</Label>
      <Width>80</Width>
      <onClickEvent></onClickEvent>
      <Labelalignment>
        <CenterVertically>true</CenterVertically>
      </Labelalignment>
      <LabelIndent>10</LabelIndent>
    </HorizontalResizeButtonDef>

    <HorizontalResizeButtonDef>
      <ControlId>1008</ControlId>
      <Position>
        <X>15</X>
        <Y>159</Y>
      </Position>
      <Alignment>
        <TopLeft>true</TopLeft>
      </Alignment>
      <ToolTipID>161</ToolTipID>
      <TemplateName>hresizebutton_generic</TemplateName>
      <Label>/bchat</Label>
      <Width>80</Width>
      <onClickEvent></onClickEvent>
      <Labelalignment>
        <CenterVertically>true</CenterVertically>
      </Labelalignment>
      <LabelIndent>10</LabelIndent>
    </HorizontalResizeButtonDef>

    <HorizontalResizeButtonDef>
      <ControlId>1009</ControlId>
      <Position>
        <X>15</X>
        <Y>177</Y>
      </Position>
      <Alignment>
        <TopLeft>true</TopLeft>
      </Alignment>
      <ToolTipID>162</ToolTipID>
      <TemplateName>hresizebutton_generic</TemplateName>
      <Label>/send</Label>
      <Width>80</Width>
      <onClickEvent></onClickEvent>
      <Labelalignment>
        <CenterVertically>true</CenterVertically>
      </Labelalignment>
      <LabelIndent>10</LabelIndent>
    </HorizontalResizeButtonDef>

    <HorizontalResizeButtonDef>
      <ControlId>1010</ControlId>
      <Position>
        <X>15</X>
        <Y>195</Y>
      </Position>
      <Alignment>
        <TopLeft>true</TopLeft>
      </Alignment>
      <ToolTipID>163</ToolTipID>
      <TemplateName>hresizebutton_generic</TemplateName>
      <Label>/advice</Label>
      <Width>80</Width>
      <onClickEvent></onClickEvent>
      <Labelalignment>
        <CenterVertically>true</CenterVertically>
      </Labelalignment>
      <LabelIndent>10</LabelIndent>
    </HorizontalResizeButtonDef>

  </WindowTemplate>

</Root_Element>
