<?xml version="1.0" encoding="ISO-8859-1"?>
<Root_Element ID="DAOCUi">

<!-- @@ Edited with the DAoC User Interface Editor v1.79 -->
<!-- @@ Free download available at http://www.bradtownsend.com/daoced -->

 
  <!-- Templates -->

  <CheckBoxTemplate>
    <Name>CheckBox_Checkmark</Name>
    <Size>
      <X>18</X>
      <Y>18</Y>
    </Size>
    <Font>
      <Name></Name>
      <ColorNormal>
        <R>255</R>
        <G>255</G>
        <B>255</B>
        <A>255</A>
      </ColorNormal>
      <ColorPressed>
        <R>255</R>
        <G>255</G>
        <B>255</B>
        <A>255</A>
      </ColorPressed>
      <ColorHighlit>
        <R>255</R>
        <G>255</G>
        <B>255</B>
        <A>255</A>
      </ColorHighlit>
      <ColorDisabled>
        <R>255</R>
        <G>255</G>
        <B>255</B>
        <A>255</A>
      </ColorDisabled>
      <TextOffset>
        <X>0</X>
        <Y>0</Y>
      </TextOffset>
      <TextAlignment>
        <TopLeft>true</TopLeft>
      </TextAlignment>
      <ChangeFontColor>false</ChangeFontColor>
    </Font>
    <Texture>
      <TextureName>buttons_04</TextureName>
      <Normal>
        <X>97</X>
        <Y>159</Y>
      </Normal>
      <Pressed>
        <X>115</X>
        <Y>159</Y>
      </Pressed>
      <NormalHighlit>
        <X>97</X>
        <Y>141</Y>
      </NormalHighlit>
      <PressedHighlit>
        <X>115</X>
        <Y>141</Y>
      </PressedHighlit>
      <Disabled>
        <X>97</X>
        <Y>159</Y>
      </Disabled>
    </Texture>
  </CheckBoxTemplate>

  <ButtonTemplate>
    <Name>Button_Color</Name>
    <Size>
      <X>16</X>
      <Y>16</Y>
    </Size>
    <Font>
      <Name></Name>
      <ColorNormal>
        <R>255</R>
        <G>255</G>
        <B>255</B>
        <A>255</A>
      </ColorNormal>
      <ColorPressed>
        <R>255</R>
        <G>255</G>
        <B>255</B>
        <A>255</A>
      </ColorPressed>
      <ColorHighlit>
        <R>255</R>
        <G>255</G>
        <B>255</B>
        <A>255</A>
      </ColorHighlit>
      <ColorDisabled>
        <R>255</R>
        <G>255</G>
        <B>255</B>
        <A>255</A>
      </ColorDisabled>
    </Font>
    <Texture>
      <TextureName>buttons_04</TextureName>
      <Normal>
        <X>135</X>
        <Y>160</Y>
      </Normal>
      <Pressed>
        <X>135</X>
        <Y>160</Y>
      </Pressed>
      <NormalHighlit>
        <X>135</X>
        <Y>160</Y>
      </NormalHighlit>
      <PressedHighlit>
        <X>135</X>
        <Y>160</Y>
      </PressedHighlit>
      <Disabled>
        <X>135</X>
        <Y>160</Y>
      </Disabled>
    </Texture>
  </ButtonTemplate>

  <ButtonTemplate>
    <Name>Button_Color_Highlight</Name>
    <Size>
      <X>18</X>
      <Y>18</Y>
    </Size>
    <Font>
      <Name></Name>
      <ColorNormal>
        <R>255</R>
        <G>255</G>
        <B>255</B>
        <A>255</A>
      </ColorNormal>
      <ColorPressed>
        <R>255</R>
        <G>255</G>
        <B>255</B>
        <A>255</A>
      </ColorPressed>
      <ColorHighlit>
        <R>255</R>
        <G>255</G>
        <B>255</B>
        <A>255</A>
      </ColorHighlit>
      <ColorDisabled>
        <R>255</R>
        <G>255</G>
        <B>255</B>
        <A>255</A>
      </ColorDisabled>
    </Font>
    <Texture>
      <TextureName>buttons_04</TextureName>
      <Normal>
        <X>155</X>
        <Y>141</Y>
      </Normal>
      <Pressed>
        <X>155</X>
        <Y>141</Y>
      </Pressed>
      <NormalHighlit>
        <X>134</X>
        <Y>141</Y>
      </NormalHighlit>
      <PressedHighlit>
        <X>134</X>
        <Y>141</Y>
      </PressedHighlit>
      <Disabled>
        <X>155</X>
        <Y>141</Y>
      </Disabled>
    </Texture>
  </ButtonTemplate>

  
  <FullResizeImageTemplate>
    <Name>FResizeImage_MsgType_Selection</Name>
    <TopHeight>8</TopHeight>
    <MiddleHeight>8</MiddleHeight>
    <BottomHeight>8</BottomHeight>
    <LeftWidth>8</LeftWidth>
    <MiddleWidth>80</MiddleWidth>
    <RightWidth>8</RightWidth>
    <Texture>
      <TextureName>dialogimages_02</TextureName>
      <TopLeft>
        <X>317</X>
        <Y>137</Y>
      </TopLeft>
      <TopMiddle>
        <X>334</X>
        <Y>137</Y>
      </TopMiddle>
      <TopRight>
        <X>423</X>
        <Y>137</Y>
      </TopRight>
      <MiddleLeft>
        <X>317</X>
        <Y>145</Y>
      </MiddleLeft>
      <MiddleMiddle>
        <X>334</X>
        <Y>145</Y>
      </MiddleMiddle>
      <MiddleRight>
        <X>423</X>
        <Y>145</Y>
      </MiddleRight>
      <BottomLeft>
        <X>317</X>
        <Y>145</Y>
      </BottomLeft>
      <BottomMiddle>
        <X>334</X>
        <Y>145</Y>
      </BottomMiddle>
      <BottomRight>
        <X>423</X>
        <Y>145</Y>
      </BottomRight>
    </Texture>
  </FullResizeImageTemplate>

  <!-- Main Window  -->

  <WindowTemplate>
    <Name>chat_config</Name>
    <WindowId>ChatConfig</WindowId>
    <CloseButton>true</CloseButton>
    <MoveButton>true</MoveButton>
    <TopRightResizeButton>false</TopRightResizeButton>
    <BottomRightResizeButton>false</BottomRightResizeButton>
    <BottomLeftResizeButton>false</BottomLeftResizeButton>
    <ResizeButtonOffsetX>0</ResizeButtonOffsetX>
    <ResizeButtonOffsetY>0</ResizeButtonOffsetY>
    <TitleWidth>310</TitleWidth>
    <TitleHeight>27</TitleHeight>
    <Width>310</Width>
    <Height>430</Height>
    <ResizeableWidth>0</ResizeableWidth>
    <ResizeableHeight>0</ResizeableHeight>
    <ResizeableTwoWayWidth>0</ResizeableTwoWayWidth>
    <ResizeableTwoWayHeight>0</ResizeableTwoWayHeight>
    <MinWidth>310</MinWidth>
    <MinHeight>430</MinHeight>

    <!-- Background Image-->

    <FullResizeImageDef>
      <ControlId>Background</ControlId>
      <Position>
        <X>0</X>
        <Y>0</Y>
      </Position>
      <Alignment>
      </Alignment>
      <TemplateName>fresizeimage_dlg_bg</TemplateName>
      <Width>310</Width>
      <Height>430</Height>
    </FullResizeImageDef>

    <!-- Title -->

    <LabelDef>
      <ControlId></ControlId>
      <Position>
        <X>0</X>
        <Y>11</Y>
      </Position>
      <Alignment>
      </Alignment>
      <Color>
        <R>255</R>
        <G>192</G>
        <B>0</B>
        <A>255</A>
      </Color>
      <FontName>font_titles</FontName>
      <Width>310</Width>
      <Height>17</Height>
      <ColorAdapter></ColorAdapter>
      <MaxCharacters>25</MaxCharacters>
      <Data>Message Configuration</Data>
      <EndAligned>false</EndAligned>
      <TextCentered>true</TextCentered>
      <Adapter></Adapter>
    </LabelDef>

    <!--System Messages-->

    <HorizontalResizeImageDef>
      <ControlId></ControlId>
      <Position>
        <X>10</X>
        <Y>27</Y>
      </Position>
      <Alignment>
      </Alignment>
      <TemplateName>hresizeimage_listbox_row_bg</TemplateName>
      <Width>142</Width>
    </HorizontalResizeImageDef>

    <LabelDef>
      <ControlId></ControlId>
      <Position>
        <X>12</X>
        <Y>28</Y>
      </Position>
      <Alignment>
      </Alignment>
      <Color>
        <R>192</R>
        <G>192</G>
        <B>192</B>
        <A>255</A>
      </Color>
      <FontName>font_headings</FontName>
      <Width>142</Width>
      <Height>16</Height>
      <ColorAdapter></ColorAdapter>
      <MaxCharacters>25</MaxCharacters>
      <Data>System Messages</Data>
      <EndAligned>false</EndAligned>
      <TextCentered>false</TextCentered>
      <Adapter></Adapter>
    </LabelDef>

    <FullResizeImageDef>
      <ControlId></ControlId>
      <Position>
        <X>10</X>
        <Y>43</Y>
      </Position>
      <Alignment>
      </Alignment>
      <TemplateName>fresizeimage_dlg_interior</TemplateName>
      <Width>142</Width>
      <Height>285</Height>
    </FullResizeImageDef>

    <!--Chat Messages-->

    <HorizontalResizeImageDef>
      <ControlId></ControlId>
      <Position>
        <X>10</X>
        <Y>27</Y>
      </Position>
      <Alignment>
        <OffsetRight>true</OffsetRight>
      </Alignment>
      <TemplateName>hresizeimage_listbox_row_bg</TemplateName>
      <Width>142</Width>
    </HorizontalResizeImageDef>

    <LabelDef>
      <ControlId></ControlId>
      <Position>
        <X>8</X>
        <Y>28</Y>
      </Position>
      <Alignment>
        <OffsetRight>true</OffsetRight>
      </Alignment>
      <Color>
        <R>192</R>
        <G>192</G>
        <B>192</B>
        <A>255</A>
      </Color>
      <FontName>font_headings</FontName>
      <Width>142</Width>
      <Height>16</Height>
      <ColorAdapter></ColorAdapter>
      <MaxCharacters>25</MaxCharacters>
      <Data>Chat Messages</Data>
      <EndAligned>false</EndAligned>
      <TextCentered>false</TextCentered>
      <Adapter></Adapter>
    </LabelDef>

    <FullResizeImageDef>
      <ControlId></ControlId>
      <Position>
        <X>10</X>
        <Y>43</Y>
      </Position>
      <Alignment>
        <OffsetRight>true</OffsetRight>
      </Alignment>
      <TemplateName>fresizeimage_dlg_interior</TemplateName>
      <Width>142</Width>
      <Height>285</Height>
    </FullResizeImageDef>

    <!-- Color Picker -->

    <HorizontalResizeImageDef>
      <ControlId></ControlId>
      <Position>
        <X>10</X>
        <Y>333</Y>
      </Position>
      <Alignment>
      </Alignment>
      <TemplateName>hresizeimage_listbox_row_bg</TemplateName>
      <Width>290</Width>
    </HorizontalResizeImageDef>

    <LabelDef>
      <ControlId></ControlId>
      <Position>
        <X>12</X>
        <Y>334</Y>
      </Position>
      <Alignment>
      </Alignment>
      <Color>
        <R>192</R>
        <G>192</G>
        <B>192</B>
        <A>255</A>
      </Color>
      <FontName>font_headings</FontName>
      <Width>290</Width>
      <Height>16</Height>
      <ColorAdapter></ColorAdapter>
      <MaxCharacters>60</MaxCharacters>
      <Data>Pick color for selected message type above</Data>
      <EndAligned>false</EndAligned>
      <TextCentered>false</TextCentered>
      <Adapter></Adapter>
    </LabelDef>

    <FullResizeImageDef>
      <ControlId></ControlId>
      <Position>
        <X>10</X>
        <Y>349</Y>
      </Position>
      <Alignment>
      </Alignment>
      <TemplateName>fresizeimage_dlg_interior_small</TemplateName>
      <Width>290</Width>
      <Height>50</Height>
    </FullResizeImageDef>

    <!-- Selector control-->

    <FullResizeImageDef>
      <ControlId>2003</ControlId>
      <Position>
        <X>16</X>
        <Y>49</Y>
      </Position>
      <Alignment>
      </Alignment>
      <TemplateName>fresizeimage_msgtype_selection</TemplateName>
      <Width>130</Width>
      <Height>18</Height>
    </FullResizeImageDef>

    <!--System Msg Type controls (16 sets)-->

    <CheckBoxDef>
      <ControlId>1016</ControlId>
      <Position>
        <X>16</X>
        <Y>49</Y>
      </Position>
      <Alignment>
      </Alignment>
      <TemplateName>checkbox_checkmark</TemplateName>
      <AdapterName></AdapterName>
      <TextAdapterName></TextAdapterName>
      <Data></Data>
      <LabelWidth>100</LabelWidth>
      <OnClickEvent></OnClickEvent>
    </CheckBoxDef>

    <LabelDef>
      <ControlId>5016</ControlId>
      <Position>
        <X>38</X>
        <Y>50</Y>
      </Position>
      <Alignment>
        <TopLeft>true</TopLeft>
      </Alignment>
      <Color>
        <R>255</R>
        <G>255</G>
        <B>255</B>
        <A>255</A>
      </Color>
      <FontName>font_buttons</FontName>
      <Width>110</Width>
      <Height>16</Height>
      <ColorAdapter></ColorAdapter>
      <MaxCharacters>25</MaxCharacters>
      <Data>Spell</Data>
      <EndAligned>false</EndAligned>
      <TextCentered>false</TextCentered>
      <Adapter>none</Adapter>
    </LabelDef>

    <CheckBoxDef>
      <ControlId>1017</ControlId>
      <Position>
        <X>16</X>
        <Y>66</Y>
      </Position>
      <Alignment>
        <TopLeft>true</TopLeft>
      </Alignment>
      <TemplateName>checkbox_checkmark</TemplateName>
      <AdapterName></AdapterName>
      <TextAdapterName></TextAdapterName>
      <Data></Data>
      <LabelWidth>100</LabelWidth>
      <OnClickEvent></OnClickEvent>
    </CheckBoxDef>

    <LabelDef>
      <ControlId>5017</ControlId>
      <Position>
        <X>38</X>
        <Y>67</Y>
      </Position>
      <Alignment>
        <TopLeft>true</TopLeft>
      </Alignment>
      <Color>
        <R>255</R>
        <G>255</G>
        <B>255</B>
        <A>255</A>
      </Color>
      <FontName>font_buttons</FontName>
      <Width>110</Width>
      <Height>16</Height>
      <ColorAdapter></ColorAdapter>
      <MaxCharacters>25</MaxCharacters>
      <Data>You Hit</Data>
      <EndAligned>false</EndAligned>
      <TextCentered>false</TextCentered>
      <Adapter>none</Adapter>
    </LabelDef>

    <CheckBoxDef>
      <ControlId>1018</ControlId>
      <Position>
        <X>16</X>
        <Y>83</Y>
      </Position>
      <Alignment>
        <TopLeft>true</TopLeft>
      </Alignment>
      <TemplateName>checkbox_checkmark</TemplateName>
      <AdapterName></AdapterName>
      <TextAdapterName></TextAdapterName>
      <Data></Data>
      <LabelWidth>100</LabelWidth>
      <OnClickEvent></OnClickEvent>
    </CheckBoxDef>

    <LabelDef>
      <ControlId>5018</ControlId>
      <Position>
        <X>38</X>
        <Y>84</Y>
      </Position>
      <Alignment>
        <TopLeft>true</TopLeft>
      </Alignment>
      <Color>
        <R>255</R>
        <G>255</G>
        <B>255</B>
        <A>255</A>
      </Color>
      <FontName>font_buttons</FontName>
      <Width>110</Width>
      <Height>16</Height>
      <ColorAdapter></ColorAdapter>
      <MaxCharacters>25</MaxCharacters>
      <Data>System</Data>
      <EndAligned>false</EndAligned>
      <TextCentered>false</TextCentered>
      <Adapter>none</Adapter>
    </LabelDef>

    <CheckBoxDef>
      <ControlId>1019</ControlId>
      <Position>
        <X>16</X>
        <Y>100</Y>
      </Position>
      <Alignment>
        <TopLeft>true</TopLeft>
      </Alignment>
      <TemplateName>checkbox_checkmark</TemplateName>
      <AdapterName></AdapterName>
      <TextAdapterName></TextAdapterName>
      <Data></Data>
      <LabelWidth>100</LabelWidth>
      <OnClickEvent></OnClickEvent>
    </CheckBoxDef>

    <LabelDef>
      <ControlId>5019</ControlId>
      <Position>
        <X>38</X>
        <Y>101</Y>
      </Position>
      <Alignment>
        <TopLeft>true</TopLeft>
      </Alignment>
      <Color>
        <R>255</R>
        <G>255</G>
        <B>255</B>
        <A>255</A>
      </Color>
      <FontName>font_buttons</FontName>
      <Width>110</Width>
      <Height>16</Height>
      <ColorAdapter></ColorAdapter>
      <MaxCharacters>25</MaxCharacters>
      <Data>Items</Data>
      <EndAligned>false</EndAligned>
      <TextCentered>false</TextCentered>
      <Adapter>none</Adapter>
    </LabelDef>

    <CheckBoxDef>
      <ControlId>1020</ControlId>
      <Position>
        <X>16</X>
        <Y>117</Y>
      </Position>
      <Alignment>
        <TopLeft>true</TopLeft>
      </Alignment>
      <TemplateName>checkbox_checkmark</TemplateName>
      <AdapterName></AdapterName>
      <TextAdapterName></TextAdapterName>
      <Data></Data>
      <LabelWidth>100</LabelWidth>
      <OnClickEvent></OnClickEvent>
    </CheckBoxDef>

    <LabelDef>
      <ControlId>5020</ControlId>
      <Position>
        <X>38</X>
        <Y>118</Y>
      </Position>
      <Alignment>
        <TopLeft>true</TopLeft>
      </Alignment>
      <Color>
        <R>255</R>
        <G>255</G>
        <B>255</B>
        <A>255</A>
      </Color>
      <FontName>font_buttons</FontName>
      <Width>110</Width>
      <Height>16</Height>
      <ColorAdapter></ColorAdapter>
      <MaxCharacters>25</MaxCharacters>
      <Data>Merchant</Data>
      <EndAligned>false</EndAligned>
      <TextCentered>false</TextCentered>
      <Adapter>none</Adapter>
    </LabelDef>

    <CheckBoxDef>
      <ControlId>1021</ControlId>
      <Position>
        <X>16</X>
        <Y>134</Y>
      </Position>
      <Alignment>
        <TopLeft>true</TopLeft>
      </Alignment>
      <TemplateName>checkbox_checkmark</TemplateName>
      <AdapterName></AdapterName>
      <TextAdapterName></TextAdapterName>
      <Data></Data>
      <LabelWidth>100</LabelWidth>
      <OnClickEvent></OnClickEvent>
    </CheckBoxDef>

    <LabelDef>
      <ControlId>5021</ControlId>
      <Position>
        <X>38</X>
        <Y>135</Y>
      </Position>
      <Alignment>
        <TopLeft>true</TopLeft>
      </Alignment>
      <Color>
        <R>255</R>
        <G>255</G>
        <B>255</B>
        <A>255</A>
      </Color>
      <FontName>font_buttons</FontName>
      <Width>110</Width>
      <Height>16</Height>
      <ColorAdapter></ColorAdapter>
      <MaxCharacters>25</MaxCharacters>
      <Data>Your Death</Data>
      <EndAligned>false</EndAligned>
      <TextCentered>false</TextCentered>
      <Adapter>none</Adapter>
    </LabelDef>

    <CheckBoxDef>
      <ControlId>1022</ControlId>
      <Position>
        <X>16</X>
        <Y>151</Y>
      </Position>
      <Alignment>
        <TopLeft>true</TopLeft>
      </Alignment>
      <TemplateName>checkbox_checkmark</TemplateName>
      <AdapterName></AdapterName>
      <TextAdapterName></TextAdapterName>
      <Data></Data>
      <LabelWidth>100</LabelWidth>
      <OnClickEvent></OnClickEvent>
    </CheckBoxDef>

    <LabelDef>
      <ControlId>5022</ControlId>
      <Position>
        <X>38</X>
        <Y>152</Y>
      </Position>
      <Alignment>
        <TopLeft>true</TopLeft>
      </Alignment>
      <Color>
        <R>255</R>
        <G>255</G>
        <B>255</B>
        <A>255</A>
      </Color>
      <FontName>font_buttons</FontName>
      <Width>110</Width>
      <Height>16</Height>
      <ColorAdapter></ColorAdapter>
      <MaxCharacters>25</MaxCharacters>
      <Data>Others' Death</Data>
      <EndAligned>false</EndAligned>
      <TextCentered>false</TextCentered>
      <Adapter>none</Adapter>
    </LabelDef>

    <CheckBoxDef>
      <ControlId>1023</ControlId>
      <Position>
        <X>16</X>
        <Y>168</Y>
      </Position>
      <Alignment>
        <TopLeft>true</TopLeft>
      </Alignment>
      <TemplateName>checkbox_checkmark</TemplateName>
      <AdapterName></AdapterName>
      <TextAdapterName></TextAdapterName>
      <Data></Data>
      <LabelWidth>100</LabelWidth>
      <OnClickEvent></OnClickEvent>
    </CheckBoxDef>

    <LabelDef>
      <ControlId>5023</ControlId>
      <Position>
        <X>38</X>
        <Y>169</Y>
      </Position>
      <Alignment>
        <TopLeft>true</TopLeft>
      </Alignment>
      <Color>
        <R>255</R>
        <G>255</G>
        <B>255</B>
        <A>255</A>
      </Color>
      <FontName>font_buttons</FontName>
      <Width>110</Width>
      <Height>16</Height>
      <ColorAdapter></ColorAdapter>
      <MaxCharacters>25</MaxCharacters>
      <Data>Others' Combat</Data>
      <EndAligned>false</EndAligned>
      <TextCentered>false</TextCentered>
      <Adapter>none</Adapter>
    </LabelDef>

    <CheckBoxDef>
      <ControlId>1024</ControlId>
      <Position>
        <X>16</X>
        <Y>185</Y>
      </Position>
      <Alignment>
        <TopLeft>true</TopLeft>
      </Alignment>
      <TemplateName>checkbox_checkmark</TemplateName>
      <AdapterName></AdapterName>
      <TextAdapterName></TextAdapterName>
      <Data></Data>
      <LabelWidth>100</LabelWidth>
      <OnClickEvent></OnClickEvent>
    </CheckBoxDef>

    <LabelDef>
      <ControlId>5024</ControlId>
      <Position>
        <X>38</X>
        <Y>186</Y>
      </Position>
      <Alignment>
        <TopLeft>true</TopLeft>
      </Alignment>
      <Color>
        <R>255</R>
        <G>255</G>
        <B>255</B>
        <A>255</A>
      </Color>
      <FontName>font_buttons</FontName>
      <Width>110</Width>
      <Height>16</Height>
      <ColorAdapter></ColorAdapter>
      <MaxCharacters>25</MaxCharacters>
      <Data>Resists Changed</Data>
      <EndAligned>false</EndAligned>
      <TextCentered>false</TextCentered>
      <Adapter>none</Adapter>
    </LabelDef>

    <CheckBoxDef>
      <ControlId>1025</ControlId>
      <Position>
        <X>16</X>
        <Y>202</Y>
      </Position>
      <Alignment>
        <TopLeft>true</TopLeft>
      </Alignment>
      <TemplateName>checkbox_checkmark</TemplateName>
      <AdapterName></AdapterName>
      <TextAdapterName></TextAdapterName>
      <Data></Data>
      <LabelWidth>100</LabelWidth>
      <OnClickEvent></OnClickEvent>
    </CheckBoxDef>

    <LabelDef>
      <ControlId>5025</ControlId>
      <Position>
        <X>38</X>
        <Y>203</Y>
      </Position>
      <Alignment>
        <TopLeft>true</TopLeft>
      </Alignment>
      <Color>
        <R>255</R>
        <G>255</G>
        <B>255</B>
        <A>255</A>
      </Color>
      <FontName>font_buttons</FontName>
      <Width>110</Width>
      <Height>16</Height>
      <ColorAdapter></ColorAdapter>
      <MaxCharacters>25</MaxCharacters>
      <Data>Spell Expires</Data>
      <EndAligned>false</EndAligned>
      <TextCentered>false</TextCentered>
      <Adapter>none</Adapter>
    </LabelDef>

    <CheckBoxDef>
      <ControlId>1026</ControlId>
      <Position>
        <X>16</X>
        <Y>219</Y>
      </Position>
      <Alignment>
        <TopLeft>true</TopLeft>
      </Alignment>
      <TemplateName>checkbox_checkmark</TemplateName>
      <AdapterName></AdapterName>
      <TextAdapterName></TextAdapterName>
      <Data></Data>
      <LabelWidth>100</LabelWidth>
      <OnClickEvent></OnClickEvent>
    </CheckBoxDef>

    <LabelDef>
      <ControlId>5026</ControlId>
      <Position>
        <X>38</X>
        <Y>220</Y>
      </Position>
      <Alignment>
        <TopLeft>true</TopLeft>
      </Alignment>
      <Color>
        <R>255</R>
        <G>255</G>
        <B>255</B>
        <A>255</A>
      </Color>
      <FontName>font_buttons</FontName>
      <Width>110</Width>
      <Height>16</Height>
      <ColorAdapter></ColorAdapter>
      <MaxCharacters>25</MaxCharacters>
      <Data>Loot</Data>
      <EndAligned>false</EndAligned>
      <TextCentered>false</TextCentered>
      <Adapter>none</Adapter>
    </LabelDef>

    <CheckBoxDef>
      <ControlId>1027</ControlId>
      <Position>
        <X>16</X>
        <Y>236</Y>
      </Position>
      <Alignment>
        <TopLeft>true</TopLeft>
      </Alignment>
      <TemplateName>checkbox_checkmark</TemplateName>
      <AdapterName></AdapterName>
      <TextAdapterName></TextAdapterName>
      <Data></Data>
      <LabelWidth>100</LabelWidth>
      <OnClickEvent></OnClickEvent>
    </CheckBoxDef>

    <LabelDef>
      <ControlId>5027</ControlId>
      <Position>
        <X>38</X>
        <Y>237</Y>
      </Position>
      <Alignment>
        <TopLeft>true</TopLeft>
      </Alignment>
      <Color>
        <R>255</R>
        <G>255</G>
        <B>255</B>
        <A>255</A>
      </Color>
      <FontName>font_buttons</FontName>
      <Width>110</Width>
      <Height>16</Height>
      <ColorAdapter></ColorAdapter>
      <MaxCharacters>25</MaxCharacters>
      <Data>Spell Resisted</Data>
      <EndAligned>false</EndAligned>
      <TextCentered>false</TextCentered>
      <Adapter>none</Adapter>
    </LabelDef>

    <CheckBoxDef>
      <ControlId>1028</ControlId>
      <Position>
        <X>16</X>
        <Y>253</Y>
      </Position>
      <Alignment>
        <TopLeft>true</TopLeft>
      </Alignment>
      <TemplateName>checkbox_checkmark</TemplateName>
      <AdapterName></AdapterName>
      <TextAdapterName></TextAdapterName>
      <Data></Data>
      <LabelWidth>100</LabelWidth>
      <OnClickEvent></OnClickEvent>
    </CheckBoxDef>

    <LabelDef>
      <ControlId>5028</ControlId>
      <Position>
        <X>38</X>
        <Y>254</Y>
      </Position>
      <Alignment>
        <TopLeft>true</TopLeft>
      </Alignment>
      <Color>
        <R>255</R>
        <G>255</G>
        <B>255</B>
        <A>255</A>
      </Color>
      <FontName>font_buttons</FontName>
      <Width>110</Width>
      <Height>16</Height>
      <ColorAdapter></ColorAdapter>
      <MaxCharacters>25</MaxCharacters>
      <Data>Important</Data>
      <EndAligned>false</EndAligned>
      <TextCentered>false</TextCentered>
      <Adapter>none</Adapter>
    </LabelDef>

    <CheckBoxDef>
      <ControlId>1029</ControlId>
      <Position>
        <X>16</X>
        <Y>270</Y>
      </Position>
      <Alignment>
        <TopLeft>true</TopLeft>
      </Alignment>
      <TemplateName>checkbox_checkmark</TemplateName>
      <AdapterName></AdapterName>
      <TextAdapterName></TextAdapterName>
      <Data></Data>
      <LabelWidth>100</LabelWidth>
      <OnClickEvent></OnClickEvent>
    </CheckBoxDef>

    <LabelDef>
      <ControlId>5029</ControlId>
      <Position>
        <X>38</X>
        <Y>271</Y>
      </Position>
      <Alignment>
        <TopLeft>true</TopLeft>
      </Alignment>
      <Color>
        <R>255</R>
        <G>255</G>
        <B>255</B>
        <A>255</A>
      </Color>
      <FontName>font_buttons</FontName>
      <Width>110</Width>
      <Height>16</Height>
      <ColorAdapter></ColorAdapter>
      <MaxCharacters>25</MaxCharacters>
      <Data>Damaged</Data>
      <EndAligned>false</EndAligned>
      <TextCentered>false</TextCentered>
      <Adapter>none</Adapter>
    </LabelDef>

    <CheckBoxDef>
      <ControlId>1030</ControlId>
      <Position>
        <X>16</X>
        <Y>287</Y>
      </Position>
      <Alignment>
        <TopLeft>true</TopLeft>
      </Alignment>
      <TemplateName>checkbox_checkmark</TemplateName>
      <AdapterName></AdapterName>
      <TextAdapterName></TextAdapterName>
      <Data></Data>
      <LabelWidth>100</LabelWidth>
      <OnClickEvent></OnClickEvent>
    </CheckBoxDef>

    <LabelDef>
      <ControlId>5030</ControlId>
      <Position>
        <X>38</X>
        <Y>288</Y>
      </Position>
      <Alignment>
        <TopLeft>true</TopLeft>
      </Alignment>
      <Color>
        <R>255</R>
        <G>255</G>
        <B>255</B>
        <A>255</A>
      </Color>
      <FontName>font_buttons</FontName>
      <Width>110</Width>
      <Height>16</Height>
      <ColorAdapter></ColorAdapter>
      <MaxCharacters>25</MaxCharacters>
      <Data>Action</Data>
      <EndAligned>false</EndAligned>
      <TextCentered>false</TextCentered>
      <Adapter>none</Adapter>
    </LabelDef>

    <CheckBoxDef>
      <ControlId>1031</ControlId>
      <Position>
        <X>16</X>
        <Y>304</Y>
      </Position>
      <Alignment>
        <TopLeft>true</TopLeft>
      </Alignment>
      <TemplateName>checkbox_checkmark</TemplateName>
      <AdapterName></AdapterName>
      <TextAdapterName></TextAdapterName>
      <Data></Data>
      <LabelWidth>100</LabelWidth>
      <OnClickEvent></OnClickEvent>
    </CheckBoxDef>

    <LabelDef>
      <ControlId>5031</ControlId>
      <Position>
        <X>38</X>
        <Y>305</Y>
      </Position>
      <Alignment>
        <TopLeft>true</TopLeft>
      </Alignment>
      <Color>
        <R>255</R>
        <G>255</G>
        <B>255</B>
        <A>255</A>
      </Color>
      <FontName>font_buttons</FontName>
      <Width>110</Width>
      <Height>16</Height>
      <ColorAdapter></ColorAdapter>
      <MaxCharacters>25</MaxCharacters>
      <Data>Spell Pulse</Data>
      <EndAligned>false</EndAligned>
      <TextCentered>false</TextCentered>
      <Adapter>none</Adapter>
    </LabelDef>

    <!--Chat Msg Type controls (13 sets)-->

    <CheckBoxDef>
      <ControlId>1001</ControlId>
      <Position>
        <X>164</X>
        <Y>49</Y>
      </Position>
      <Alignment>
        <TopLeft>true</TopLeft>
      </Alignment>
      <TemplateName>checkbox_checkmark</TemplateName>
      <AdapterName></AdapterName>
      <TextAdapterName></TextAdapterName>
      <Data></Data>
      <LabelWidth>100</LabelWidth>
      <OnClickEvent></OnClickEvent>
    </CheckBoxDef>

    <LabelDef>
      <ControlId>5001</ControlId>
      <Position>
        <X>186</X>
        <Y>50</Y>
      </Position>
      <Alignment>
        <TopLeft>true</TopLeft>
      </Alignment>
      <Color>
        <R>255</R>
        <G>255</G>
        <B>255</B>
        <A>255</A>
      </Color>
      <FontName>font_buttons</FontName>
      <Width>110</Width>
      <Height>16</Height>
      <ColorAdapter></ColorAdapter>
      <MaxCharacters>25</MaxCharacters>
      <Data>Say</Data>
      <EndAligned>false</EndAligned>
      <TextCentered>false</TextCentered>
      <Adapter>none</Adapter>
    </LabelDef>

    <CheckBoxDef>
      <ControlId>1002</ControlId>
      <Position>
        <X>164</X>
        <Y>66</Y>
      </Position>
      <Alignment>
        <TopLeft>true</TopLeft>
      </Alignment>
      <TemplateName>checkbox_checkmark</TemplateName>
      <AdapterName></AdapterName>
      <TextAdapterName></TextAdapterName>
      <Data></Data>
      <LabelWidth>100</LabelWidth>
      <OnClickEvent></OnClickEvent>
    </CheckBoxDef>

    <LabelDef>
      <ControlId>5002</ControlId>
      <Position>
        <X>186</X>
        <Y>67</Y>
      </Position>
      <Alignment>
        <TopLeft>true</TopLeft>
      </Alignment>
      <Color>
        <R>255</R>
        <G>255</G>
        <B>255</B>
        <A>255</A>
      </Color>
      <FontName>font_buttons</FontName>
      <Width>110</Width>
      <Height>16</Height>
      <ColorAdapter></ColorAdapter>
      <MaxCharacters>25</MaxCharacters>
      <Data>Send</Data>
      <EndAligned>false</EndAligned>
      <TextCentered>false</TextCentered>
      <Adapter>none</Adapter>
    </LabelDef>

    <CheckBoxDef>
      <ControlId>1003</ControlId>
      <Position>
        <X>164</X>
        <Y>83</Y>
      </Position>
      <Alignment>
        <TopLeft>true</TopLeft>
      </Alignment>
      <TemplateName>checkbox_checkmark</TemplateName>
      <AdapterName></AdapterName>
      <TextAdapterName></TextAdapterName>
      <Data></Data>
      <LabelWidth>100</LabelWidth>
      <OnClickEvent></OnClickEvent>
    </CheckBoxDef>

    <LabelDef>
      <ControlId>5003</ControlId>
      <Position>
        <X>186</X>
        <Y>84</Y>
      </Position>
      <Alignment>
        <TopLeft>true</TopLeft>
      </Alignment>
      <Color>
        <R>255</R>
        <G>255</G>
        <B>255</B>
        <A>255</A>
      </Color>
      <FontName>font_buttons</FontName>
      <Width>110</Width>
      <Height>16</Height>
      <ColorAdapter></ColorAdapter>
      <MaxCharacters>25</MaxCharacters>
      <Data>Group</Data>
      <EndAligned>false</EndAligned>
      <TextCentered>false</TextCentered>
      <Adapter>none</Adapter>
    </LabelDef>

    <CheckBoxDef>
      <ControlId>1004</ControlId>
      <Position>
        <X>164</X>
        <Y>100</Y>
      </Position>
      <Alignment>
        <TopLeft>true</TopLeft>
      </Alignment>
      <TemplateName>checkbox_checkmark</TemplateName>
      <AdapterName></AdapterName>
      <TextAdapterName></TextAdapterName>
      <Data></Data>
      <LabelWidth>100</LabelWidth>
      <OnClickEvent></OnClickEvent>
    </CheckBoxDef>

    <LabelDef>
      <ControlId>5004</ControlId>
      <Position>
        <X>186</X>
        <Y>101</Y>
      </Position>
      <Alignment>
        <TopLeft>true</TopLeft>
      </Alignment>
      <Color>
        <R>255</R>
        <G>255</G>
        <B>255</B>
        <A>255</A>
      </Color>
      <FontName>font_buttons</FontName>
      <Width>110</Width>
      <Height>16</Height>
      <ColorAdapter></ColorAdapter>
      <MaxCharacters>25</MaxCharacters>
      <Data>Guild</Data>
      <EndAligned>false</EndAligned>
      <TextCentered>false</TextCentered>
      <Adapter>none</Adapter>
    </LabelDef>

    <CheckBoxDef>
      <ControlId>1005</ControlId>
      <Position>
        <X>164</X>
        <Y>117</Y>
      </Position>
      <Alignment>
        <TopLeft>true</TopLeft>
      </Alignment>
      <TemplateName>checkbox_checkmark</TemplateName>
      <AdapterName></AdapterName>
      <TextAdapterName></TextAdapterName>
      <Data></Data>
      <LabelWidth>100</LabelWidth>
      <OnClickEvent></OnClickEvent>
    </CheckBoxDef>

    <LabelDef>
      <ControlId>5005</ControlId>
      <Position>
        <X>186</X>
        <Y>118</Y>
      </Position>
      <Alignment>
        <TopLeft>true</TopLeft>
      </Alignment>
      <Color>
        <R>255</R>
        <G>255</G>
        <B>255</B>
        <A>255</A>
      </Color>
      <FontName>font_buttons</FontName>
      <Width>110</Width>
      <Height>16</Height>
      <ColorAdapter></ColorAdapter>
      <MaxCharacters>25</MaxCharacters>
      <Data>Broadcast</Data>
      <EndAligned>false</EndAligned>
      <TextCentered>false</TextCentered>
      <Adapter>none</Adapter>
    </LabelDef>

    <CheckBoxDef>
      <ControlId>1006</ControlId>
      <Position>
        <X>164</X>
        <Y>134</Y>
      </Position>
      <Alignment>
        <TopLeft>true</TopLeft>
      </Alignment>
      <TemplateName>checkbox_checkmark</TemplateName>
      <AdapterName></AdapterName>
      <TextAdapterName></TextAdapterName>
      <Data></Data>
      <LabelWidth>100</LabelWidth>
      <OnClickEvent></OnClickEvent>
    </CheckBoxDef>

    <LabelDef>
      <ControlId>5006</ControlId>
      <Position>
        <X>186</X>
        <Y>135</Y>
      </Position>
      <Alignment>
        <TopLeft>true</TopLeft>
      </Alignment>
      <Color>
        <R>255</R>
        <G>255</G>
        <B>255</B>
        <A>255</A>
      </Color>
      <FontName>font_buttons</FontName>
      <Width>110</Width>
      <Height>16</Height>
      <ColorAdapter></ColorAdapter>
      <MaxCharacters>25</MaxCharacters>
      <Data>Emote</Data>
      <EndAligned>false</EndAligned>
      <TextCentered>false</TextCentered>
      <Adapter>none</Adapter>
    </LabelDef>

    <CheckBoxDef>
      <ControlId>1007</ControlId>
      <Position>
        <X>164</X>
        <Y>151</Y>
      </Position>
      <Alignment>
        <TopLeft>true</TopLeft>
      </Alignment>
      <TemplateName>checkbox_checkmark</TemplateName>
      <AdapterName></AdapterName>
      <TextAdapterName></TextAdapterName>
      <Data></Data>
      <LabelWidth>100</LabelWidth>
      <OnClickEvent></OnClickEvent>
    </CheckBoxDef>

    <LabelDef>
      <ControlId>5007</ControlId>
      <Position>
        <X>186</X>
        <Y>152</Y>
      </Position>
      <Alignment>
        <TopLeft>true</TopLeft>
      </Alignment>
      <Color>
        <R>255</R>
        <G>255</G>
        <B>255</B>
        <A>255</A>
      </Color>
      <FontName>font_buttons</FontName>
      <Width>110</Width>
      <Height>16</Height>
      <ColorAdapter></ColorAdapter>
      <MaxCharacters>25</MaxCharacters>
      <Data>Help</Data>
      <EndAligned>false</EndAligned>
      <TextCentered>false</TextCentered>
      <Adapter>none</Adapter>
    </LabelDef>

    <CheckBoxDef>
      <ControlId>1008</ControlId>
      <Position>
        <X>164</X>
        <Y>168</Y>
      </Position>
      <Alignment>
        <TopLeft>true</TopLeft>
      </Alignment>
      <TemplateName>checkbox_checkmark</TemplateName>
      <AdapterName></AdapterName>
      <TextAdapterName></TextAdapterName>
      <Data></Data>
      <LabelWidth>100</LabelWidth>
      <OnClickEvent></OnClickEvent>
    </CheckBoxDef>

    <LabelDef>
      <ControlId>5008</ControlId>
      <Position>
        <X>186</X>
        <Y>169</Y>
      </Position>
      <Alignment>
        <TopLeft>true</TopLeft>
      </Alignment>
      <Color>
        <R>255</R>
        <G>255</G>
        <B>255</B>
        <A>255</A>
      </Color>
      <FontName>font_buttons</FontName>
      <Width>110</Width>
      <Height>16</Height>
      <ColorAdapter></ColorAdapter>
      <MaxCharacters>25</MaxCharacters>
      <Data>Chat</Data>
      <EndAligned>false</EndAligned>
      <TextCentered>false</TextCentered>
      <Adapter>none</Adapter>
    </LabelDef>

    <CheckBoxDef>
      <ControlId>1009</ControlId>
      <Position>
        <X>164</X>
        <Y>185</Y>
      </Position>
      <Alignment>
        <TopLeft>true</TopLeft>
      </Alignment>
      <TemplateName>checkbox_checkmark</TemplateName>
      <AdapterName></AdapterName>
      <TextAdapterName></TextAdapterName>
      <Data></Data>
      <LabelWidth>100</LabelWidth>
      <OnClickEvent></OnClickEvent>
    </CheckBoxDef>

    <LabelDef>
      <ControlId>5009</ControlId>
      <Position>
        <X>186</X>
        <Y>186</Y>
      </Position>
      <Alignment>
        <TopLeft>true</TopLeft>
      </Alignment>
      <Color>
        <R>255</R>
        <G>255</G>
        <B>255</B>
        <A>255</A>
      </Color>
      <FontName>font_buttons</FontName>
      <Width>110</Width>
      <Height>16</Height>
      <ColorAdapter></ColorAdapter>
      <MaxCharacters>25</MaxCharacters>
      <Data>Advice</Data>
      <EndAligned>false</EndAligned>
      <TextCentered>false</TextCentered>
      <Adapter>none</Adapter>
    </LabelDef>

    <CheckBoxDef>
      <ControlId>1010</ControlId>
      <Position>
        <X>164</X>
        <Y>202</Y>
      </Position>
      <Alignment>
        <TopLeft>true</TopLeft>
      </Alignment>
      <TemplateName>checkbox_checkmark</TemplateName>
      <AdapterName></AdapterName>
      <TextAdapterName></TextAdapterName>
      <Data></Data>
      <LabelWidth>100</LabelWidth>
      <OnClickEvent></OnClickEvent>
    </CheckBoxDef>

    <LabelDef>
      <ControlId>5010</ControlId>
      <Position>
        <X>186</X>
        <Y>203</Y>
      </Position>
      <Alignment>
        <TopLeft>true</TopLeft>
      </Alignment>
      <Color>
        <R>255</R>
        <G>255</G>
        <B>255</B>
        <A>255</A>
      </Color>
      <FontName>font_buttons</FontName>
      <Width>110</Width>
      <Height>16</Height>
      <ColorAdapter></ColorAdapter>
      <MaxCharacters>25</MaxCharacters>
      <Data>Officer</Data>
      <EndAligned>false</EndAligned>
      <TextCentered>false</TextCentered>
      <Adapter>none</Adapter>
    </LabelDef>

    <CheckBoxDef>
      <ControlId>1011</ControlId>
      <Position>
        <X>164</X>
        <Y>219</Y>
      </Position>
      <Alignment>
        <TopLeft>true</TopLeft>
      </Alignment>
      <TemplateName>checkbox_checkmark</TemplateName>
      <AdapterName></AdapterName>
      <TextAdapterName></TextAdapterName>
      <Data></Data>
      <LabelWidth>100</LabelWidth>
      <OnClickEvent></OnClickEvent>
    </CheckBoxDef>

    <LabelDef>
      <ControlId>5011</ControlId>
      <Position>
        <X>186</X>
        <Y>220</Y>
      </Position>
      <Alignment>
        <TopLeft>true</TopLeft>
      </Alignment>
      <Color>
        <R>255</R>
        <G>255</G>
        <B>255</B>
        <A>255</A>
      </Color>
      <FontName>font_buttons</FontName>
      <Width>110</Width>
      <Height>16</Height>
      <ColorAdapter></ColorAdapter>
      <MaxCharacters>25</MaxCharacters>
      <Data>Alliance</Data>
      <EndAligned>false</EndAligned>
      <TextCentered>false</TextCentered>
      <Adapter>none</Adapter>
    </LabelDef>

    <CheckBoxDef>
      <ControlId>1012</ControlId>
      <Position>
        <X>164</X>
        <Y>236</Y>
      </Position>
      <Alignment>
        <TopLeft>true</TopLeft>
      </Alignment>
      <TemplateName>checkbox_checkmark</TemplateName>
      <AdapterName></AdapterName>
      <TextAdapterName></TextAdapterName>
      <Data></Data>
      <LabelWidth>100</LabelWidth>
      <OnClickEvent></OnClickEvent>
    </CheckBoxDef>

    <LabelDef>
      <ControlId>5012</ControlId>
      <Position>
        <X>186</X>
        <Y>237</Y>
      </Position>
      <Alignment>
        <TopLeft>true</TopLeft>
      </Alignment>
      <Color>
        <R>255</R>
        <G>255</G>
        <B>255</B>
        <A>255</A>
      </Color>
      <FontName>font_buttons</FontName>
      <Width>110</Width>
      <Height>16</Height>
      <ColorAdapter></ColorAdapter>
      <MaxCharacters>25</MaxCharacters>
      <Data>Battle Group</Data>
      <EndAligned>false</EndAligned>
      <TextCentered>false</TextCentered>
      <Adapter>none</Adapter>
    </LabelDef>

    <CheckBoxDef>
      <ControlId>1013</ControlId>
      <Position>
        <X>164</X>
        <Y>253</Y>
      </Position>
      <Alignment>
        <TopLeft>true</TopLeft>
      </Alignment>
      <TemplateName>checkbox_checkmark</TemplateName>
      <AdapterName></AdapterName>
      <TextAdapterName></TextAdapterName>
      <Data></Data>
      <LabelWidth>100</LabelWidth>
      <OnClickEvent></OnClickEvent>
    </CheckBoxDef>

    <LabelDef>
      <ControlId>5013</ControlId>
      <Position>
        <X>186</X>
        <Y>254</Y>
      </Position>
      <Alignment>
        <TopLeft>true</TopLeft>
      </Alignment>
      <Color>
        <R>255</R>
        <G>255</G>
        <B>255</B>
        <A>255</A>
      </Color>
      <FontName>font_buttons</FontName>
      <Width>110</Width>
      <Height>16</Height>
      <ColorAdapter></ColorAdapter>
      <MaxCharacters>25</MaxCharacters>
      <Data>Battle Group Ldr</Data>
      <EndAligned>false</EndAligned>
      <TextCentered>false</TextCentered>
      <Adapter>none</Adapter>
    </LabelDef>

    newstuff here
    
    <CheckBoxDef>
      <ControlId>1014</ControlId>
      <Position>
        <X>164</X>
        <Y>270</Y>
      </Position>
      <Alignment>
        <TopLeft>true</TopLeft>
      </Alignment>
      <TemplateName>checkbox_checkmark</TemplateName>
      <AdapterName></AdapterName>
      <TextAdapterName></TextAdapterName>
      <Data></Data>
      <LabelWidth>100</LabelWidth>
      <OnClickEvent></OnClickEvent>
    </CheckBoxDef>

    <LabelDef>
      <ControlId>5014</ControlId>
      <Position>
        <X>186</X>
        <Y>271</Y>
      </Position>
      <Alignment>
        <TopLeft>true</TopLeft>
      </Alignment>
      <Color>
        <R>255</R>
        <G>255</G>
        <B>255</B>
        <A>255</A>
      </Color>
      <FontName>font_buttons</FontName>
      <Width>110</Width>
      <Height>16</Height>
      <ColorAdapter></ColorAdapter>
      <MaxCharacters>25</MaxCharacters>
      <Data>Looking For Group</Data>
      <EndAligned>false</EndAligned>
      <TextCentered>false</TextCentered>
      <Adapter>none</Adapter>
    </LabelDef>
    
    <CheckBoxDef>
      <ControlId>1015</ControlId>
      <Position>
        <X>164</X>
        <Y>287</Y>
      </Position>
      <Alignment>
        <TopLeft>true</TopLeft>
      </Alignment>
      <TemplateName>checkbox_checkmark</TemplateName>
      <AdapterName></AdapterName>
      <TextAdapterName></TextAdapterName>
      <Data></Data>
      <LabelWidth>100</LabelWidth>
      <OnClickEvent></OnClickEvent>
    </CheckBoxDef>

    <LabelDef>
      <ControlId>5015</ControlId>
      <Position>
        <X>186</X>
        <Y>288</Y>
      </Position>
      <Alignment>
        <TopLeft>true</TopLeft>
      </Alignment>
      <Color>
        <R>255</R>
        <G>255</G>
        <B>255</B>
        <A>255</A>
      </Color>
      <FontName>font_buttons</FontName>
      <Width>110</Width>
      <Height>16</Height>
      <ColorAdapter></ColorAdapter>
      <MaxCharacters>25</MaxCharacters>
      <Data>Trade</Data>
      <EndAligned>false</EndAligned>
      <TextCentered>false</TextCentered>
      <Adapter>none</Adapter>
    </LabelDef>
        
    <!-- Color Picker controls (26 sets) -->

    <!-- Top Row -->

    <ButtonDef>
      <ControlId>4000</ControlId>
      <Position>
        <X>27</X>
        <Y>356</Y>
      </Position>
      <Alignment>
        <TopLeft>true</TopLeft>
      </Alignment>
      <TemplateName>button_color</TemplateName>
      <Label></Label>
      <onClickEvent></onClickEvent>
    <Coloradapter>index_color_0</Coloradapter>
	</ButtonDef>

    <ButtonDef>
      <ControlId>4000</ControlId>
      <Position>
        <X>26</X>
        <Y>355</Y>
      </Position>
      <Alignment>
        <TopLeft>true</TopLeft>
      </Alignment>
      <TemplateName>button_color_highlight</TemplateName>
      <Label></Label>
      <onClickEvent></onClickEvent>
    </ButtonDef>

    <ButtonDef>
      <ControlId>4001</ControlId>
      <Position>
        <X>47</X>
        <Y>356</Y>
      </Position>
      <Alignment>
        <TopLeft>true</TopLeft>
      </Alignment>
      <TemplateName>button_color</TemplateName>
      <Label></Label>
      <onClickEvent></onClickEvent>
    <Coloradapter>index_color_1</Coloradapter>
	</ButtonDef>

    <ButtonDef>
      <ControlId>4001</ControlId>
      <Position>
        <X>46</X>
        <Y>355</Y>
      </Position>
      <Alignment>
        <TopLeft>true</TopLeft>
      </Alignment>
      <TemplateName>button_color_highlight</TemplateName>
      <Label></Label>
      <onClickEvent></onClickEvent>
    </ButtonDef>

    <ButtonDef>
      <ControlId>4002</ControlId>
      <Position>
        <X>67</X>
        <Y>356</Y>
      </Position>
      <Alignment>
        <TopLeft>true</TopLeft>
      </Alignment>
      <TemplateName>button_color</TemplateName>
      <Label></Label>
      <onClickEvent></onClickEvent>
    <Coloradapter>index_color_2</Coloradapter>
	</ButtonDef>

    <ButtonDef>
      <ControlId>4002</ControlId>
      <Position>
        <X>66</X>
        <Y>355</Y>
      </Position>
      <Alignment>
        <TopLeft>true</TopLeft>
      </Alignment>
      <TemplateName>button_color_highlight</TemplateName>
      <Label></Label>
      <onClickEvent></onClickEvent>
    </ButtonDef>

    <ButtonDef>
      <ControlId>4003</ControlId>
      <Position>
        <X>87</X>
        <Y>356</Y>
      </Position>
      <Alignment>
        <TopLeft>true</TopLeft>
      </Alignment>
      <TemplateName>button_color</TemplateName>
      <Label></Label>
      <onClickEvent></onClickEvent>
    <Coloradapter>index_color_3</Coloradapter>
	</ButtonDef>

    <ButtonDef>
      <ControlId>4003</ControlId>
      <Position>
        <X>86</X>
        <Y>355</Y>
      </Position>
      <Alignment>
        <TopLeft>true</TopLeft>
      </Alignment>
      <TemplateName>button_color_highlight</TemplateName>
      <Label></Label>
      <onClickEvent></onClickEvent>
    </ButtonDef>

    <ButtonDef>
      <ControlId>4004</ControlId>
      <Position>
        <X>107</X>
        <Y>356</Y>
      </Position>
      <Alignment>
        <TopLeft>true</TopLeft>
      </Alignment>
      <TemplateName>button_color</TemplateName>
      <Label></Label>
      <onClickEvent></onClickEvent>
    <Coloradapter>index_color_4</Coloradapter>
	</ButtonDef>

    <ButtonDef>
      <ControlId>4004</ControlId>
      <Position>
        <X>106</X>
        <Y>355</Y>
      </Position>
      <Alignment>
        <TopLeft>true</TopLeft>
      </Alignment>
      <TemplateName>button_color_highlight</TemplateName>
      <Label></Label>
      <onClickEvent></onClickEvent>
    </ButtonDef>

    <ButtonDef>
      <ControlId>4005</ControlId>
      <Position>
        <X>127</X>
        <Y>356</Y>
      </Position>
      <Alignment>
        <TopLeft>true</TopLeft>
      </Alignment>
      <TemplateName>button_color</TemplateName>
      <Label></Label>
      <onClickEvent></onClickEvent>
    <Coloradapter>index_color_5</Coloradapter>
	</ButtonDef>

    <ButtonDef>
      <ControlId>4005</ControlId>
      <Position>
        <X>126</X>
        <Y>355</Y>
      </Position>
      <Alignment>
        <TopLeft>true</TopLeft>
      </Alignment>
      <TemplateName>button_color_highlight</TemplateName>
      <Label></Label>
      <onClickEvent></onClickEvent>
    </ButtonDef>

    <ButtonDef>
      <ControlId>4006</ControlId>
      <Position>
        <X>147</X>
        <Y>356</Y>
      </Position>
      <Alignment>
        <TopLeft>true</TopLeft>
      </Alignment>
      <TemplateName>button_color</TemplateName>
      <Label></Label>
      <onClickEvent></onClickEvent>
    <Coloradapter>index_color_6</Coloradapter>
	</ButtonDef>

    <ButtonDef>
      <ControlId>4006</ControlId>
      <Position>
        <X>146</X>
        <Y>355</Y>
      </Position>
      <Alignment>
        <TopLeft>true</TopLeft>
      </Alignment>
      <TemplateName>button_color_highlight</TemplateName>
      <Label></Label>
      <onClickEvent></onClickEvent>
    </ButtonDef>

    <ButtonDef>
      <ControlId>4007</ControlId>
      <Position>
        <X>167</X>
        <Y>356</Y>
      </Position>
      <Alignment>
        <TopLeft>true</TopLeft>
      </Alignment>
      <TemplateName>button_color</TemplateName>
      <Label></Label>
      <onClickEvent></onClickEvent>
    <Coloradapter>index_color_7</Coloradapter>
	</ButtonDef>

    <ButtonDef>
      <ControlId>4007</ControlId>
      <Position>
        <X>166</X>
        <Y>355</Y>
      </Position>
      <Alignment>
        <TopLeft>true</TopLeft>
      </Alignment>
      <TemplateName>button_color_highlight</TemplateName>
      <Label></Label>
      <onClickEvent></onClickEvent>
    </ButtonDef>

    <ButtonDef>
      <ControlId>4008</ControlId>
      <Position>
        <X>187</X>
        <Y>356</Y>
      </Position>
      <Alignment>
        <TopLeft>true</TopLeft>
      </Alignment>
      <TemplateName>button_color</TemplateName>
      <Label></Label>
      <onClickEvent></onClickEvent>
    <Coloradapter>index_color_8</Coloradapter>
	</ButtonDef>

    <ButtonDef>
      <ControlId>4008</ControlId>
      <Position>
        <X>186</X>
        <Y>355</Y>
      </Position>
      <Alignment>
        <TopLeft>true</TopLeft>
      </Alignment>
      <TemplateName>button_color_highlight</TemplateName>
      <Label></Label>
      <onClickEvent></onClickEvent>
    </ButtonDef>

    <ButtonDef>
      <ControlId>4009</ControlId>
      <Position>
        <X>207</X>
        <Y>356</Y>
      </Position>
      <Alignment>
        <TopLeft>true</TopLeft>
      </Alignment>
      <TemplateName>button_color</TemplateName>
      <Label></Label>
      <onClickEvent></onClickEvent>
    <Coloradapter>index_color_9</Coloradapter>
	</ButtonDef>

    <ButtonDef>
      <ControlId>4009</ControlId>
      <Position>
        <X>206</X>
        <Y>355</Y>
      </Position>
      <Alignment>
        <TopLeft>true</TopLeft>
      </Alignment>
      <TemplateName>button_color_highlight</TemplateName>
      <Label></Label>
      <onClickEvent></onClickEvent>
    </ButtonDef>

    <ButtonDef>
      <ControlId>4010</ControlId>
      <Position>
        <X>227</X>
        <Y>356</Y>
      </Position>
      <Alignment>
        <TopLeft>true</TopLeft>
      </Alignment>
      <TemplateName>button_color</TemplateName>
      <Label></Label>
      <onClickEvent></onClickEvent>
    <Coloradapter>index_color_10</Coloradapter>
	</ButtonDef>

    <ButtonDef>
      <ControlId>4010</ControlId>
      <Position>
        <X>226</X>
        <Y>355</Y>
      </Position>
      <Alignment>
        <TopLeft>true</TopLeft>
      </Alignment>
      <TemplateName>button_color_highlight</TemplateName>
      <Label></Label>
      <onClickEvent></onClickEvent>
    </ButtonDef>

    <ButtonDef>
      <ControlId>4011</ControlId>
      <Position>
        <X>247</X>
        <Y>356</Y>
      </Position>
      <Alignment>
        <TopLeft>true</TopLeft>
      </Alignment>
      <TemplateName>button_color</TemplateName>
      <Label></Label>
      <onClickEvent></onClickEvent>
    <Coloradapter>index_color_11</Coloradapter>
	</ButtonDef>

    <ButtonDef>
      <ControlId>4011</ControlId>
      <Position>
        <X>246</X>
        <Y>355</Y>
      </Position>
      <Alignment>
        <TopLeft>true</TopLeft>
      </Alignment>
      <TemplateName>button_color_highlight</TemplateName>
      <Label></Label>
      <onClickEvent></onClickEvent>
    </ButtonDef>

    <ButtonDef>
      <ControlId>4012</ControlId>
      <Position>
        <X>267</X>
        <Y>356</Y>
      </Position>
      <Alignment>
        <TopLeft>true</TopLeft>
      </Alignment>
      <TemplateName>button_color</TemplateName>
      <Label></Label>
      <onClickEvent></onClickEvent>
    <Coloradapter>index_color_12</Coloradapter>
	</ButtonDef>

    <ButtonDef>
      <ControlId>4012</ControlId>
      <Position>
        <X>266</X>
        <Y>355</Y>
      </Position>
      <Alignment>
        <TopLeft>true</TopLeft>
      </Alignment>
      <TemplateName>button_color_highlight</TemplateName>
      <Label></Label>
      <onClickEvent></onClickEvent>
    </ButtonDef>

    <!-- Bottom Row -->

    <ButtonDef>
      <ControlId>4013</ControlId>
      <Position>
        <X>27</X>
        <Y>376</Y>
      </Position>
      <Alignment>
        <TopLeft>true</TopLeft>
      </Alignment>
      <TemplateName>button_color</TemplateName>
      <Label></Label>
      <onClickEvent></onClickEvent>
    <Coloradapter>index_color_13</Coloradapter>
	</ButtonDef>

    <ButtonDef>
      <ControlId>4013</ControlId>
      <Position>
        <X>26</X>
        <Y>375</Y>
      </Position>
      <Alignment>
        <TopLeft>true</TopLeft>
      </Alignment>
      <TemplateName>button_color_highlight</TemplateName>
      <Label></Label>
      <onClickEvent></onClickEvent>
    </ButtonDef>

    <ButtonDef>
      <ControlId>4014</ControlId>
      <Position>
        <X>47</X>
        <Y>376</Y>
      </Position>
      <Alignment>
        <TopLeft>true</TopLeft>
      </Alignment>
      <TemplateName>button_color</TemplateName>
      <Label></Label>
      <onClickEvent></onClickEvent>
    <Coloradapter>index_color_14</Coloradapter>
	</ButtonDef>

    <ButtonDef>
      <ControlId>4014</ControlId>
      <Position>
        <X>46</X>
        <Y>375</Y>
      </Position>
      <Alignment>
        <TopLeft>true</TopLeft>
      </Alignment>
      <TemplateName>button_color_highlight</TemplateName>
      <Label></Label>
      <onClickEvent></onClickEvent>
    </ButtonDef>

    <ButtonDef>
      <ControlId>4015</ControlId>
      <Position>
        <X>67</X>
        <Y>376</Y>
      </Position>
      <Alignment>
        <TopLeft>true</TopLeft>
      </Alignment>
      <TemplateName>button_color</TemplateName>
      <Label></Label>
      <onClickEvent></onClickEvent>
    <Coloradapter>index_color_15</Coloradapter>
	</ButtonDef>

    <ButtonDef>
      <ControlId>4015</ControlId>
      <Position>
        <X>66</X>
        <Y>375</Y>
      </Position>
      <Alignment>
        <TopLeft>true</TopLeft>
      </Alignment>
      <TemplateName>button_color_highlight</TemplateName>
      <Label></Label>
      <onClickEvent></onClickEvent>
    </ButtonDef>

    <ButtonDef>
      <ControlId>4016</ControlId>
      <Position>
        <X>87</X>
        <Y>376</Y>
      </Position>
      <Alignment>
        <TopLeft>true</TopLeft>
      </Alignment>
      <TemplateName>button_color</TemplateName>
      <Label></Label>
      <onClickEvent></onClickEvent>
    <Coloradapter>index_color_16</Coloradapter>
	</ButtonDef>

    <ButtonDef>
      <ControlId>4016</ControlId>
      <Position>
        <X>86</X>
        <Y>375</Y>
      </Position>
      <Alignment>
        <TopLeft>true</TopLeft>
      </Alignment>
      <TemplateName>button_color_highlight</TemplateName>
      <Label></Label>
      <onClickEvent></onClickEvent>
    </ButtonDef>

    <ButtonDef>
      <ControlId>4017</ControlId>
      <Position>
        <X>107</X>
        <Y>376</Y>
      </Position>
      <Alignment>
        <TopLeft>true</TopLeft>
      </Alignment>
      <TemplateName>button_color</TemplateName>
      <Label></Label>
      <onClickEvent></onClickEvent>
    <Coloradapter>index_color_17</Coloradapter>
	</ButtonDef>

    <ButtonDef>
      <ControlId>4017</ControlId>
      <Position>
        <X>106</X>
        <Y>375</Y>
      </Position>
      <Alignment>
        <TopLeft>true</TopLeft>
      </Alignment>
      <TemplateName>button_color_highlight</TemplateName>
      <Label></Label>
      <onClickEvent></onClickEvent>
    </ButtonDef>

    <ButtonDef>
      <ControlId>4018</ControlId>
      <Position>
        <X>127</X>
        <Y>376</Y>
      </Position>
      <Alignment>
        <TopLeft>true</TopLeft>
      </Alignment>
      <TemplateName>button_color</TemplateName>
      <Label></Label>
      <onClickEvent></onClickEvent>
    <Coloradapter>index_color_18</Coloradapter>
	</ButtonDef>

    <ButtonDef>
      <ControlId>4018</ControlId>
      <Position>
        <X>126</X>
        <Y>375</Y>
      </Position>
      <Alignment>
        <TopLeft>true</TopLeft>
      </Alignment>
      <TemplateName>button_color_highlight</TemplateName>
      <Label></Label>
      <onClickEvent></onClickEvent>
    </ButtonDef>

    <ButtonDef>
      <ControlId>4019</ControlId>
      <Position>
        <X>147</X>
        <Y>376</Y>
      </Position>
      <Alignment>
        <TopLeft>true</TopLeft>
      </Alignment>
      <TemplateName>button_color</TemplateName>
      <Label></Label>
      <onClickEvent></onClickEvent>
    <Coloradapter>index_color_19</Coloradapter>
	</ButtonDef>

    <ButtonDef>
      <ControlId>4019</ControlId>
      <Position>
        <X>146</X>
        <Y>375</Y>
      </Position>
      <Alignment>
        <TopLeft>true</TopLeft>
      </Alignment>
      <TemplateName>button_color_highlight</TemplateName>
      <Label></Label>
      <onClickEvent></onClickEvent>
    </ButtonDef>

    <ButtonDef>
      <ControlId>4020</ControlId>
      <Position>
        <X>167</X>
        <Y>376</Y>
      </Position>
      <Alignment>
        <TopLeft>true</TopLeft>
      </Alignment>
      <TemplateName>button_color</TemplateName>
      <Label></Label>
      <onClickEvent></onClickEvent>
    <Coloradapter>index_color_20</Coloradapter>
	</ButtonDef>

    <ButtonDef>
      <ControlId>4020</ControlId>
      <Position>
        <X>166</X>
        <Y>375</Y>
      </Position>
      <Alignment>
        <TopLeft>true</TopLeft>
      </Alignment>
      <TemplateName>button_color_highlight</TemplateName>
      <Label></Label>
      <onClickEvent></onClickEvent>
    </ButtonDef>

    <ButtonDef>
      <ControlId>4021</ControlId>
      <Position>
        <X>187</X>
        <Y>376</Y>
      </Position>
      <Alignment>
        <TopLeft>true</TopLeft>
      </Alignment>
      <TemplateName>button_color</TemplateName>
      <Label></Label>
      <onClickEvent></onClickEvent>
    <Coloradapter>index_color_21</Coloradapter>
	</ButtonDef>

    <ButtonDef>
      <ControlId>4021</ControlId>
      <Position>
        <X>186</X>
        <Y>375</Y>
      </Position>
      <Alignment>
        <TopLeft>true</TopLeft>
      </Alignment>
      <TemplateName>button_color_highlight</TemplateName>
      <Label></Label>
      <onClickEvent></onClickEvent>
    </ButtonDef>

    <ButtonDef>
      <ControlId>4022</ControlId>
      <Position>
        <X>207</X>
        <Y>376</Y>
      </Position>
      <Alignment>
        <TopLeft>true</TopLeft>
      </Alignment>
      <TemplateName>button_color</TemplateName>
      <Label></Label>
      <onClickEvent></onClickEvent>
    <Coloradapter>index_color_22</Coloradapter>
	</ButtonDef>

    <ButtonDef>
      <ControlId>4022</ControlId>
      <Position>
        <X>206</X>
        <Y>375</Y>
      </Position>
      <Alignment>
        <TopLeft>true</TopLeft>
      </Alignment>
      <TemplateName>button_color_highlight</TemplateName>
      <Label></Label>
      <onClickEvent></onClickEvent>
    </ButtonDef>

    <ButtonDef>
      <ControlId>4023</ControlId>
      <Position>
        <X>227</X>
        <Y>376</Y>
      </Position>
      <Alignment>
        <TopLeft>true</TopLeft>
      </Alignment>
      <TemplateName>button_color</TemplateName>
      <Label></Label>
      <onClickEvent></onClickEvent>
    <Coloradapter>index_color_23</Coloradapter>
	</ButtonDef>

    <ButtonDef>
      <ControlId>4023</ControlId>
      <Position>
        <X>226</X>
        <Y>375</Y>
      </Position>
      <Alignment>
        <TopLeft>true</TopLeft>
      </Alignment>
      <TemplateName>button_color_highlight</TemplateName>
      <Label></Label>
      <onClickEvent></onClickEvent>
    </ButtonDef>

    <ButtonDef>
      <ControlId>4024</ControlId>
      <Position>
        <X>247</X>
        <Y>376</Y>
      </Position>
      <Alignment>
        <TopLeft>true</TopLeft>
      </Alignment>
      <TemplateName>button_color</TemplateName>
      <Label></Label>
      <onClickEvent></onClickEvent>
    <Coloradapter>index_color_24</Coloradapter>
	</ButtonDef>

    <ButtonDef>
      <ControlId>4024</ControlId>
      <Position>
        <X>246</X>
        <Y>375</Y>
      </Position>
      <Alignment>
        <TopLeft>true</TopLeft>
      </Alignment>
      <TemplateName>button_color_highlight</TemplateName>
      <Label></Label>
      <onClickEvent></onClickEvent>
    </ButtonDef>

    <ButtonDef>
      <ControlId>4025</ControlId>
      <Position>
        <X>267</X>
        <Y>376</Y>
      </Position>
      <Alignment>
        <TopLeft>true</TopLeft>
      </Alignment>
      <TemplateName>button_color</TemplateName>
      <Label></Label>
      <onClickEvent></onClickEvent>
    <Coloradapter>index_color_25</Coloradapter>
	</ButtonDef>

    <ButtonDef>
      <ControlId>4025</ControlId>
      <Position>
        <X>266</X>
        <Y>375</Y>
      </Position>
      <Alignment>
        <TopLeft>true</TopLeft>
      </Alignment>
      <TemplateName>button_color_highlight</TemplateName>
      <Label></Label>
      <onClickEvent></onClickEvent>
    </ButtonDef>

    <!-- Accept / Cancel Buttons -->

    <ButtonDef>
      <ControlId>2000</ControlId>
      <Position>
        <X>72</X>
        <Y>10</Y>
      </Position>
      <Alignment>
        <OffsetBottom>true</OffsetBottom>
        <OffsetRight>true</OffsetRight>
      </Alignment>
      <TemplateName>button_generic</TemplateName>
      <Label>Accept</Label>
      <onClickEvent></onClickEvent>
    </ButtonDef>

    <ButtonDef>
      <ControlId>2001</ControlId>
      <Position>
        <X>10</X>
        <Y>10</Y>
      </Position>
      <Alignment>
        <OffsetBottom>true</OffsetBottom>
        <OffsetRight>true</OffsetRight>
      </Alignment>
      <TemplateName>button_generic</TemplateName>
      <Label>Cancel</Label>
      <onClickEvent></onClickEvent>
    </ButtonDef>

  </WindowTemplate>

</Root_Element>
