<?xml version="1.0" encoding="ISO-8859-1"?>
<Root_Element ID="DAOCUi">

<!-- @@ Edited with the DAoC User Interface Editor v1.80 -->
<!-- @@ Free download available at http://www.bradtownsend.com/daoced -->

  <!-- Define Templates -->

  <TabsTemplate>
    <Name>Tabs_Command</Name>
    <ControlAreaFullResizeImageTemplate>fresizeimage_blank_small</ControlAreaFullResizeImageTemplate>
    <TabButtonTemplate>button_tab_command2</TabButtonTemplate>
    <TabXOffset>0</TabXOffset>
    <TabYOffset>0</TabYOffset>
  </TabsTemplate>

  <ButtonTemplate>
    <Name>Button_Tab_Command2</Name>
    <Size>
      <X>50</X>
      <Y>16</Y>
    </Size>
    <Font>
      <Name>font_buttons</Name>
      <ColorNormal>
        <R>148</R>
        <G>111</G>
        <B>0</B>
        <A>255</A>
      </ColorNormal>
      <ColorPressed>
        <R>255</R>
        <G>192</G>
        <B>0</B>
        <A>255</A>
      </ColorPressed>
      <ColorHighlit>
        <R>192</R>
        <G>192</G>
        <B>192</B>
        <A>255</A>
      </ColorHighlit>
      <ColorDisabled>
        <R>128</R>
        <G>128</G>
        <B>128</B>
        <A>255</A>
      </ColorDisabled>
    </Font>
    <Texture>
      <TextureName>buttons_01</TextureName>
      <Normal>
        <X>1</X>
        <Y>208</Y>
      </Normal>
      <Pressed>
        <X>1</X>
        <Y>208</Y>
      </Pressed>
      <NormalHighlit>
        <X>1</X>
        <Y>208</Y>
      </NormalHighlit>
      <PressedHighlit>
        <X>1</X>
        <Y>208</Y>
      </PressedHighlit>
      <Disabled>
        <X>1</X>
        <Y>208</Y>
      </Disabled>
    </Texture>
  </ButtonTemplate>

  <!-- Load Command Window -->

  <WindowTemplate>
    <Name>command</Name>
    <WindowId>Command</WindowId>
    <CloseButton>true</CloseButton>
    <MoveButton>true</MoveButton>
    <TopRightResizeButton>false</TopRightResizeButton>
    <BottomRightResizeButton>false</BottomRightResizeButton>
    <BottomLeftResizeButton>false</BottomLeftResizeButton>
    <ResizeButtonOffsetX>0</ResizeButtonOffsetX>
    <ResizeButtonOffsetY>0</ResizeButtonOffsetY>
    <TitleWidth>310</TitleWidth>
    <TitleHeight>10</TitleHeight>
    <Width>310</Width>
    <Height>99</Height>
    <ResizeableWidth>0</ResizeableWidth>
    <ResizeableHeight>0</ResizeableHeight>
    <ResizeableTwoWayWidth>0</ResizeableTwoWayWidth>
    <ResizeableTwoWayHeight>0</ResizeableTwoWayHeight>
    <MinWidth>0</MinWidth>
    <MinHeight>0</MinHeight>
    <ContextTemplateName></ContextTemplateName>

    <!--Background-->

    <FullResizeImageDef>
      <ControlId></ControlId>
      <Position>
        <X>0</X>
        <Y>0</Y>
      </Position>
      <Alignment>
      </Alignment>
      <TemplateName>fresizeimage_dlg_bg</TemplateName>
      <Width>310</Width>
      <Height>99</Height>
    </FullResizeImageDef>

    <!--Tab controls-->

    <TabsDef>
      <TemplateName>tabs_command</TemplateName>
      <ControlId></ControlId>
      <Position>
        <X>5</X>
        <Y>5</Y>
      </Position>
      <Alignment>
      </Alignment>
      <Width>290</Width>
      <Height>79</Height>
      <onCLickEvent></onCLickEvent>
    <Tab>
      <Id>1</Id>
      <Name>Actions</Name>
    </Tab>
    <Tab>
      <Id>2</Id>
      <Name>Group</Name>
    </Tab>
    <Tab>
      <Id>3</Id>
      <Name>Realm</Name>
    </Tab>
    <Tab>
      <Id>4</Id>
      <Name>Status</Name>
    </Tab>
    <Tab>
      <Id>5</Id>
      <Name>Utility</Name>
    </Tab>
    <Tab>
      <Id>6</Id>
      <Name>Info</Name>
    </Tab>
      <TabControl>
        <TabId>1</TabId>
        <ControlId>1100</ControlId>
      </TabControl>
      <TabControl>
        <TabId>1</TabId>
        <ControlId>1101</ControlId>
      </TabControl>
      <TabControl>
        <TabId>1</TabId>
        <ControlId>1102</ControlId>
      </TabControl>
      <TabControl>
        <TabId>1</TabId>
        <ControlId>1103</ControlId>
      </TabControl>
      <TabControl>
        <TabId>1</TabId>
        <ControlId>1104</ControlId>
      </TabControl>
      <TabControl>
        <TabId>1</TabId>
        <ControlId>1105</ControlId>
      </TabControl>
      <TabControl>
        <TabId>1</TabId>
        <ControlId>1106</ControlId>
      </TabControl>
      <TabControl>
        <TabId>1</TabId>
        <ControlId>1107</ControlId>
      </TabControl>
      <TabControl>
        <TabId>1</TabId>
        <ControlId>1108</ControlId>
      </TabControl>
      <TabControl>
        <TabId>1</TabId>
        <ControlId>1109</ControlId>
      </TabControl>
      <TabControl>
        <TabId>1</TabId>
        <ControlId>1110</ControlId>
      </TabControl>
      <TabControl>
        <TabId>1</TabId>
        <ControlId>1111</ControlId>
      </TabControl>
      <TabControl>
        <TabId>1</TabId>
        <ControlId>1112</ControlId>
      </TabControl>
      <TabControl>
        <TabId>1</TabId>
        <ControlId>1113</ControlId>
      </TabControl>
      <TabControl>
        <TabId>1</TabId>
        <ControlId>1120</ControlId>
      </TabControl>
      <TabControl>
        <TabId>2</TabId>
        <ControlId>1200</ControlId>
      </TabControl>
      <TabControl>
        <TabId>2</TabId>
        <ControlId>1201</ControlId>
      </TabControl>
      <TabControl>
        <TabId>2</TabId>
        <ControlId>1202</ControlId>
      </TabControl>
      <TabControl>
        <TabId>2</TabId>
        <ControlId>1203</ControlId>
      </TabControl>
      <TabControl>
        <TabId>2</TabId>
        <ControlId>1204</ControlId>
      </TabControl>
      <TabControl>
        <TabId>2</TabId>
        <ControlId>1205</ControlId>
      </TabControl>
      <TabControl>
        <TabId>2</TabId>
        <ControlId>1206</ControlId>
      </TabControl>
      <TabControl>
        <TabId>2</TabId>
        <ControlId>1207</ControlId>
      </TabControl>
      <TabControl>
        <TabId>2</TabId>
        <ControlId>1208</ControlId>
      </TabControl>
      <TabControl>
        <TabId>2</TabId>
        <ControlId>1209</ControlId>
      </TabControl>
      <TabControl>
        <TabId>2</TabId>
        <ControlId>1210</ControlId>
      </TabControl>
      <TabControl>
        <TabId>2</TabId>
        <ControlId>1211</ControlId>
      </TabControl>
      <TabControl>
        <TabId>2</TabId>
        <ControlId>1212</ControlId>
      </TabControl>
      <TabControl>
        <TabId>2</TabId>
        <ControlId>1220</ControlId>
      </TabControl>
      <TabControl>
        <TabId>3</TabId>
        <ControlId>1300</ControlId>
      </TabControl>
      <TabControl>
        <TabId>3</TabId>
        <ControlId>1301</ControlId>
      </TabControl>
      <TabControl>
        <TabId>3</TabId>
        <ControlId>1302</ControlId>
      </TabControl>
      <TabControl>
        <TabId>3</TabId>
        <ControlId>1303</ControlId>
      </TabControl>
      <TabControl>
        <TabId>3</TabId>
        <ControlId>1304</ControlId>
      </TabControl>
      <TabControl>
        <TabId>3</TabId>
        <ControlId>1305</ControlId>
      </TabControl>
      <TabControl>
        <TabId>3</TabId>
        <ControlId>1306</ControlId>
      </TabControl>
      <TabControl>
        <TabId>3</TabId>
        <ControlId>1307</ControlId>
      </TabControl>
      <TabControl>
        <TabId>3</TabId>
        <ControlId>1308</ControlId>
      </TabControl>
      <TabControl>
        <TabId>3</TabId>
        <ControlId>1309</ControlId>
      </TabControl>
      <TabControl>
        <TabId>3</TabId>
        <ControlId>1310</ControlId>
      </TabControl>
      <TabControl>
        <TabId>3</TabId>
        <ControlId>1311</ControlId>
      </TabControl>
      <TabControl>
        <TabId>3</TabId>
        <ControlId>1312</ControlId>
      </TabControl>
      <TabControl>
        <TabId>3</TabId>
        <ControlId>1320</ControlId>
      </TabControl>
      <TabControl>
        <TabId>4</TabId>
        <ControlId>1400</ControlId>
      </TabControl>
      <TabControl>
        <TabId>4</TabId>
        <ControlId>1401</ControlId>
      </TabControl>
      <TabControl>
        <TabId>4</TabId>
        <ControlId>1402</ControlId>
      </TabControl>
      <TabControl>
        <TabId>4</TabId>
        <ControlId>1403</ControlId>
      </TabControl>
      <TabControl>
        <TabId>4</TabId>
        <ControlId>1404</ControlId>
      </TabControl>
      <TabControl>
        <TabId>4</TabId>
        <ControlId>1405</ControlId>
      </TabControl>
      <TabControl>
        <TabId>4</TabId>
        <ControlId>1406</ControlId>
      </TabControl>
      <TabControl>
        <TabId>4</TabId>
        <ControlId>1407</ControlId>
      </TabControl>
      <TabControl>
        <TabId>4</TabId>
        <ControlId>1408</ControlId>
      </TabControl>
      <TabControl>
        <TabId>4</TabId>
        <ControlId>1409</ControlId>
      </TabControl>
      <TabControl>
        <TabId>4</TabId>
        <ControlId>1410</ControlId>
      </TabControl>
      <TabControl>
        <TabId>4</TabId>
        <ControlId>1411</ControlId>
      </TabControl>
      <TabControl>
        <TabId>4</TabId>
        <ControlId>1412</ControlId>
      </TabControl>
      <TabControl>
        <TabId>4</TabId>
        <ControlId>1420</ControlId>
      </TabControl>
      <TabControl>
        <TabId>5</TabId>
        <ControlId>1500</ControlId>
      </TabControl>
      <TabControl>
        <TabId>5</TabId>
        <ControlId>1501</ControlId>
      </TabControl>
      <TabControl>
        <TabId>5</TabId>
        <ControlId>1502</ControlId>
      </TabControl>
      <TabControl>
        <TabId>5</TabId>
        <ControlId>1503</ControlId>
      </TabControl>
      <TabControl>
        <TabId>5</TabId>
        <ControlId>1504</ControlId>
      </TabControl>
      <TabControl>
        <TabId>5</TabId>
        <ControlId>1505</ControlId>
      </TabControl>
      <TabControl>
        <TabId>5</TabId>
        <ControlId>1506</ControlId>
      </TabControl>
      <TabControl>
        <TabId>5</TabId>
        <ControlId>1507</ControlId>
      </TabControl>
      <TabControl>
        <TabId>5</TabId>
        <ControlId>1508</ControlId>
      </TabControl>
      <TabControl>
        <TabId>5</TabId>
        <ControlId>1509</ControlId>
      </TabControl>
      <TabControl>
        <TabId>5</TabId>
        <ControlId>1510</ControlId>
      </TabControl>
      <TabControl>
        <TabId>5</TabId>
        <ControlId>1511</ControlId>
      </TabControl>
      <TabControl>
        <TabId>5</TabId>
        <ControlId>1512</ControlId>
      </TabControl>
      <TabControl>
        <TabId>5</TabId>
        <ControlId>1520</ControlId>
      </TabControl>
      <TabControl>
        <TabId>6</TabId>
        <ControlId>1600</ControlId>
      </TabControl>
      <TabControl>
        <TabId>6</TabId>
        <ControlId>1601</ControlId>
      </TabControl>
      <TabControl>
        <TabId>6</TabId>
        <ControlId>1602</ControlId>
      </TabControl>
      <TabControl>
        <TabId>6</TabId>
        <ControlId>1603</ControlId>
      </TabControl>
      <TabControl>
        <TabId>6</TabId>
        <ControlId>1604</ControlId>
      </TabControl>
      <TabControl>
        <TabId>6</TabId>
        <ControlId>1605</ControlId>
      </TabControl>
      <TabControl>
        <TabId>6</TabId>
        <ControlId>1606</ControlId>
      </TabControl>
      <TabControl>
        <TabId>6</TabId>
        <ControlId>1607</ControlId>
      </TabControl>
      <TabControl>
        <TabId>6</TabId>
        <ControlId>1608</ControlId>
      </TabControl>
      <TabControl>
        <TabId>6</TabId>
        <ControlId>1609</ControlId>
      </TabControl>
      <TabControl>
        <TabId>6</TabId>
        <ControlId>1610</ControlId>
      </TabControl>
      <TabControl>
        <TabId>6</TabId>
        <ControlId>1611</ControlId>
      </TabControl>
      <TabControl>
        <TabId>6</TabId>
        <ControlId>1612</ControlId>
      </TabControl>
      <TabControl>
        <TabId>6</TabId>
        <ControlId>1620</ControlId>
      </TabControl>
    </TabsDef>

    <!--Tab2 controls (Group)-->

    <FullResizeImageDef>
      <ControlId>1200</ControlId>
      <Position>
        <X>10</X>
        <Y>27</Y>
      </Position>
      <Alignment>
      </Alignment>
      <TemplateName>fresizeimage_tab_panel_small</TemplateName>
      <Width>290</Width>
      <Height>62</Height>
    </FullResizeImageDef>

    <FullResizeImageDef>
      <ControlId>1220</ControlId>
      <Position>
        <X>10</X>
        <Y>27</Y>
      </Position>
      <Alignment>
      </Alignment>
      <TemplateName>fresizeimage_tab_panel_cmdxp</TemplateName>
      <Width>290</Width>
      <Height>62</Height>
    </FullResizeImageDef>

    <ButtonDef>
      <ControlId>1201</ControlId>
      <Position>
        <X>16</X>
        <Y>32</Y>
      </Position>
      <Alignment>
      </Alignment>
      <TemplateName>button_size_68</TemplateName>
      <Label>Invite</Label>
      <onClickEvent>GroupInvite</onClickEvent>
    </ButtonDef>

    <ButtonDef>
      <ControlId>1202</ControlId>
      <Position>
        <X>86</X>
        <Y>32</Y>
      </Position>
      <Alignment>
      </Alignment>
      <TemplateName>button_size_68</TemplateName>
      <Label>Disband</Label>
      <onClickEvent>GroupDisband</onClickEvent>
    </ButtonDef>

    <ButtonDef>
      <ControlId>1203</ControlId>
      <Position>
        <X>156</X>
        <Y>32</Y>
      </Position>
      <Alignment>
      </Alignment>
      <TemplateName>button_size_68</TemplateName>
      <Label>Conc</Label>
      <onClickEvent>ToggleConcentration</onClickEvent>
    </ButtonDef>

    <ButtonDef>
      <ControlId>1204</ControlId>
      <Position>
        <X>226</X>
        <Y>32</Y>
      </Position>
      <Alignment>
      </Alignment>
      <TemplateName>button_size_68</TemplateName>
      <Label>Grp Buffs</Label>
      <onClickEvent>ToggleGroupBuffs</onClickEvent>
    </ButtonDef>

    <ButtonDef>
      <ControlId>1205</ControlId>
      <Position>
        <X>16</X>
        <Y>50</Y>
      </Position>
      <Alignment>
      </Alignment>
      <TemplateName>button_size_68</TemplateName>
      <Label>HH Cube</Label>
      <onClickEvent>ToggleCustom5</onClickEvent>
    </ButtonDef>

    <ButtonDef>
      <ControlId>1206</ControlId>
      <Position>
        <X>86</X>
        <Y>50</Y>
      </Position>
      <Alignment>
      </Alignment>
      <TemplateName>button_size_68</TemplateName>
      <Label>HH Horiz</Label>
      <onClickEvent>ToggleCustom6</onClickEvent>
    </ButtonDef>

    <ButtonDef>
      <ControlId>1207</ControlId>
      <Position>
        <X>156</X>
        <Y>50</Y>
      </Position>
      <Alignment>
      </Alignment>
      <TemplateName>button_size_68</TemplateName>
      <Label>HH Vert</Label>
      <onClickEvent>ToggleCustom7</onClickEvent>
    </ButtonDef>

    <ButtonDef>
      <ControlId>1208</ControlId>
      <Position>
        <X>226</X>
        <Y>50</Y>
      </Position>
      <Alignment>
      </Alignment>
      <TemplateName>button_size_68</TemplateName>
      <Label>Mini Grp</Label>
      <onClickEvent>ToggleMiniGroup</onClickEvent>
    </ButtonDef>

    <ButtonDef>
      <ControlId>1209</ControlId>
      <Position>
        <X>16</X>
        <Y>68</Y>
      </Position>
      <Alignment>
      </Alignment>
      <TemplateName>button_size_68</TemplateName>
      <Label>Friends</Label>
      <onClickEvent>Friends</onClickEvent>
    </ButtonDef>

    <ButtonDef>
      <ControlId>1210</ControlId>
      <Position>
        <X>86</X>
        <Y>68</Y>
      </Position>
      <Alignment>
      </Alignment>
      <TemplateName>button_size_68</TemplateName>
      <Label>Social</Label>
      <onClickEvent>Community</onClickEvent>
    </ButtonDef>

    <ButtonDef>
      <ControlId>1211</ControlId>
      <Position>
        <X>156</X>
        <Y>68</Y>
      </Position>
      <Alignment>
      </Alignment>
      <TemplateName>button_size_68</TemplateName>
      <Label></Label>
      <onClickEvent></onClickEvent>
    </ButtonDef>

    <ButtonDef>
      <ControlId>1212</ControlId>
      <Position>
        <X>226</X>
        <Y>68</Y>
      </Position>
      <Alignment>
      </Alignment>
      <TemplateName>button_size_68</TemplateName>
      <Label></Label>
      <onClickEvent></onClickEvent>
    </ButtonDef>

    <!--Tab3 controls (Realm)-->

    <FullResizeImageDef>
      <ControlId>1300</ControlId>
      <Position>
        <X>10</X>
        <Y>27</Y>
      </Position>
      <Alignment>
      </Alignment>
      <TemplateName>fresizeimage_tab_panel_small</TemplateName>
      <Width>290</Width>
      <Height>62</Height>
    </FullResizeImageDef>

    <FullResizeImageDef>
      <ControlId>1320</ControlId>
      <Position>
        <X>10</X>
        <Y>27</Y>
      </Position>
      <Alignment>
      </Alignment>
      <TemplateName>fresizeimage_tab_panel_cmdxp</TemplateName>
      <Width>290</Width>
      <Height>62</Height>
    </FullResizeImageDef>

    <ButtonDef>
      <ControlId>1301</ControlId>
      <Position>
        <X>16</X>
        <Y>32</Y>
      </Position>
      <Alignment>
      </Alignment>
      <TemplateName>button_size_68</TemplateName>
      <Label>Atlas</Label>
      <onClickEvent>ToggleCustom15</onClickEvent>
    </ButtonDef>

    <ButtonDef>
      <ControlId>1302</ControlId>
      <Position>
        <X>86</X>
        <Y>32</Y>
      </Position>
      <Alignment>
      </Alignment>
      <TemplateName>button_size_68</TemplateName>
      <Label>Map</Label>
      <onClickEvent>ToggleMap</onClickEvent>
    </ButtonDef>

    <ButtonDef>
      <ControlId>1303</ControlId>
      <Position>
        <X>156</X>
        <Y>32</Y>
      </Position>
      <Alignment>
      </Alignment>
      <TemplateName>button_size_68</TemplateName>
      <Label>War Map</Label>
      <onClickEvent>ShowWarMap</onClickEvent>
    </ButtonDef>

    <ButtonDef>
      <ControlId>1304</ControlId>
      <Position>
        <X>226</X>
        <Y>32</Y>
      </Position>
      <Alignment>
      </Alignment>
      <TemplateName>button_size_68</TemplateName>
      <Label></Label>
      <onClickEvent></onClickEvent>
    </ButtonDef>

    <ButtonDef>
      <ControlId>1305</ControlId>
      <Position>
        <X>16</X>
        <Y>50</Y>
      </Position>
      <Alignment>
      </Alignment>
      <TemplateName>button_size_68</TemplateName>
      <Label>Armor Res</Label>
      <onClickEvent>ToggleCustom13</onClickEvent>
    </ButtonDef>

    <ButtonDef>
      <ControlId>1306</ControlId>
      <Position>
        <X>86</X>
        <Y>50</Y>
      </Position>
      <Alignment>
      </Alignment>
      <TemplateName>button_size_68</TemplateName>
      <Label>Keeps</Label>
      <onClickEvent>Realm</onClickEvent>
    </ButtonDef>

    <ButtonDef>
      <ControlId>1307</ControlId>
      <Position>
        <X>156</X>
        <Y>50</Y>
      </Position>
      <Alignment>
      </Alignment>
      <TemplateName>button_size_68</TemplateName>
      <Label>Relics</Label>
      <onClickEvent>Relic</onClickEvent>
    </ButtonDef>

    <ButtonDef>
      <ControlId>1308</ControlId>
      <Position>
        <X>226</X>
        <Y>50</Y>
      </Position>
      <Alignment>
      </Alignment>
      <TemplateName>button_size_68</TemplateName>
      <Label>Rlm Bonus</Label>
      <onClickEvent>WarmapUpdateBonuses</onClickEvent>
    </ButtonDef>

    <ButtonDef>
      <ControlId>1309</ControlId>
      <Position>
        <X>16</X>
        <Y>68</Y>
      </Position>
      <Alignment>
      </Alignment>
      <TemplateName>button_size_68</TemplateName>
      <Label>RRank</Label>
      <onClickEvent>ToggleCustom17</onClickEvent>
    </ButtonDef>

    <ButtonDef>
      <ControlId>1310</ControlId>
      <Position>
        <X>86</X>
        <Y>68</Y>
      </Position>
      <Alignment>
      </Alignment>
      <TemplateName>button_size_68</TemplateName>
      <Label></Label>
      <onClickEvent></onClickEvent>
    </ButtonDef>

    <ButtonDef>
      <ControlId>1311</ControlId>
      <Position>
        <X>156</X>
        <Y>68</Y>
      </Position>
      <Alignment>
      </Alignment>
      <TemplateName>button_size_68</TemplateName>
      <Label></Label>
      <onClickEvent></onClickEvent>
    </ButtonDef>

    <ButtonDef>
      <ControlId>1312</ControlId>
      <Position>
        <X>226</X>
        <Y>68</Y>
      </Position>
      <Alignment>
      </Alignment>
      <TemplateName>button_size_68</TemplateName>
      <Label></Label>
      <onClickEvent></onClickEvent>
    </ButtonDef>

    <!--Tab4 controls (Status)-->

    <FullResizeImageDef>
      <ControlId>1400</ControlId>
      <Position>
        <X>10</X>
        <Y>27</Y>
      </Position>
      <Alignment>
      </Alignment>
      <TemplateName>fresizeimage_tab_panel_small</TemplateName>
      <Width>290</Width>
      <Height>62</Height>
    </FullResizeImageDef>

    <FullResizeImageDef>
      <ControlId>1420</ControlId>
      <Position>
        <X>10</X>
        <Y>27</Y>
      </Position>
      <Alignment>
      </Alignment>
      <TemplateName>fresizeimage_tab_panel_cmdxp</TemplateName>
      <Width>290</Width>
      <Height>62</Height>
    </FullResizeImageDef>

    <ButtonDef>
      <ControlId>1401</ControlId>
      <Position>
        <X>16</X>
        <Y>32</Y>
      </Position>
      <Alignment>
      </Alignment>
      <TemplateName>button_size_68</TemplateName>
      <Label>Health</Label>
      <onClickEvent>ToggleCustom1</onClickEvent>
    </ButtonDef>

    <ButtonDef>
      <ControlId>1402</ControlId>
      <Position>
        <X>86</X>
        <Y>32</Y>
      </Position>
      <Alignment>
      </Alignment>
      <TemplateName>button_size_68</TemplateName>
      <Label>Endurance</Label>
      <onClickEvent>ToggleCustom2</onClickEvent>
    </ButtonDef>

    <ButtonDef>
      <ControlId>1403</ControlId>
      <Position>
        <X>156</X>
        <Y>32</Y>
      </Position>
      <Alignment>
      </Alignment>
      <TemplateName>button_size_68</TemplateName>
      <Label>Power</Label>
      <onClickEvent>ToggleCustom3</onClickEvent>
    </ButtonDef>

    <ButtonDef>
      <ControlId>1404</ControlId>
      <Position>
        <X>226</X>
        <Y>32</Y>
      </Position>
      <Alignment>
      </Alignment>
      <TemplateName>button_size_68</TemplateName>
      <Label>Target</Label>
      <onClickEvent>ToggleCustom4</onClickEvent>
    </ButtonDef>

    <ButtonDef>
      <ControlId>1405</ControlId>
      <Position>
        <X>16</X>
        <Y>50</Y>
      </Position>
      <Alignment>
      </Alignment>
      <TemplateName>button_size_68</TemplateName>
      <Label>Bonuses</Label>
      <onClickEvent>Bonuses</onClickEvent>
    </ButtonDef>

    <ButtonDef>
      <ControlId>1406</ControlId>
      <Position>
        <X>86</X>
        <Y>50</Y>
      </Position>
      <Alignment>
      </Alignment>
      <TemplateName>button_size_68</TemplateName>
      <Label>Conc</Label>
      <onClickEvent>ToggleConcentration</onClickEvent>
    </ButtonDef>

    <ButtonDef>
      <ControlId>1407</ControlId>
      <Position>
        <X>156</X>
        <Y>50</Y>
      </Position>
      <Alignment>
      </Alignment>
      <TemplateName>button_size_68</TemplateName>
      <Label>Mini Attr</Label>
      <onClickEvent>ToggleCustom8</onClickEvent>
    </ButtonDef>

    <ButtonDef>
      <ControlId>1408</ControlId>
      <Position>
        <X>226</X>
        <Y>50</Y>
      </Position>
      <Alignment>
      </Alignment>
      <TemplateName>button_size_68</TemplateName>
      <Label>Mini Res</Label>
      <onClickEvent>ToggleCustom9</onClickEvent>
    </ButtonDef>

    <ButtonDef>
      <ControlId>1409</ControlId>
      <Position>
        <X>16</X>
        <Y>68</Y>
      </Position>
      <Alignment>
      </Alignment>
      <TemplateName>button_size_68</TemplateName>
      <Label>Tabbed Xp</Label>
      <onClickEvent>ToggleCustom11</onClickEvent>
    </ButtonDef>

    <ButtonDef>
      <ControlId>1410</ControlId>
      <Position>
        <X>86</X>
        <Y>68</Y>
      </Position>
      <Alignment>
      </Alignment>
      <TemplateName>button_size_68</TemplateName>
      <Label>Task</Label>
      <onClickEvent>Task</onClickEvent>
    </ButtonDef>

    <ButtonDef>
      <ControlId>1411</ControlId>
      <Position>
        <X>156</X>
        <Y>68</Y>
      </Position>
      <Alignment>
      </Alignment>
      <TemplateName>button_size_68</TemplateName>
      <Label></Label>
      <onClickEvent></onClickEvent>
    </ButtonDef>

    <ButtonDef>
      <ControlId>1412</ControlId>
      <Position>
        <X>226</X>
        <Y>68</Y>
      </Position>
      <Alignment>
      </Alignment>
      <TemplateName>button_size_68</TemplateName>
      <Label></Label>
      <onClickEvent></onClickEvent>
    </ButtonDef>

    <!--Tab5 controls (Utility)-->

    <FullResizeImageDef>
      <ControlId>1500</ControlId>
      <Position>
        <X>10</X>
        <Y>27</Y>
      </Position>
      <Alignment>
      </Alignment>
      <TemplateName>fresizeimage_tab_panel_small</TemplateName>
      <Width>290</Width>
      <Height>62</Height>
    </FullResizeImageDef>

    <FullResizeImageDef>
      <ControlId>1520</ControlId>
      <Position>
        <X>10</X>
        <Y>27</Y>
      </Position>
      <Alignment>
      </Alignment>
      <TemplateName>fresizeimage_tab_panel_cmdxp</TemplateName>
      <Width>290</Width>
      <Height>62</Height>
    </FullResizeImageDef>

    <ButtonDef>
      <ControlId>1502</ControlId>
      <Position>
        <X>16</X>
        <Y>32</Y>
      </Position>
      <Alignment>
      </Alignment>
      <TemplateName>button_size_68</TemplateName>
      <Label>Chant</Label>
      <onClickEvent>ToggleCustom12</onClickEvent>
    </ButtonDef>

    <ButtonDef>
      <ControlId>1503</ControlId>
      <Position>
        <X>86</X>
        <Y>32</Y>
      </Position>
      <Alignment>
      </Alignment>
      <TemplateName>button_size_68</TemplateName>
      <Label>Clock</Label>
      <onClickEvent>ToggleClock</onClickEvent>
    </ButtonDef>

    <ButtonDef>
      <ControlId>1501</ControlId>
      <Position>
        <X>156</X>
        <Y>32</Y>
      </Position>
      <Alignment>
      </Alignment>
      <TemplateName>button_size_68</TemplateName>
      <Label>Cmd Bar</Label>
      <onClickEvent>ToggleCustom10</onClickEvent>
    </ButtonDef>

    <ButtonDef>
      <ControlId>1504</ControlId>
      <Position>
        <X>226</X>
        <Y>32</Y>
      </Position>
      <Alignment>
      </Alignment>
      <TemplateName>button_size_68</TemplateName>
      <Label>Compass</Label>
      <onClickEvent>ToggleCompass</onClickEvent>
    </ButtonDef>

    <ButtonDef>
      <ControlId>1505</ControlId>
      <Position>
        <X>16</X>
        <Y>50</Y>
      </Position>
      <Alignment>
      </Alignment>
      <TemplateName>button_size_68</TemplateName>
      <Label>Keyboard</Label>
      <onClickEvent>ShowKeyboardConfig</onClickEvent>
    </ButtonDef>

    <ButtonDef>
      <ControlId>1506</ControlId>
      <Position>
        <X>86</X>
        <Y>50</Y>
      </Position>
      <Alignment>
      </Alignment>
      <TemplateName>button_size_68</TemplateName>
      <Label>Lag Meter</Label>
      <onClickEvent>TogglePerformanceMeter</onClickEvent>
    </ButtonDef>

    <ButtonDef>
      <ControlId>1507</ControlId>
      <Position>
        <X>156</X>
        <Y>50</Y>
      </Position>
      <Alignment>
      </Alignment>
      <TemplateName>button_size_68</TemplateName>
      <Label>Mini Pet</Label>
      <onClickEvent>ToggleMiniPet</onClickEvent>
    </ButtonDef>

    <ButtonDef>
      <ControlId>1508</ControlId>
      <Position>
        <X>226</X>
        <Y>50</Y>
      </Position>
      <Alignment>
      </Alignment>
      <TemplateName>button_size_68</TemplateName>
      <Label>Options</Label>
      <onClickEvent>ToggleOptions</onClickEvent>
    </ButtonDef>

    <ButtonDef>
      <ControlId>1509</ControlId>
      <Position>
        <X>16</X>
        <Y>68</Y>
      </Position>
      <Alignment>
      </Alignment>
      <TemplateName>button_size_68</TemplateName>
      <Label>Quiver</Label>
      <onClickEvent>ToggleQuiver</onClickEvent>
    </ButtonDef>

    <ButtonDef>
      <ControlId>1510</ControlId>
      <Position>
        <X>86</X>
        <Y>68</Y>
      </Position>
      <Alignment>
      </Alignment>
      <TemplateName>button_size_68</TemplateName>
      <Label>Video</Label>
      <onClickEvent>ToggleCustom18</onClickEvent>
    </ButtonDef>

    <ButtonDef>
      <ControlId>1511</ControlId>
      <Position>
        <X>156</X>
        <Y>68</Y>
      </Position>
      <Alignment>
      </Alignment>
      <TemplateName>button_size_68</TemplateName>
      <Label></Label>
      <onClickEvent></onClickEvent>
    </ButtonDef>

    <ButtonDef>
      <ControlId>1512</ControlId>
      <Position>
        <X>226</X>
        <Y>68</Y>
      </Position>
      <Alignment>
      </Alignment>
      <TemplateName>button_size_68</TemplateName>
      <Label></Label>
      <onClickEvent></onClickEvent>
    </ButtonDef>

    <!--Tab6 controls (Info)-->

    <FullResizeImageDef>
      <ControlId>1600</ControlId>
      <Position>
        <X>10</X>
        <Y>27</Y>
      </Position>
      <Alignment>
      </Alignment>
      <TemplateName>fresizeimage_tab_panel_small</TemplateName>
      <Width>290</Width>
      <Height>62</Height>
    </FullResizeImageDef>

    <FullResizeImageDef>
      <ControlId>1620</ControlId>
      <Position>
        <X>10</X>
        <Y>27</Y>
      </Position>
      <Alignment>
      </Alignment>
      <TemplateName>fresizeimage_tab_panel_cmdxp</TemplateName>
      <Width>290</Width>
      <Height>62</Height>
    </FullResizeImageDef>

    <ButtonDef>
      <ControlId>1601</ControlId>
      <Position>
        <X>16</X>
        <Y>32</Y>
      </Position>
      <Alignment>
      </Alignment>
      <TemplateName>button_size_68</TemplateName>
      <Label>Artifacts</Label>
      <onClickEvent>ToggleCustom14</onClickEvent>
    </ButtonDef>

    <ButtonDef>
      <ControlId>1602</ControlId>
      <Position>
        <X>86</X>
        <Y>32</Y>
      </Position>
      <Alignment>
      </Alignment>
      <TemplateName>button_size_68</TemplateName>
      <Label>Crafting</Label>
      <onClickEvent>ToggleCustom16</onClickEvent>
    </ButtonDef>

    <ButtonDef>
      <ControlId>1603</ControlId>
      <Position>
        <X>156</X>
        <Y>32</Y>
      </Position>
      <Alignment>
      </Alignment>
      <TemplateName>button_size_68</TemplateName>
      <Label>Journal</Label>
      <onClickEvent>ToggleJournal</onClickEvent>
    </ButtonDef>

    <ButtonDef>
      <ControlId>1604</ControlId>
      <Position>
        <X>226</X>
        <Y>32</Y>
      </Position>
      <Alignment>
      </Alignment>
      <TemplateName>button_size_68</TemplateName>
      <Label>Master Lvl</Label>
      <onClickEvent>ToggleMasterLevel</onClickEvent>
    </ButtonDef>

    <ButtonDef>
      <ControlId>1605</ControlId>
      <Position>
        <X>16</X>
        <Y>50</Y>
      </Position>
      <Alignment>
      </Alignment>
      <TemplateName>button_size_68</TemplateName>
      <Label></Label>
      <onClickEvent></onClickEvent>
    </ButtonDef>

    <ButtonDef>
      <ControlId>1606</ControlId>
      <Position>
        <X>86</X>
        <Y>50</Y>
      </Position>
      <Alignment>
      </Alignment>
      <TemplateName>button_size_68</TemplateName>
      <Label></Label>
      <onClickEvent></onClickEvent>
    </ButtonDef>

    <ButtonDef>
      <ControlId>1607</ControlId>
      <Position>
        <X>156</X>
        <Y>50</Y>
      </Position>
      <Alignment>
      </Alignment>
      <TemplateName>button_size_68</TemplateName>
      <Label></Label>
      <onClickEvent></onClickEvent>
    </ButtonDef>

    <ButtonDef>
      <ControlId>1608</ControlId>
      <Position>
        <X>226</X>
        <Y>50</Y>
      </Position>
      <Alignment>
      </Alignment>
      <TemplateName>button_size_68</TemplateName>
      <Label></Label>
      <onClickEvent></onClickEvent>
    </ButtonDef>

    <ButtonDef>
      <ControlId>1609</ControlId>
      <Position>
        <X>16</X>
        <Y>68</Y>
      </Position>
      <Alignment>
      </Alignment>
      <TemplateName>button_size_68</TemplateName>
      <Label>BobsUI</Label>
      <onClickEvent>ToggleCustom0</onClickEvent>
    </ButtonDef>

    <ButtonDef>
      <ControlId>1610</ControlId>
      <Position>
        <X>86</X>
        <Y>68</Y>
      </Position>
      <Alignment>
      </Alignment>
      <TemplateName>button_size_68</TemplateName>
      <Label>Help</Label>
      <onClickEvent>ToggleHelp</onClickEvent>
    </ButtonDef>

    <ButtonDef>
      <ControlId>1611</ControlId>
      <Position>
        <X>156</X>
        <Y>68</Y>
      </Position>
      <Alignment>
      </Alignment>
      <TemplateName>button_size_68</TemplateName>
      <Label></Label>
      <onClickEvent></onClickEvent>
    </ButtonDef>

    <ButtonDef>
      <ControlId>1612</ControlId>
      <Position>
        <X>226</X>
        <Y>68</Y>
      </Position>
      <Alignment>
      </Alignment>
      <TemplateName>button_size_68</TemplateName>
      <Label>Xtra</Label>
      <onClickEvent>ToggleCustom19</onClickEvent>
    </ButtonDef>

    <!--Tab1 controls (Actions)-->

    <FullResizeImageDef>
      <ControlId>1100</ControlId>
      <Position>
        <X>10</X>
        <Y>27</Y>
      </Position>
      <Alignment>
      </Alignment>
      <TemplateName>fresizeimage_tab_panel_small</TemplateName>
      <Width>290</Width>
      <Height>62</Height>
    </FullResizeImageDef>

    <FullResizeImageDef>
      <ControlId>1120</ControlId>
      <Position>
        <X>10</X>
        <Y>27</Y>
      </Position>
      <Alignment>
      </Alignment>
      <TemplateName>fresizeimage_tab_panel_cmdxp</TemplateName>
      <Width>290</Width>
      <Height>62</Height>
    </FullResizeImageDef>

    <ButtonDef>
      <ControlId>1101</ControlId>
      <Position>
        <X>16</X>
        <Y>32</Y>
      </Position>
      <Alignment>
      </Alignment>
      <TemplateName>button_size_68</TemplateName>
      <Label>Attack</Label>
      <onClickEvent>ToggleAttackMode</onClickEvent>
    </ButtonDef>

    <ButtonDef>
      <ControlId>1102</ControlId>
      <Position>
        <X>86</X>
        <Y>32</Y>
      </Position>
      <Alignment>
      </Alignment>
      <TemplateName>button_size_68</TemplateName>
      <Label>Stick</Label>
      <onClickEvent>Stick</onClickEvent>
    </ButtonDef>

    <ButtonDef>
      <ControlId>1103</ControlId>
      <Position>
        <X>156</X>
        <Y>32</Y>
      </Position>
      <Alignment>
      </Alignment>
      <TemplateName>button_size_68</TemplateName>
      <Label>Face</Label>
      <onClickEvent>Face</onClickEvent>
    </ButtonDef>

    <ButtonDef>
      <ControlId>1104</ControlId>
      <Position>
        <X>226</X>
        <Y>32</Y>
      </Position>
      <Alignment>
      </Alignment>
      <TemplateName>button_size_68</TemplateName>
      <Label>Sprint</Label>
      <onClickEvent>Sprint</onClickEvent>
    </ButtonDef>

    <ButtonDef>
      <ControlId>1105</ControlId>
      <Position>
        <X>16</X>
        <Y>50</Y>
      </Position>
      <Alignment>
      </Alignment>
      <TemplateName>button_size_68</TemplateName>
      <Label>AFK</Label>
      <onClickEvent>Afk</onClickEvent>
    </ButtonDef>

    <ButtonDef>
      <ControlId>1106</ControlId>
      <Position>
        <X>86</X>
        <Y>50</Y>
      </Position>
      <Alignment>
      </Alignment>
      <TemplateName>button_size_68</TemplateName>
      <Label>Anon</Label>
      <onClickEvent>Anon</onClickEvent>
    </ButtonDef>

    <ButtonDef>
      <ControlId>1107</ControlId>
      <Position>
        <X>156</X>
        <Y>50</Y>
      </Position>
      <Alignment>
      </Alignment>
      <TemplateName>button_size_68</TemplateName>
      <Label>Follow</Label>
      <onClickEvent>Follow</onClickEvent>
    </ButtonDef>

    <ButtonDef>
      <ControlId>1108</ControlId>
      <Position>
        <X>226</X>
        <Y>50</Y>
      </Position>
      <Alignment>
      </Alignment>
      <TemplateName>button_size_68</TemplateName>
      <Label>Sit</Label>
      <onClickEvent>ToggleSitting</onClickEvent>
    </ButtonDef>

    <ButtonDef>
      <ControlId>1109</ControlId>
      <Position>
        <X>16</X>
        <Y>68</Y>
      </Position>
      <Alignment>
      </Alignment>
      <TemplateName>button_size_68</TemplateName>
      <Label>Bind</Label>
      <onClickEvent>Bind</onClickEvent>
    </ButtonDef>

    <ButtonDef>
      <ControlId>1110</ControlId>
      <Position>
        <X>86</X>
        <Y>68</Y>
      </Position>
      <Alignment>
      </Alignment>
      <TemplateName>button_size_68</TemplateName>
      <Label>Pray</Label>
      <onClickEvent>Pray</onClickEvent>
    </ButtonDef>

    <ButtonDef>
      <ControlId>1111</ControlId>
      <Position>
        <X>156</X>
        <Y>68</Y>
      </Position>
      <Alignment>
      </Alignment>
      <TemplateName>button_size_68</TemplateName>
      <Label>Release</Label>
      <onClickEvent>Release</onClickEvent>
    </ButtonDef>

    <ButtonDef>
      <ControlId>1112</ControlId>
      <Position>
        <X>226</X>
        <Y>68</Y>
      </Position>
      <Alignment>
      </Alignment>
      <TemplateName>button_size_68</TemplateName>
      <Label>Quit</Label>
      <onClickEvent>Quit</onClickEvent>
    </ButtonDef>

    <LabelDef>
      <ControlId>1113</ControlId>
      <Position>
        <X>15</X>
        <Y>10</Y>
      </Position>
      <Alignment>
      </Alignment>
      <Color>
        <R>255</R>
        <G>192</G>
        <B>0</B>
        <A>255</A>
      </Color>
      <FontName>font_buttons</FontName>
      <Width>50</Width>
      <Height>16</Height>
      <ColorAdapter></ColorAdapter>
      <MaxCharacters>8</MaxCharacters>
      <Data>Actions</Data>
      <EndAligned>false</EndAligned>
      <TextCentered>false</TextCentered>
      <Adapter></Adapter>
    </LabelDef>

    <!-- Mask -->

    <ImageAreaDef>
      <ControlId></ControlId>
      <Position>
        <X>10</X>
        <Y>27</Y>
      </Position>
      <Alignment>
      </Alignment>
      <TemplateName>imagearea_command_mask</TemplateName>
    </ImageAreaDef>

  </WindowTemplate>

</Root_Element>
