<?xml version="1.0" encoding="ISO-8859-1"?>
<Root_Element ID="DAOCUi">

<!-- @@ Edited with the DAoC User Interface Editor v1.77b -->
<!-- @@ Free download available at http://www.bradtownsend.com/daoced -->

  <Include>RCompassBGImages.xml</Include>

  <Include>RCompassInnerFrameImages.xml</Include>

  <Include>RCompassOuterFrameImages.xml</Include>

  <WindowTemplate>
    <Name>compass</Name>
    <WindowId>Compass</WindowId>
    <CloseButton>false</CloseButton>
    <MoveButton>false</MoveButton>
    <TopRightResizeButton>false</TopRightResizeButton>
    <BottomRightResizeButton>false</BottomRightResizeButton>
    <BottomLeftResizeButton>false</BottomLeftResizeButton>
    <ResizeButtonOffsetX>0</ResizeButtonOffsetX>
    <ResizeButtonOffsetY>0</ResizeButtonOffsetY>
    <TitleWidth>88</TitleWidth>
    <TitleHeight>88</TitleHeight>
    <Width>88</Width>
    <Height>88</Height>
    <ResizeableWidth>0</ResizeableWidth>
    <ResizeableHeight>0</ResizeableHeight>
    <ResizeableTwoWayWidth>0</ResizeableTwoWayWidth>
    <ResizeableTwoWayHeight>0</ResizeableTwoWayHeight>
    <MinWidth>0</MinWidth>
    <MinHeight>4</MinHeight>

    <!-- Round Compass Outer Frames -->

    <StatusIconDef>
      <ControlId></ControlId>
      <Position>
        <X>0</X>
        <Y>0</Y>
      </Position>
      <Alignment>
        <TopLeft>true</TopLeft>
      </Alignment>
      <TemplateName>statusicon_compass_outer_frames</TemplateName>
      <AdapterName>combat_mode</AdapterName>
    </StatusIconDef>

    <!-- Round Compass BG-->

    <StatusIconDef>
      <ControlId></ControlId>
      <Position>
        <X>12</X>
        <Y>12</Y>
      </Position>
      <Alignment>
      </Alignment>
      <TemplateName>statusicon_compass_bg</TemplateName>
      <AdapterName>compass_heading</AdapterName>
    </StatusIconDef>

    <!-- Round Compass Inner Frames -->

    <StatusIconDef>
      <ControlId></ControlId>
      <Position>
        <X>12</X>
        <Y>12</Y>
      </Position>
      <Alignment>
      </Alignment>
      <TemplateName>statusicon_compass_inner_frames</TemplateName>
      <AdapterName>combat_mode</AdapterName>
    </StatusIconDef>

  </WindowTemplate>

</Root_Element>
