<?xml version="1.0" encoding="ISO-8859-1"?>
<Root_Element ID="DAOCUi">

<!-- @@ Edited with the DAoC User Interface Editor v1.80 -->
<!-- @@ Free download available at http://www.bradtownsend.com/daoced -->

  <!-- Load Concentration Window -->

  <WindowTemplate>
    <Name>concentration</Name>
    <WindowId>Concentration</WindowId>
    <CloseButton>true</CloseButton>
    <MoveButton>true</MoveButton>
    <TopRightResizeButton>false</TopRightResizeButton>
    <BottomRightResizeButton>true</BottomRightResizeButton>
    <BottomLeftResizeButton>true</BottomLeftResizeButton>
    <ResizeButtonOffsetX>0</ResizeButtonOffsetX>
    <ResizeButtonOffsetY>0</ResizeButtonOffsetY>
    <TitleWidth>210</TitleWidth>
    <TitleHeight>10</TitleHeight>
    <Width>210</Width>
    <Height>210</Height>
    <ResizeableWidth>5</ResizeableWidth>
    <ResizeableHeight>5</ResizeableHeight>
    <ResizeableTwoWayWidth>0</ResizeableTwoWayWidth>
    <ResizeableTwoWayHeight>0</ResizeableTwoWayHeight>
    <MinWidth>210</MinWidth>
    <MinHeight>210</MinHeight>
    <ContextTemplateName></ContextTemplateName>

    <!-- Background Image -->

    <FullResizeImageDef>
      <ControlId>Background</ControlId>
      <Position>
        <X>0</X>
        <Y>0</Y>
      </Position>
      <Alignment>
        <GrowWidth>true</GrowWidth>
        <GrowHeight>true</GrowHeight>
      </Alignment>
      <TemplateName>fresizeimage_dlg_bg</TemplateName>
      <Width>210</Width>
      <Height>210</Height>
    </FullResizeImageDef>

    <!-- Title -->

    <LabelDef>
      <ControlId></ControlId>
      <Position>
        <X>0</X>
        <Y>11</Y>
      </Position>
      <Alignment>
        <GrowWidth>true</GrowWidth>
      </Alignment>
      <Color>
        <R>255</R>
        <G>192</G>
        <B>0</B>
        <A>255</A>
      </Color>
      <FontName>font_titles</FontName>
      <Width>210</Width>
      <Height>17</Height>
      <ColorAdapter></ColorAdapter>
      <MaxCharacters>32</MaxCharacters>
      <Data>Concentration</Data>
      <EndAligned>false</EndAligned>
      <TextCentered>true</TextCentered>
      <Adapter></Adapter>
    </LabelDef>

    <!--Face Button-->

    <InvisibleButtonDef>
      <ControlId>Face</ControlId>
      <Position>
        <X>0</X>
        <Y>11</Y>
      </Position>
      <Alignment>
        <GrowWidth>true</GrowWidth>
      </Alignment>
      <Label></Label>
      <OnClickEvent>Face</OnClickEvent>
      <Width>210</Width>
      <Height>17</Height>
    </InvisibleButtonDef>

    <!--Concentration Listbox-->

    <ListBoxDef>
      <ControlId>2000</ControlId>
      <Position>
        <X>10</X>
        <Y>27</Y>
      </Position>
      <Alignment>
        <GrowWidth>true</GrowWidth>
        <GrowHeight>true</GrowHeight>
      </Alignment>
      <Width>190</Width>
      <Height>157</Height>
      <TemplateName>listbox_concentration</TemplateName>
      <AdapterName>conc_list</AdapterName>
      <Sorting>false</Sorting>
      <Columns>2</Columns>
      <IconTemplate>plain_icon_small</IconTemplate>
      <ShowIndicator>false</ShowIndicator>
      <ShowDefaultToolTips>false</ShowDefaultToolTips>
      <OnHeaderClickEvent></OnHeaderClickEvent>
      <OnClickEvent></OnClickEvent>
    </ListBoxDef>

    <LabelDef>
      <ControlId></ControlId>
      <Position>
        <X>10</X>
        <Y>27</Y>
      </Position>
      <Alignment>
        <OffsetBottom>true</OffsetBottom>
        <GrowWidth>true</GrowWidth>
      </Alignment>
      <Color>
        <R>192</R>
        <G>192</G>
        <B>192</B>
        <A>255</A>
      </Color>
      <FontName>font_headings</FontName>
      <Width>190</Width>
      <Height>16</Height>
      <ColorAdapter></ColorAdapter>
      <MaxCharacters>51</MaxCharacters>
      <Data>Shift Right Click Buff to Remove</Data>
      <EndAligned>false</EndAligned>
      <TextCentered>true</TextCentered>
      <Adapter></Adapter>
    </LabelDef>

    <!--Status Bar-->

    <StatusBarDef>
      <ControlId></ControlId>
      <Position>
        <X>10</X>
        <Y>16</Y>
      </Position>
      <Alignment>
        <OffsetBottom>true</OffsetBottom>
        <GrowWidth>true</GrowWidth>
      </Alignment>
      <TemplateName>statusbar_orange_small</TemplateName>
      <AdapterName>concentration</AdapterName>
      <Width>153</Width>
    </StatusBarDef>

    <ScalarLabelDef>
      <ControlId></ControlId>
      <Position>
        <X>22</X>
        <Y>9</Y>
      </Position>
      <Alignment>
        <OffsetBottom>true</OffsetBottom>
        <OffsetRight>true</OffsetRight>
      </Alignment>
      <FontName>font_buttons_small</FontName>
      <Adapter>concentration</Adapter>
      <ColorAdapter></ColorAdapter>
      <Width>20</Width>
      <Height>16</Height>
      <MaxCharacters>5</MaxCharacters>
      <Color>
        <R>242</R>
        <G>121</G>
        <B>61</B>
        <A>255</A>
      </Color>
      <Data></Data>
      <EndAligned>false</EndAligned>
      <TextCentered>true</TextCentered>
      <DontDrawWhenZero>false</DontDrawWhenZero>
      <DontDrawWhenNegOne>true</DontDrawWhenNegOne>    
	</ScalarLabelDef>

    <LabelDef>
      <ControlId></ControlId>
      <Position>
        <X>10</X>
        <Y>9</Y>
      </Position>
      <Alignment>
        <OffsetBottom>true</OffsetBottom>
        <OffsetRight>true</OffsetRight>
      </Alignment>
      <Color>
        <R>242</R>
        <G>121</G>
        <B>61</B>
        <A>255</A>
      </Color>
      <FontName>font_buttons_small</FontName>
      <Width>9</Width>
      <Height>16</Height>
      <ColorAdapter></ColorAdapter>
      <MaxCharacters>2</MaxCharacters>
      <Data>%</Data>
      <EndAligned>false</EndAligned>
      <TextCentered>false</TextCentered>
      <Adapter></Adapter>
    </LabelDef>

  </WindowTemplate>

</Root_Element>
