<?xml version="1.0" encoding="ISO-8859-1"?>
<Root_Element ID="DAOCUi">

<!-- @@ Edited with the DAoC User Interface Editor v1.80 -->
<!-- @@ Free download available at http://www.bradtownsend.com/daoced -->

  <WindowTemplate>
    <Name>context_default_channel</Name>
    <WindowId>ContextFontSize</WindowId>
    <CloseButton>false</CloseButton>
    <MoveButton>false</MoveButton>
    <TopRightResizeButton>false</TopRightResizeButton>
    <BottomRightResizeButton>false</BottomRightResizeButton>
    <BottomLeftResizeButton>false</BottomLeftResizeButton>
    <ResizeButtonOffsetX>0</ResizeButtonOffsetX>
    <ResizeButtonOffsetY>0</ResizeButtonOffsetY>
    <TitleWidth>130</TitleWidth>
    <TitleHeight>10</TitleHeight>
    <Width>130</Width>
    <Height>172</Height>
    <ResizeableWidth>0</ResizeableWidth>
    <ResizeableHeight>0</ResizeableHeight>
    <ResizeableTwoWayWidth>0</ResizeableTwoWayWidth>
    <ResizeableTwoWayHeight>0</ResizeableTwoWayHeight>
    <MinWidth>130</MinWidth>
    <MinHeight>172</MinHeight>
    <ContextTemplateName></ContextTemplateName>

    <!--Background-->

    <FullResizeImageDef>
      <ControlId></ControlId>
      <Position>
        <X>0</X>
        <Y>0</Y>
      </Position>
      <Alignment>
        <TopLeft>true</TopLeft>
      </Alignment>
      <TemplateName>fresizeimage_dlg_bg</TemplateName>
      <Width>130</Width>
      <Height>172</Height>
    </FullResizeImageDef>

    <FullResizeImageDef>
      <ControlId></ControlId>
      <Position>
        <X>10</X>
        <Y>10</Y>
      </Position>
      <Alignment>
      </Alignment>
      <TemplateName>fresizeimage_dlg_interior</TemplateName>
      <Width>110</Width>
      <Height>152</Height>
    </FullResizeImageDef>

    <!--Command Buttons-->

    <HorizontalResizeImageButtonDef>
      <ControlId>2012</ControlId>
      <Position>
        <X>15</X>
        <Y>15</Y>
      </Position>
      <Alignment>
        <TopLeft>true</TopLeft>
      </Alignment>
      <ImageAreaTemplateName>imagearea_checkmark_yellow</ImageAreaTemplateName>
      <HRButtonTemplateName>hresizebutton_generic</HRButtonTemplateName>
      <Width>100</Width>
      <ImageOffset>
        <X>83</X>
        <Y>0</Y>
      </ImageOffset>
      <Label>None</Label>
      <Labelalignment>
        <CenterVertically>true</CenterVertically>
      </Labelalignment>
      <LabelIndent>3</LabelIndent>
      <Onclickevent>ContextSetDefaultChannel</Onclickevent>
    </HorizontalResizeImageButtonDef>

    <HorizontalResizeImageButtonDef>
      <ControlId>2013</ControlId>
      <Position>
        <X>15</X>
        <Y>33</Y>
      </Position>
      <Alignment>
        <TopLeft>true</TopLeft>
      </Alignment>
      <ImageAreaTemplateName>imagearea_checkmark_yellow</ImageAreaTemplateName>
      <HRButtonTemplateName>hresizebutton_generic</HRButtonTemplateName>
      <Width>100</Width>
      <ImageOffset>
        <X>83</X>
        <Y>0</Y>
      </ImageOffset>
      <Label>Say</Label>
      <Labelalignment>
        <CenterVertically>true</CenterVertically>
      </Labelalignment>
      <LabelIndent>3</LabelIndent>
      <Onclickevent>ContextSetDefaultChannel</Onclickevent>
    </HorizontalResizeImageButtonDef>

    <HorizontalResizeImageButtonDef>
      <ControlId>2015</ControlId>
      <Position>
        <X>15</X>
        <Y>51</Y>
      </Position>
      <Alignment>
        <TopLeft>true</TopLeft>
      </Alignment>
      <ImageAreaTemplateName>imagearea_checkmark_yellow</ImageAreaTemplateName>
      <HRButtonTemplateName>hresizebutton_generic</HRButtonTemplateName>
      <Width>100</Width>
      <ImageOffset>
        <X>83</X>
        <Y>0</Y>
      </ImageOffset>
      <Label>Guild</Label>
      <Labelalignment>
        <CenterVertically>true</CenterVertically>
      </Labelalignment>
      <LabelIndent>3</LabelIndent>
      <Onclickevent>ContextSetDefaultChannel</Onclickevent>
    </HorizontalResizeImageButtonDef>

    <HorizontalResizeImageButtonDef>
      <ControlId>2014</ControlId>
      <Position>
        <X>15</X>
        <Y>69</Y>
      </Position>
      <Alignment>
        <TopLeft>true</TopLeft>
      </Alignment>
      <ImageAreaTemplateName>imagearea_checkmark_yellow</ImageAreaTemplateName>
      <HRButtonTemplateName>hresizebutton_generic</HRButtonTemplateName>
      <Width>100</Width>
      <ImageOffset>
        <X>83</X>
        <Y>0</Y>
      </ImageOffset>
      <Label>Group</Label>
      <Labelalignment>
        <CenterVertically>true</CenterVertically>
      </Labelalignment>
      <LabelIndent>3</LabelIndent>
      <Onclickevent>ContextSetDefaultChannel</Onclickevent>
    </HorizontalResizeImageButtonDef>

    <HorizontalResizeImageButtonDef>
      <ControlId>2016</ControlId>
      <Position>
        <X>15</X>
        <Y>87</Y>
      </Position>
      <Alignment>
        <TopLeft>true</TopLeft>
      </Alignment>
      <ImageAreaTemplateName>imagearea_checkmark_yellow</ImageAreaTemplateName>
      <HRButtonTemplateName>hresizebutton_generic</HRButtonTemplateName>
      <Width>100</Width>
      <ImageOffset>
        <X>83</X>
        <Y>0</Y>
      </ImageOffset>
      <Label>Officer</Label>
      <Labelalignment>
        <CenterVertically>true</CenterVertically>
      </Labelalignment>
      <LabelIndent>3</LabelIndent>
      <Onclickevent>ContextSetDefaultChannel</Onclickevent>
    </HorizontalResizeImageButtonDef>

    <HorizontalResizeImageButtonDef>
      <ControlId>2017</ControlId>
      <Position>
        <X>15</X>
        <Y>105</Y>
      </Position>
      <Alignment>
        <TopLeft>true</TopLeft>
      </Alignment>
      <ImageAreaTemplateName>imagearea_checkmark_yellow</ImageAreaTemplateName>
      <HRButtonTemplateName>hresizebutton_generic</HRButtonTemplateName>
      <Width>100</Width>
      <ImageOffset>
        <X>83</X>
        <Y>0</Y>
      </ImageOffset>
      <Label>Alliance</Label>
      <Labelalignment>
        <CenterVertically>true</CenterVertically>
      </Labelalignment>
      <LabelIndent>3</LabelIndent>
      <Onclickevent>ContextSetDefaultChannel</Onclickevent>
    </HorizontalResizeImageButtonDef>

    <HorizontalResizeImageButtonDef>
      <ControlId>2018</ControlId>
      <Position>
        <X>15</X>
        <Y>123</Y>
      </Position>
      <Alignment>
        <TopLeft>true</TopLeft>
      </Alignment>
      <ImageAreaTemplateName>imagearea_checkmark_yellow</ImageAreaTemplateName>
      <HRButtonTemplateName>hresizebutton_generic</HRButtonTemplateName>
      <Width>100</Width>
      <ImageOffset>
        <X>83</X>
        <Y>0</Y>
      </ImageOffset>
      <Label>Chat Group</Label>
      <Labelalignment>
        <CenterVertically>true</CenterVertically>
      </Labelalignment>
      <LabelIndent>3</LabelIndent>
      <Onclickevent>ContextSetDefaultChannel</Onclickevent>
    </HorizontalResizeImageButtonDef>

    <HorizontalResizeImageButtonDef>
      <ControlId>2019</ControlId>
      <Position>
        <X>15</X>
        <Y>141</Y>
      </Position>
      <Alignment>
        <TopLeft>true</TopLeft>
      </Alignment>
      <ImageAreaTemplateName>imagearea_checkmark_yellow</ImageAreaTemplateName>
      <HRButtonTemplateName>hresizebutton_generic</HRButtonTemplateName>
      <Width>100</Width>
      <ImageOffset>
        <X>83</X>
        <Y>0</Y>
      </ImageOffset>
      <Label>Battle Group</Label>
      <Labelalignment>
        <CenterVertically>true</CenterVertically>
      </Labelalignment>
      <LabelIndent>3</LabelIndent>
      <Onclickevent>ContextSetDefaultChannel</Onclickevent>
    </HorizontalResizeImageButtonDef>

  </WindowTemplate>

</Root_Element>
