<?xml version="1.0" encoding="ISO-8859-1"?>
<Root_Element ID="DAOCUi">

<!-- @@ Edited with the DAoC User Interface Editor v1.80 -->
<!-- @@ Free download available at http://www.bradtownsend.com/daoced -->

  <WindowTemplate>
    <Name>context_font_size</Name>
    <WindowId>ContextFontSize</WindowId>
    <CloseButton>false</CloseButton>
    <MoveButton>false</MoveButton>
    <TopRightResizeButton>false</TopRightResizeButton>
    <BottomRightResizeButton>false</BottomRightResizeButton>
    <BottomLeftResizeButton>false</BottomLeftResizeButton>
    <ResizeButtonOffsetX>0</ResizeButtonOffsetX>
    <ResizeButtonOffsetY>0</ResizeButtonOffsetY>
    <TitleWidth>70</TitleWidth>
    <TitleHeight>10</TitleHeight>
    <Width>70</Width>
    <Height>208</Height>
    <ResizeableWidth>0</ResizeableWidth>
    <ResizeableHeight>0</ResizeableHeight>
    <ResizeableTwoWayWidth>0</ResizeableTwoWayWidth>
    <ResizeableTwoWayHeight>0</ResizeableTwoWayHeight>
    <MinWidth>70</MinWidth>
    <MinHeight>208</MinHeight>
    <ContextTemplateName></ContextTemplateName>

    <!--Background-->

    <FullResizeImageDef>
      <ControlId></ControlId>
      <Position>
        <X>0</X>
        <Y>0</Y>
      </Position>
      <Alignment>
        <TopLeft>true</TopLeft>
      </Alignment>
      <TemplateName>fresizeimage_dlg_bg_tiny</TemplateName>
      <Width>70</Width>
      <Height>208</Height>
    </FullResizeImageDef>

    <FullResizeImageDef>
      <ControlId></ControlId>
      <Position>
        <X>10</X>
        <Y>10</Y>
      </Position>
      <Alignment>
      </Alignment>
      <TemplateName>fresizeimage_dlg_interior_tiny</TemplateName>
      <Width>50</Width>
      <Height>188</Height>
    </FullResizeImageDef>

    <!--Command Buttons-->

    <HorizontalResizeImageButtonDef>
      <ControlId>2002</ControlId>
      <Position>
        <X>15</X>
        <Y>15</Y>
      </Position>
      <Alignment>
        <TopLeft>true</TopLeft>
      </Alignment>
      <ImageAreaTemplateName>imagearea_checkmark_yellow</ImageAreaTemplateName>
      <HRButtonTemplateName>hresizebutton_generic</HRButtonTemplateName>
      <Width>40</Width>
      <ImageOffset>
        <X>23</X>
        <Y>0</Y>
      </ImageOffset>
      <Label>9</Label>
      <Labelalignment>
        <CenterVertically>true</CenterVertically>
      </Labelalignment>
      <LabelIndent>3</LabelIndent>
      <Onclickevent>ContextSetFontSize</Onclickevent>
    </HorizontalResizeImageButtonDef>

    <HorizontalResizeImageButtonDef>
      <ControlId>2003</ControlId>
      <Position>
        <X>15</X>
        <Y>33</Y>
      </Position>
      <Alignment>
        <TopLeft>true</TopLeft>
      </Alignment>
      <ImageAreaTemplateName>imagearea_checkmark_yellow</ImageAreaTemplateName>
      <HRButtonTemplateName>hresizebutton_generic</HRButtonTemplateName>
      <Width>40</Width>
      <ImageOffset>
        <X>23</X>
        <Y>0</Y>
      </ImageOffset>
      <Label>10</Label>
      <Labelalignment>
        <CenterVertically>true</CenterVertically>
      </Labelalignment>
      <LabelIndent>3</LabelIndent>
      <Onclickevent>ContextSetFontSize</Onclickevent>
    </HorizontalResizeImageButtonDef>

    <HorizontalResizeImageButtonDef>
      <ControlId>2004</ControlId>
      <Position>
        <X>15</X>
        <Y>51</Y>
      </Position>
      <Alignment>
        <TopLeft>true</TopLeft>
      </Alignment>
      <ImageAreaTemplateName>imagearea_checkmark_yellow</ImageAreaTemplateName>
      <HRButtonTemplateName>hresizebutton_generic</HRButtonTemplateName>
      <Width>40</Width>
      <ImageOffset>
        <X>23</X>
        <Y>0</Y>
      </ImageOffset>
      <Label>11</Label>
      <Labelalignment>
        <CenterVertically>true</CenterVertically>
      </Labelalignment>
      <LabelIndent>3</LabelIndent>
      <Onclickevent>ContextSetFontSize</Onclickevent>
    </HorizontalResizeImageButtonDef>

    <HorizontalResizeImageButtonDef>
      <ControlId>2005</ControlId>
      <Position>
        <X>15</X>
        <Y>69</Y>
      </Position>
      <Alignment>
        <TopLeft>true</TopLeft>
      </Alignment>
      <ImageAreaTemplateName>imagearea_checkmark_yellow</ImageAreaTemplateName>
      <HRButtonTemplateName>hresizebutton_generic</HRButtonTemplateName>
      <Width>40</Width>
      <ImageOffset>
        <X>23</X>
        <Y>0</Y>
      </ImageOffset>
      <Label>12</Label>
      <Labelalignment>
        <CenterVertically>true</CenterVertically>
      </Labelalignment>
      <LabelIndent>3</LabelIndent>
      <Onclickevent>ContextSetFontSize</Onclickevent>
    </HorizontalResizeImageButtonDef>

    <HorizontalResizeImageButtonDef>
      <ControlId>2006</ControlId>
      <Position>
        <X>15</X>
        <Y>87</Y>
      </Position>
      <Alignment>
        <TopLeft>true</TopLeft>
      </Alignment>
      <ImageAreaTemplateName>imagearea_checkmark_yellow</ImageAreaTemplateName>
      <HRButtonTemplateName>hresizebutton_generic</HRButtonTemplateName>
      <Width>40</Width>
      <ImageOffset>
        <X>23</X>
        <Y>0</Y>
      </ImageOffset>
      <Label>13</Label>
      <Labelalignment>
        <CenterVertically>true</CenterVertically>
      </Labelalignment>
      <LabelIndent>3</LabelIndent>
      <Onclickevent>ContextSetFontSize</Onclickevent>
    </HorizontalResizeImageButtonDef>

    <HorizontalResizeImageButtonDef>
      <ControlId>2007</ControlId>
      <Position>
        <X>15</X>
        <Y>105</Y>
      </Position>
      <Alignment>
        <TopLeft>true</TopLeft>
      </Alignment>
      <ImageAreaTemplateName>imagearea_checkmark_yellow</ImageAreaTemplateName>
      <HRButtonTemplateName>hresizebutton_generic</HRButtonTemplateName>
      <Width>40</Width>
      <ImageOffset>
        <X>23</X>
        <Y>0</Y>
      </ImageOffset>
      <Label>14</Label>
      <Labelalignment>
        <CenterVertically>true</CenterVertically>
      </Labelalignment>
      <LabelIndent>3</LabelIndent>
      <Onclickevent>ContextSetFontSize</Onclickevent>
    </HorizontalResizeImageButtonDef>

    <HorizontalResizeImageButtonDef>
      <ControlId>2008</ControlId>
      <Position>
        <X>15</X>
        <Y>123</Y>
      </Position>
      <Alignment>
        <TopLeft>true</TopLeft>
      </Alignment>
      <ImageAreaTemplateName>imagearea_checkmark_yellow</ImageAreaTemplateName>
      <HRButtonTemplateName>hresizebutton_generic</HRButtonTemplateName>
      <Width>40</Width>
      <ImageOffset>
        <X>23</X>
        <Y>0</Y>
      </ImageOffset>
      <Label>15</Label>
      <Labelalignment>
        <CenterVertically>true</CenterVertically>
      </Labelalignment>
      <LabelIndent>3</LabelIndent>
      <Onclickevent>ContextSetFontSize</Onclickevent>
    </HorizontalResizeImageButtonDef>

    <HorizontalResizeImageButtonDef>
      <ControlId>2009</ControlId>
      <Position>
        <X>15</X>
        <Y>141</Y>
      </Position>
      <Alignment>
        <TopLeft>true</TopLeft>
      </Alignment>
      <ImageAreaTemplateName>imagearea_checkmark_yellow</ImageAreaTemplateName>
      <HRButtonTemplateName>hresizebutton_generic</HRButtonTemplateName>
      <Width>40</Width>
      <ImageOffset>
        <X>23</X>
        <Y>0</Y>
      </ImageOffset>
      <Label>16</Label>
      <Labelalignment>
        <CenterVertically>true</CenterVertically>
      </Labelalignment>
      <LabelIndent>3</LabelIndent>
      <Onclickevent>ContextSetFontSize</Onclickevent>
    </HorizontalResizeImageButtonDef>

    <HorizontalResizeImageButtonDef>
      <ControlId>2010</ControlId>
      <Position>
        <X>15</X>
        <Y>159</Y>
      </Position>
      <Alignment>
        <TopLeft>true</TopLeft>
      </Alignment>
      <ImageAreaTemplateName>imagearea_checkmark_yellow</ImageAreaTemplateName>
      <HRButtonTemplateName>hresizebutton_generic</HRButtonTemplateName>
      <Width>40</Width>
      <ImageOffset>
        <X>23</X>
        <Y>0</Y>
      </ImageOffset>
      <Label>18</Label>
      <Labelalignment>
        <CenterVertically>true</CenterVertically>
      </Labelalignment>
      <LabelIndent>3</LabelIndent>
      <Onclickevent>ContextSetFontSize</Onclickevent>
    </HorizontalResizeImageButtonDef>

    <HorizontalResizeImageButtonDef>
      <ControlId>2011</ControlId>
      <Position>
        <X>15</X>
        <Y>177</Y>
      </Position>
      <Alignment>
        <TopLeft>true</TopLeft>
      </Alignment>
      <ImageAreaTemplateName>imagearea_checkmark_yellow</ImageAreaTemplateName>
      <HRButtonTemplateName>hresizebutton_generic</HRButtonTemplateName>
      <Width>40</Width>
      <ImageOffset>
        <X>23</X>
        <Y>0</Y>
      </ImageOffset>
      <Label>21</Label>
      <Labelalignment>
        <CenterVertically>true</CenterVertically>
      </Labelalignment>
      <LabelIndent>3</LabelIndent>
      <Onclickevent>ContextSetFontSize</Onclickevent>
    </HorizontalResizeImageButtonDef>

  </WindowTemplate>

</Root_Element>
