<?xml version="1.0" encoding="ISO-8859-1"?>
<Root_Element ID="DAOCUi">

<!-- @@ Edited with the DAoC User Interface Editor v1.80 -->
<!-- @@ Free download available at http://www.bradtownsend.com/daoced -->

  <WindowTemplate>
    <Name>emoticon_context</Name>
    <WindowId>contextemoticon</WindowId>
    <CloseButton>false</CloseButton>
    <MoveButton>false</MoveButton>
    <TopRightResizeButton>false</TopRightResizeButton>
    <BottomRightResizeButton>false</BottomRightResizeButton>
    <BottomLeftResizeButton>false</BottomLeftResizeButton>
    <ResizeButtonOffsetX>0</ResizeButtonOffsetX>
    <ResizeButtonOffsetY>0</ResizeButtonOffsetY>
    <TitleWidth>130</TitleWidth>
    <TitleHeight>10</TitleHeight>
    <Width>130</Width>
    <Height>64</Height>
    <ResizeableWidth>0</ResizeableWidth>
    <ResizeableHeight>0</ResizeableHeight>
    <ResizeableTwoWayWidth>0</ResizeableTwoWayWidth>
    <ResizeableTwoWayHeight>0</ResizeableTwoWayHeight>
    <MinWidth>130</MinWidth>
    <MinHeight>64</MinHeight>
    <ContextTemplateName></ContextTemplateName>

    <!--Background-->

    <FullResizeImageDef>
      <ControlId></ControlId>
      <Position>
        <X>0</X>
        <Y>0</Y>
      </Position>
      <Alignment>
        <TopLeft>true</TopLeft>
      </Alignment>
      <TemplateName>fresizeimage_dlg_bg_small</TemplateName>
      <Width>130</Width>
      <Height>64</Height>
    </FullResizeImageDef>

    <FullResizeImageDef>
      <ControlId></ControlId>
      <Position>
        <X>10</X>
        <Y>10</Y>
      </Position>
      <Alignment>
      </Alignment>
      <TemplateName>fresizeimage_dlg_interior_small</TemplateName>
      <Width>110</Width>
      <Height>44</Height>
    </FullResizeImageDef>

    <!--Command Buttons-->

    <ButtonDef>
      <ControlId></ControlId>
      <Position>
        <X>15</X>
        <Y>15</Y>
      </Position>
      <Alignment>
      </Alignment>
      <TemplateName>button_generic_wide</TemplateName>
      <Label>Font Alpha</Label>
      <onClickEvent>ContextOnFontAlpha</onClickEvent>
    </ButtonDef>

    <ButtonDef>
      <ControlId></ControlId>
      <Position>
        <X>15</X>
        <Y>33</Y>
      </Position>
      <Alignment>
      </Alignment>
      <TemplateName>button_generic_wide</TemplateName>
      <Label>Window Alpha</Label>
      <onClickEvent>ContextOnWindowAlpha</onClickEvent>
    </ButtonDef>

  </WindowTemplate>

</Root_Element>
