<?xml version="1.0" encoding="ISO-8859-1"?>
<Root_Element ID="DAOCUi">

<!-- @@ Edited with the DAoC User Interface Editor v1.80 -->
<!-- @@ Free download available at http://www.bradtownsend.com/daoced -->

  <!-- Load Realm Rank Images -->

  <Texture>
    <Name>RRImage_01</Name>
    <File>custom/assets/textures/RRankImages_01.tga</File>
  </Texture>

  <Texture>
    <Name>RRImage_02</Name>
    <File>custom/assets/textures/RRankImages_02.tga</File>
  </Texture>

  <Texture>
    <Name>RRImage_03</Name>
    <File>custom/assets/textures/RRankImages_03.tga</File>
  </Texture>

  <Texture>
    <Name>RRImage_04</Name>
    <File>custom/assets/textures/RRankImages_04.tga</File>
  </Texture>

  <Texture>
    <Name>RRImage_05</Name>
    <File>custom/assets/textures/RRankImages_05.tga</File>
  </Texture>

  <Texture>
    <Name>RRImage_06</Name>
    <File>custom/assets/textures/RRankImages_06.tga</File>
  </Texture>

  <!-- Load RealmRanks Window -->

  <WindowTemplate>
    <Name>custom17_window</Name>
    <WindowId>Realm Ranks</WindowId>
    <CloseButton>true</CloseButton>
    <MoveButton>true</MoveButton>
    <TopRightResizeButton>false</TopRightResizeButton>
    <BottomRightResizeButton>false</BottomRightResizeButton>
    <BottomLeftResizeButton>false</BottomLeftResizeButton>
    <ResizeButtonOffsetX>0</ResizeButtonOffsetX>
    <ResizeButtonOffsetY>0</ResizeButtonOffsetY>
    <TitleWidth>600</TitleWidth>
    <TitleHeight>27</TitleHeight>
    <Width>600</Width>
    <Height>324</Height>
    <ResizeableWidth>0</ResizeableWidth>
    <ResizeableHeight>0</ResizeableHeight>
    <ResizeableTwoWayWidth>0</ResizeableTwoWayWidth>
    <ResizeableTwoWayHeight>0</ResizeableTwoWayHeight>
    <MinWidth>600</MinWidth>
    <MinHeight>324</MinHeight>
    <ContextTemplateName></ContextTemplateName>

    <!-- Background Image -->

    <FullResizeImageDef>
      <ControlId></ControlId>
      <Position>
        <X>0</X>
        <Y>0</Y>
      </Position>
      <Alignment>
      </Alignment>
      <TemplateName>fresizeimage_dlg_bg</TemplateName>
      <Width>600</Width>
      <Height>324</Height>
    </FullResizeImageDef>

    <!-- Title -->

    <LabelDef>
      <ControlId></ControlId>
      <Position>
        <X>0</X>
        <Y>11</Y>
      </Position>
      <Alignment>
      </Alignment>
      <Color>
        <R>255</R>
        <G>192</G>
        <B>0</B>
        <A>255</A>
      </Color>
      <FontName>font_titles</FontName>
      <Width>600</Width>
      <Height>17</Height>
      <ColorAdapter></ColorAdapter>
      <MaxCharacters>40</MaxCharacters>
      <Data>Realm Rank and Battleground Information</Data>
      <EndAligned>false</EndAligned>
      <TextCentered>true</TextCentered>
      <Adapter></Adapter>
    </LabelDef>

    <!-- Tab controls -->

    <TabsDef>
      <TemplateName>tabs_generic_wide</TemplateName>
      <ControlId></ControlId>
      <Position>
        <X>5</X>
        <Y>14</Y>
      </Position>
      <Alignment>
      </Alignment>
      <Width>580</Width>
      <Height>286</Height>
      <onCLickEvent>ComTabChanged</onCLickEvent>
    <Tab>
      <Id>1</Id>
      <Name>RRank Graph</Name>
    </Tab>
    <Tab>
      <Id>2</Id>
      <Name>RRanks 1-5</Name>
    </Tab>
    <Tab>
      <Id>3</Id>
      <Name>RRanks 6-10</Name>
    </Tab>
    <Tab>
      <Id>4</Id>
      <Name>RRanks 11-13</Name>
    </Tab>
    <Tab>
      <Id>5</Id>
      <Name>RRank Titles</Name>
    </Tab>
    <Tab>
      <Id>6</Id>
      <Name>Battlegrounds</Name>
    </Tab>
      <TabControl>
        <TabId>1</TabId>
        <ControlId>1100</ControlId>
      </TabControl>
      <TabControl>
        <TabId>1</TabId>
        <ControlId>1101</ControlId>
      </TabControl>
      <TabControl>
        <TabId>1</TabId>
        <ControlId>1102</ControlId>
      </TabControl>
      <TabControl>
        <TabId>1</TabId>
        <ControlId>1110</ControlId>
      </TabControl>
      <TabControl>
        <TabId>1</TabId>
        <ControlId>1111</ControlId>
      </TabControl>
      <TabControl>
        <TabId>1</TabId>
        <ControlId>1112</ControlId>
      </TabControl>
      <TabControl>
        <TabId>1</TabId>
        <ControlId>1113</ControlId>
      </TabControl>
      <TabControl>
        <TabId>1</TabId>
        <ControlId>1114</ControlId>
      </TabControl>
      <TabControl>
        <TabId>1</TabId>
        <ControlId>1130</ControlId>
      </TabControl>
      <TabControl>
        <TabId>2</TabId>
        <ControlId>1200</ControlId>
      </TabControl>
      <TabControl>
        <TabId>2</TabId>
        <ControlId>1210</ControlId>
      </TabControl>
      <TabControl>
        <TabId>2</TabId>
        <ControlId>1211</ControlId>
      </TabControl>
      <TabControl>
        <TabId>2</TabId>
        <ControlId>1212</ControlId>
      </TabControl>
      <TabControl>
        <TabId>2</TabId>
        <ControlId>1213</ControlId>
      </TabControl>
      <TabControl>
        <TabId>2</TabId>
        <ControlId>1214</ControlId>
      </TabControl>
      <TabControl>
        <TabId>2</TabId>
        <ControlId>1220</ControlId>
      </TabControl>
      <TabControl>
        <TabId>2</TabId>
        <ControlId>1221</ControlId>
      </TabControl>
      <TabControl>
        <TabId>2</TabId>
        <ControlId>1222</ControlId>
      </TabControl>
      <TabControl>
        <TabId>2</TabId>
        <ControlId>1223</ControlId>
      </TabControl>
      <TabControl>
        <TabId>2</TabId>
        <ControlId>1224</ControlId>
      </TabControl>
      <TabControl>
        <TabId>2</TabId>
        <ControlId>1225</ControlId>
      </TabControl>
      <TabControl>
        <TabId>2</TabId>
        <ControlId>1226</ControlId>
      </TabControl>
      <TabControl>
        <TabId>2</TabId>
        <ControlId>1230</ControlId>
      </TabControl>
      <TabControl>
        <TabId>3</TabId>
        <ControlId>1300</ControlId>
      </TabControl>
      <TabControl>
        <TabId>3</TabId>
        <ControlId>1310</ControlId>
      </TabControl>
      <TabControl>
        <TabId>3</TabId>
        <ControlId>1311</ControlId>
      </TabControl>
      <TabControl>
        <TabId>3</TabId>
        <ControlId>1312</ControlId>
      </TabControl>
      <TabControl>
        <TabId>3</TabId>
        <ControlId>1313</ControlId>
      </TabControl>
      <TabControl>
        <TabId>3</TabId>
        <ControlId>1314</ControlId>
      </TabControl>
      <TabControl>
        <TabId>3</TabId>
        <ControlId>1320</ControlId>
      </TabControl>
      <TabControl>
        <TabId>3</TabId>
        <ControlId>1321</ControlId>
      </TabControl>
      <TabControl>
        <TabId>3</TabId>
        <ControlId>1322</ControlId>
      </TabControl>
      <TabControl>
        <TabId>3</TabId>
        <ControlId>1323</ControlId>
      </TabControl>
      <TabControl>
        <TabId>3</TabId>
        <ControlId>1324</ControlId>
      </TabControl>
      <TabControl>
        <TabId>3</TabId>
        <ControlId>1325</ControlId>
      </TabControl>
      <TabControl>
        <TabId>3</TabId>
        <ControlId>1326</ControlId>
      </TabControl>
      <TabControl>
        <TabId>3</TabId>
        <ControlId>1330</ControlId>
      </TabControl>
      <TabControl>
        <TabId>4</TabId>
        <ControlId>1400</ControlId>
      </TabControl>
      <TabControl>
        <TabId>4</TabId>
        <ControlId>1410</ControlId>
      </TabControl>
      <TabControl>
        <TabId>4</TabId>
        <ControlId>1411</ControlId>
      </TabControl>
      <TabControl>
        <TabId>4</TabId>
        <ControlId>1412</ControlId>
      </TabControl>
      <TabControl>
        <TabId>4</TabId>
        <ControlId>1413</ControlId>
      </TabControl>
      <TabControl>
        <TabId>4</TabId>
        <ControlId>1414</ControlId>
      </TabControl>
      <TabControl>
        <TabId>4</TabId>
        <ControlId>1420</ControlId>
      </TabControl>
      <TabControl>
        <TabId>4</TabId>
        <ControlId>1421</ControlId>
      </TabControl>
      <TabControl>
        <TabId>4</TabId>
        <ControlId>1422</ControlId>
      </TabControl>
      <TabControl>
        <TabId>4</TabId>
        <ControlId>1423</ControlId>
      </TabControl>
      <TabControl>
        <TabId>4</TabId>
        <ControlId>1424</ControlId>
      </TabControl>
      <TabControl>
        <TabId>4</TabId>
        <ControlId>1425</ControlId>
      </TabControl>
      <TabControl>
        <TabId>4</TabId>
        <ControlId>1426</ControlId>
      </TabControl>
      <TabControl>
        <TabId>4</TabId>
        <ControlId>1430</ControlId>
      </TabControl>
      <TabControl>
        <TabId>5</TabId>
        <ControlId>1500</ControlId>
      </TabControl>
      <TabControl>
        <TabId>5</TabId>
        <ControlId>1510</ControlId>
      </TabControl>
      <TabControl>
        <TabId>5</TabId>
        <ControlId>1511</ControlId>
      </TabControl>
      <TabControl>
        <TabId>5</TabId>
        <ControlId>1512</ControlId>
      </TabControl>
      <TabControl>
        <TabId>5</TabId>
        <ControlId>1513</ControlId>
      </TabControl>
      <TabControl>
        <TabId>5</TabId>
        <ControlId>1514</ControlId>
      </TabControl>
      <TabControl>
        <TabId>5</TabId>
        <ControlId>1520</ControlId>
      </TabControl>
      <TabControl>
        <TabId>5</TabId>
        <ControlId>1521</ControlId>
      </TabControl>
      <TabControl>
        <TabId>5</TabId>
        <ControlId>1522</ControlId>
      </TabControl>
      <TabControl>
        <TabId>5</TabId>
        <ControlId>1523</ControlId>
      </TabControl>
      <TabControl>
        <TabId>5</TabId>
        <ControlId>1524</ControlId>
      </TabControl>
      <TabControl>
        <TabId>5</TabId>
        <ControlId>1525</ControlId>
      </TabControl>
      <TabControl>
        <TabId>5</TabId>
        <ControlId>1526</ControlId>
      </TabControl>
      <TabControl>
        <TabId>5</TabId>
        <ControlId>1530</ControlId>
      </TabControl>
      <TabControl>
        <TabId>6</TabId>
        <ControlId>1600</ControlId>
      </TabControl>
      <TabControl>
        <TabId>6</TabId>
        <ControlId>1630</ControlId>
      </TabControl>
      <TabControl>
        <TabId>6</TabId>
        <ControlId>1620</ControlId>
      </TabControl>
      <TabControl>
        <TabId>6</TabId>
        <ControlId>1621</ControlId>
      </TabControl>
      <TabControl>
        <TabId>6</TabId>
        <ControlId>1622</ControlId>
      </TabControl>
      <TabControl>
        <TabId>6</TabId>
        <ControlId>1623</ControlId>
      </TabControl>
      <TabControl>
        <TabId>6</TabId>
        <ControlId>1624</ControlId>
      </TabControl>
      <TabControl>
        <TabId>6</TabId>
        <ControlId>1625</ControlId>
      </TabControl>
      <TabControl>
        <TabId>6</TabId>
        <ControlId>1626</ControlId>
      </TabControl>
    </TabsDef>

    <!-- Tab2 controls -->

    <FullResizeImageDef>
      <ControlId>1200</ControlId>
      <Position>
        <X>15</X>
        <Y>76</Y>
      </Position>
      <Alignment>
      </Alignment>
      <TemplateName>fresizeimage_dlg_interior</TemplateName>
      <Width>570</Width>
      <Height>212</Height>
    </FullResizeImageDef>

    <LabelDef>
      <ControlId>1210</ControlId>
      <Position>
        <X>18</X>
        <Y>46</Y>
      </Position>
      <Alignment>
      </Alignment>
      <Color>
        <R>192</R>
        <G>192</G>
        <B>192</B>
        <A>255</A>
      </Color>
      <FontName>font_buttons</FontName>
      <Width>75</Width>
      <Height>16</Height>
      <ColorAdapter></ColorAdapter>
      <MaxCharacters>16</MaxCharacters>
      <Data>Realm Points:</Data>
      <EndAligned>false</EndAligned>
      <TextCentered>false</TextCentered>
      <Adapter></Adapter>
    </LabelDef>

    <ScalarLabelDef>
      <ControlId>1211</ControlId>
      <Position>
        <X>100</X>
        <Y>46</Y>
      </Position>
      <Alignment>
      </Alignment>
      <FontName>font_buttons</FontName>
      <Adapter>stats_realm_points</Adapter>
      <ColorAdapter></ColorAdapter>
      <Width>100</Width>
      <Height>16</Height>
      <MaxCharacters>16</MaxCharacters>
      <Color>
        <R>255</R>
        <G>192</G>
        <B>0</B>
        <A>255</A>
      </Color>
      <Data></Data>
      <EndAligned>false</EndAligned>
      <TextCentered>false</TextCentered>
      <DontDrawWhenZero>false</DontDrawWhenZero>
    </ScalarLabelDef>

    <LabelDef>
      <ControlId>1212</ControlId>
      <Position>
        <X>473</X>
        <Y>46</Y>
      </Position>
      <Alignment>
      </Alignment>
      <Color>
        <R>192</R>
        <G>192</G>
        <B>192</B>
        <A>255</A>
      </Color>
      <FontName>font_buttons</FontName>
      <Width>75</Width>
      <Height>16</Height>
      <ColorAdapter></ColorAdapter>
      <MaxCharacters>16</MaxCharacters>
      <Data>Realm Rank:</Data>
      <EndAligned>false</EndAligned>
      <TextCentered>false</TextCentered>
      <Adapter></Adapter>
    </LabelDef>

    <LabelDef>
      <ControlId>1213</ControlId>
      <Position>
        <X>548</X>
        <Y>46</Y>
      </Position>
      <Alignment>
      </Alignment>
      <Color>
        <R>255</R>
        <G>192</G>
        <B>0</B>
        <A>255</A>
      </Color>
      <FontName>font_buttons</FontName>
      <Width>40</Width>
      <Height>16</Height>
      <ColorAdapter></ColorAdapter>
      <MaxCharacters>16</MaxCharacters>
      <Data></Data>
      <EndAligned>false</EndAligned>
      <TextCentered>false</TextCentered>
      <Adapter>realm_rank</Adapter>
    </LabelDef>

    <LabelDef>
      <ControlId>1214</ControlId>
      <Position>
        <X>0</X>
        <Y>46</Y>
      </Position>
      <Alignment>
      </Alignment>
      <Color>
        <R>255</R>
        <G>192</G>
        <B>0</B>
        <A>255</A>
      </Color>
      <FontName>font_buttons</FontName>
      <Width>600</Width>
      <Height>16</Height>
      <ColorAdapter></ColorAdapter>
      <MaxCharacters>16</MaxCharacters>
      <Data></Data>
      <EndAligned>false</EndAligned>
      <TextCentered>true</TextCentered>
      <Adapter>realm_title</Adapter>
    </LabelDef>

    <HorizontalResizeImageDef>
      <ControlId>1220</ControlId>
      <Position>
        <X>19</X>
        <Y>78</Y>
      </Position>
      <Alignment>
      </Alignment>
      <TemplateName>hresizeimage_listbox_row_bg</TemplateName>
      <Width>562</Width>
    </HorizontalResizeImageDef>

    <HorizontalResizeImageDef>
      <ControlId>1221</ControlId>
      <Position>
        <X>19</X>
        <Y>110</Y>
      </Position>
      <Alignment>
      </Alignment>
      <TemplateName>hresizeimage_listbox_row_bg</TemplateName>
      <Width>562</Width>
    </HorizontalResizeImageDef>

    <HorizontalResizeImageDef>
      <ControlId>1222</ControlId>
      <Position>
        <X>19</X>
        <Y>142</Y>
      </Position>
      <Alignment>
      </Alignment>
      <TemplateName>hresizeimage_listbox_row_bg</TemplateName>
      <Width>562</Width>
    </HorizontalResizeImageDef>

    <HorizontalResizeImageDef>
      <ControlId>1223</ControlId>
      <Position>
        <X>19</X>
        <Y>174</Y>
      </Position>
      <Alignment>
      </Alignment>
      <TemplateName>hresizeimage_listbox_row_bg</TemplateName>
      <Width>562</Width>
    </HorizontalResizeImageDef>

    <HorizontalResizeImageDef>
      <ControlId>1224</ControlId>
      <Position>
        <X>19</X>
        <Y>206</Y>
      </Position>
      <Alignment>
      </Alignment>
      <TemplateName>hresizeimage_listbox_row_bg</TemplateName>
      <Width>562</Width>
    </HorizontalResizeImageDef>

    <HorizontalResizeImageDef>
      <ControlId>1225</ControlId>
      <Position>
        <X>19</X>
        <Y>238</Y>
      </Position>
      <Alignment>
      </Alignment>
      <TemplateName>hresizeimage_listbox_row_bg</TemplateName>
      <Width>562</Width>
    </HorizontalResizeImageDef>

    <HorizontalResizeImageDef>
      <ControlId>1226</ControlId>
      <Position>
        <X>19</X>
        <Y>270</Y>
      </Position>
      <Alignment>
      </Alignment>
      <TemplateName>hresizeimage_listbox_row_bg</TemplateName>
      <Width>562</Width>
    </HorizontalResizeImageDef>

    <DynamicImageDef>
      <ControlId>1230</ControlId>
      <Position>
        <X>16</X>
        <Y>46</Y>
      </Position>
      <Alignment>
      </Alignment>
      <TextureName>rrimage_02</TextureName>
      <Dimensions>
        <X>568</X>
        <Y>239</Y>
      </Dimensions>
      <TextureCoords>
        <X>1</X>
        <Y>1</Y>
      </TextureCoords>
    </DynamicImageDef>

    <!-- Tab3 controls -->

    <FullResizeImageDef>
      <ControlId>1300</ControlId>
      <Position>
        <X>15</X>
        <Y>76</Y>
      </Position>
      <Alignment>
      </Alignment>
      <TemplateName>fresizeimage_dlg_interior</TemplateName>
      <Width>570</Width>
      <Height>212</Height>
    </FullResizeImageDef>

    <LabelDef>
      <ControlId>1310</ControlId>
      <Position>
        <X>18</X>
        <Y>46</Y>
      </Position>
      <Alignment>
      </Alignment>
      <Color>
        <R>192</R>
        <G>192</G>
        <B>192</B>
        <A>255</A>
      </Color>
      <FontName>font_buttons</FontName>
      <Width>75</Width>
      <Height>16</Height>
      <ColorAdapter></ColorAdapter>
      <MaxCharacters>16</MaxCharacters>
      <Data>Realm Points:</Data>
      <EndAligned>false</EndAligned>
      <TextCentered>false</TextCentered>
      <Adapter></Adapter>
    </LabelDef>

    <ScalarLabelDef>
      <ControlId>1311</ControlId>
      <Position>
        <X>100</X>
        <Y>46</Y>
      </Position>
      <Alignment>
      </Alignment>
      <FontName>font_buttons</FontName>
      <Adapter>stats_realm_points</Adapter>
      <ColorAdapter></ColorAdapter>
      <Width>100</Width>
      <Height>16</Height>
      <MaxCharacters>16</MaxCharacters>
      <Color>
        <R>255</R>
        <G>192</G>
        <B>0</B>
        <A>255</A>
      </Color>
      <Data></Data>
      <EndAligned>false</EndAligned>
      <TextCentered>false</TextCentered>
      <DontDrawWhenZero>false</DontDrawWhenZero>
    </ScalarLabelDef>

    <LabelDef>
      <ControlId>1312</ControlId>
      <Position>
        <X>473</X>
        <Y>46</Y>
      </Position>
      <Alignment>
      </Alignment>
      <Color>
        <R>192</R>
        <G>192</G>
        <B>192</B>
        <A>255</A>
      </Color>
      <FontName>font_buttons</FontName>
      <Width>75</Width>
      <Height>16</Height>
      <ColorAdapter></ColorAdapter>
      <MaxCharacters>16</MaxCharacters>
      <Data>Realm Rank:</Data>
      <EndAligned>false</EndAligned>
      <TextCentered>false</TextCentered>
      <Adapter></Adapter>
    </LabelDef>

    <LabelDef>
      <ControlId>1313</ControlId>
      <Position>
        <X>548</X>
        <Y>46</Y>
      </Position>
      <Alignment>
      </Alignment>
      <Color>
        <R>255</R>
        <G>192</G>
        <B>0</B>
        <A>255</A>
      </Color>
      <FontName>font_buttons</FontName>
      <Width>40</Width>
      <Height>16</Height>
      <ColorAdapter></ColorAdapter>
      <MaxCharacters>16</MaxCharacters>
      <Data></Data>
      <EndAligned>false</EndAligned>
      <TextCentered>false</TextCentered>
      <Adapter>realm_rank</Adapter>
    </LabelDef>

    <LabelDef>
      <ControlId>1314</ControlId>
      <Position>
        <X>0</X>
        <Y>46</Y>
      </Position>
      <Alignment>
      </Alignment>
      <Color>
        <R>255</R>
        <G>192</G>
        <B>0</B>
        <A>255</A>
      </Color>
      <FontName>font_buttons</FontName>
      <Width>600</Width>
      <Height>16</Height>
      <ColorAdapter></ColorAdapter>
      <MaxCharacters>16</MaxCharacters>
      <Data></Data>
      <EndAligned>false</EndAligned>
      <TextCentered>true</TextCentered>
      <Adapter>realm_title</Adapter>
    </LabelDef>

    <HorizontalResizeImageDef>
      <ControlId>1320</ControlId>
      <Position>
        <X>19</X>
        <Y>78</Y>
      </Position>
      <Alignment>
      </Alignment>
      <TemplateName>hresizeimage_listbox_row_bg</TemplateName>
      <Width>562</Width>
    </HorizontalResizeImageDef>

    <HorizontalResizeImageDef>
      <ControlId>1321</ControlId>
      <Position>
        <X>19</X>
        <Y>110</Y>
      </Position>
      <Alignment>
      </Alignment>
      <TemplateName>hresizeimage_listbox_row_bg</TemplateName>
      <Width>562</Width>
    </HorizontalResizeImageDef>

    <HorizontalResizeImageDef>
      <ControlId>1322</ControlId>
      <Position>
        <X>19</X>
        <Y>142</Y>
      </Position>
      <Alignment>
      </Alignment>
      <TemplateName>hresizeimage_listbox_row_bg</TemplateName>
      <Width>562</Width>
    </HorizontalResizeImageDef>

    <HorizontalResizeImageDef>
      <ControlId>1323</ControlId>
      <Position>
        <X>19</X>
        <Y>174</Y>
      </Position>
      <Alignment>
      </Alignment>
      <TemplateName>hresizeimage_listbox_row_bg</TemplateName>
      <Width>562</Width>
    </HorizontalResizeImageDef>

    <HorizontalResizeImageDef>
      <ControlId>1324</ControlId>
      <Position>
        <X>19</X>
        <Y>206</Y>
      </Position>
      <Alignment>
      </Alignment>
      <TemplateName>hresizeimage_listbox_row_bg</TemplateName>
      <Width>562</Width>
    </HorizontalResizeImageDef>

    <HorizontalResizeImageDef>
      <ControlId>1325</ControlId>
      <Position>
        <X>19</X>
        <Y>238</Y>
      </Position>
      <Alignment>
      </Alignment>
      <TemplateName>hresizeimage_listbox_row_bg</TemplateName>
      <Width>562</Width>
    </HorizontalResizeImageDef>

    <HorizontalResizeImageDef>
      <ControlId>1326</ControlId>
      <Position>
        <X>19</X>
        <Y>270</Y>
      </Position>
      <Alignment>
      </Alignment>
      <TemplateName>hresizeimage_listbox_row_bg</TemplateName>
      <Width>562</Width>
    </HorizontalResizeImageDef>

    <DynamicImageDef>
      <ControlId>1330</ControlId>
      <Position>
        <X>16</X>
        <Y>46</Y>
      </Position>
      <Alignment>
      </Alignment>
      <TextureName>rrimage_03</TextureName>
      <Dimensions>
        <X>568</X>
        <Y>239</Y>
      </Dimensions>
      <TextureCoords>
        <X>1</X>
        <Y>1</Y>
      </TextureCoords>
    </DynamicImageDef>

    <!-- Tab4 controls -->

    <FullResizeImageDef>
      <ControlId>1400</ControlId>
      <Position>
        <X>15</X>
        <Y>76</Y>
      </Position>
      <Alignment>
      </Alignment>
      <TemplateName>fresizeimage_dlg_interior</TemplateName>
      <Width>570</Width>
      <Height>212</Height>
    </FullResizeImageDef>

    <LabelDef>
      <ControlId>1410</ControlId>
      <Position>
        <X>18</X>
        <Y>46</Y>
      </Position>
      <Alignment>
      </Alignment>
      <Color>
        <R>192</R>
        <G>192</G>
        <B>192</B>
        <A>255</A>
      </Color>
      <FontName>font_buttons</FontName>
      <Width>75</Width>
      <Height>16</Height>
      <ColorAdapter></ColorAdapter>
      <MaxCharacters>16</MaxCharacters>
      <Data>Realm Points:</Data>
      <EndAligned>false</EndAligned>
      <TextCentered>false</TextCentered>
      <Adapter></Adapter>
    </LabelDef>

    <ScalarLabelDef>
      <ControlId>1411</ControlId>
      <Position>
        <X>100</X>
        <Y>46</Y>
      </Position>
      <Alignment>
      </Alignment>
      <FontName>font_buttons</FontName>
      <Adapter>stats_realm_points</Adapter>
      <ColorAdapter></ColorAdapter>
      <Width>100</Width>
      <Height>16</Height>
      <MaxCharacters>16</MaxCharacters>
      <Color>
        <R>255</R>
        <G>192</G>
        <B>0</B>
        <A>255</A>
      </Color>
      <Data></Data>
      <EndAligned>false</EndAligned>
      <TextCentered>false</TextCentered>
      <DontDrawWhenZero>false</DontDrawWhenZero>
    </ScalarLabelDef>

    <LabelDef>
      <ControlId>1412</ControlId>
      <Position>
        <X>473</X>
        <Y>46</Y>
      </Position>
      <Alignment>
      </Alignment>
      <Color>
        <R>192</R>
        <G>192</G>
        <B>192</B>
        <A>255</A>
      </Color>
      <FontName>font_buttons</FontName>
      <Width>75</Width>
      <Height>16</Height>
      <ColorAdapter></ColorAdapter>
      <MaxCharacters>16</MaxCharacters>
      <Data>Realm Rank:</Data>
      <EndAligned>false</EndAligned>
      <TextCentered>false</TextCentered>
      <Adapter></Adapter>
    </LabelDef>

    <LabelDef>
      <ControlId>1413</ControlId>
      <Position>
        <X>548</X>
        <Y>46</Y>
      </Position>
      <Alignment>
      </Alignment>
      <Color>
        <R>255</R>
        <G>192</G>
        <B>0</B>
        <A>255</A>
      </Color>
      <FontName>font_buttons</FontName>
      <Width>40</Width>
      <Height>16</Height>
      <ColorAdapter></ColorAdapter>
      <MaxCharacters>16</MaxCharacters>
      <Data></Data>
      <EndAligned>false</EndAligned>
      <TextCentered>false</TextCentered>
      <Adapter>realm_rank</Adapter>
    </LabelDef>

    <LabelDef>
      <ControlId>1414</ControlId>
      <Position>
        <X>0</X>
        <Y>46</Y>
      </Position>
      <Alignment>
      </Alignment>
      <Color>
        <R>255</R>
        <G>192</G>
        <B>0</B>
        <A>255</A>
      </Color>
      <FontName>font_buttons</FontName>
      <Width>600</Width>
      <Height>16</Height>
      <ColorAdapter></ColorAdapter>
      <MaxCharacters>16</MaxCharacters>
      <Data></Data>
      <EndAligned>false</EndAligned>
      <TextCentered>true</TextCentered>
      <Adapter>realm_title</Adapter>
    </LabelDef>

    <HorizontalResizeImageDef>
      <ControlId>1420</ControlId>
      <Position>
        <X>19</X>
        <Y>78</Y>
      </Position>
      <Alignment>
      </Alignment>
      <TemplateName>hresizeimage_listbox_row_bg</TemplateName>
      <Width>562</Width>
    </HorizontalResizeImageDef>

    <HorizontalResizeImageDef>
      <ControlId>1421</ControlId>
      <Position>
        <X>19</X>
        <Y>110</Y>
      </Position>
      <Alignment>
      </Alignment>
      <TemplateName>hresizeimage_listbox_row_bg</TemplateName>
      <Width>562</Width>
    </HorizontalResizeImageDef>

    <HorizontalResizeImageDef>
      <ControlId>1422</ControlId>
      <Position>
        <X>19</X>
        <Y>142</Y>
      </Position>
      <Alignment>
      </Alignment>
      <TemplateName>hresizeimage_listbox_row_bg</TemplateName>
      <Width>562</Width>
    </HorizontalResizeImageDef>

    <HorizontalResizeImageDef>
      <ControlId>1423</ControlId>
      <Position>
        <X>19</X>
        <Y>174</Y>
      </Position>
      <Alignment>
      </Alignment>
      <TemplateName>hresizeimage_listbox_row_bg</TemplateName>
      <Width>562</Width>
    </HorizontalResizeImageDef>

    <HorizontalResizeImageDef>
      <ControlId>1424</ControlId>
      <Position>
        <X>19</X>
        <Y>206</Y>
      </Position>
      <Alignment>
      </Alignment>
      <TemplateName>hresizeimage_listbox_row_bg</TemplateName>
      <Width>562</Width>
    </HorizontalResizeImageDef>

    <HorizontalResizeImageDef>
      <ControlId>1425</ControlId>
      <Position>
        <X>19</X>
        <Y>238</Y>
      </Position>
      <Alignment>
      </Alignment>
      <TemplateName>hresizeimage_listbox_row_bg</TemplateName>
      <Width>562</Width>
    </HorizontalResizeImageDef>

    <HorizontalResizeImageDef>
      <ControlId>1426</ControlId>
      <Position>
        <X>19</X>
        <Y>270</Y>
      </Position>
      <Alignment>
      </Alignment>
      <TemplateName>hresizeimage_listbox_row_bg</TemplateName>
      <Width>562</Width>
    </HorizontalResizeImageDef>

    <DynamicImageDef>
      <ControlId>1430</ControlId>
      <Position>
        <X>16</X>
        <Y>46</Y>
      </Position>
      <Alignment>
      </Alignment>
      <TextureName>rrimage_04</TextureName>
      <Dimensions>
        <X>568</X>
        <Y>239</Y>
      </Dimensions>
      <TextureCoords>
        <X>1</X>
        <Y>1</Y>
      </TextureCoords>
    </DynamicImageDef>

    <!-- Tab5 controls -->

    <FullResizeImageDef>
      <ControlId>1500</ControlId>
      <Position>
        <X>15</X>
        <Y>76</Y>
      </Position>
      <Alignment>
      </Alignment>
      <TemplateName>fresizeimage_dlg_interior</TemplateName>
      <Width>570</Width>
      <Height>212</Height>
    </FullResizeImageDef>

    <LabelDef>
      <ControlId>1510</ControlId>
      <Position>
        <X>18</X>
        <Y>46</Y>
      </Position>
      <Alignment>
      </Alignment>
      <Color>
        <R>192</R>
        <G>192</G>
        <B>192</B>
        <A>255</A>
      </Color>
      <FontName>font_buttons</FontName>
      <Width>75</Width>
      <Height>16</Height>
      <ColorAdapter></ColorAdapter>
      <MaxCharacters>16</MaxCharacters>
      <Data>Realm Points:</Data>
      <EndAligned>false</EndAligned>
      <TextCentered>false</TextCentered>
      <Adapter></Adapter>
    </LabelDef>

    <ScalarLabelDef>
      <ControlId>1511</ControlId>
      <Position>
        <X>100</X>
        <Y>46</Y>
      </Position>
      <Alignment>
      </Alignment>
      <FontName>font_buttons</FontName>
      <Adapter>stats_realm_points</Adapter>
      <ColorAdapter></ColorAdapter>
      <Width>100</Width>
      <Height>16</Height>
      <MaxCharacters>16</MaxCharacters>
      <Color>
        <R>255</R>
        <G>192</G>
        <B>0</B>
        <A>255</A>
      </Color>
      <Data></Data>
      <EndAligned>false</EndAligned>
      <TextCentered>false</TextCentered>
      <DontDrawWhenZero>false</DontDrawWhenZero>
    </ScalarLabelDef>

    <LabelDef>
      <ControlId>1512</ControlId>
      <Position>
        <X>473</X>
        <Y>46</Y>
      </Position>
      <Alignment>
      </Alignment>
      <Color>
        <R>192</R>
        <G>192</G>
        <B>192</B>
        <A>255</A>
      </Color>
      <FontName>font_buttons</FontName>
      <Width>75</Width>
      <Height>16</Height>
      <ColorAdapter></ColorAdapter>
      <MaxCharacters>16</MaxCharacters>
      <Data>Realm Rank:</Data>
      <EndAligned>false</EndAligned>
      <TextCentered>false</TextCentered>
      <Adapter></Adapter>
    </LabelDef>

    <LabelDef>
      <ControlId>1513</ControlId>
      <Position>
        <X>548</X>
        <Y>46</Y>
      </Position>
      <Alignment>
      </Alignment>
      <Color>
        <R>255</R>
        <G>192</G>
        <B>0</B>
        <A>255</A>
      </Color>
      <FontName>font_buttons</FontName>
      <Width>40</Width>
      <Height>16</Height>
      <ColorAdapter></ColorAdapter>
      <MaxCharacters>16</MaxCharacters>
      <Data></Data>
      <EndAligned>false</EndAligned>
      <TextCentered>false</TextCentered>
      <Adapter>realm_rank</Adapter>
    </LabelDef>

    <LabelDef>
      <ControlId>1514</ControlId>
      <Position>
        <X>0</X>
        <Y>46</Y>
      </Position>
      <Alignment>
      </Alignment>
      <Color>
        <R>255</R>
        <G>192</G>
        <B>0</B>
        <A>255</A>
      </Color>
      <FontName>font_buttons</FontName>
      <Width>600</Width>
      <Height>16</Height>
      <ColorAdapter></ColorAdapter>
      <MaxCharacters>16</MaxCharacters>
      <Data></Data>
      <EndAligned>false</EndAligned>
      <TextCentered>true</TextCentered>
      <Adapter>realm_title</Adapter>
    </LabelDef>

    <HorizontalResizeImageDef>
      <ControlId>1520</ControlId>
      <Position>
        <X>19</X>
        <Y>78</Y>
      </Position>
      <Alignment>
      </Alignment>
      <TemplateName>hresizeimage_listbox_row_bg</TemplateName>
      <Width>562</Width>
    </HorizontalResizeImageDef>

    <HorizontalResizeImageDef>
      <ControlId>1521</ControlId>
      <Position>
        <X>19</X>
        <Y>110</Y>
      </Position>
      <Alignment>
      </Alignment>
      <TemplateName>hresizeimage_listbox_row_bg</TemplateName>
      <Width>562</Width>
    </HorizontalResizeImageDef>

    <HorizontalResizeImageDef>
      <ControlId>1522</ControlId>
      <Position>
        <X>19</X>
        <Y>142</Y>
      </Position>
      <Alignment>
      </Alignment>
      <TemplateName>hresizeimage_listbox_row_bg</TemplateName>
      <Width>562</Width>
    </HorizontalResizeImageDef>

    <HorizontalResizeImageDef>
      <ControlId>1523</ControlId>
      <Position>
        <X>19</X>
        <Y>174</Y>
      </Position>
      <Alignment>
      </Alignment>
      <TemplateName>hresizeimage_listbox_row_bg</TemplateName>
      <Width>562</Width>
    </HorizontalResizeImageDef>

    <HorizontalResizeImageDef>
      <ControlId>1524</ControlId>
      <Position>
        <X>19</X>
        <Y>206</Y>
      </Position>
      <Alignment>
      </Alignment>
      <TemplateName>hresizeimage_listbox_row_bg</TemplateName>
      <Width>562</Width>
    </HorizontalResizeImageDef>

    <HorizontalResizeImageDef>
      <ControlId>1525</ControlId>
      <Position>
        <X>19</X>
        <Y>238</Y>
      </Position>
      <Alignment>
      </Alignment>
      <TemplateName>hresizeimage_listbox_row_bg</TemplateName>
      <Width>562</Width>
    </HorizontalResizeImageDef>

    <HorizontalResizeImageDef>
      <ControlId>1526</ControlId>
      <Position>
        <X>19</X>
        <Y>270</Y>
      </Position>
      <Alignment>
      </Alignment>
      <TemplateName>hresizeimage_listbox_row_bg</TemplateName>
      <Width>562</Width>
    </HorizontalResizeImageDef>

    <DynamicImageDef>
      <ControlId>1530</ControlId>
      <Position>
        <X>18</X>
        <Y>46</Y>
      </Position>
      <Alignment>
      </Alignment>
      <TextureName>rrimage_05</TextureName>
      <Dimensions>
        <X>568</X>
        <Y>239</Y>
      </Dimensions>
      <TextureCoords>
        <X>1</X>
        <Y>1</Y>
      </TextureCoords>
    </DynamicImageDef>

    <!-- Tab6 controls -->

    <FullResizeImageDef>
      <ControlId>1600</ControlId>
      <Position>
        <X>15</X>
        <Y>76</Y>
      </Position>
      <Alignment>
      </Alignment>
      <TemplateName>fresizeimage_dlg_interior</TemplateName>
      <Width>570</Width>
      <Height>212</Height>
    </FullResizeImageDef>

    <HorizontalResizeImageDef>
      <ControlId>1620</ControlId>
      <Position>
        <X>19</X>
        <Y>78</Y>
      </Position>
      <Alignment>
      </Alignment>
      <TemplateName>hresizeimage_listbox_row_bg</TemplateName>
      <Width>562</Width>
    </HorizontalResizeImageDef>

    <HorizontalResizeImageDef>
      <ControlId>1621</ControlId>
      <Position>
        <X>19</X>
        <Y>110</Y>
      </Position>
      <Alignment>
      </Alignment>
      <TemplateName>hresizeimage_listbox_row_bg</TemplateName>
      <Width>562</Width>
    </HorizontalResizeImageDef>

    <HorizontalResizeImageDef>
      <ControlId>1622</ControlId>
      <Position>
        <X>19</X>
        <Y>142</Y>
      </Position>
      <Alignment>
      </Alignment>
      <TemplateName>hresizeimage_listbox_row_bg</TemplateName>
      <Width>562</Width>
    </HorizontalResizeImageDef>

    <HorizontalResizeImageDef>
      <ControlId>1623</ControlId>
      <Position>
        <X>19</X>
        <Y>174</Y>
      </Position>
      <Alignment>
      </Alignment>
      <TemplateName>hresizeimage_listbox_row_bg</TemplateName>
      <Width>562</Width>
    </HorizontalResizeImageDef>

    <HorizontalResizeImageDef>
      <ControlId>1624</ControlId>
      <Position>
        <X>19</X>
        <Y>206</Y>
      </Position>
      <Alignment>
      </Alignment>
      <TemplateName>hresizeimage_listbox_row_bg</TemplateName>
      <Width>562</Width>
    </HorizontalResizeImageDef>

    <HorizontalResizeImageDef>
      <ControlId>1625</ControlId>
      <Position>
        <X>19</X>
        <Y>238</Y>
      </Position>
      <Alignment>
      </Alignment>
      <TemplateName>hresizeimage_listbox_row_bg</TemplateName>
      <Width>562</Width>
    </HorizontalResizeImageDef>

    <HorizontalResizeImageDef>
      <ControlId>1626</ControlId>
      <Position>
        <X>19</X>
        <Y>270</Y>
      </Position>
      <Alignment>
      </Alignment>
      <TemplateName>hresizeimage_listbox_row_bg</TemplateName>
      <Width>562</Width>
    </HorizontalResizeImageDef>

    <DynamicImageDef>
      <ControlId>1630</ControlId>
      <Position>
        <X>16</X>
        <Y>46</Y>
      </Position>
      <Alignment>
      </Alignment>
      <TextureName>rrimage_06</TextureName>
      <Dimensions>
        <X>568</X>
        <Y>239</Y>
      </Dimensions>
      <TextureCoords>
        <X>1</X>
        <Y>1</Y>
      </TextureCoords>
    </DynamicImageDef>

    <!-- Tab1 controls -->

    <FullResizeImageDef>
      <ControlId>1100</ControlId>
      <Position>
        <X>10</X>
        <Y>44</Y>
      </Position>
      <Alignment>
      </Alignment>
      <TemplateName>fresizeimage_tab_panel</TemplateName>
      <Width>580</Width>
      <Height>270</Height>
    </FullResizeImageDef>

    <FullResizeImageDef>
      <ControlId>1101</ControlId>
      <Position>
        <X>15</X>
        <Y>76</Y>
      </Position>
      <Alignment>
      </Alignment>
      <TemplateName>fresizeimage_dlg_interior</TemplateName>
      <Width>570</Width>
      <Height>212</Height>
    </FullResizeImageDef>

    <LabelDef>
      <ControlId>1102</ControlId>
      <Position>
        <X>25</X>
        <Y>28</Y>
      </Position>
      <Alignment>
      </Alignment>
      <Color>
        <R>255</R>
        <G>192</G>
        <B>0</B>
        <A>255</A>
      </Color>
      <FontName>font_buttons</FontName>
      <Width>75</Width>
      <Height>16</Height>
      <ColorAdapter></ColorAdapter>
      <MaxCharacters>13</MaxCharacters>
      <Data>RRank Graph</Data>
      <EndAligned>false</EndAligned>
      <TextCentered>false</TextCentered>
      <Adapter></Adapter>
    </LabelDef>

    <LabelDef>
      <ControlId>1110</ControlId>
      <Position>
        <X>18</X>
        <Y>46</Y>
      </Position>
      <Alignment>
      </Alignment>
      <Color>
        <R>192</R>
        <G>192</G>
        <B>192</B>
        <A>255</A>
      </Color>
      <FontName>font_buttons</FontName>
      <Width>75</Width>
      <Height>16</Height>
      <ColorAdapter></ColorAdapter>
      <MaxCharacters>16</MaxCharacters>
      <Data>Realm Points:</Data>
      <EndAligned>false</EndAligned>
      <TextCentered>false</TextCentered>
      <Adapter></Adapter>
    </LabelDef>

    <ScalarLabelDef>
      <ControlId>1111</ControlId>
      <Position>
        <X>100</X>
        <Y>46</Y>
      </Position>
      <Alignment>
      </Alignment>
      <FontName>font_buttons</FontName>
      <Adapter>stats_realm_points</Adapter>
      <ColorAdapter></ColorAdapter>
      <Width>100</Width>
      <Height>16</Height>
      <MaxCharacters>16</MaxCharacters>
      <Color>
        <R>255</R>
        <G>192</G>
        <B>0</B>
        <A>255</A>
      </Color>
      <Data></Data>
      <EndAligned>false</EndAligned>
      <TextCentered>false</TextCentered>
      <DontDrawWhenZero>false</DontDrawWhenZero>
    </ScalarLabelDef>

    <LabelDef>
      <ControlId>1112</ControlId>
      <Position>
        <X>473</X>
        <Y>46</Y>
      </Position>
      <Alignment>
      </Alignment>
      <Color>
        <R>192</R>
        <G>192</G>
        <B>192</B>
        <A>255</A>
      </Color>
      <FontName>font_buttons</FontName>
      <Width>75</Width>
      <Height>16</Height>
      <ColorAdapter></ColorAdapter>
      <MaxCharacters>16</MaxCharacters>
      <Data>Realm Rank:</Data>
      <EndAligned>false</EndAligned>
      <TextCentered>false</TextCentered>
      <Adapter></Adapter>
    </LabelDef>

    <LabelDef>
      <ControlId>1113</ControlId>
      <Position>
        <X>548</X>
        <Y>46</Y>
      </Position>
      <Alignment>
      </Alignment>
      <Color>
        <R>255</R>
        <G>192</G>
        <B>0</B>
        <A>255</A>
      </Color>
      <FontName>font_buttons</FontName>
      <Width>40</Width>
      <Height>16</Height>
      <ColorAdapter></ColorAdapter>
      <MaxCharacters>16</MaxCharacters>
      <Data></Data>
      <EndAligned>false</EndAligned>
      <TextCentered>false</TextCentered>
      <Adapter>realm_rank</Adapter>
    </LabelDef>

    <LabelDef>
      <ControlId>1114</ControlId>
      <Position>
        <X>0</X>
        <Y>46</Y>
      </Position>
      <Alignment>
      </Alignment>
      <Color>
        <R>255</R>
        <G>192</G>
        <B>0</B>
        <A>255</A>
      </Color>
      <FontName>font_buttons</FontName>
      <Width>600</Width>
      <Height>16</Height>
      <ColorAdapter></ColorAdapter>
      <MaxCharacters>16</MaxCharacters>
      <Data></Data>
      <EndAligned>false</EndAligned>
      <TextCentered>true</TextCentered>
      <Adapter>realm_title</Adapter>
    </LabelDef>

    <DynamicImageDef>
      <ControlId>1130</ControlId>
      <Position>
        <X>16</X>
        <Y>46</Y>
      </Position>
      <Alignment>
      </Alignment>
      <TextureName>rrimage_01</TextureName>
      <Dimensions>
        <X>568</X>
        <Y>239</Y>
      </Dimensions>
      <TextureCoords>
        <X>1</X>
        <Y>1</Y>
      </TextureCoords>
    </DynamicImageDef>

    <!-- Bty Points -->

    <LabelDef>
      <ControlId></ControlId>
      <Position>
        <X>15</X>
        <Y>14</Y>
      </Position>
      <Alignment>
        <OffsetBottom>true</OffsetBottom>
      </Alignment>
      <Color>
        <R>192</R>
        <G>192</G>
        <B>192</B>
        <A>255</A>
      </Color>
      <FontName>font_buttons</FontName>
      <Width>137</Width>
      <Height>16</Height>
      <ColorAdapter></ColorAdapter>
      <MaxCharacters>128</MaxCharacters>
      <Data>Personal Bounty Points:</Data>
      <EndAligned>false</EndAligned>
      <TextCentered>false</TextCentered>
      <Adapter></Adapter>
    </LabelDef>

    <ScalarLabelDef>
      <ControlId></ControlId>
      <Position>
        <X>150</X>
        <Y>14</Y>
      </Position>
      <Alignment>
        <OffsetBottom>true</OffsetBottom>
      </Alignment>
      <FontName>font_buttons</FontName>
      <Adapter>bounty_points</Adapter>
      <ColorAdapter></ColorAdapter>
      <Width>64</Width>
      <Height>16</Height>
      <MaxCharacters>128</MaxCharacters>
      <Color>
        <R>255</R>
        <G>192</G>
        <B>0</B>
        <A>255</A>
      </Color>
      <Data></Data>
      <EndAligned>false</EndAligned>
      <TextCentered>false</TextCentered>
      <DontDrawWhenZero>false</DontDrawWhenZero>
    </ScalarLabelDef>

    <!-- Close Button -->

    <ButtonDef>
      <ControlId></ControlId>
      <Position>
        <X>15</X>
        <Y>15</Y>
      </Position>
      <Alignment>
        <OffsetBottom>true</OffsetBottom>
        <OffsetRight>true</OffsetRight>
      </Alignment>
      <TemplateName>button_generic</TemplateName>
      <Label>Close</Label>
      <onClickEvent>ToggleCustom17</onClickEvent>
    </ButtonDef>

  </WindowTemplate>

</Root_Element>
