<?xml version="1.0" encoding="ISO-8859-1"?>
<Root_Element ID="DAOCUi">

<!-- @@ Edited with the DAoC User Interface Editor v1.80 -->
<!-- @@ Free download available at http://www.bradtownsend.com/daoced -->

  <!-- Load MiniAttributes Window -->

  <WindowTemplate>
    <Name>custom8_window</Name>
    <WindowId>Mini Attributes</WindowId>
    <CloseButton>true</CloseButton>
    <MoveButton>true</MoveButton>
    <TopRightResizeButton>false</TopRightResizeButton>
    <BottomRightResizeButton>false</BottomRightResizeButton>
    <BottomLeftResizeButton>false</BottomLeftResizeButton>
    <ResizeButtonOffsetX>0</ResizeButtonOffsetX>
    <ResizeButtonOffsetY>0</ResizeButtonOffsetY>
    <TitleWidth>210</TitleWidth>
    <TitleHeight>71</TitleHeight>
    <Width>210</Width>
    <Height>71</Height>
    <ResizeableWidth>0</ResizeableWidth>
    <ResizeableHeight>0</ResizeableHeight>
    <ResizeableTwoWayWidth>0</ResizeableTwoWayWidth>
    <ResizeableTwoWayHeight>0</ResizeableTwoWayHeight>
    <MinWidth>210</MinWidth>
    <MinHeight>71</MinHeight>
    <ContextTemplateName></ContextTemplateName>

    <!-- Background Image -->

    <FullResizeImageDef>
      <ControlId></ControlId>
      <Position>
        <X>0</X>
        <Y>0</Y>
      </Position>
      <Alignment>
      </Alignment>
      <TemplateName>fresizeimage_dlg_bg_small</TemplateName>
      <Width>210</Width>
      <Height>71</Height>
    </FullResizeImageDef>

    <!-- Interior Image -->

    <FullResizeImageDef>
      <ControlId></ControlId>
      <Position>
        <X>10</X>
        <Y>10</Y>
      </Position>
      <Alignment>
      </Alignment>
      <TemplateName>fresizeimage_dlg_interior_small</TemplateName>
      <Width>190</Width>
      <Height>51</Height>
    </FullResizeImageDef>

    <!-- Attribute Value controls -->

    <LabelDef>
      <ControlId></ControlId>
      <Position>
        <X>16</X>
        <Y>11</Y>
      </Position>
      <Alignment>
      </Alignment>
      <ToolTipID>24</ToolTipID>
      <Color>
        <R>153</R>
        <G>204</G>
        <B>0</B>
        <A>255</A>
      </Color>
      <FontName>font_headings_small</FontName>
      <Width>25</Width>
      <Height>14</Height>
      <ColorAdapter></ColorAdapter>
      <MaxCharacters>4</MaxCharacters>
      <Data>Str</Data>
      <EndAligned>false</EndAligned>
      <TextCentered>false</TextCentered>
      <Adapter></Adapter>
    </LabelDef>

    <LabelDef>
      <ControlId></ControlId>
      <Position>
        <X>16</X>
        <Y>23</Y>
      </Position>
      <Alignment>
      </Alignment>
      <ToolTipID>25</ToolTipID>
      <Color>
        <R>153</R>
        <G>204</G>
        <B>0</B>
        <A>255</A>
      </Color>
      <FontName>font_headings_small</FontName>
      <Width>25</Width>
      <Height>14</Height>
      <ColorAdapter></ColorAdapter>
      <MaxCharacters>4</MaxCharacters>
      <Data>Con</Data>
      <EndAligned>false</EndAligned>
      <TextCentered>false</TextCentered>
      <Adapter></Adapter>
    </LabelDef>

    <LabelDef>
      <ControlId></ControlId>
      <Position>
        <X>16</X>
        <Y>35</Y>
      </Position>
      <Alignment>
      </Alignment>
      <ToolTipID>26</ToolTipID>
      <Color>
        <R>153</R>
        <G>204</G>
        <B>0</B>
        <A>255</A>
      </Color>
      <FontName>font_headings_small</FontName>
      <Width>25</Width>
      <Height>14</Height>
      <ColorAdapter></ColorAdapter>
      <MaxCharacters>4</MaxCharacters>
      <Data>Dex</Data>
      <EndAligned>false</EndAligned>
      <TextCentered>false</TextCentered>
      <Adapter></Adapter>
    </LabelDef>

    <LabelDef>
      <ControlId></ControlId>
      <Position>
        <X>16</X>
        <Y>47</Y>
      </Position>
      <Alignment>
      </Alignment>
      <ToolTipID>27</ToolTipID>
      <Color>
        <R>153</R>
        <G>204</G>
        <B>0</B>
        <A>255</A>
      </Color>
      <FontName>font_headings_small</FontName>
      <Width>25</Width>
      <Height>14</Height>
      <ColorAdapter></ColorAdapter>
      <MaxCharacters>4</MaxCharacters>
      <Data>Qui</Data>
      <EndAligned>false</EndAligned>
      <TextCentered>false</TextCentered>
      <Adapter></Adapter>
    </LabelDef>

    <ScalarLabelDef>
      <ControlId></ControlId>
      <Position>
        <X>42</X>
        <Y>11</Y>
      </Position>
      <Alignment>
      </Alignment>
      <ToolTipID>1</ToolTipID>
      <FontName>font_buttons_small</FontName>
      <Adapter>stats_strength</Adapter>
      <ColorAdapter>stats_strength_color</ColorAdapter>
      <Width>30</Width>
      <Height>14</Height>
      <MaxCharacters>4</MaxCharacters>
      <Color>
        <R>255</R>
        <G>255</G>
        <B>255</B>
        <A>255</A>
      </Color>
      <Data></Data>
      <EndAligned>false</EndAligned>
      <TextCentered>false</TextCentered>
      <DontDrawWhenZero>false</DontDrawWhenZero>
    </ScalarLabelDef>

    <ScalarLabelDef>
      <ControlId></ControlId>
      <Position>
        <X>42</X>
        <Y>23</Y>
      </Position>
      <Alignment>
      </Alignment>
      <ToolTipID>3</ToolTipID>
      <FontName>font_buttons_small</FontName>
      <Adapter>stats_constitution</Adapter>
      <ColorAdapter>stats_constitution_color</ColorAdapter>
      <Width>30</Width>
      <Height>14</Height>
      <MaxCharacters>4</MaxCharacters>
      <Color>
        <R>255</R>
        <G>255</G>
        <B>255</B>
        <A>255</A>
      </Color>
      <Data></Data>
      <EndAligned>false</EndAligned>
      <TextCentered>false</TextCentered>
      <DontDrawWhenZero>false</DontDrawWhenZero>
    </ScalarLabelDef>

    <ScalarLabelDef>
      <ControlId></ControlId>
      <Position>
        <X>42</X>
        <Y>35</Y>
      </Position>
      <Alignment>
      </Alignment>
      <ToolTipID>2</ToolTipID>
      <FontName>font_buttons_small</FontName>
      <Adapter>stats_dexterity</Adapter>
      <ColorAdapter>stats_dexterity_color</ColorAdapter>
      <Width>30</Width>
      <Height>14</Height>
      <MaxCharacters>4</MaxCharacters>
      <Color>
        <R>255</R>
        <G>255</G>
        <B>255</B>
        <A>255</A>
      </Color>
      <Data></Data>
      <EndAligned>false</EndAligned>
      <TextCentered>false</TextCentered>
      <DontDrawWhenZero>false</DontDrawWhenZero>
    </ScalarLabelDef>

    <ScalarLabelDef>
      <ControlId></ControlId>
      <Position>
        <X>42</X>
        <Y>47</Y>
      </Position>
      <Alignment>
      </Alignment>
      <ToolTipID>4</ToolTipID>
      <FontName>font_buttons_small</FontName>
      <Adapter>stats_quickness</Adapter>
      <ColorAdapter>stats_quickness_color</ColorAdapter>
      <Width>30</Width>
      <Height>14</Height>
      <MaxCharacters>4</MaxCharacters>
      <Color>
        <R>255</R>
        <G>255</G>
        <B>255</B>
        <A>255</A>
      </Color>
      <Data></Data>
      <EndAligned>false</EndAligned>
      <TextCentered>false</TextCentered>
      <DontDrawWhenZero>false</DontDrawWhenZero>
    </ScalarLabelDef>

    <LabelDef>
      <ControlId></ControlId>
      <Position>
        <X>77</X>
        <Y>11</Y>
      </Position>
      <Alignment>
      </Alignment>
      <ToolTipID>28</ToolTipID>
      <Color>
        <R>153</R>
        <G>204</G>
        <B>0</B>
        <A>255</A>
      </Color>
      <FontName>font_headings_small</FontName>
      <Width>25</Width>
      <Height>14</Height>
      <ColorAdapter></ColorAdapter>
      <MaxCharacters>4</MaxCharacters>
      <Data>Int</Data>
      <EndAligned>false</EndAligned>
      <TextCentered>false</TextCentered>
      <Adapter></Adapter>
    </LabelDef>

    <LabelDef>
      <ControlId></ControlId>
      <Position>
        <X>77</X>
        <Y>23</Y>
      </Position>
      <Alignment>
      </Alignment>
      <ToolTipID>30</ToolTipID>
      <Color>
        <R>153</R>
        <G>204</G>
        <B>0</B>
        <A>255</A>
      </Color>
      <FontName>font_headings_small</FontName>
      <Width>25</Width>
      <Height>14</Height>
      <ColorAdapter></ColorAdapter>
      <MaxCharacters>4</MaxCharacters>
      <Data>Pie</Data>
      <EndAligned>false</EndAligned>
      <TextCentered>false</TextCentered>
      <Adapter></Adapter>
    </LabelDef>

    <LabelDef>
      <ControlId></ControlId>
      <Position>
        <X>77</X>
        <Y>35</Y>
      </Position>
      <Alignment>
      </Alignment>
      <ToolTipID>31</ToolTipID>
      <Color>
        <R>153</R>
        <G>204</G>
        <B>0</B>
        <A>200</A>
      </Color>
      <FontName>font_headings_small</FontName>
      <Width>25</Width>
      <Height>14</Height>
      <ColorAdapter></ColorAdapter>
      <MaxCharacters>4</MaxCharacters>
      <Data>Cha</Data>
      <EndAligned>false</EndAligned>
      <TextCentered>false</TextCentered>
      <Adapter></Adapter>
    </LabelDef>

    <LabelDef>
      <ControlId></ControlId>
      <Position>
        <X>77</X>
        <Y>47</Y>
      </Position>
      <Alignment>
      </Alignment>
      <ToolTipID>29</ToolTipID>
      <Color>
        <R>153</R>
        <G>204</G>
        <B>0</B>
        <A>255</A>
      </Color>
      <FontName>font_headings_small</FontName>
      <Width>25</Width>
      <Height>14</Height>
      <ColorAdapter></ColorAdapter>
      <MaxCharacters>4</MaxCharacters>
      <Data>Emp</Data>
      <EndAligned>false</EndAligned>
      <TextCentered>false</TextCentered>
      <Adapter></Adapter>
    </LabelDef>

    <ScalarLabelDef>
      <ControlId></ControlId>
      <Position>
        <X>103</X>
        <Y>11</Y>
      </Position>
      <Alignment>
      </Alignment>
      <ToolTipID>5</ToolTipID>
      <FontName>font_buttons_small</FontName>
      <Adapter>stats_intelligence</Adapter>
      <ColorAdapter>stats_intelligence_color</ColorAdapter>
      <Width>30</Width>
      <Height>14</Height>
      <MaxCharacters>4</MaxCharacters>
      <Color>
        <R>255</R>
        <G>255</G>
        <B>255</B>
        <A>255</A>
      </Color>
      <Data></Data>
      <EndAligned>false</EndAligned>
      <TextCentered>false</TextCentered>
      <DontDrawWhenZero>false</DontDrawWhenZero>
    </ScalarLabelDef>

    <ScalarLabelDef>
      <ControlId></ControlId>
      <Position>
        <X>103</X>
        <Y>23</Y>
      </Position>
      <Alignment>
      </Alignment>
      <ToolTipID>6</ToolTipID>
      <FontName>font_buttons_small</FontName>
      <Adapter>stats_piety</Adapter>
      <ColorAdapter>stats_piety_color</ColorAdapter>
      <Width>30</Width>
      <Height>14</Height>
      <MaxCharacters>4</MaxCharacters>
      <Color>
        <R>255</R>
        <G>255</G>
        <B>255</B>
        <A>255</A>
      </Color>
      <Data></Data>
      <EndAligned>false</EndAligned>
      <TextCentered>false</TextCentered>
      <DontDrawWhenZero>false</DontDrawWhenZero>
    </ScalarLabelDef>

    <ScalarLabelDef>
      <ControlId></ControlId>
      <Position>
        <X>103</X>
        <Y>35</Y>
      </Position>
      <Alignment>
      </Alignment>
      <ToolTipID>8</ToolTipID>
      <FontName>font_buttons_small</FontName>
      <Adapter>stats_charisma</Adapter>
      <ColorAdapter>stats_charisma_color</ColorAdapter>
      <Width>30</Width>
      <Height>14</Height>
      <MaxCharacters>4</MaxCharacters>
      <Color>
        <R>255</R>
        <G>255</G>
        <B>255</B>
        <A>255</A>
      </Color>
      <Data></Data>
      <EndAligned>false</EndAligned>
      <TextCentered>false</TextCentered>
      <DontDrawWhenZero>false</DontDrawWhenZero>
    </ScalarLabelDef>

    <ScalarLabelDef>
      <ControlId></ControlId>
      <Position>
        <X>103</X>
        <Y>47</Y>
      </Position>
      <Alignment>
      </Alignment>
      <ToolTipID>7</ToolTipID>
      <FontName>font_buttons_small</FontName>
      <Adapter>stats_empathy</Adapter>
      <ColorAdapter>stats_empathy_color</ColorAdapter>
      <Width>30</Width>
      <Height>14</Height>
      <MaxCharacters>4</MaxCharacters>
      <Color>
        <R>255</R>
        <G>255</G>
        <B>255</B>
        <A>255</A>
      </Color>
      <Data></Data>
      <EndAligned>false</EndAligned>
      <TextCentered>false</TextCentered>
      <DontDrawWhenZero>false</DontDrawWhenZero>
    </ScalarLabelDef>

    <LabelDef>
      <ControlId></ControlId>
      <Position>
        <X>139</X>
        <Y>11</Y>
      </Position>
      <Alignment>
      </Alignment>
      <Color>
        <R>200</R>
        <G>200</G>
        <B>200</B>
        <A>200</A>
      </Color>
      <FontName>font_headings_small</FontName>
      <Width>25</Width>
      <Height>14</Height>
      <ColorAdapter></ColorAdapter>
      <MaxCharacters>5</MaxCharacters>
      <Data>Hits</Data>
      <EndAligned>false</EndAligned>
      <TextCentered>false</TextCentered>
      <Adapter></Adapter>
    </LabelDef>

    <LabelDef>
      <ControlId></ControlId>
      <Position>
        <X>139</X>
        <Y>23</Y>
      </Position>
      <Alignment>
      </Alignment>
      <Color>
        <R>200</R>
        <G>200</G>
        <B>200</B>
        <A>200</A>
      </Color>
      <FontName>font_headings_small</FontName>
      <Width>25</Width>
      <Height>14</Height>
      <ColorAdapter></ColorAdapter>
      <MaxCharacters>3</MaxCharacters>
      <Data>AF</Data>
      <EndAligned>false</EndAligned>
      <TextCentered>false</TextCentered>
      <Adapter></Adapter>
    </LabelDef>

    <LabelDef>
      <ControlId></ControlId>
      <Position>
        <X>139</X>
        <Y>35</Y>
      </Position>
      <Alignment>
      </Alignment>
      <Color>
        <R>200</R>
        <G>200</G>
        <B>200</B>
        <A>200</A>
      </Color>
      <FontName>font_headings_small</FontName>
      <Width>25</Width>
      <Height>14</Height>
      <ColorAdapter></ColorAdapter>
      <MaxCharacters>3</MaxCharacters>
      <Data>WS</Data>
      <EndAligned>false</EndAligned>
      <TextCentered>false</TextCentered>
      <Adapter></Adapter>
    </LabelDef>

    <LabelDef>
      <ControlId></ControlId>
      <Position>
        <X>139</X>
        <Y>47</Y>
      </Position>
      <Alignment>
      </Alignment>
      <Color>
        <R>192</R>
        <G>192</G>
        <B>192</B>
        <A>200</A>
      </Color>
      <FontName>font_headings_small</FontName>
      <Width>25</Width>
      <Height>14</Height>
      <ColorAdapter></ColorAdapter>
      <MaxCharacters>3</MaxCharacters>
      <Data>WD</Data>
      <EndAligned>false</EndAligned>
      <TextCentered>false</TextCentered>
      <Adapter></Adapter>
    </LabelDef>

    <ScalarLabelDef>
      <ControlId></ControlId>
      <Position>
        <X>167</X>
        <Y>11</Y>
      </Position>
      <Alignment>
      </Alignment>
      <FontName>font_buttons_small</FontName>
      <Adapter>stats_hitpoints</Adapter>
      <ColorAdapter></ColorAdapter>
      <Width>30</Width>
      <Height>14</Height>
      <MaxCharacters>5</MaxCharacters>
      <Color>
        <R>255</R>
        <G>255</G>
        <B>255</B>
        <A>255</A>
      </Color>
      <Data></Data>
      <EndAligned>false</EndAligned>
      <TextCentered>false</TextCentered>
      <DontDrawWhenZero>false</DontDrawWhenZero>
    </ScalarLabelDef>

    <ScalarLabelDef>
      <ControlId></ControlId>
      <Position>
        <X>167</X>
        <Y>23</Y>
      </Position>
      <Alignment>
      </Alignment>
      <FontName>font_buttons_small</FontName>
      <Adapter>stats_armor_factor</Adapter>
      <ColorAdapter></ColorAdapter>
      <Width>30</Width>
      <Height>14</Height>
      <MaxCharacters>5</MaxCharacters>
      <Color>
        <R>255</R>
        <G>255</G>
        <B>255</B>
        <A>255</A>
      </Color>
      <Data></Data>
      <EndAligned>false</EndAligned>
      <TextCentered>false</TextCentered>
      <DontDrawWhenZero>false</DontDrawWhenZero>
    </ScalarLabelDef>

    <ScalarLabelDef>
      <ControlId></ControlId>
      <Position>
        <X>167</X>
        <Y>35</Y>
      </Position>
      <Alignment>
      </Alignment>
      <FontName>font_buttons_small</FontName>
      <Adapter>stats_weapon_skill</Adapter>
      <ColorAdapter></ColorAdapter>
      <Width>30</Width>
      <Height>14</Height>
      <MaxCharacters>5</MaxCharacters>
      <Color>
        <R>255</R>
        <G>255</G>
        <B>255</B>
        <A>255</A>
      </Color>
      <Data></Data>
      <EndAligned>false</EndAligned>
      <TextCentered>false</TextCentered>
      <DontDrawWhenZero>false</DontDrawWhenZero>
    </ScalarLabelDef>

    <ScalarLabelDef>
      <ControlId></ControlId>
      <Position>
        <X>167</X>
        <Y>47</Y>
      </Position>
      <Alignment>
      </Alignment>
      <FontName>font_buttons_small</FontName>
      <Adapter>stats_weapon_damage</Adapter>
      <ColorAdapter></ColorAdapter>
      <Width>30</Width>
      <Height>14</Height>
      <MaxCharacters>5</MaxCharacters>
      <Color>
        <R>255</R>
        <G>255</G>
        <B>255</B>
        <A>255</A>
      </Color>
      <Data></Data>
      <EndAligned>false</EndAligned>
      <TextCentered>false</TextCentered>
      <DontDrawWhenZero>false</DontDrawWhenZero>
    </ScalarLabelDef>

  </WindowTemplate>

</Root_Element>
