<?xml version="1.0" encoding="ISO-8859-1"?>
<Root_Element ID="DAOCUi">

<!-- @@ Edited with the DAoC User Interface Editor v1.80 -->
<!-- @@ Free download available at http://www.bradtownsend.com/daoced -->

  <!-- Load MiniResist Window -->

  <WindowTemplate>
    <Name>custom9_window</Name>
    <WindowId>Mini Resists</WindowId>
    <CloseButton>true</CloseButton>
    <MoveButton>true</MoveButton>
    <TopRightResizeButton>false</TopRightResizeButton>
    <BottomRightResizeButton>false</BottomRightResizeButton>
    <BottomLeftResizeButton>false</BottomLeftResizeButton>
    <ResizeButtonOffsetX>0</ResizeButtonOffsetX>
    <ResizeButtonOffsetY>0</ResizeButtonOffsetY>
    <TitleWidth>210</TitleWidth>
    <TitleHeight>71</TitleHeight>
    <Width>210</Width>
    <Height>71</Height>
    <ResizeableWidth>0</ResizeableWidth>
    <ResizeableHeight>0</ResizeableHeight>
    <ResizeableTwoWayWidth>0</ResizeableTwoWayWidth>
    <ResizeableTwoWayHeight>0</ResizeableTwoWayHeight>
    <MinWidth>210</MinWidth>
    <MinHeight>71</MinHeight>
    <ContextTemplateName></ContextTemplateName>

    <!-- Background Image -->

    <FullResizeImageDef>
      <ControlId></ControlId>
      <Position>
        <X>0</X>
        <Y>0</Y>
      </Position>
      <Alignment>
      </Alignment>
      <TemplateName>fresizeimage_dlg_bg_small</TemplateName>
      <Width>210</Width>
      <Height>71</Height>
    </FullResizeImageDef>

    <!-- Interior Image -->

    <FullResizeImageDef>
      <ControlId></ControlId>
      <Position>
        <X>10</X>
        <Y>10</Y>
      </Position>
      <Alignment>
      </Alignment>
      <TemplateName>fresizeimage_dlg_interior_small</TemplateName>
      <Width>190</Width>
      <Height>51</Height>
    </FullResizeImageDef>

    <!-- Resist Value controls -->

    <LabelDef>
      <ControlId></ControlId>
      <Position>
        <X>16</X>
        <Y>11</Y>
      </Position>
      <Alignment>
      </Alignment>
      <Color>
        <R>153</R>
        <G>204</G>
        <B>0</B>
        <A>255</A>
      </Color>
      <FontName>font_headings_small</FontName>
      <Width>25</Width>
      <Height>14</Height>
      <ColorAdapter></ColorAdapter>
      <MaxCharacters>5</MaxCharacters>
      <Data>Crus</Data>
      <EndAligned>false</EndAligned>
      <TextCentered>false</TextCentered>
      <Adapter></Adapter>
    </LabelDef>

    <LabelDef>
      <ControlId></ControlId>
      <Position>
        <X>16</X>
        <Y>23</Y>
      </Position>
      <Alignment>
      </Alignment>
      <Color>
        <R>153</R>
        <G>204</G>
        <B>0</B>
        <A>255</A>
      </Color>
      <FontName>font_headings_small</FontName>
      <Width>25</Width>
      <Height>14</Height>
      <ColorAdapter></ColorAdapter>
      <MaxCharacters>5</MaxCharacters>
      <Data>Slas</Data>
      <EndAligned>false</EndAligned>
      <TextCentered>false</TextCentered>
      <Adapter></Adapter>
    </LabelDef>

    <LabelDef>
      <ControlId></ControlId>
      <Position>
        <X>16</X>
        <Y>35</Y>
      </Position>
      <Alignment>
      </Alignment>
      <Color>
        <R>153</R>
        <G>204</G>
        <B>0</B>
        <A>255</A>
      </Color>
      <FontName>font_headings_small</FontName>
      <Width>25</Width>
      <Height>14</Height>
      <ColorAdapter></ColorAdapter>
      <MaxCharacters>5</MaxCharacters>
      <Data>Thru</Data>
      <EndAligned>false</EndAligned>
      <TextCentered>false</TextCentered>
      <Adapter></Adapter>
    </LabelDef>

    <LabelDef>
      <ControlId></ControlId>
      <Position>
        <X>42</X>
        <Y>11</Y>
      </Position>
      <Alignment>
      </Alignment>
      <ToolTipID>9</ToolTipID>
      <Color>
        <R>255</R>
        <G>255</G>
        <B>255</B>
        <A>255</A>
      </Color>
      <FontName>font_buttons_small</FontName>
      <Width>30</Width>
      <Height>14</Height>
      <ColorAdapter>stats_crush_color</ColorAdapter>
      <MaxCharacters>5</MaxCharacters>
      <Data></Data>
      <EndAligned>true</EndAligned>
      <TextCentered>false</TextCentered>
      <Adapter>stats_crush</Adapter>
    </LabelDef>

    <LabelDef>
      <ControlId></ControlId>
      <Position>
        <X>42</X>
        <Y>23</Y>
      </Position>
      <Alignment>
      </Alignment>
      <ToolTipID>10</ToolTipID>
      <Color>
        <R>255</R>
        <G>255</G>
        <B>255</B>
        <A>255</A>
      </Color>
      <FontName>font_buttons_small</FontName>
      <Width>30</Width>
      <Height>14</Height>
      <ColorAdapter>stats_slash_color</ColorAdapter>
      <MaxCharacters>5</MaxCharacters>
      <Data></Data>
      <EndAligned>true</EndAligned>
      <TextCentered>false</TextCentered>
      <Adapter>stats_slash</Adapter>
    </LabelDef>

    <LabelDef>
      <ControlId></ControlId>
      <Position>
        <X>42</X>
        <Y>35</Y>
      </Position>
      <Alignment>
      </Alignment>
      <ToolTipID>11</ToolTipID>
      <Color>
        <R>255</R>
        <G>255</G>
        <B>255</B>
        <A>255</A>
      </Color>
      <FontName>font_buttons_small</FontName>
      <Width>30</Width>
      <Height>14</Height>
      <ColorAdapter>stats_thrust_color</ColorAdapter>
      <MaxCharacters>5</MaxCharacters>
      <Data></Data>
      <EndAligned>true</EndAligned>
      <TextCentered>false</TextCentered>
      <Adapter>stats_thrust</Adapter>
    </LabelDef>

    <LabelDef>
      <ControlId></ControlId>
      <Position>
        <X>77</X>
        <Y>11</Y>
      </Position>
      <Alignment>
      </Alignment>
      <Color>
        <R>153</R>
        <G>204</G>
        <B>0</B>
        <A>255</A>
      </Color>
      <FontName>font_headings_small</FontName>
      <Width>25</Width>
      <Height>14</Height>
      <ColorAdapter></ColorAdapter>
      <MaxCharacters>5</MaxCharacters>
      <Data>Cold</Data>
      <EndAligned>false</EndAligned>
      <TextCentered>false</TextCentered>
      <Adapter></Adapter>
    </LabelDef>

    <LabelDef>
      <ControlId></ControlId>
      <Position>
        <X>77</X>
        <Y>23</Y>
      </Position>
      <Alignment>
      </Alignment>
      <Color>
        <R>153</R>
        <G>204</G>
        <B>0</B>
        <A>255</A>
      </Color>
      <FontName>font_headings_small</FontName>
      <Width>25</Width>
      <Height>14</Height>
      <ColorAdapter></ColorAdapter>
      <MaxCharacters>5</MaxCharacters>
      <Data>Heat</Data>
      <EndAligned>false</EndAligned>
      <TextCentered>false</TextCentered>
      <Adapter></Adapter>
    </LabelDef>

    <LabelDef>
      <ControlId></ControlId>
      <Position>
        <X>77</X>
        <Y>35</Y>
      </Position>
      <Alignment>
      </Alignment>
      <Color>
        <R>153</R>
        <G>204</G>
        <B>0</B>
        <A>200</A>
      </Color>
      <FontName>font_headings_small</FontName>
      <Width>25</Width>
      <Height>14</Height>
      <ColorAdapter></ColorAdapter>
      <MaxCharacters>5</MaxCharacters>
      <Data>Matt</Data>
      <EndAligned>false</EndAligned>
      <TextCentered>false</TextCentered>
      <Adapter></Adapter>
    </LabelDef>

    <LabelDef>
      <ControlId></ControlId>
      <Position>
        <X>103</X>
        <Y>11</Y>
      </Position>
      <Alignment>
      </Alignment>
      <ToolTipID>13</ToolTipID>
      <Color>
        <R>255</R>
        <G>255</G>
        <B>255</B>
        <A>255</A>
      </Color>
      <FontName>font_buttons_small</FontName>
      <Width>30</Width>
      <Height>14</Height>
      <ColorAdapter>stats_cold_color</ColorAdapter>
      <MaxCharacters>5</MaxCharacters>
      <Data></Data>
      <EndAligned>false</EndAligned>
      <TextCentered>false</TextCentered>
      <Adapter>stats_cold</Adapter>
    </LabelDef>

    <LabelDef>
      <ControlId></ControlId>
      <Position>
        <X>103</X>
        <Y>23</Y>
      </Position>
      <Alignment>
      </Alignment>
      <ToolTipID>12</ToolTipID>
      <Color>
        <R>255</R>
        <G>255</G>
        <B>255</B>
        <A>255</A>
      </Color>
      <FontName>font_buttons_small</FontName>
      <Width>30</Width>
      <Height>14</Height>
      <ColorAdapter>stats_heat_color</ColorAdapter>
      <MaxCharacters>5</MaxCharacters>
      <Data></Data>
      <EndAligned>false</EndAligned>
      <TextCentered>false</TextCentered>
      <Adapter>stats_heat</Adapter>
    </LabelDef>

    <LabelDef>
      <ControlId></ControlId>
      <Position>
        <X>103</X>
        <Y>35</Y>
      </Position>
      <Alignment>
      </Alignment>
      <ToolTipID>14</ToolTipID>
      <Color>
        <R>255</R>
        <G>255</G>
        <B>255</B>
        <A>255</A>
      </Color>
      <FontName>font_buttons_small</FontName>
      <Width>30</Width>
      <Height>14</Height>
      <ColorAdapter>stats_matter_color</ColorAdapter>
      <MaxCharacters>5</MaxCharacters>
      <Data></Data>
      <EndAligned>false</EndAligned>
      <TextCentered>false</TextCentered>
      <Adapter>stats_matter</Adapter>
    </LabelDef>

    <LabelDef>
      <ControlId></ControlId>
      <Position>
        <X>139</X>
        <Y>11</Y>
      </Position>
      <Alignment>
      </Alignment>
      <Color>
        <R>153</R>
        <G>204</G>
        <B>0</B>
        <A>200</A>
      </Color>
      <FontName>font_headings_small</FontName>
      <Width>25</Width>
      <Height>14</Height>
      <ColorAdapter></ColorAdapter>
      <MaxCharacters>5</MaxCharacters>
      <Data>Body</Data>
      <EndAligned>false</EndAligned>
      <TextCentered>false</TextCentered>
      <Adapter></Adapter>
    </LabelDef>

    <LabelDef>
      <ControlId></ControlId>
      <Position>
        <X>139</X>
        <Y>23</Y>
      </Position>
      <Alignment>
      </Alignment>
      <Color>
        <R>153</R>
        <G>204</G>
        <B>0</B>
        <A>200</A>
      </Color>
      <FontName>font_headings_small</FontName>
      <Width>25</Width>
      <Height>14</Height>
      <ColorAdapter></ColorAdapter>
      <MaxCharacters>5</MaxCharacters>
      <Data>Spir</Data>
      <EndAligned>false</EndAligned>
      <TextCentered>false</TextCentered>
      <Adapter></Adapter>
    </LabelDef>

    <LabelDef>
      <ControlId></ControlId>
      <Position>
        <X>139</X>
        <Y>35</Y>
      </Position>
      <Alignment>
      </Alignment>
      <Color>
        <R>153</R>
        <G>204</G>
        <B>0</B>
        <A>200</A>
      </Color>
      <FontName>font_headings_small</FontName>
      <Width>25</Width>
      <Height>14</Height>
      <ColorAdapter></ColorAdapter>
      <MaxCharacters>5</MaxCharacters>
      <Data>Ener</Data>
      <EndAligned>false</EndAligned>
      <TextCentered>false</TextCentered>
      <Adapter></Adapter>
    </LabelDef>

    <LabelDef>
      <ControlId></ControlId>
      <Position>
        <X>167</X>
        <Y>11</Y>
      </Position>
      <Alignment>
      </Alignment>
      <ToolTipID>15</ToolTipID>
      <Color>
        <R>255</R>
        <G>255</G>
        <B>255</B>
        <A>255</A>
      </Color>
      <FontName>font_buttons_small</FontName>
      <Width>30</Width>
      <Height>14</Height>
      <ColorAdapter>stats_body_color</ColorAdapter>
      <MaxCharacters>5</MaxCharacters>
      <Data></Data>
      <EndAligned>false</EndAligned>
      <TextCentered>false</TextCentered>
      <Adapter>stats_body</Adapter>
    </LabelDef>

    <LabelDef>
      <ControlId></ControlId>
      <Position>
        <X>167</X>
        <Y>23</Y>
      </Position>
      <Alignment>
      </Alignment>
      <ToolTipID>16</ToolTipID>
      <Color>
        <R>255</R>
        <G>255</G>
        <B>255</B>
        <A>255</A>
      </Color>
      <FontName>font_buttons_small</FontName>
      <Width>30</Width>
      <Height>14</Height>
      <ColorAdapter>stats_spirit_color</ColorAdapter>
      <MaxCharacters>5</MaxCharacters>
      <Data></Data>
      <EndAligned>false</EndAligned>
      <TextCentered>false</TextCentered>
      <Adapter>stats_spirit</Adapter>
    </LabelDef>

    <LabelDef>
      <ControlId></ControlId>
      <Position>
        <X>167</X>
        <Y>35</Y>
      </Position>
      <Alignment>
      </Alignment>
      <ToolTipID>17</ToolTipID>
      <Color>
        <R>255</R>
        <G>255</G>
        <B>255</B>
        <A>255</A>
      </Color>
      <FontName>font_buttons_small</FontName>
      <Width>30</Width>
      <Height>14</Height>
      <ColorAdapter>stats_energy_color</ColorAdapter>
      <MaxCharacters>5</MaxCharacters>
      <Data></Data>
      <EndAligned>false</EndAligned>
      <TextCentered>false</TextCentered>
      <Adapter>stats_energy</Adapter>
    </LabelDef>

  </WindowTemplate>

</Root_Element>
