<?xml version="1.0" encoding="ISO-8859-1"?>
<Root_Element ID="DAOCUi">

<!-- @@ Edited with the DAoC User Interface Editor v1.80 -->
<!-- @@ Free download available at http://www.bradtownsend.com/daoced -->

  <!-- Load TabbedXP Window -->

  <WindowTemplate>
    <Name>custom11_window</Name>
    <WindowId>Tabbed XP</WindowId>
    <CloseButton>true</CloseButton>
    <MoveButton>true</MoveButton>
    <TopRightResizeButton>false</TopRightResizeButton>
    <BottomRightResizeButton>false</BottomRightResizeButton>
    <BottomLeftResizeButton>false</BottomLeftResizeButton>
    <ResizeButtonOffsetX>0</ResizeButtonOffsetX>
    <ResizeButtonOffsetY>0</ResizeButtonOffsetY>
    <TitleWidth>210</TitleWidth>
    <TitleHeight>10</TitleHeight>
    <Width>210</Width>
    <Height>71</Height>
    <ResizeableWidth>0</ResizeableWidth>
    <ResizeableHeight>0</ResizeableHeight>
    <ResizeableTwoWayWidth>0</ResizeableTwoWayWidth>
    <ResizeableTwoWayHeight>0</ResizeableTwoWayHeight>
    <MinWidth>210</MinWidth>
    <MinHeight>71</MinHeight>
    <ContextTemplateName></ContextTemplateName>

    <!-- Background Images -->

    <FullResizeImageDef>
      <ControlId></ControlId>
      <Position>
        <X>0</X>
        <Y>0</Y>
      </Position>
      <Alignment>
      </Alignment>
      <TemplateName>fresizeimage_dlg_bg_small</TemplateName>
      <Width>210</Width>
      <Height>71</Height>
    </FullResizeImageDef>

    <!-- Tab controls -->

    <TabsDef>
      <TemplateName>Tabs_Generic_Small</TemplateName>
      <ControlId></ControlId>
      <Position>
        <X>5</X>
        <Y>5</Y>
      </Position>
      <Alignment>
      </Alignment>
      <Width>190</Width>
      <Height>51</Height>
      <onCLickEvent></onCLickEvent>
    <Tab>
      <Id>1</Id>
      <Name>Exp</Name>
    </Tab>
    <Tab>
      <Id>2</Id>
      <Name>Rxp</Name>
    </Tab>
    <Tab>
      <Id>3</Id>
      <Name>Cxp</Name>
    </Tab>
    <Tab>
      <Id>4</Id>
      <Name>Mxp</Name>
    </Tab>
      <TabControl>
        <TabId>1</TabId>
        <ControlId>1200</ControlId>
      </TabControl>
      <TabControl>
        <TabId>1</TabId>
        <ControlId>1201</ControlId>
      </TabControl>
      <TabControl>
        <TabId>1</TabId>
        <ControlId>1202</ControlId>
      </TabControl>
      <TabControl>
        <TabId>1</TabId>
        <ControlId>1203</ControlId>
      </TabControl>
      <TabControl>
        <TabId>1</TabId>
        <ControlId>1204</ControlId>
      </TabControl>
      <TabControl>
        <TabId>1</TabId>
        <ControlId>1205</ControlId>
      </TabControl>
      <TabControl>
        <TabId>1</TabId>
        <ControlId>1206</ControlId>
      </TabControl>
      <TabControl>
        <TabId>1</TabId>
        <ControlId>1207</ControlId>
      </TabControl>
      <TabControl>
        <TabId>1</TabId>
        <ControlId>1209</ControlId>
      </TabControl>
      <TabControl>
        <TabId>1</TabId>
        <ControlId>1210</ControlId>
      </TabControl>
      <TabControl>
        <TabId>2</TabId>
        <ControlId>1100</ControlId>
      </TabControl>
      <TabControl>
        <TabId>2</TabId>
        <ControlId>1101</ControlId>
      </TabControl>
      <TabControl>
        <TabId>2</TabId>
        <ControlId>1102</ControlId>
      </TabControl>
      <TabControl>
        <TabId>2</TabId>
        <ControlId>1103</ControlId>
      </TabControl>
      <TabControl>
        <TabId>2</TabId>
        <ControlId>1104</ControlId>
      </TabControl>
      <TabControl>
        <TabId>2</TabId>
        <ControlId>1105</ControlId>
      </TabControl>
      <TabControl>
        <TabId>2</TabId>
        <ControlId>1106</ControlId>
      </TabControl>
      <TabControl>
        <TabId>2</TabId>
        <ControlId>1107</ControlId>
      </TabControl>
      <TabControl>
        <TabId>3</TabId>
        <ControlId>1300</ControlId>
      </TabControl>
      <TabControl>
        <TabId>3</TabId>
        <ControlId>1301</ControlId>
      </TabControl>
      <TabControl>
        <TabId>3</TabId>
        <ControlId>1302</ControlId>
      </TabControl>
      <TabControl>
        <TabId>3</TabId>
        <ControlId>1303</ControlId>
      </TabControl>
      <TabControl>
        <TabId>3</TabId>
        <ControlId>1304</ControlId>
      </TabControl>
      <TabControl>
        <TabId>3</TabId>
        <ControlId>1305</ControlId>
      </TabControl>
      <TabControl>
        <TabId>3</TabId>
        <ControlId>1306</ControlId>
      </TabControl>
      <TabControl>
        <TabId>3</TabId>
        <ControlId>1307</ControlId>
      </TabControl>
      <TabControl>
        <TabId>4</TabId>
        <ControlId>1400</ControlId>
      </TabControl>
      <TabControl>
        <TabId>4</TabId>
        <ControlId>1401</ControlId>
      </TabControl>
      <TabControl>
        <TabId>4</TabId>
        <ControlId>1402</ControlId>
      </TabControl>
      <TabControl>
        <TabId>4</TabId>
        <ControlId>1404</ControlId>
      </TabControl>
      <TabControl>
        <TabId>4</TabId>
        <ControlId>1405</ControlId>
      </TabControl>
      <TabControl>
        <TabId>4</TabId>
        <ControlId>1407</ControlId>
      </TabControl>
    </TabsDef>

    <!-- Tab 2 (Rxp) Controls -->

    <FullResizeImageDef>
      <ControlId>1100</ControlId>
      <Position>
        <X>10</X>
        <Y>26</Y>
      </Position>
      <Alignment>
      </Alignment>
      <TemplateName>fresizeimage_tab_panel_cmdxp</TemplateName>
      <Width>190</Width>
      <Height>35</Height>
    </FullResizeImageDef>

    <LabelDef>
      <ControlId>1101</ControlId>
      <Position>
        <X>13</X>
        <Y>31</Y>
      </Position>
      <Alignment>
      </Alignment>
      <Color>
        <R>242</R>
        <G>121</G>
        <B>61</B>
        <A>255</A>
      </Color>
      <FontName>font_buttons_small</FontName>
      <Width>25</Width>
      <Height>16</Height>
      <ColorAdapter></ColorAdapter>
      <MaxCharacters>4</MaxCharacters>
      <Data>Rxp</Data>
      <EndAligned>false</EndAligned>
      <TextCentered>true</TextCentered>
      <Adapter></Adapter>
    </LabelDef>

    <StatusIconDef>
      <ControlId>1102</ControlId>
      <Position>
        <X>38</X>
        <Y>33</Y>
      </Position>
      <Alignment>
      </Alignment>
      <TemplateName>statusicon_bar_orange</TemplateName>
      <AdapterName>realm_exp_coarse</AdapterName>
    </StatusIconDef>

    <StatusIconDef>
      <ControlId>1103</ControlId>
      <Position>
        <X>38</X>
        <Y>48</Y>
      </Position>
      <Alignment>
      </Alignment>
      <TemplateName>statusicon_bar_orange_small</TemplateName>
      <AdapterName>realm_exp_fine</AdapterName>
    </StatusIconDef>

    <ScalarLabelDef>
      <ControlId>1104</ControlId>
      <Position>
        <X>166</X>
        <Y>31</Y>
      </Position>
      <Alignment>
      </Alignment>
      <FontName>font_buttons_small</FontName>
      <Adapter>realm_exp_coarse</Adapter>
      <ColorAdapter></ColorAdapter>
      <Width>16</Width>
      <Height>16</Height>
      <MaxCharacters>2</MaxCharacters>
      <Color>
        <R>242</R>
        <G>121</G>
        <B>61</B>
        <A>255</A>
      </Color>
      <Data></Data>
      <EndAligned>false</EndAligned>
      <TextCentered>true</TextCentered>
      <DontDrawWhenZero>false</DontDrawWhenZero>
    </ScalarLabelDef>

    <LabelDef>
      <ControlId>1105</ControlId>
      <Position>
        <X>180</X>
        <Y>31</Y>
      </Position>
      <Alignment>
      </Alignment>
      <Color>
        <R>242</R>
        <G>121</G>
        <B>61</B>
        <A>255</A>
      </Color>
      <FontName>font_buttons_small</FontName>
      <Width>25</Width>
      <Height>16</Height>
      <ColorAdapter></ColorAdapter>
      <MaxCharacters>2</MaxCharacters>
      <Data>.</Data>
      <EndAligned>false</EndAligned>
      <TextCentered>false</TextCentered>
      <Adapter></Adapter>
    </LabelDef>

    <ScalarLabelDef>
      <ControlId>1106</ControlId>
      <Position>
        <X>183</X>
        <Y>31</Y>
      </Position>
      <Alignment>
      </Alignment>
      <FontName>font_buttons_small</FontName>
      <Adapter>realm_exp_fine</Adapter>
      <ColorAdapter></ColorAdapter>
      <Width>25</Width>
      <Height>16</Height>
      <MaxCharacters>4</MaxCharacters>
      <Color>
        <R>242</R>
        <G>121</G>
        <B>61</B>
        <A>255</A>
      </Color>
      <Data></Data>
      <EndAligned>false</EndAligned>
      <TextCentered>false</TextCentered>
      <DontDrawWhenZero>false</DontDrawWhenZero>
    </ScalarLabelDef>

    <InvisibleButtonDef>
      <ControlId>1107</ControlId>
      <Position>
        <X>15</X>
        <Y>32</Y>
      </Position>
      <Alignment>
      </Alignment>
      <Label></Label>
      <OnClickEvent>ToggleCustom17</OnClickEvent>
      <Width>180</Width>
      <Height>20</Height>
    </InvisibleButtonDef>

    <!-- Tab 3 (Cxp) Controls -->

    <FullResizeImageDef>
      <ControlId>1300</ControlId>
      <Position>
        <X>10</X>
        <Y>26</Y>
      </Position>
      <Alignment>
      </Alignment>
      <TemplateName>fresizeimage_tab_panel_cmdxp</TemplateName>
      <Width>190</Width>
      <Height>35</Height>
    </FullResizeImageDef>

    <LabelDef>
      <ControlId>1301</ControlId>
      <Position>
        <X>13</X>
        <Y>31</Y>
      </Position>
      <Alignment>
      </Alignment>
      <Color>
        <R>217</R>
        <G>26</G>
        <B>26</B>
        <A>255</A>
      </Color>
      <FontName>font_buttons_small</FontName>
      <Width>25</Width>
      <Height>16</Height>
      <ColorAdapter></ColorAdapter>
      <MaxCharacters>4</MaxCharacters>
      <Data>Cxp</Data>
      <EndAligned>false</EndAligned>
      <TextCentered>true</TextCentered>
      <Adapter></Adapter>
    </LabelDef>

    <StatusIconDef>
      <ControlId>1302</ControlId>
      <Position>
        <X>38</X>
        <Y>33</Y>
      </Position>
      <Alignment>
      </Alignment>
      <TemplateName>statusicon_bar_red</TemplateName>
      <AdapterName>summary_champ_exp_coarse</AdapterName>
    </StatusIconDef>

    <StatusIconDef>
      <ControlId>1303</ControlId>
      <Position>
        <X>38</X>
        <Y>48</Y>
      </Position>
      <Alignment>
      </Alignment>
      <TemplateName>statusicon_bar_red_small</TemplateName>
      <AdapterName>summary_champ_exp_fine</AdapterName>
    </StatusIconDef>

    <ScalarLabelDef>
      <ControlId>1304</ControlId>
      <Position>
        <X>166</X>
        <Y>31</Y>
      </Position>
      <Alignment>
      </Alignment>
      <FontName>font_buttons_small</FontName>
      <Adapter>summary_champ_exp_coarse</Adapter>
      <ColorAdapter></ColorAdapter>
      <Width>16</Width>
      <Height>16</Height>
      <MaxCharacters>3</MaxCharacters>
      <Color>
        <R>217</R>
        <G>26</G>
        <B>26</B>
        <A>255</A>
      </Color>
      <Data></Data>
      <EndAligned>false</EndAligned>
      <TextCentered>true</TextCentered>
      <DontDrawWhenZero>false</DontDrawWhenZero>
    </ScalarLabelDef>

    <LabelDef>
      <ControlId>1305</ControlId>
      <Position>
        <X>180</X>
        <Y>31</Y>
      </Position>
      <Alignment>
      </Alignment>
      <Color>
        <R>217</R>
        <G>26</G>
        <B>26</B>
        <A>255</A>
      </Color>
      <FontName>font_buttons_small</FontName>
      <Width>25</Width>
      <Height>16</Height>
      <ColorAdapter></ColorAdapter>
      <MaxCharacters>2</MaxCharacters>
      <Data>.</Data>
      <EndAligned>false</EndAligned>
      <TextCentered>false</TextCentered>
      <Adapter></Adapter>
    </LabelDef>

    <ScalarLabelDef>
      <ControlId>1306</ControlId>
      <Position>
        <X>183</X>
        <Y>31</Y>
      </Position>
      <Alignment>
      </Alignment>
      <FontName>font_buttons_small</FontName>
      <Adapter>summary_champ_exp_fine</Adapter>
      <ColorAdapter></ColorAdapter>
      <Width>25</Width>
      <Height>16</Height>
      <MaxCharacters>4</MaxCharacters>
      <Color>
        <R>217</R>
        <G>26</G>
        <B>26</B>
        <A>255</A>
      </Color>
      <Data></Data>
      <EndAligned>false</EndAligned>
      <TextCentered>false</TextCentered>
      <DontDrawWhenZero>false</DontDrawWhenZero>
    </ScalarLabelDef>

    <InvisibleButtonDef>
      <ControlId>1307</ControlId>
      <Position>
        <X>15</X>
        <Y>32</Y>
      </Position>
      <Alignment>
      </Alignment>
      <Label></Label>
      <OnClickEvent>ToggleJournal</OnClickEvent>
      <Width>180</Width>
      <Height>20</Height>
    </InvisibleButtonDef>

    <!-- Tab 4 (Mxp) Controls -->

    <FullResizeImageDef>
      <ControlId>1400</ControlId>
      <Position>
        <X>10</X>
        <Y>26</Y>
      </Position>
      <Alignment>
      </Alignment>
      <TemplateName>fresizeimage_tab_panel_cmdxp</TemplateName>
      <Width>190</Width>
      <Height>35</Height>
    </FullResizeImageDef>

    <LabelDef>
      <ControlId>1401</ControlId>
      <Position>
        <X>13</X>
        <Y>31</Y>
      </Position>
      <Alignment>
      </Alignment>
      <Color>
        <R>100</R>
        <G>100</G>
        <B>255</B>
        <A>255</A>
      </Color>
      <FontName>font_buttons_small</FontName>
      <Width>25</Width>
      <Height>16</Height>
      <ColorAdapter></ColorAdapter>
      <MaxCharacters>4</MaxCharacters>
      <Data>Mxp</Data>
      <EndAligned>false</EndAligned>
      <TextCentered>true</TextCentered>
      <Adapter></Adapter>
    </LabelDef>

    <StatusIconDef>
      <ControlId>1402</ControlId>
      <Position>
        <X>38</X>
        <Y>33</Y>
      </Position>
      <Alignment>
      </Alignment>
      <TemplateName>statusicon_bar_blue</TemplateName>
      <AdapterName>master_exp</AdapterName>
    </StatusIconDef>

    <ScalarLabelDef>
      <ControlId>1404</ControlId>
      <Position>
        <X>167</X>
        <Y>31</Y>
      </Position>
      <Alignment>
      </Alignment>
      <FontName>font_buttons_small</FontName>
      <Adapter>master_exp</Adapter>
      <ColorAdapter></ColorAdapter>
      <Width>20</Width>
      <Height>16</Height>
      <MaxCharacters>4</MaxCharacters>
      <Color>
        <R>100</R>
        <G>100</G>
        <B>255</B>
        <A>255</A>
      </Color>
      <Data></Data>
      <EndAligned>false</EndAligned>
      <TextCentered>true</TextCentered>
      <DontDrawWhenZero>false</DontDrawWhenZero>
    </ScalarLabelDef>

    <ScalarLabelDef>
      <ControlId>1405</ControlId>
      <Position>
        <X>186</X>
        <Y>31</Y>
      </Position>
      <Alignment>
      </Alignment>
      <FontName>font_buttons_small</FontName>
      <Adapter></Adapter>
      <ColorAdapter></ColorAdapter>
      <Width>25</Width>
      <Height>16</Height>
      <MaxCharacters>2</MaxCharacters>
      <Color>
        <R>100</R>
        <G>100</G>
        <B>255</B>
        <A>255</A>
      </Color>
      <Data>%</Data>
      <EndAligned>false</EndAligned>
      <TextCentered>false</TextCentered>
      <DontDrawWhenZero>false</DontDrawWhenZero>
    </ScalarLabelDef>

    <InvisibleButtonDef>
      <ControlId>1407</ControlId>
      <Position>
        <X>15</X>
        <Y>32</Y>
      </Position>
      <Alignment>
      </Alignment>
      <Label></Label>
      <OnClickEvent>ToggleMasterLevel</OnClickEvent>
      <Width>180</Width>
      <Height>20</Height>
    </InvisibleButtonDef>

    <!-- Tab 1 (Exp) Controls -->

    <FullResizeImageDef>
      <ControlId>1200</ControlId>
      <Position>
        <X>10</X>
        <Y>26</Y>
      </Position>
      <Alignment>
      </Alignment>
      <TemplateName>fresizeimage_tab_panel_small</TemplateName>
      <Width>190</Width>
      <Height>35</Height>
    </FullResizeImageDef>

    <FullResizeImageDef>
      <ControlId>1210</ControlId>
      <Position>
        <X>10</X>
        <Y>26</Y>
      </Position>
      <Alignment>
      </Alignment>
      <TemplateName>fresizeimage_tab_panel_cmdxp</TemplateName>
      <Width>190</Width>
      <Height>35</Height>
    </FullResizeImageDef>

    <LabelDef>
      <ControlId>1201</ControlId>
      <Position>
        <X>13</X>
        <Y>31</Y>
      </Position>
      <Alignment>
      </Alignment>
      <ToolTipID>32</ToolTipID>
      <Color>
        <R>100</R>
        <G>100</G>
        <B>255</B>
        <A>255</A>
      </Color>
      <FontName>font_buttons_small</FontName>
      <Width>25</Width>
      <Height>16</Height>
      <ColorAdapter></ColorAdapter>
      <MaxCharacters>4</MaxCharacters>
      <Data>Exp</Data>
      <EndAligned>false</EndAligned>
      <TextCentered>true</TextCentered>
      <Adapter></Adapter>
    </LabelDef>

    <StatusIconDef>
      <ControlId>1202</ControlId>
      <Position>
        <X>38</X>
        <Y>33</Y>
      </Position>
      <Alignment>
      </Alignment>
      <ToolTipID>32</ToolTipID>
      <TemplateName>statusicon_bar_blue</TemplateName>
      <AdapterName>summary_exp_coarse</AdapterName>
    </StatusIconDef>

    <StatusIconDef>
      <ControlId>1203</ControlId>
      <Position>
        <X>38</X>
        <Y>48</Y>
      </Position>
      <Alignment>
      </Alignment>
      <ToolTipID>32</ToolTipID>
      <TemplateName>statusicon_bar_blue_small</TemplateName>
      <AdapterName>summary_exp_fine</AdapterName>
    </StatusIconDef>

    <ScalarLabelDef>
      <ControlId>1204</ControlId>
      <Position>
        <X>166</X>
        <Y>31</Y>
      </Position>
      <Alignment>
      </Alignment>
      <FontName>font_buttons_small</FontName>
      <Adapter>summary_exp_coarse</Adapter>
      <ColorAdapter></ColorAdapter>
      <Width>16</Width>
      <Height>16</Height>
      <MaxCharacters>3</MaxCharacters>
      <Color>
        <R>100</R>
        <G>100</G>
        <B>255</B>
        <A>255</A>
      </Color>
      <Data></Data>
      <EndAligned>false</EndAligned>
      <TextCentered>true</TextCentered>
      <DontDrawWhenZero>false</DontDrawWhenZero>
    </ScalarLabelDef>

    <LabelDef>
      <ControlId>1205</ControlId>
      <Position>
        <X>180</X>
        <Y>31</Y>
      </Position>
      <Alignment>
      </Alignment>
      <Color>
        <R>100</R>
        <G>100</G>
        <B>255</B>
        <A>255</A>
      </Color>
      <FontName>font_buttons_small</FontName>
      <Width>25</Width>
      <Height>16</Height>
      <ColorAdapter></ColorAdapter>
      <MaxCharacters>2</MaxCharacters>
      <Data>.</Data>
      <EndAligned>false</EndAligned>
      <TextCentered>false</TextCentered>
      <Adapter></Adapter>
    </LabelDef>

    <ScalarLabelDef>
      <ControlId>1206</ControlId>
      <Position>
        <X>183</X>
        <Y>31</Y>
      </Position>
      <Alignment>
      </Alignment>
      <FontName>font_buttons_small</FontName>
      <Adapter>summary_exp_fine</Adapter>
      <ColorAdapter></ColorAdapter>
      <Width>25</Width>
      <Height>16</Height>
      <MaxCharacters>4</MaxCharacters>
      <Color>
        <R>100</R>
        <G>100</G>
        <B>255</B>
        <A>255</A>
      </Color>
      <Data></Data>
      <EndAligned>false</EndAligned>
      <TextCentered>false</TextCentered>
      <DontDrawWhenZero>false</DontDrawWhenZero>
    </ScalarLabelDef>

    <InvisibleButtonDef>
      <ControlId>1207</ControlId>
      <Position>
        <X>15</X>
        <Y>32</Y>
      </Position>
      <Alignment>
      </Alignment>
      <Label></Label>
      <OnClickEvent>ToggleJournal</OnClickEvent>
      <Width>180</Width>
      <Height>20</Height>
    </InvisibleButtonDef>

    <LabelDef>
      <ControlId>1209</ControlId>
      <Position>
        <X>25</X>
        <Y>10</Y>
      </Position>
      <Alignment>
      </Alignment>
      <Color>
        <R>255</R>
        <G>192</G>
        <B>0</B>
        <A>255</A>
      </Color>
      <FontName>font_buttons</FontName>
      <Width>20</Width>
      <Height>16</Height>
      <ColorAdapter></ColorAdapter>
      <MaxCharacters>4</MaxCharacters>
      <Data>Exp</Data>
      <EndAligned>false</EndAligned>
      <TextCentered>false</TextCentered>
      <Adapter></Adapter>
    </LabelDef>

    <!--Mask-->

    <ImageAreaDef>
      <ControlId></ControlId>
      <Position>
        <X>10</X>
        <Y>27</Y>
      </Position>
      <Alignment>
      </Alignment>
      <TemplateName>imagearea_tabbedxp_mask</TemplateName>
    </ImageAreaDef>

  </WindowTemplate>

</Root_Element>
