<?xml version="1.0" encoding="ISO-8859-1"?>
<Root_Element ID="DAOCUi">

<!-- @@ Edited with the DAoC User Interface Editor v1.80 -->
<!-- @@ Free download available at http://www.bradtownsend.com/daoced -->

  <!-- Load FloatingEndurance Window -->

  <WindowTemplate>
    <Name>custom2_window</Name>
    <WindowId>Floating Endurance</WindowId>
    <CloseButton>true</CloseButton>
    <MoveButton>true</MoveButton>
    <TopRightResizeButton>false</TopRightResizeButton>
    <BottomRightResizeButton>false</BottomRightResizeButton>
    <BottomLeftResizeButton>false</BottomLeftResizeButton>
    <ResizeButtonOffsetX>0</ResizeButtonOffsetX>
    <ResizeButtonOffsetY>0</ResizeButtonOffsetY>
    <TitleWidth>0</TitleWidth>
    <TitleHeight>0</TitleHeight>
    <Width>160</Width>
    <Height>20</Height>
    <ResizeableWidth>0</ResizeableWidth>
    <ResizeableHeight>0</ResizeableHeight>
    <ResizeableTwoWayWidth>0</ResizeableTwoWayWidth>
    <ResizeableTwoWayHeight>0</ResizeableTwoWayHeight>
    <MinWidth>0</MinWidth>
    <MinHeight>0</MinHeight>
    <ContextTemplateName></ContextTemplateName>

    <!-- Player Endurance Controls -->

    <StatusIconDef>
      <ControlId></ControlId>
      <Position>
        <X>6</X>
        <Y>5</Y>
      </Position>
      <Alignment>
      </Alignment>
      <TemplateName>statusicon_bar_green</TemplateName>
      <AdapterName>summary_player_end</AdapterName>
    </StatusIconDef>

    <ScalarLabelDef>
      <ControlId></ControlId>
      <Position>
        <X>134</X>
        <Y>2</Y>
      </Position>
      <Alignment>
      </Alignment>
      <FontName>font_transparentbold</FontName>
      <Adapter>summary_player_end</Adapter>
      <ColorAdapter></ColorAdapter>
      <Width>30</Width>
      <Height>16</Height>
      <MaxCharacters>4</MaxCharacters>
      <Color>
        <R>92</R>
        <G>230</G>
        <B>127</B>
        <A>255</A>
      </Color>
      <Data></Data>
      <EndAligned>false</EndAligned>
      <TextCentered>true</TextCentered>
      <DontDrawWhenZero>false</DontDrawWhenZero>
      <DontDrawWhenNegOne>true</DontDrawWhenNegOne>
	</ScalarLabelDef>

  </WindowTemplate>

</Root_Element>
