<?xml version="1.0" encoding="ISO-8859-1"?>
<Root_Element ID="DAOCUi">

<!-- @@ Edited with the DAoC User Interface Editor v1.80 -->
<!-- @@ Free download available at http://www.bradtownsend.com/daoced -->

  <!--Load Background Image-->

  <Include>ChantBackground.xml</Include>

  <!--Define Chant Templates-->

  <ListBoxTemplate>
    <Name>ListBox_Chant</Name>
    <LinePadding>-12</LinePadding>
    <CellPadding>0</CellPadding>
    <LabelLength>0</LabelLength>
    <ScrollbarTemplate>vscrollbar_generic</ScrollbarTemplate>
    <DrawScroll>false</DrawScroll>
    <ScrollbarTopOffset>0</ScrollbarTopOffset>
    <ScrollbarBottomOffset>0</ScrollbarBottomOffset>
    <ScrollbarRightOffset>0</ScrollbarRightOffset>
    <Sorting>false</Sorting>
    <BackgroundTemplate>fresizeimage_blank_small</BackgroundTemplate>
    <IconTemplate>icon_generic_large</IconTemplate>
    <TextFont>
      <Name></Name>
      <ColorNormal>
        <R>255</R>
        <G>255</G>
        <B>255</B>
        <A>255</A>
      </ColorNormal>
      <ColorHighlit>
        <R>255</R>
        <G>255</G>
        <B>255</B>
        <A>255</A>
      </ColorHighlit>
      <ColorGreyed>
        <R>255</R>
        <G>255</G>
        <B>255</B>
        <A>255</A>
      </ColorGreyed>
      <TextTopOffset>0</TextTopOffset>
      <TextBottomOffset>0</TextBottomOffset>
      <TextLeftOffset>0</TextLeftOffset>
      <TextRightOffset>0</TextRightOffset>
      <LineOffset>0</LineOffset>
    </TextFont>
      <IconSize>
        <X>32</X>
        <Y>32</Y>
      </IconSize>
  </ListBoxTemplate>

  <!-- Load Chant Window -->

  <WindowTemplate>
    <Name>custom12_window</Name>
    <WindowId>custom12_window</WindowId>
    <CloseButton>true</CloseButton>
    <MoveButton>true</MoveButton>
    <TopRightResizeButton>false</TopRightResizeButton>
    <BottomRightResizeButton>false</BottomRightResizeButton>
    <BottomLeftResizeButton>false</BottomLeftResizeButton>
    <ResizeButtonOffsetX>0</ResizeButtonOffsetX>
    <ResizeButtonOffsetY>0</ResizeButtonOffsetY>
    <TitleWidth>40</TitleWidth>
    <TitleHeight>40</TitleHeight>
    <Width>40</Width>
    <Height>40</Height>
    <ResizeableWidth>0</ResizeableWidth>
    <ResizeableHeight>0</ResizeableHeight>
    <ResizeableTwoWayWidth>0</ResizeableTwoWayWidth>
    <ResizeableTwoWayHeight>0</ResizeableTwoWayHeight>
    <MinWidth>0</MinWidth>
    <MinHeight>0</MinHeight>
    <ContextTemplateName></ContextTemplateName>

    <!--Background Image-->

    <FullResizeImageDef>
      <ControlId></ControlId>
      <Position>
        <X>0</X>
        <Y>0</Y>
      </Position>
      <Alignment>
      </Alignment>
      <TemplateName>fresizeimage_chant</TemplateName>
      <Width>40</Width>
      <Height>40</Height>
    </FullResizeImageDef>

    <!--Concetration Listbox-->

    <ListBoxDef>
      <ControlId></ControlId>
      <Position>
        <X>4</X>
        <Y>16</Y>
      </Position>
      <Alignment>
      </Alignment>
      <Width>32</Width>
      <Height>32</Height>
      <TemplateName>listbox_chant</TemplateName>
      <AdapterName>conc_list</AdapterName>
      <Sorting>false</Sorting>
      <Columns>2</Columns>
      <IconTemplate></IconTemplate>
      <ShowIndicator>false</ShowIndicator>
      <ShowDefaultToolTips>false</ShowDefaultToolTips>
      <OnHeaderClickEvent></OnHeaderClickEvent>
      <OnClickEvent></OnClickEvent>
    </ListBoxDef>

  </WindowTemplate>

</Root_Element>
