<?xml version="1.0" encoding="ISO-8859-1"?>
<Root_Element ID="DAOCUi">

<!-- @@ Edited with the DAoC User Interface Editor v1.80 -->
<!-- @@ Free download available at http://www.bradtownsend.com/daoced -->

  <!-- Load Dialog Images -->

  <Texture>
    <Name>DialogImages_01</Name>
    <File>custom/assets/textures/DialogImages_01.tga</File>
  </Texture>

  <Texture>
    <Name>DialogImages_02</Name>
    <File>custom/assets/textures/DialogImages_02.tga</File>
  </Texture>

  <Texture>
    <Name>DialogImages_03</Name>
    <File>custom/assets/textures/DialogImages_03.tga</File>
  </Texture>

  <!-- Define Templates -->

  <Include>DialogImagesBackground.xml</Include>

  <Include>DialogImagesInterior.xml</Include>

  <!-- Blank BG Templates -->

  <FullResizeImageTemplate>
    <Name>FResizeImage_Blank</Name>
    <TopHeight>40</TopHeight>
    <MiddleHeight>80</MiddleHeight>
    <BottomHeight>40</BottomHeight>
    <LeftWidth>40</LeftWidth>
    <MiddleWidth>80</MiddleWidth>
    <RightWidth>40</RightWidth>
    <Texture>
      <TextureName>dialogimages_01</TextureName>
      <TopLeft>
        <X>2</X>
        <Y>166</Y>
      </TopLeft>
      <TopMiddle>
        <X>2</X>
        <Y>166</Y>
      </TopMiddle>
      <TopRight>
        <X>2</X>
        <Y>166</Y>
      </TopRight>
      <MiddleLeft>
        <X>2</X>
        <Y>166</Y>
      </MiddleLeft>
      <MiddleMiddle>
        <X>2</X>
        <Y>166</Y>
      </MiddleMiddle>
      <MiddleRight>
        <X>2</X>
        <Y>166</Y>
      </MiddleRight>
      <BottomLeft>
        <X>2</X>
        <Y>166</Y>
      </BottomLeft>
      <BottomMiddle>
        <X>2</X>
        <Y>166</Y>
      </BottomMiddle>
      <BottomRight>
        <X>2</X>
        <Y>166</Y>
      </BottomRight>
    </Texture>
  </FullResizeImageTemplate>

  <FullResizeImageTemplate>
    <Name>FResizeImage_Blank_Small</Name>
    <TopHeight>10</TopHeight>
    <MiddleHeight>40</MiddleHeight>
    <BottomHeight>10</BottomHeight>
    <LeftWidth>32</LeftWidth>
    <MiddleWidth>40</MiddleWidth>
    <RightWidth>32</RightWidth>
    <Texture>
      <TextureName>dialogimages_01</TextureName>
      <TopLeft>
        <X>2</X>
        <Y>166</Y>
      </TopLeft>
      <TopMiddle>
        <X>2</X>
        <Y>166</Y>
      </TopMiddle>
      <TopRight>
        <X>2</X>
        <Y>166</Y>
      </TopRight>
      <MiddleLeft>
        <X>2</X>
        <Y>166</Y>
      </MiddleLeft>
      <MiddleMiddle>
        <X>2</X>
        <Y>166</Y>
      </MiddleMiddle>
      <MiddleRight>
        <X>2</X>
        <Y>166</Y>
      </MiddleRight>
      <BottomLeft>
        <X>2</X>
        <Y>166</Y>
      </BottomLeft>
      <BottomMiddle>
        <X>2</X>
        <Y>166</Y>
      </BottomMiddle>
      <BottomRight>
        <X>2</X>
        <Y>166</Y>
      </BottomRight>
    </Texture>
  </FullResizeImageTemplate>

  <!-- Standard Tab Panel BG Templates -->

  <FullResizeImageTemplate>
    <Name>FResizeImage_Tab_Panel</Name>
    <TopHeight>40</TopHeight>
    <MiddleHeight>184</MiddleHeight>
    <BottomHeight>2</BottomHeight>
    <LeftWidth>40</LeftWidth>
    <MiddleWidth>252</MiddleWidth>
    <RightWidth>2</RightWidth>
    <Texture>
      <TextureName>dialogimages_03</TextureName>
      <TopLeft>
        <X>343</X>
        <Y>1</Y>
      </TopLeft>
      <TopMiddle>
        <X>384</X>
        <Y>1</Y>
      </TopMiddle>
      <TopRight>
        <X>637</X>
        <Y>1</Y>
      </TopRight>
      <MiddleLeft>
        <X>343</X>
        <Y>42</Y>
      </MiddleLeft>
      <MiddleMiddle>
        <X>384</X>
        <Y>42</Y>
      </MiddleMiddle>
      <MiddleRight>
        <X>637</X>
        <Y>42</Y>
      </MiddleRight>
      <BottomLeft>
        <X>343</X>
        <Y>227</Y>
      </BottomLeft>
      <BottomMiddle>
        <X>384</X>
        <Y>227</Y>
      </BottomMiddle>
      <BottomRight>
        <X>637</X>
        <Y>227</Y>
      </BottomRight>
    </Texture>
  </FullResizeImageTemplate>

  <FullResizeImageTemplate>
    <Name>FResizeImage_Tab_Panel_Small</Name>
    <TopHeight>2</TopHeight>
    <MiddleHeight>184</MiddleHeight>
    <BottomHeight>2</BottomHeight>
    <LeftWidth>2</LeftWidth>
    <MiddleWidth>252</MiddleWidth>
    <RightWidth>2</RightWidth>
    <Texture>
      <TextureName>dialogimages_03</TextureName>
      <TopLeft>
        <X>343</X>
        <Y>1</Y>
      </TopLeft>
      <TopMiddle>
        <X>384</X>
        <Y>1</Y>
      </TopMiddle>
      <TopRight>
        <X>637</X>
        <Y>1</Y>
      </TopRight>
      <MiddleLeft>
        <X>343</X>
        <Y>42</Y>
      </MiddleLeft>
      <MiddleMiddle>
        <X>384</X>
        <Y>42</Y>
      </MiddleMiddle>
      <MiddleRight>
        <X>637</X>
        <Y>42</Y>
      </MiddleRight>
      <BottomLeft>
        <X>343</X>
        <Y>227</Y>
      </BottomLeft>
      <BottomMiddle>
        <X>384</X>
        <Y>227</Y>
      </BottomMiddle>
      <BottomRight>
        <X>637</X>
        <Y>227</Y>
      </BottomRight>
    </Texture>
  </FullResizeImageTemplate>

  <FullResizeImageTemplate>
    <Name>FResizeImage_Tab_Panel_CmdXP</Name>
    <TopHeight>2</TopHeight>
    <MiddleHeight>184</MiddleHeight>
    <BottomHeight>2</BottomHeight>
    <LeftWidth>2</LeftWidth>
    <MiddleWidth>252</MiddleWidth>
    <RightWidth>2</RightWidth>
    <Texture>
      <TextureName>dialogimages_03</TextureName>
      <TopLeft>
        <X>343</X>
        <Y>1</Y>
      </TopLeft>
      <TopMiddle>
        <X>384</X>
        <Y>1</Y>
      </TopMiddle>
      <TopRight>
        <X>637</X>
        <Y>1</Y>
      </TopRight>
      <MiddleLeft>
        <X>343</X>
        <Y>42</Y>
      </MiddleLeft>
      <MiddleMiddle>
        <X>384</X>
        <Y>42</Y>
      </MiddleMiddle>
      <MiddleRight>
        <X>637</X>
        <Y>42</Y>
      </MiddleRight>
      <BottomLeft>
        <X>343</X>
        <Y>227</Y>
      </BottomLeft>
      <BottomMiddle>
        <X>384</X>
        <Y>227</Y>
      </BottomMiddle>
      <BottomRight>
        <X>637</X>
        <Y>227</Y>
      </BottomRight>
    </Texture>
  </FullResizeImageTemplate>

  <!-- Standard Vertical Divider Template -->

  <VerticalResizeImageTemplate>
    <Name>VResizeImage_Divider</Name>
    <Width>5</Width>
    <TopHeight>10</TopHeight>
    <RepeatHeight>10</RepeatHeight>
    <BottomHeight>10</BottomHeight>
    <Texture>
      <TextureName>dialogimages_01</TextureName>
      <Top>
        <X>249</X>
        <Y>125</Y>
      </Top>
      <Repeat>
        <X>249</X>
        <Y>166</Y>
      </Repeat>
      <Bottom>
        <X>249</X>
        <Y>237</Y>
      </Bottom>
    </Texture>
  </VerticalResizeImageTemplate>

  <!-- Standard Horizontal Divider Template -->

  <HorizontalResizeImageTemplate>
    <Name>HResizeImage_Divider</Name>
    <Height>11</Height>
    <LeftWidth>40</LeftWidth>
    <RepeatWidth>80</RepeatWidth>
    <RightWidth>40</RightWidth>
    <Texture>
      <TextureName>dialogimages_01</TextureName>
      <Left>
        <X>335</X>
        <Y>169</Y>
      </Left>
      <Repeat>
        <X>376</X>
        <Y>169</Y>
      </Repeat>
      <Right>
        <X>457</X>
        <Y>169</Y>
      </Right>
    </Texture>
  </HorizontalResizeImageTemplate>

  <!-- Social Window Interior BG Template -->

  <FullResizeImageTemplate>
    <Name>FResizeImage_Social_Interior_BG</Name>
    <TopHeight>40</TopHeight>
    <MiddleHeight>184</MiddleHeight>
    <BottomHeight>2</BottomHeight>
    <LeftWidth>40</LeftWidth>
    <MiddleWidth>252</MiddleWidth>
    <RightWidth>8</RightWidth>
    <Texture>
      <TextureName>dialogimages_03</TextureName>
      <TopLeft>
        <X>343</X>
        <Y>1</Y>
      </TopLeft>
      <TopMiddle>
        <X>384</X>
        <Y>1</Y>
      </TopMiddle>
      <TopRight>
        <X>637</X>
        <Y>1</Y>
      </TopRight>
      <MiddleLeft>
        <X>343</X>
        <Y>42</Y>
      </MiddleLeft>
      <MiddleMiddle>
        <X>384</X>
        <Y>42</Y>
      </MiddleMiddle>
      <MiddleRight>
        <X>637</X>
        <Y>42</Y>
      </MiddleRight>
      <BottomLeft>
        <X>343</X>
        <Y>227</Y>
      </BottomLeft>
      <BottomMiddle>
        <X>384</X>
        <Y>227</Y>
      </BottomMiddle>
      <BottomRight>
        <X>637</X>
        <Y>227</Y>
      </BottomRight>
    </Texture>
  </FullResizeImageTemplate>

  <!-- Map Window Info Area BG Template -->

  <FullResizeImageTemplate>
    <Name>FResizeImage_Map_Info</Name>
    <TopHeight>40</TopHeight>
    <MiddleHeight>11</MiddleHeight>
    <BottomHeight>40</BottomHeight>
    <LeftWidth>40</LeftWidth>
    <MiddleWidth>198</MiddleWidth>
    <RightWidth>40</RightWidth>
    <Texture>
      <TextureName>dialogimages_02</TextureName>
      <TopLeft>
        <X>231</X>
        <Y>1</Y>
      </TopLeft>
      <TopMiddle>
        <X>272</X>
        <Y>1</Y>
      </TopMiddle>
      <TopRight>
        <X>471</X>
        <Y>1</Y>
      </TopRight>
      <MiddleLeft>
        <X>231</X>
        <Y>42</Y>
      </MiddleLeft>
      <MiddleMiddle>
        <X>272</X>
        <Y>42</Y>
      </MiddleMiddle>
      <MiddleRight>
        <X>471</X>
        <Y>42</Y>
      </MiddleRight>
      <BottomLeft>
        <X>231</X>
        <Y>54</Y>
      </BottomLeft>
      <BottomMiddle>
        <X>272</X>
        <Y>54</Y>
      </BottomMiddle>
      <BottomRight>
        <X>471</X>
        <Y>54</Y>
      </BottomRight>
    </Texture>
  </FullResizeImageTemplate>

  <!-- Mini Info Window Special Abilities Area BG Template -->

  <FullResizeImageTemplate>
    <Name>FResizeImage_Mini_Info</Name>
    <TopHeight>20</TopHeight>
    <MiddleHeight>31</MiddleHeight>
    <BottomHeight>25</BottomHeight>
    <LeftWidth>40</LeftWidth>
    <MiddleWidth>230</MiddleWidth>
    <RightWidth>40</RightWidth>
    <Texture>
      <TextureName>dialogimages_02</TextureName>
      <TopLeft>
        <X>1</X>
        <Y>153</Y>
      </TopLeft>
      <TopMiddle>
        <X>42</X>
        <Y>153</Y>
      </TopMiddle>
      <TopRight>
        <X>273</X>
        <Y>153</Y>
      </TopRight>
      <MiddleLeft>
        <X>1</X>
        <Y>174</Y>
      </MiddleLeft>
      <MiddleMiddle>
        <X>42</X>
        <Y>174</Y>
      </MiddleMiddle>
      <MiddleRight>
        <X>273</X>
        <Y>174</Y>
      </MiddleRight>
      <BottomLeft>
        <X>1</X>
        <Y>206</Y>
      </BottomLeft>
      <BottomMiddle>
        <X>42</X>
        <Y>206</Y>
      </BottomMiddle>
      <BottomRight>
        <X>273</X>
        <Y>206</Y>
      </BottomRight>
    </Texture>
  </FullResizeImageTemplate>

  <!-- Stats Group Window BG StatusIcon Templates -->

  <StatusIconTemplate>
    <Name>StatusIcon_Stats_Group_First</Name>
    <TextureName>dialogimages_02</TextureName>
    <TextureStart>
      <X>1</X>
      <Y>35</Y>
    </TextureStart>
    <Width>210</Width>
    <Height>45</Height>
    <MaxLevels>1</MaxLevels>
    <Horizontal>false</Horizontal>
  </StatusIconTemplate>

  <StatusIconTemplate>
    <Name>StatusIcon_Stats_Group_Last</Name>
    <TextureName>dialogimages_02</TextureName>
    <TextureStart>
      <X>1</X>
      <Y>81</Y>
    </TextureStart>
    <Width>210</Width>
    <Height>70</Height>
    <MaxLevels>1</MaxLevels>
    <Horizontal>false</Horizontal>
  </StatusIconTemplate>

  <!-- HealerHelper Windows BG StatusIcon Template -->

  <StatusIconTemplate>
    <Name>StatusIcon_Healerhelper_BG</Name>
    <TextureName>dialogimages_02</TextureName>
    <TextureStart>
      <X>436</X>
      <Y>95</Y>
    </TextureStart>
    <Width>75</Width>
    <Height>91</Height>
    <MaxLevels>1</MaxLevels>
    <Horizontal>true</Horizontal>
  </StatusIconTemplate>

  <!-- Vault Window Blank Item Icon Boxes -->

  <VerticalResizeImageTemplate>
    <Name>VResizeImage_Slot_Blank</Name>
    <Width>16</Width>
    <TopHeight>0</TopHeight>
    <RepeatHeight>19</RepeatHeight>
    <BottomHeight>3</BottomHeight>
    <Texture>
      <TextureName>dialogimages_02</TextureName>
      <Top>
        <X>279</X>
        <Y>131</Y>
      </Top>
      <Repeat>
        <X>279</X>
        <Y>131</Y>
      </Repeat>
      <Bottom>
        <X>279</X>
        <Y>131</Y>
      </Bottom>
    </Texture>
  </VerticalResizeImageTemplate>

  <!-- Icon Socket Images -->

  <ImageAreaTemplate>
    <Name>ImageArea_Icon_Socket_Large</Name>
    <TextureName>dialogimages_02</TextureName>
    <Size>
      <X>34</X>
      <Y>34</Y>
    </Size>
    <TopLeft>
      <X>278</X>
      <Y>98</Y>
    </TopLeft>
  </ImageAreaTemplate>

  <ImageAreaTemplate>
    <Name>ImageArea_Icon_Socket_Large_Active</Name>
    <TextureName>dialogimages_02</TextureName>
    <Size>
      <X>34</X>
      <Y>34</Y>
    </Size>
    <TopLeft>
      <X>239</X>
      <Y>97</Y>
    </TopLeft>
  </ImageAreaTemplate>

  <ImageAreaTemplate>
    <Name>ImageArea_Icon_Socket_Small</Name>
    <TextureName>dialogimages_02</TextureName>
    <Size>
      <X>18</X>
      <Y>18</Y>
    </Size>
    <TopLeft>
      <X>278</X>
      <Y>133</Y>
    </TopLeft>
  </ImageAreaTemplate>

  <ImageAreaTemplate>
    <Name>ImageArea_Icon_Socket_Small_Active</Name>
    <TextureName>dialogimages_02</TextureName>
    <Size>
      <X>18</X>
      <Y>18</Y>
    </Size>
    <TopLeft>
      <X>239</X>
      <Y>133</Y>
    </TopLeft>
  </ImageAreaTemplate>

  <ImageAreaTemplate>
    <Name>reward_frame_template</Name>
    <TextureName>dialogimages_02</TextureName>
    <Size>
      <X>32</X>
      <Y>32</Y>
    </Size>
    <TopLeft>
      <X>279</X>
      <Y>99</Y>
    </TopLeft>
  </ImageAreaTemplate>

  <!-- Stats Index Window BG -->

  <ImageAreaTemplate>
    <Name>ImageArea_Stats_Index_BG</Name>
    <TextureName>dialogimages_02</TextureName>
    <Size>
      <X>210</X>
      <Y>32</Y>
    </Size>
    <TopLeft>
      <X>1</X>
      <Y>1</Y>
    </TopLeft>
  </ImageAreaTemplate>

  <!-- Map Info Text Area -->

  <TextAreaTemplate>
    <Name>TextArea_Map_Info</Name>
    <BackgroundTemplate>fresizeimage_map_info</BackgroundTemplate>
    <ScrollbarTemplate>generic_vscroll</ScrollbarTemplate>
    <LinePadding>0</LinePadding>
    <TextOffset>
      <X>17</X>
      <Y>11</Y>
    </TextOffset>
    <ScrollbarOffset>
      <X>-10</X>
      <Y>10</Y>
    </ScrollbarOffset>
    <ScrollbarSizeOffset>
      <X>0</X>
      <Y>-19</Y>
    </ScrollbarSizeOffset>
    <Font>
      <Name>font_memo</Name>
      <ColorNormal>
        <R>192</R>
        <G>192</G>
        <B>192</B>
        <A>255</A>
      </ColorNormal>
      <ColorActive>
        <R>255</R>
        <G>192</G>
        <B>0</B>
        <A>255</A>
      </ColorActive>
    </Font>
  </TextAreaTemplate>

  <FullResizeImageTemplate>
    <Name>FResizeImage_ListBox_Solid_BG</Name>
    <TopHeight>2</TopHeight>
    <MiddleHeight>184</MiddleHeight>
    <BottomHeight>2</BottomHeight>
    <LeftWidth>2</LeftWidth>
    <MiddleWidth>252</MiddleWidth>
    <RightWidth>2</RightWidth>
    <Texture>
      <TextureName>dialogimages_03</TextureName>
      <TopLeft>
        <X>343</X>
        <Y>1</Y>
      </TopLeft>
      <TopMiddle>
        <X>384</X>
        <Y>1</Y>
      </TopMiddle>
      <TopRight>
        <X>637</X>
        <Y>1</Y>
      </TopRight>
      <MiddleLeft>
        <X>343</X>
        <Y>42</Y>
      </MiddleLeft>
      <MiddleMiddle>
        <X>384</X>
        <Y>42</Y>
      </MiddleMiddle>
      <MiddleRight>
        <X>637</X>
        <Y>42</Y>
      </MiddleRight>
      <BottomLeft>
        <X>343</X>
        <Y>227</Y>
      </BottomLeft>
      <BottomMiddle>
        <X>384</X>
        <Y>227</Y>
      </BottomMiddle>
      <BottomRight>
        <X>637</X>
        <Y>227</Y>
      </BottomRight>
    </Texture>
  </FullResizeImageTemplate>

  <!-- Map Frame (Square Corners) -->

  <FullResizeImageTemplate>
    <Name>FResizeImage_Map_Frame</Name>
    <TopHeight>20</TopHeight>
    <MiddleHeight>40</MiddleHeight>
    <BottomHeight>20</BottomHeight>
    <LeftWidth>20</LeftWidth>
    <MiddleWidth>40</MiddleWidth>
    <RightWidth>20</RightWidth>
    <Texture>
      <TextureName>dialogimages_01</TextureName>
      <TopLeft>
        <X>173</X>
        <Y>165</Y>
      </TopLeft>
      <TopMiddle>
        <X>194</X>
        <Y>165</Y>
      </TopMiddle>
      <TopRight>
        <X>235</X>
        <Y>165</Y>
      </TopRight>
      <MiddleLeft>
        <X>173</X>
        <Y>186</Y>
      </MiddleLeft>
      <MiddleMiddle>
        <X>194</X>
        <Y>186</Y>
      </MiddleMiddle>
      <MiddleRight>
        <X>235</X>
        <Y>186</Y>
      </MiddleRight>
      <BottomLeft>
        <X>173</X>
        <Y>227</Y>
      </BottomLeft>
      <BottomMiddle>
        <X>194</X>
        <Y>227</Y>
      </BottomMiddle>
      <BottomRight>
        <X>235</X>
        <Y>227</Y>
      </BottomRight>
    </Texture>
  </FullResizeImageTemplate>

  <!-- Quiver Background (Small BG) -->

  <FullResizeImageTemplate>
    <Name>FResizeImage_Quiver_BG</Name>
    <TopHeight>10</TopHeight>
    <MiddleHeight>80</MiddleHeight>
    <BottomHeight>10</BottomHeight>
    <LeftWidth>15</LeftWidth>
    <MiddleWidth>80</MiddleWidth>
    <RightWidth>15</RightWidth>
    <Texture>
      <TextureName>dialogimages_01</TextureName>
      <TopLeft>
        <X>1</X>
        <Y>1</Y>
      </TopLeft>
      <TopMiddle>
        <X>42</X>
        <Y>1</Y>
      </TopMiddle>
      <TopRight>
        <X>148</X>
        <Y>1</Y>
      </TopRight>
      <MiddleLeft>
        <X>1</X>
        <Y>42</Y>
      </MiddleLeft>
      <MiddleMiddle>
        <X>42</X>
        <Y>42</Y>
      </MiddleMiddle>
      <MiddleRight>
        <X>148</X>
        <Y>42</Y>
      </MiddleRight>
      <BottomLeft>
        <X>1</X>
        <Y>153</Y>
      </BottomLeft>
      <BottomMiddle>
        <X>42</X>
        <Y>153</Y>
      </BottomMiddle>
      <BottomRight>
        <X>148</X>
        <Y>153</Y>
      </BottomRight>
    </Texture>
  </FullResizeImageTemplate>

  <!-- Quiver Interior Background (Small BG) -->

  <FullResizeImageTemplate>
    <Name>FResizeImage_Quiver_Interior</Name>
    <TopHeight>10</TopHeight>
    <MiddleHeight>80</MiddleHeight>
    <BottomHeight>10</BottomHeight>
    <LeftWidth>15</LeftWidth>
    <MiddleWidth>80</MiddleWidth>
    <RightWidth>15</RightWidth>
    <Texture>
      <TextureName>dialogimages_01</TextureName>
      <TopLeft>
        <X>165</X>
        <Y>1</Y>
      </TopLeft>
      <TopMiddle>
        <X>206</X>
        <Y>1</Y>
      </TopMiddle>
      <TopRight>
        <X>312</X>
        <Y>1</Y>
      </TopRight>
      <MiddleLeft>
        <X>165</X>
        <Y>42</Y>
      </MiddleLeft>
      <MiddleMiddle>
        <X>206</X>
        <Y>42</Y>
      </MiddleMiddle>
      <MiddleRight>
        <X>312</X>
        <Y>42</Y>
      </MiddleRight>
      <BottomLeft>
        <X>165</X>
        <Y>153</Y>
      </BottomLeft>
      <BottomMiddle>
        <X>206</X>
        <Y>153</Y>
      </BottomMiddle>
      <BottomRight>
        <X>312</X>
        <Y>153</Y>
      </BottomRight>
    </Texture>
  </FullResizeImageTemplate>

  <FullResizeImageTemplate>
    <Name>FResizeImage_MiniPet_BG</Name>
    <TopHeight>2</TopHeight>
    <MiddleHeight>248</MiddleHeight>
    <BottomHeight>2</BottomHeight>
    <LeftWidth>40</LeftWidth>
    <MiddleWidth>296</MiddleWidth>
    <RightWidth>2</RightWidth>
    <Texture>
      <TextureName>dialogimages_03</TextureName>
      <TopLeft>
        <X>1</X>
        <Y>1</Y>
      </TopLeft>
      <TopMiddle>
        <X>42</X>
        <Y>1</Y>
      </TopMiddle>
      <TopRight>
        <X>339</X>
        <Y>1</Y>
      </TopRight>
      <MiddleLeft>
        <X>1</X>
        <Y>42</Y>
      </MiddleLeft>
      <MiddleMiddle>
        <X>42</X>
        <Y>42</Y>
      </MiddleMiddle>
      <MiddleRight>
        <X>339</X>
        <Y>42</Y>
      </MiddleRight>
      <BottomLeft>
        <X>1</X>
        <Y>291</Y>
      </BottomLeft>
      <BottomMiddle>
        <X>42</X>
        <Y>291</Y>
      </BottomMiddle>
      <BottomRight>
        <X>339</X>
        <Y>291</Y>
      </BottomRight>
    </Texture>
  </FullResizeImageTemplate>

  <!-- DLG Tiny BGs-->

  <FullResizeImageTemplate>
    <Name>FResizeImage_Dlg_BG_Tiny</Name>
    <TopHeight>2</TopHeight>
    <MiddleHeight>248</MiddleHeight>
    <BottomHeight>2</BottomHeight>
    <LeftWidth>2</LeftWidth>
    <MiddleWidth>296</MiddleWidth>
    <RightWidth>2</RightWidth>
    <Texture>
      <TextureName>dialogimages_03</TextureName>
      <TopLeft>
        <X>1</X>
        <Y>1</Y>
      </TopLeft>
      <TopMiddle>
        <X>42</X>
        <Y>1</Y>
      </TopMiddle>
      <TopRight>
        <X>339</X>
        <Y>1</Y>
      </TopRight>
      <MiddleLeft>
        <X>1</X>
        <Y>42</Y>
      </MiddleLeft>
      <MiddleMiddle>
        <X>42</X>
        <Y>42</Y>
      </MiddleMiddle>
      <MiddleRight>
        <X>339</X>
        <Y>42</Y>
      </MiddleRight>
      <BottomLeft>
        <X>1</X>
        <Y>291</Y>
      </BottomLeft>
      <BottomMiddle>
        <X>42</X>
        <Y>291</Y>
      </BottomMiddle>
      <BottomRight>
        <X>339</X>
        <Y>291</Y>
      </BottomRight>
    </Texture>
  </FullResizeImageTemplate>

  <FullResizeImageTemplate>
    <Name>FResizeImage_Dlg_Interior_Tiny</Name>
    <TopHeight>2</TopHeight>
    <MiddleHeight>184</MiddleHeight>
    <BottomHeight>2</BottomHeight>
    <LeftWidth>2</LeftWidth>
    <MiddleWidth>252</MiddleWidth>
    <RightWidth>2</RightWidth>
    <Texture>
      <TextureName>dialogimages_03</TextureName>
      <TopLeft>
        <X>343</X>
        <Y>1</Y>
      </TopLeft>
      <TopMiddle>
        <X>384</X>
        <Y>1</Y>
      </TopMiddle>
      <TopRight>
        <X>637</X>
        <Y>1</Y>
      </TopRight>
      <MiddleLeft>
        <X>343</X>
        <Y>42</Y>
      </MiddleLeft>
      <MiddleMiddle>
        <X>384</X>
        <Y>42</Y>
      </MiddleMiddle>
      <MiddleRight>
        <X>637</X>
        <Y>42</Y>
      </MiddleRight>
      <BottomLeft>
        <X>343</X>
        <Y>227</Y>
      </BottomLeft>
      <BottomMiddle>
        <X>384</X>
        <Y>227</Y>
      </BottomMiddle>
      <BottomRight>
        <X>637</X>
        <Y>227</Y>
      </BottomRight>
    </Texture>
  </FullResizeImageTemplate>

  <!-- Chat Window Text Entry frame  -->

  <FullResizeImageTemplate>
    <Name>FResizeImage_ChatEntryFrame</Name>
    <TopHeight>2</TopHeight>
    <MiddleHeight>184</MiddleHeight>
    <BottomHeight>2</BottomHeight>
    <LeftWidth>2</LeftWidth>
    <MiddleWidth>252</MiddleWidth>
    <RightWidth>2</RightWidth>
    <Texture>
      <TextureName>dialogimages_03</TextureName>
      <TopLeft>
        <X>343</X>
        <Y>1</Y>
      </TopLeft>
      <TopMiddle>
        <X>384</X>
        <Y>1</Y>
      </TopMiddle>
      <TopRight>
        <X>637</X>
        <Y>1</Y>
      </TopRight>
      <MiddleLeft>
        <X>343</X>
        <Y>42</Y>
      </MiddleLeft>
      <MiddleMiddle>
        <X>384</X>
        <Y>42</Y>
      </MiddleMiddle>
      <MiddleRight>
        <X>637</X>
        <Y>42</Y>
      </MiddleRight>
      <BottomLeft>
        <X>343</X>
        <Y>227</Y>
      </BottomLeft>
      <BottomMiddle>
        <X>384</X>
        <Y>227</Y>
      </BottomMiddle>
      <BottomRight>
        <X>637</X>
        <Y>227</Y>
      </BottomRight>
    </Texture>
  </FullResizeImageTemplate>

  <!-- Chat Window Text Display Frame -->

  <FullResizeImageTemplate>
    <Name>FResizeImage_ChatTabFrame</Name>
    <TopHeight>2</TopHeight>
    <MiddleHeight>184</MiddleHeight>
    <BottomHeight>2</BottomHeight>
    <LeftWidth>2</LeftWidth>
    <MiddleWidth>252</MiddleWidth>
    <RightWidth>2</RightWidth>
    <Texture>
      <TextureName>dialogimages_03</TextureName>
      <TopLeft>
        <X>343</X>
        <Y>1</Y>
      </TopLeft>
      <TopMiddle>
        <X>384</X>
        <Y>1</Y>
      </TopMiddle>
      <TopRight>
        <X>637</X>
        <Y>1</Y>
      </TopRight>
      <MiddleLeft>
        <X>343</X>
        <Y>42</Y>
      </MiddleLeft>
      <MiddleMiddle>
        <X>384</X>
        <Y>42</Y>
      </MiddleMiddle>
      <MiddleRight>
        <X>637</X>
        <Y>42</Y>
      </MiddleRight>
      <BottomLeft>
        <X>343</X>
        <Y>227</Y>
      </BottomLeft>
      <BottomMiddle>
        <X>384</X>
        <Y>227</Y>
      </BottomMiddle>
      <BottomRight>
        <X>637</X>
        <Y>227</Y>
      </BottomRight>
    </Texture>
  </FullResizeImageTemplate>

  <ImageAreaTemplate>
    <Name>ImageArea_Command_Mask</Name>
    <TextureName>dialogimages_01</TextureName>
    <Size>
      <X>1</X>
      <Y>62</Y>
    </Size>
    <TopLeft>
      <X>42</X>
      <Y>42</Y>
    </TopLeft>
  </ImageAreaTemplate>

  <ImageAreaTemplate>
    <Name>ImageArea_TabbedXP_Mask</Name>
    <TextureName>dialogimages_01</TextureName>
    <Size>
      <X>1</X>
      <Y>35</Y>
    </Size>
    <TopLeft>
      <X>42</X>
      <Y>42</Y>
    </TopLeft>
  </ImageAreaTemplate>

  <ImageAreaTemplate>
    <Name>ImageArea_TabbedXP_Mask2</Name>
    <TextureName>dialogimages_01</TextureName>
    <Size>
      <X>1</X>
      <Y>52</Y>
    </Size>
    <TopLeft>
      <X>42</X>
      <Y>42</Y>
    </TopLeft>
  </ImageAreaTemplate>

</Root_Element>
