<?xml version="1.0" encoding="ISO-8859-1"?>
<Root_Element ID="DAOCUi">

<!-- @@ Edited with the DAoC User Interface Editor v1.79 -->
<!-- @@ Free download available at http://www.bradtownsend.com/daoced -->

  <WindowTemplate>
    <Name>group_buffs</Name>
    <WindowId></WindowId>
    <CloseButton>true</CloseButton>
    <MoveButton>true</MoveButton>
    <TopRightResizeButton>false</TopRightResizeButton>
    <BottomRightResizeButton>true</BottomRightResizeButton>
    <BottomLeftResizeButton>true</BottomLeftResizeButton>
    <ResizeButtonOffsetX>0</ResizeButtonOffsetX>
    <ResizeButtonOffsetY>0</ResizeButtonOffsetY>
    <TitleWidth>350</TitleWidth>
    <TitleHeight>27</TitleHeight>
    <Width>350</Width>
    <Height>338</Height>
    <ResizeableWidth>5</ResizeableWidth>
    <ResizeableHeight>5</ResizeableHeight>
    <ResizeableTwoWayWidth>0</ResizeableTwoWayWidth>
    <ResizeableTwoWayHeight>0</ResizeableTwoWayHeight>
    <MinWidth>254</MinWidth>
    <MinHeight>338</MinHeight>

    <!-- Background Image -->

    <FullResizeImageDef>
      <ControlId>Background</ControlId>
      <Position>
        <X>0</X>
        <Y>0</Y>
      </Position>
      <Alignment>
        <GrowWidth>true</GrowWidth>
        <GrowHeight>true</GrowHeight>
      </Alignment>
      <TemplateName>fresizeimage_dlg_bg</TemplateName>
      <Width>350</Width>
      <Height>338</Height>
    </FullResizeImageDef>

    <!-- Title -->

    <LabelDef>
      <ControlId></ControlId>
      <Position>
        <X>0</X>
        <Y>11</Y>
      </Position>
      <Alignment>
        <GrowWidth>true</GrowWidth>
      </Alignment>
      <Color>
        <R>255</R>
        <G>192</G>
        <B>0</B>
        <A>255</A>
      </Color>
      <FontName>font_titles</FontName>
      <Width>350</Width>
      <Height>17</Height>
      <ColorAdapter></ColorAdapter>
      <MaxCharacters>32</MaxCharacters>
      <Data>Group Buffs</Data>
      <EndAligned>false</EndAligned>
      <TextCentered>true</TextCentered>
      <Adapter></Adapter>
    </LabelDef>

    <InvisibleButtonDef>
      <ControlId>Face</ControlId>
      <Position>
        <X>0</X>
        <Y>11</Y>
      </Position>
      <Alignment>
        <GrowWidth>true</GrowWidth>
      </Alignment>
      <Label></Label>
      <OnClickEvent>Face</OnClickEvent>
      <Width>350</Width>
      <Height>17</Height>
    </InvisibleButtonDef>

    <FullResizeImageDef>
      <ControlId></ControlId>
      <Position>
        <X>10</X>
        <Y>27</Y>
      </Position>
      <Alignment>
        <GrowWidth>true</GrowWidth>
        <GrowHeight>true</GrowHeight>
      </Alignment>
      <TemplateName>fresizeimage_dlg_interior_small</TemplateName>
      <Width>330</Width>
      <Height>301</Height>
    </FullResizeImageDef>

    <!--Group Member 0-->

    <LabelDef>
      <ControlId></ControlId>
      <Position>
        <X>15</X>
        <Y>34</Y>
      </Position>
      <Alignment>
      </Alignment>
      <Color>
        <R>192</R>
        <G>192</G>
        <B>192</B>
        <A>255</A>
      </Color>
      <FontName>font_headings</FontName>
      <Width>150</Width>
      <Height>16</Height>
      <ColorAdapter>group_color0</ColorAdapter>
      <MaxCharacters>64</MaxCharacters>
      <Data>Group member 0</Data>
      <EndAligned>false</EndAligned>
      <TextCentered>false</TextCentered>
      <Adapter>group_name0</Adapter>
    </LabelDef>

    <LabelDef>
      <ControlId></ControlId>
      <Position>
        <X>34</X>
        <Y>34</Y>
      </Position>
      <Alignment>
        <OffsetRight>true</OffsetRight>
      </Alignment>
      <Color>
        <R>192</R>
        <G>192</G>
        <B>192</B>
        <A>255</A>
      </Color>
      <FontName>font_headings</FontName>
      <Width>75</Width>
      <Height>16</Height>
      <ColorAdapter>group_color0</ColorAdapter>
      <MaxCharacters>32</MaxCharacters>
      <Data>Group class 0</Data>
      <EndAligned>false</EndAligned>
      <TextCentered>false</TextCentered>
      <Adapter>group_class0</Adapter>
    </LabelDef>

    <ScalarLabelDef>
      <ControlId></ControlId>
      <Position>
        <X>18</X>
        <Y>34</Y>
      </Position>
      <Alignment>
        <OffsetRight>true</OffsetRight>
      </Alignment>
      <FontName>font_buttons</FontName>
      <Adapter>group_level0</Adapter>
      <ColorAdapter>group_color0</ColorAdapter>
      <Width>16</Width>
      <Height>16</Height>
      <MaxCharacters>3</MaxCharacters>
      <Color>
        <R>192</R>
        <G>192</G>
        <B>192</B>
        <A>255</A>
      </Color>
      <Data></Data>
      <EndAligned>false</EndAligned>
      <TextCentered>false</TextCentered>
      <DontDrawWhenZero>true</DontDrawWhenZero>
    </ScalarLabelDef>

    <HorizontalResizeImageDef>
      <ControlId></ControlId>
      <Position>
        <X>15</X>
        <Y>48</Y>
      </Position>
      <Alignment>
        <GrowWidth>true</GrowWidth>
      </Alignment>
      <TemplateName>hresizeimage_slot_blank_small</TemplateName>
      <Width>320</Width>
    </HorizontalResizeImageDef>

    <IconDef>
      <ControlId></ControlId>
      <Position>
        <X>15</X>
        <Y>48</Y>
      </Position>
      <Alignment>
      </Alignment>
      <TemplateName>icon_generic_small</TemplateName>
      <AdapterName>group_0icon0</AdapterName>
      <IconId>-1</IconId>
      <Data></Data>
    </IconDef>

    <IconDef>
      <ControlId></ControlId>
      <Position>
        <X>31</X>
        <Y>48</Y>
      </Position>
      <Alignment>
      </Alignment>
      <TemplateName>icon_generic_small</TemplateName>
      <AdapterName>group_0icon1</AdapterName>
      <IconId>-1</IconId>
      <Data></Data>
    </IconDef>

    <IconDef>
      <ControlId></ControlId>
      <Position>
        <X>47</X>
        <Y>48</Y>
      </Position>
      <Alignment>
      </Alignment>
      <TemplateName>icon_generic_small</TemplateName>
      <AdapterName>group_0icon2</AdapterName>
      <IconId>-1</IconId>
      <Data></Data>
    </IconDef>

    <IconDef>
      <ControlId></ControlId>
      <Position>
        <X>63</X>
        <Y>48</Y>
      </Position>
      <Alignment>
      </Alignment>
      <TemplateName>icon_generic_small</TemplateName>
      <AdapterName>group_0icon3</AdapterName>
      <IconId>-1</IconId>
      <Data></Data>
    </IconDef>

    <IconDef>
      <ControlId></ControlId>
      <Position>
        <X>79</X>
        <Y>48</Y>
      </Position>
      <Alignment>
      </Alignment>
      <TemplateName>icon_generic_small</TemplateName>
      <AdapterName>group_0icon4</AdapterName>
      <IconId>-1</IconId>
      <Data></Data>
    </IconDef>

    <IconDef>
      <ControlId></ControlId>
      <Position>
        <X>95</X>
        <Y>48</Y>
      </Position>
      <Alignment>
      </Alignment>
      <TemplateName>icon_generic_small</TemplateName>
      <AdapterName>group_0icon5</AdapterName>
      <IconId>-1</IconId>
      <Data></Data>
    </IconDef>

    <IconDef>
      <ControlId></ControlId>
      <Position>
        <X>111</X>
        <Y>48</Y>
      </Position>
      <Alignment>
      </Alignment>
      <TemplateName>icon_generic_small</TemplateName>
      <AdapterName>group_0icon6</AdapterName>
      <IconId>-1</IconId>
      <Data></Data>
    </IconDef>

    <IconDef>
      <ControlId></ControlId>
      <Position>
        <X>127</X>
        <Y>48</Y>
      </Position>
      <Alignment>
      </Alignment>
      <TemplateName>icon_generic_small</TemplateName>
      <AdapterName>group_0icon7</AdapterName>
      <IconId>-1</IconId>
      <Data></Data>
    </IconDef>

    <IconDef>
      <ControlId></ControlId>
      <Position>
        <X>143</X>
        <Y>48</Y>
      </Position>
      <Alignment>
      </Alignment>
      <TemplateName>icon_generic_small</TemplateName>
      <AdapterName>group_0icon8</AdapterName>
      <IconId>-1</IconId>
      <Data></Data>
    </IconDef>

    <IconDef>
      <ControlId></ControlId>
      <Position>
        <X>159</X>
        <Y>48</Y>
      </Position>
      <Alignment>
      </Alignment>
      <TemplateName>icon_generic_small</TemplateName>
      <AdapterName>group_0icon9</AdapterName>
      <IconId>-1</IconId>
      <Data></Data>
    </IconDef>

    <IconDef>
      <ControlId></ControlId>
      <Position>
        <X>175</X>
        <Y>48</Y>
      </Position>
      <Alignment>
      </Alignment>
      <TemplateName>icon_generic_small</TemplateName>
      <AdapterName>group_0icon10</AdapterName>
      <IconId>-1</IconId>
      <Data></Data>
    </IconDef>

    <IconDef>
      <ControlId></ControlId>
      <Position>
        <X>191</X>
        <Y>48</Y>
      </Position>
      <Alignment>
      </Alignment>
      <TemplateName>icon_generic_small</TemplateName>
      <AdapterName>group_0icon11</AdapterName>
      <IconId>-1</IconId>
      <Data></Data>
    </IconDef>

    <IconDef>
      <ControlId></ControlId>
      <Position>
        <X>207</X>
        <Y>48</Y>
      </Position>
      <Alignment>
      </Alignment>
      <TemplateName>icon_generic_small</TemplateName>
      <AdapterName>group_0icon12</AdapterName>
      <IconId>-1</IconId>
      <Data></Data>
    </IconDef>

    <IconDef>
      <ControlId></ControlId>
      <Position>
        <X>223</X>
        <Y>48</Y>
      </Position>
      <Alignment>
      </Alignment>
      <TemplateName>icon_generic_small</TemplateName>
      <AdapterName>group_0icon13</AdapterName>
      <IconId>-1</IconId>
      <Data></Data>
    </IconDef>

    <IconDef>
      <ControlId></ControlId>
      <Position>
        <X>239</X>
        <Y>48</Y>
      </Position>
      <Alignment>
      </Alignment>
      <TemplateName>icon_generic_small</TemplateName>
      <AdapterName>group_0icon14</AdapterName>
      <IconId>-1</IconId>
      <Data></Data>
    </IconDef>

    <IconDef>
      <ControlId></ControlId>
      <Position>
        <X>255</X>
        <Y>48</Y>
      </Position>
      <Alignment>
      </Alignment>
      <TemplateName>icon_generic_small</TemplateName>
      <AdapterName>group_0icon15</AdapterName>
      <IconId>-1</IconId>
      <Data></Data>
    </IconDef>

    <IconDef>
      <ControlId></ControlId>
      <Position>
        <X>271</X>
        <Y>48</Y>
      </Position>
      <Alignment>
      </Alignment>
      <TemplateName>icon_generic_small</TemplateName>
      <AdapterName>group_0icon16</AdapterName>
      <IconId>-1</IconId>
      <Data></Data>
    </IconDef>

    <IconDef>
      <ControlId></ControlId>
      <Position>
        <X>287</X>
        <Y>48</Y>
      </Position>
      <Alignment>
      </Alignment>
      <TemplateName>icon_generic_small</TemplateName>
      <AdapterName>group_0icon17</AdapterName>
      <IconId>-1</IconId>
      <Data></Data>
    </IconDef>

    <IconDef>
      <ControlId></ControlId>
      <Position>
        <X>303</X>
        <Y>48</Y>
      </Position>
      <Alignment>
      </Alignment>
      <TemplateName>icon_generic_small</TemplateName>
      <AdapterName>group_0icon18</AdapterName>
      <IconId>-1</IconId>
      <Data></Data>
    </IconDef>

    <IconDef>
      <ControlId></ControlId>
      <Position>
        <X>319</X>
        <Y>48</Y>
      </Position>
      <Alignment>
      </Alignment>
      <TemplateName>icon_generic_small</TemplateName>
      <AdapterName>group_0icon19</AdapterName>
      <IconId>-1</IconId>
      <Data></Data>
    </IconDef>

    <IconDef>
      <ControlId></ControlId>
      <Position>
        <X>335</X>
        <Y>48</Y>
      </Position>
      <Alignment>
      </Alignment>
      <TemplateName>icon_generic_small</TemplateName>
      <AdapterName>group_0icon20</AdapterName>
      <IconId>-1</IconId>
      <Data></Data>
    </IconDef>

    <IconDef>
      <ControlId></ControlId>
      <Position>
        <X>351</X>
        <Y>48</Y>
      </Position>
      <Alignment>
      </Alignment>
      <TemplateName>icon_generic_small</TemplateName>
      <AdapterName>group_0icon21</AdapterName>
      <IconId>-1</IconId>
      <Data></Data>
    </IconDef>

    <IconDef>
      <ControlId></ControlId>
      <Position>
        <X>367</X>
        <Y>48</Y>
      </Position>
      <Alignment>
      </Alignment>
      <TemplateName>icon_generic_small</TemplateName>
      <AdapterName>group_0icon22</AdapterName>
      <IconId>-1</IconId>
      <Data></Data>
    </IconDef>

    <IconDef>
      <ControlId></ControlId>
      <Position>
        <X>383</X>
        <Y>48</Y>
      </Position>
      <Alignment>
      </Alignment>
      <TemplateName>icon_generic_small</TemplateName>
      <AdapterName>group_0icon23</AdapterName>
      <IconId>-1</IconId>
      <Data></Data>
    </IconDef>

    <IconDef>
      <ControlId></ControlId>
      <Position>
        <X>399</X>
        <Y>48</Y>
      </Position>
      <Alignment>
      </Alignment>
      <TemplateName>icon_generic_small</TemplateName>
      <AdapterName>group_0icon24</AdapterName>
      <IconId>-1</IconId>
      <Data></Data>
    </IconDef>

    <InvisibleButtonDef>
      <ControlId></ControlId>
      <Position>
        <X>15</X>
        <Y>32</Y>
      </Position>
      <Alignment>
        <GrowWidth>true</GrowWidth>
      </Alignment>
      <Label></Label>
      <OnClickEvent>SelectGroupMember0</OnClickEvent>
      <Width>320</Width>
      <Height>30</Height>
    </InvisibleButtonDef>

    <!--Group Member 1-->

    <LabelDef>
      <ControlId></ControlId>
      <Position>
        <X>15</X>
        <Y>71</Y>
      </Position>
      <Alignment>
      </Alignment>
      <Color>
        <R>255</R>
        <G>255</G>
        <B>255</B>
        <A>255</A>
      </Color>
      <FontName>font_headings</FontName>
      <Width>200</Width>
      <Height>16</Height>
      <ColorAdapter>group_color1</ColorAdapter>
      <MaxCharacters>64</MaxCharacters>
      <Data>Group member 1</Data>
      <EndAligned>false</EndAligned>
      <TextCentered>false</TextCentered>
      <Adapter>group_name1</Adapter>
    </LabelDef>

    <LabelDef>
      <ControlId></ControlId>
      <Position>
        <X>34</X>
        <Y>71</Y>
      </Position>
      <Alignment>
        <OffsetRight>true</OffsetRight>
      </Alignment>
      <Color>
        <R>192</R>
        <G>192</G>
        <B>192</B>
        <A>255</A>
      </Color>
      <FontName>font_headings</FontName>
      <Width>75</Width>
      <Height>16</Height>
      <ColorAdapter>group_color1</ColorAdapter>
      <MaxCharacters>32</MaxCharacters>
      <Data>Group class 1</Data>
      <EndAligned>false</EndAligned>
      <TextCentered>false</TextCentered>
      <Adapter>group_class1</Adapter>
    </LabelDef>

    <ScalarLabelDef>
      <ControlId></ControlId>
      <Position>
        <X>18</X>
        <Y>71</Y>
      </Position>
      <Alignment>
        <OffsetRight>true</OffsetRight>
      </Alignment>
      <FontName>font_buttons</FontName>
      <Adapter>group_level1</Adapter>
      <ColorAdapter>group_color1</ColorAdapter>
      <Width>16</Width>
      <Height>16</Height>
      <MaxCharacters>3</MaxCharacters>
      <Color>
        <R>192</R>
        <G>192</G>
        <B>192</B>
        <A>255</A>
      </Color>
      <Data></Data>
      <EndAligned>false</EndAligned>
      <TextCentered>false</TextCentered>
      <DontDrawWhenZero>true</DontDrawWhenZero>
    </ScalarLabelDef>

    <HorizontalResizeImageDef>
      <ControlId></ControlId>
      <Position>
        <X>15</X>
        <Y>85</Y>
      </Position>
      <Alignment>
        <GrowWidth>true</GrowWidth>
      </Alignment>
      <TemplateName>hresizeimage_slot_blank_small</TemplateName>
      <Width>320</Width>
    </HorizontalResizeImageDef>

    <IconDef>
      <ControlId></ControlId>
      <Position>
        <X>15</X>
        <Y>85</Y>
      </Position>
      <Alignment>
      </Alignment>
      <TemplateName>icon_generic_small</TemplateName>
      <AdapterName>group_1icon0</AdapterName>
      <IconId>-1</IconId>
      <Data></Data>
    </IconDef>

    <IconDef>
      <ControlId></ControlId>
      <Position>
        <X>31</X>
        <Y>85</Y>
      </Position>
      <Alignment>
      </Alignment>
      <TemplateName>icon_generic_small</TemplateName>
      <AdapterName>group_1icon1</AdapterName>
      <IconId>-1</IconId>
      <Data></Data>
    </IconDef>

    <IconDef>
      <ControlId></ControlId>
      <Position>
        <X>47</X>
        <Y>85</Y>
      </Position>
      <Alignment>
      </Alignment>
      <TemplateName>icon_generic_small</TemplateName>
      <AdapterName>group_1icon2</AdapterName>
      <IconId>-1</IconId>
      <Data></Data>
    </IconDef>

    <IconDef>
      <ControlId></ControlId>
      <Position>
        <X>63</X>
        <Y>85</Y>
      </Position>
      <Alignment>
      </Alignment>
      <TemplateName>icon_generic_small</TemplateName>
      <AdapterName>group_1icon3</AdapterName>
      <IconId>-1</IconId>
      <Data></Data>
    </IconDef>

    <IconDef>
      <ControlId></ControlId>
      <Position>
        <X>79</X>
        <Y>85</Y>
      </Position>
      <Alignment>
      </Alignment>
      <TemplateName>icon_generic_small</TemplateName>
      <AdapterName>group_1icon4</AdapterName>
      <IconId>-1</IconId>
      <Data></Data>
    </IconDef>

    <IconDef>
      <ControlId></ControlId>
      <Position>
        <X>95</X>
        <Y>85</Y>
      </Position>
      <Alignment>
      </Alignment>
      <TemplateName>icon_generic_small</TemplateName>
      <AdapterName>group_1icon5</AdapterName>
      <IconId>-1</IconId>
      <Data></Data>
    </IconDef>

    <IconDef>
      <ControlId></ControlId>
      <Position>
        <X>111</X>
        <Y>85</Y>
      </Position>
      <Alignment>
      </Alignment>
      <TemplateName>icon_generic_small</TemplateName>
      <AdapterName>group_1icon6</AdapterName>
      <IconId>-1</IconId>
      <Data></Data>
    </IconDef>

    <IconDef>
      <ControlId></ControlId>
      <Position>
        <X>127</X>
        <Y>85</Y>
      </Position>
      <Alignment>
      </Alignment>
      <TemplateName>icon_generic_small</TemplateName>
      <AdapterName>group_1icon7</AdapterName>
      <IconId>-1</IconId>
      <Data></Data>
    </IconDef>

    <IconDef>
      <ControlId></ControlId>
      <Position>
        <X>143</X>
        <Y>85</Y>
      </Position>
      <Alignment>
      </Alignment>
      <TemplateName>icon_generic_small</TemplateName>
      <AdapterName>group_1icon8</AdapterName>
      <IconId>-1</IconId>
      <Data></Data>
    </IconDef>

    <IconDef>
      <ControlId></ControlId>
      <Position>
        <X>159</X>
        <Y>85</Y>
      </Position>
      <Alignment>
      </Alignment>
      <TemplateName>icon_generic_small</TemplateName>
      <AdapterName>group_1icon9</AdapterName>
      <IconId>-1</IconId>
      <Data></Data>
    </IconDef>

    <IconDef>
      <ControlId></ControlId>
      <Position>
        <X>175</X>
        <Y>85</Y>
      </Position>
      <Alignment>
      </Alignment>
      <TemplateName>icon_generic_small</TemplateName>
      <AdapterName>group_1icon10</AdapterName>
      <IconId>-1</IconId>
      <Data></Data>
    </IconDef>

    <IconDef>
      <ControlId></ControlId>
      <Position>
        <X>191</X>
        <Y>85</Y>
      </Position>
      <Alignment>
      </Alignment>
      <TemplateName>icon_generic_small</TemplateName>
      <AdapterName>group_1icon11</AdapterName>
      <IconId>-1</IconId>
      <Data></Data>
    </IconDef>

    <IconDef>
      <ControlId></ControlId>
      <Position>
        <X>207</X>
        <Y>85</Y>
      </Position>
      <Alignment>
      </Alignment>
      <TemplateName>icon_generic_small</TemplateName>
      <AdapterName>group_1icon12</AdapterName>
      <IconId>-1</IconId>
      <Data></Data>
    </IconDef>

    <IconDef>
      <ControlId></ControlId>
      <Position>
        <X>223</X>
        <Y>85</Y>
      </Position>
      <Alignment>
      </Alignment>
      <TemplateName>icon_generic_small</TemplateName>
      <AdapterName>group_1icon13</AdapterName>
      <IconId>-1</IconId>
      <Data></Data>
    </IconDef>

    <IconDef>
      <ControlId></ControlId>
      <Position>
        <X>239</X>
        <Y>85</Y>
      </Position>
      <Alignment>
      </Alignment>
      <TemplateName>icon_generic_small</TemplateName>
      <AdapterName>group_1icon14</AdapterName>
      <IconId>-1</IconId>
      <Data></Data>
    </IconDef>

    <IconDef>
      <ControlId></ControlId>
      <Position>
        <X>255</X>
        <Y>85</Y>
      </Position>
      <Alignment>
      </Alignment>
      <TemplateName>icon_generic_small</TemplateName>
      <AdapterName>group_1icon15</AdapterName>
      <IconId>-1</IconId>
      <Data></Data>
    </IconDef>

    <IconDef>
      <ControlId></ControlId>
      <Position>
        <X>271</X>
        <Y>85</Y>
      </Position>
      <Alignment>
      </Alignment>
      <TemplateName>icon_generic_small</TemplateName>
      <AdapterName>group_1icon16</AdapterName>
      <IconId>-1</IconId>
      <Data></Data>
    </IconDef>

    <IconDef>
      <ControlId></ControlId>
      <Position>
        <X>287</X>
        <Y>85</Y>
      </Position>
      <Alignment>
      </Alignment>
      <TemplateName>icon_generic_small</TemplateName>
      <AdapterName>group_1icon17</AdapterName>
      <IconId>-1</IconId>
      <Data></Data>
    </IconDef>

    <IconDef>
      <ControlId></ControlId>
      <Position>
        <X>303</X>
        <Y>85</Y>
      </Position>
      <Alignment>
      </Alignment>
      <TemplateName>icon_generic_small</TemplateName>
      <AdapterName>group_1icon18</AdapterName>
      <IconId>-1</IconId>
      <Data></Data>
    </IconDef>

    <IconDef>
      <ControlId></ControlId>
      <Position>
        <X>319</X>
        <Y>85</Y>
      </Position>
      <Alignment>
      </Alignment>
      <TemplateName>icon_generic_small</TemplateName>
      <AdapterName>group_1icon19</AdapterName>
      <IconId>-1</IconId>
      <Data></Data>
    </IconDef>

    <IconDef>
      <ControlId></ControlId>
      <Position>
        <X>335</X>
        <Y>85</Y>
      </Position>
      <Alignment>
      </Alignment>
      <TemplateName>icon_generic_small</TemplateName>
      <AdapterName>group_1icon20</AdapterName>
      <IconId>-1</IconId>
      <Data></Data>
    </IconDef>

    <IconDef>
      <ControlId></ControlId>
      <Position>
        <X>351</X>
        <Y>85</Y>
      </Position>
      <Alignment>
      </Alignment>
      <TemplateName>icon_generic_small</TemplateName>
      <AdapterName>group_1icon21</AdapterName>
      <IconId>-1</IconId>
      <Data></Data>
    </IconDef>

    <IconDef>
      <ControlId></ControlId>
      <Position>
        <X>367</X>
        <Y>85</Y>
      </Position>
      <Alignment>
      </Alignment>
      <TemplateName>icon_generic_small</TemplateName>
      <AdapterName>group_1icon22</AdapterName>
      <IconId>-1</IconId>
      <Data></Data>
    </IconDef>

    <IconDef>
      <ControlId></ControlId>
      <Position>
        <X>383</X>
        <Y>85</Y>
      </Position>
      <Alignment>
      </Alignment>
      <TemplateName>icon_generic_small</TemplateName>
      <AdapterName>group_1icon23</AdapterName>
      <IconId>-1</IconId>
      <Data></Data>
    </IconDef>

    <IconDef>
      <ControlId></ControlId>
      <Position>
        <X>399</X>
        <Y>85</Y>
      </Position>
      <Alignment>
      </Alignment>
      <TemplateName>icon_generic_small</TemplateName>
      <AdapterName>group_1icon24</AdapterName>
      <IconId>-1</IconId>
      <Data></Data>
    </IconDef>

    <InvisibleButtonDef>
      <ControlId></ControlId>
      <Position>
        <X>15</X>
        <Y>69</Y>
      </Position>
      <Alignment>
        <GrowWidth>true</GrowWidth>
      </Alignment>
      <Label></Label>
      <OnClickEvent>SelectGroupMember1</OnClickEvent>
      <Width>320</Width>
      <Height>30</Height>
    </InvisibleButtonDef>

    <!--Group Member 2-->

    <LabelDef>
      <ControlId></ControlId>
      <Position>
        <X>15</X>
        <Y>108</Y>
      </Position>
      <Alignment>
      </Alignment>
      <Color>
        <R>255</R>
        <G>255</G>
        <B>255</B>
        <A>255</A>
      </Color>
      <FontName>font_headings</FontName>
      <Width>200</Width>
      <Height>16</Height>
      <ColorAdapter>group_color2</ColorAdapter>
      <MaxCharacters>64</MaxCharacters>
      <Data>Group member 2</Data>
      <EndAligned>false</EndAligned>
      <TextCentered>false</TextCentered>
      <Adapter>group_name2</Adapter>
    </LabelDef>

    <LabelDef>
      <ControlId></ControlId>
      <Position>
        <X>34</X>
        <Y>108</Y>
      </Position>
      <Alignment>
        <OffsetRight>true</OffsetRight>
      </Alignment>
      <Color>
        <R>192</R>
        <G>192</G>
        <B>192</B>
        <A>255</A>
      </Color>
      <FontName>font_headings</FontName>
      <Width>75</Width>
      <Height>16</Height>
      <ColorAdapter>group_color2</ColorAdapter>
      <MaxCharacters>32</MaxCharacters>
      <Data>Group class 2</Data>
      <EndAligned>false</EndAligned>
      <TextCentered>false</TextCentered>
      <Adapter>group_class2</Adapter>
    </LabelDef>

    <ScalarLabelDef>
      <ControlId></ControlId>
      <Position>
        <X>18</X>
        <Y>108</Y>
      </Position>
      <Alignment>
        <OffsetRight>true</OffsetRight>
      </Alignment>
      <FontName>font_buttons</FontName>
      <Adapter>group_level2</Adapter>
      <ColorAdapter>group_color2</ColorAdapter>
      <Width>16</Width>
      <Height>16</Height>
      <MaxCharacters>3</MaxCharacters>
      <Color>
        <R>192</R>
        <G>192</G>
        <B>192</B>
        <A>255</A>
      </Color>
      <Data></Data>
      <EndAligned>false</EndAligned>
      <TextCentered>false</TextCentered>
      <DontDrawWhenZero>true</DontDrawWhenZero>
    </ScalarLabelDef>

    <HorizontalResizeImageDef>
      <ControlId></ControlId>
      <Position>
        <X>15</X>
        <Y>122</Y>
      </Position>
      <Alignment>
        <GrowWidth>true</GrowWidth>
      </Alignment>
      <TemplateName>hresizeimage_slot_blank_small</TemplateName>
      <Width>320</Width>
    </HorizontalResizeImageDef>

    <IconDef>
      <ControlId></ControlId>
      <Position>
        <X>15</X>
        <Y>122</Y>
      </Position>
      <Alignment>
      </Alignment>
      <TemplateName>icon_generic_small</TemplateName>
      <AdapterName>group_2icon0</AdapterName>
      <IconId>-1</IconId>
      <Data></Data>
    </IconDef>

    <IconDef>
      <ControlId></ControlId>
      <Position>
        <X>31</X>
        <Y>122</Y>
      </Position>
      <Alignment>
      </Alignment>
      <TemplateName>icon_generic_small</TemplateName>
      <AdapterName>group_2icon1</AdapterName>
      <IconId>-1</IconId>
      <Data></Data>
    </IconDef>

    <IconDef>
      <ControlId></ControlId>
      <Position>
        <X>47</X>
        <Y>122</Y>
      </Position>
      <Alignment>
      </Alignment>
      <TemplateName>icon_generic_small</TemplateName>
      <AdapterName>group_2icon2</AdapterName>
      <IconId>-1</IconId>
      <Data></Data>
    </IconDef>

    <IconDef>
      <ControlId></ControlId>
      <Position>
        <X>63</X>
        <Y>122</Y>
      </Position>
      <Alignment>
      </Alignment>
      <TemplateName>icon_generic_small</TemplateName>
      <AdapterName>group_2icon3</AdapterName>
      <IconId>-1</IconId>
      <Data></Data>
    </IconDef>

    <IconDef>
      <ControlId></ControlId>
      <Position>
        <X>79</X>
        <Y>122</Y>
      </Position>
      <Alignment>
      </Alignment>
      <TemplateName>icon_generic_small</TemplateName>
      <AdapterName>group_2icon4</AdapterName>
      <IconId>-1</IconId>
      <Data></Data>
    </IconDef>

    <IconDef>
      <ControlId></ControlId>
      <Position>
        <X>95</X>
        <Y>122</Y>
      </Position>
      <Alignment>
      </Alignment>
      <TemplateName>icon_generic_small</TemplateName>
      <AdapterName>group_2icon5</AdapterName>
      <IconId>-1</IconId>
      <Data></Data>
    </IconDef>

    <IconDef>
      <ControlId></ControlId>
      <Position>
        <X>111</X>
        <Y>122</Y>
      </Position>
      <Alignment>
      </Alignment>
      <TemplateName>icon_generic_small</TemplateName>
      <AdapterName>group_2icon6</AdapterName>
      <IconId>-1</IconId>
      <Data></Data>
    </IconDef>

    <IconDef>
      <ControlId></ControlId>
      <Position>
        <X>127</X>
        <Y>122</Y>
      </Position>
      <Alignment>
      </Alignment>
      <TemplateName>icon_generic_small</TemplateName>
      <AdapterName>group_2icon7</AdapterName>
      <IconId>-1</IconId>
      <Data></Data>
    </IconDef>

    <IconDef>
      <ControlId></ControlId>
      <Position>
        <X>143</X>
        <Y>122</Y>
      </Position>
      <Alignment>
      </Alignment>
      <TemplateName>icon_generic_small</TemplateName>
      <AdapterName>group_2icon8</AdapterName>
      <IconId>-1</IconId>
      <Data></Data>
    </IconDef>

    <IconDef>
      <ControlId></ControlId>
      <Position>
        <X>159</X>
        <Y>122</Y>
      </Position>
      <Alignment>
      </Alignment>
      <TemplateName>icon_generic_small</TemplateName>
      <AdapterName>group_2icon9</AdapterName>
      <IconId>-1</IconId>
      <Data></Data>
    </IconDef>

    <IconDef>
      <ControlId></ControlId>
      <Position>
        <X>175</X>
        <Y>122</Y>
      </Position>
      <Alignment>
      </Alignment>
      <TemplateName>icon_generic_small</TemplateName>
      <AdapterName>group_2icon10</AdapterName>
      <IconId>-1</IconId>
      <Data></Data>
    </IconDef>

    <IconDef>
      <ControlId></ControlId>
      <Position>
        <X>191</X>
        <Y>122</Y>
      </Position>
      <Alignment>
      </Alignment>
      <TemplateName>icon_generic_small</TemplateName>
      <AdapterName>group_2icon11</AdapterName>
      <IconId>-1</IconId>
      <Data></Data>
    </IconDef>

    <IconDef>
      <ControlId></ControlId>
      <Position>
        <X>207</X>
        <Y>122</Y>
      </Position>
      <Alignment>
      </Alignment>
      <TemplateName>icon_generic_small</TemplateName>
      <AdapterName>group_2icon12</AdapterName>
      <IconId>-1</IconId>
      <Data></Data>
    </IconDef>

    <IconDef>
      <ControlId></ControlId>
      <Position>
        <X>223</X>
        <Y>122</Y>
      </Position>
      <Alignment>
      </Alignment>
      <TemplateName>icon_generic_small</TemplateName>
      <AdapterName>group_2icon13</AdapterName>
      <IconId>-1</IconId>
      <Data></Data>
    </IconDef>

    <IconDef>
      <ControlId></ControlId>
      <Position>
        <X>239</X>
        <Y>122</Y>
      </Position>
      <Alignment>
      </Alignment>
      <TemplateName>icon_generic_small</TemplateName>
      <AdapterName>group_2icon14</AdapterName>
      <IconId>-1</IconId>
      <Data></Data>
    </IconDef>

    <IconDef>
      <ControlId></ControlId>
      <Position>
        <X>255</X>
        <Y>122</Y>
      </Position>
      <Alignment>
      </Alignment>
      <TemplateName>icon_generic_small</TemplateName>
      <AdapterName>group_2icon15</AdapterName>
      <IconId>-1</IconId>
      <Data></Data>
    </IconDef>

    <IconDef>
      <ControlId></ControlId>
      <Position>
        <X>271</X>
        <Y>122</Y>
      </Position>
      <Alignment>
      </Alignment>
      <TemplateName>icon_generic_small</TemplateName>
      <AdapterName>group_2icon16</AdapterName>
      <IconId>-1</IconId>
      <Data></Data>
    </IconDef>

    <IconDef>
      <ControlId></ControlId>
      <Position>
        <X>287</X>
        <Y>122</Y>
      </Position>
      <Alignment>
      </Alignment>
      <TemplateName>icon_generic_small</TemplateName>
      <AdapterName>group_2icon17</AdapterName>
      <IconId>-1</IconId>
      <Data></Data>
    </IconDef>

    <IconDef>
      <ControlId></ControlId>
      <Position>
        <X>303</X>
        <Y>122</Y>
      </Position>
      <Alignment>
      </Alignment>
      <TemplateName>icon_generic_small</TemplateName>
      <AdapterName>group_2icon18</AdapterName>
      <IconId>-1</IconId>
      <Data></Data>
    </IconDef>

    <IconDef>
      <ControlId></ControlId>
      <Position>
        <X>319</X>
        <Y>122</Y>
      </Position>
      <Alignment>
      </Alignment>
      <TemplateName>icon_generic_small</TemplateName>
      <AdapterName>group_2icon19</AdapterName>
      <IconId>-1</IconId>
      <Data></Data>
    </IconDef>

    <IconDef>
      <ControlId></ControlId>
      <Position>
        <X>335</X>
        <Y>122</Y>
      </Position>
      <Alignment>
      </Alignment>
      <TemplateName>icon_generic_small</TemplateName>
      <AdapterName>group_2icon20</AdapterName>
      <IconId>-1</IconId>
      <Data></Data>
    </IconDef>

    <IconDef>
      <ControlId></ControlId>
      <Position>
        <X>351</X>
        <Y>122</Y>
      </Position>
      <Alignment>
      </Alignment>
      <TemplateName>icon_generic_small</TemplateName>
      <AdapterName>group_2icon21</AdapterName>
      <IconId>-1</IconId>
      <Data></Data>
    </IconDef>

    <IconDef>
      <ControlId></ControlId>
      <Position>
        <X>367</X>
        <Y>122</Y>
      </Position>
      <Alignment>
      </Alignment>
      <TemplateName>icon_generic_small</TemplateName>
      <AdapterName>group_2icon22</AdapterName>
      <IconId>-1</IconId>
      <Data></Data>
    </IconDef>

    <IconDef>
      <ControlId></ControlId>
      <Position>
        <X>383</X>
        <Y>122</Y>
      </Position>
      <Alignment>
      </Alignment>
      <TemplateName>icon_generic_small</TemplateName>
      <AdapterName>group_2icon23</AdapterName>
      <IconId>-1</IconId>
      <Data></Data>
    </IconDef>

    <IconDef>
      <ControlId></ControlId>
      <Position>
        <X>399</X>
        <Y>122</Y>
      </Position>
      <Alignment>
      </Alignment>
      <TemplateName>icon_generic_small</TemplateName>
      <AdapterName>group_2icon24</AdapterName>
      <IconId>-1</IconId>
      <Data></Data>
    </IconDef>

    <InvisibleButtonDef>
      <ControlId></ControlId>
      <Position>
        <X>15</X>
        <Y>106</Y>
      </Position>
      <Alignment>
        <GrowWidth>true</GrowWidth>
      </Alignment>
      <Label></Label>
      <OnClickEvent>SelectGroupMember2</OnClickEvent>
      <Width>320</Width>
      <Height>30</Height>
    </InvisibleButtonDef>

    <!--Group Member 3-->

    <LabelDef>
      <ControlId></ControlId>
      <Position>
        <X>15</X>
        <Y>145</Y>
      </Position>
      <Alignment>
      </Alignment>
      <Color>
        <R>255</R>
        <G>255</G>
        <B>255</B>
        <A>255</A>
      </Color>
      <FontName>font_headings</FontName>
      <Width>200</Width>
      <Height>16</Height>
      <ColorAdapter>group_color3</ColorAdapter>
      <MaxCharacters>64</MaxCharacters>
      <Data>Group member 3</Data>
      <EndAligned>false</EndAligned>
      <TextCentered>false</TextCentered>
      <Adapter>group_name3</Adapter>
    </LabelDef>

    <LabelDef>
      <ControlId></ControlId>
      <Position>
        <X>34</X>
        <Y>145</Y>
      </Position>
      <Alignment>
        <OffsetRight>true</OffsetRight>
      </Alignment>
      <Color>
        <R>192</R>
        <G>192</G>
        <B>192</B>
        <A>255</A>
      </Color>
      <FontName>font_headings</FontName>
      <Width>75</Width>
      <Height>16</Height>
      <ColorAdapter>group_color3</ColorAdapter>
      <MaxCharacters>32</MaxCharacters>
      <Data>Group class 3</Data>
      <EndAligned>false</EndAligned>
      <TextCentered>false</TextCentered>
      <Adapter>group_class3</Adapter>
    </LabelDef>

    <ScalarLabelDef>
      <ControlId></ControlId>
      <Position>
        <X>18</X>
        <Y>145</Y>
      </Position>
      <Alignment>
        <OffsetRight>true</OffsetRight>
      </Alignment>
      <FontName>font_buttons</FontName>
      <Adapter>group_level3</Adapter>
      <ColorAdapter>group_color3</ColorAdapter>
      <Width>16</Width>
      <Height>16</Height>
      <MaxCharacters>3</MaxCharacters>
      <Color>
        <R>192</R>
        <G>192</G>
        <B>192</B>
        <A>255</A>
      </Color>
      <Data></Data>
      <EndAligned>false</EndAligned>
      <TextCentered>false</TextCentered>
      <DontDrawWhenZero>true</DontDrawWhenZero>
    </ScalarLabelDef>

    <HorizontalResizeImageDef>
      <ControlId></ControlId>
      <Position>
        <X>15</X>
        <Y>159</Y>
      </Position>
      <Alignment>
        <GrowWidth>true</GrowWidth>
      </Alignment>
      <TemplateName>hresizeimage_slot_blank_small</TemplateName>
      <Width>320</Width>
    </HorizontalResizeImageDef>

    <IconDef>
      <ControlId></ControlId>
      <Position>
        <X>15</X>
        <Y>159</Y>
      </Position>
      <Alignment>
      </Alignment>
      <TemplateName>icon_generic_small</TemplateName>
      <AdapterName>group_3icon0</AdapterName>
      <IconId>-1</IconId>
      <Data></Data>
    </IconDef>

    <IconDef>
      <ControlId></ControlId>
      <Position>
        <X>31</X>
        <Y>159</Y>
      </Position>
      <Alignment>
      </Alignment>
      <TemplateName>icon_generic_small</TemplateName>
      <AdapterName>group_3icon1</AdapterName>
      <IconId>-1</IconId>
      <Data></Data>
    </IconDef>

    <IconDef>
      <ControlId></ControlId>
      <Position>
        <X>47</X>
        <Y>159</Y>
      </Position>
      <Alignment>
      </Alignment>
      <TemplateName>icon_generic_small</TemplateName>
      <AdapterName>group_3icon2</AdapterName>
      <IconId>-1</IconId>
      <Data></Data>
    </IconDef>

    <IconDef>
      <ControlId></ControlId>
      <Position>
        <X>63</X>
        <Y>159</Y>
      </Position>
      <Alignment>
      </Alignment>
      <TemplateName>icon_generic_small</TemplateName>
      <AdapterName>group_3icon3</AdapterName>
      <IconId>-1</IconId>
      <Data></Data>
    </IconDef>

    <IconDef>
      <ControlId></ControlId>
      <Position>
        <X>79</X>
        <Y>159</Y>
      </Position>
      <Alignment>
      </Alignment>
      <TemplateName>icon_generic_small</TemplateName>
      <AdapterName>group_3icon4</AdapterName>
      <IconId>-1</IconId>
      <Data></Data>
    </IconDef>

    <IconDef>
      <ControlId></ControlId>
      <Position>
        <X>95</X>
        <Y>159</Y>
      </Position>
      <Alignment>
      </Alignment>
      <TemplateName>icon_generic_small</TemplateName>
      <AdapterName>group_3icon5</AdapterName>
      <IconId>-1</IconId>
      <Data></Data>
    </IconDef>

    <IconDef>
      <ControlId></ControlId>
      <Position>
        <X>111</X>
        <Y>159</Y>
      </Position>
      <Alignment>
      </Alignment>
      <TemplateName>icon_generic_small</TemplateName>
      <AdapterName>group_3icon6</AdapterName>
      <IconId>-1</IconId>
      <Data></Data>
    </IconDef>

    <IconDef>
      <ControlId></ControlId>
      <Position>
        <X>127</X>
        <Y>159</Y>
      </Position>
      <Alignment>
      </Alignment>
      <TemplateName>icon_generic_small</TemplateName>
      <AdapterName>group_3icon7</AdapterName>
      <IconId>-1</IconId>
      <Data></Data>
    </IconDef>

    <IconDef>
      <ControlId></ControlId>
      <Position>
        <X>143</X>
        <Y>159</Y>
      </Position>
      <Alignment>
      </Alignment>
      <TemplateName>icon_generic_small</TemplateName>
      <AdapterName>group_3icon8</AdapterName>
      <IconId>-1</IconId>
      <Data></Data>
    </IconDef>

    <IconDef>
      <ControlId></ControlId>
      <Position>
        <X>159</X>
        <Y>159</Y>
      </Position>
      <Alignment>
      </Alignment>
      <TemplateName>icon_generic_small</TemplateName>
      <AdapterName>group_3icon9</AdapterName>
      <IconId>-1</IconId>
      <Data></Data>
    </IconDef>

    <IconDef>
      <ControlId></ControlId>
      <Position>
        <X>175</X>
        <Y>159</Y>
      </Position>
      <Alignment>
      </Alignment>
      <TemplateName>icon_generic_small</TemplateName>
      <AdapterName>group_3icon10</AdapterName>
      <IconId>-1</IconId>
      <Data></Data>
    </IconDef>

    <IconDef>
      <ControlId></ControlId>
      <Position>
        <X>191</X>
        <Y>159</Y>
      </Position>
      <Alignment>
      </Alignment>
      <TemplateName>icon_generic_small</TemplateName>
      <AdapterName>group_3icon11</AdapterName>
      <IconId>-1</IconId>
      <Data></Data>
    </IconDef>

    <IconDef>
      <ControlId></ControlId>
      <Position>
        <X>207</X>
        <Y>159</Y>
      </Position>
      <Alignment>
      </Alignment>
      <TemplateName>icon_generic_small</TemplateName>
      <AdapterName>group_3icon12</AdapterName>
      <IconId>-1</IconId>
      <Data></Data>
    </IconDef>

    <IconDef>
      <ControlId></ControlId>
      <Position>
        <X>223</X>
        <Y>159</Y>
      </Position>
      <Alignment>
      </Alignment>
      <TemplateName>icon_generic_small</TemplateName>
      <AdapterName>group_3icon13</AdapterName>
      <IconId>-1</IconId>
      <Data></Data>
    </IconDef>

    <IconDef>
      <ControlId></ControlId>
      <Position>
        <X>239</X>
        <Y>159</Y>
      </Position>
      <Alignment>
      </Alignment>
      <TemplateName>icon_generic_small</TemplateName>
      <AdapterName>group_3icon14</AdapterName>
      <IconId>-1</IconId>
      <Data></Data>
    </IconDef>

    <IconDef>
      <ControlId></ControlId>
      <Position>
        <X>255</X>
        <Y>159</Y>
      </Position>
      <Alignment>
      </Alignment>
      <TemplateName>icon_generic_small</TemplateName>
      <AdapterName>group_3icon15</AdapterName>
      <IconId>-1</IconId>
      <Data></Data>
    </IconDef>

    <IconDef>
      <ControlId></ControlId>
      <Position>
        <X>271</X>
        <Y>159</Y>
      </Position>
      <Alignment>
      </Alignment>
      <TemplateName>icon_generic_small</TemplateName>
      <AdapterName>group_3icon16</AdapterName>
      <IconId>-1</IconId>
      <Data></Data>
    </IconDef>

    <IconDef>
      <ControlId></ControlId>
      <Position>
        <X>287</X>
        <Y>159</Y>
      </Position>
      <Alignment>
      </Alignment>
      <TemplateName>icon_generic_small</TemplateName>
      <AdapterName>group_3icon17</AdapterName>
      <IconId>-1</IconId>
      <Data></Data>
    </IconDef>

    <IconDef>
      <ControlId></ControlId>
      <Position>
        <X>303</X>
        <Y>159</Y>
      </Position>
      <Alignment>
      </Alignment>
      <TemplateName>icon_generic_small</TemplateName>
      <AdapterName>group_3icon18</AdapterName>
      <IconId>-1</IconId>
      <Data></Data>
    </IconDef>

    <IconDef>
      <ControlId></ControlId>
      <Position>
        <X>319</X>
        <Y>159</Y>
      </Position>
      <Alignment>
      </Alignment>
      <TemplateName>icon_generic_small</TemplateName>
      <AdapterName>group_3icon19</AdapterName>
      <IconId>-1</IconId>
      <Data></Data>
    </IconDef>

    <IconDef>
      <ControlId></ControlId>
      <Position>
        <X>335</X>
        <Y>159</Y>
      </Position>
      <Alignment>
      </Alignment>
      <TemplateName>icon_generic_small</TemplateName>
      <AdapterName>group_3icon20</AdapterName>
      <IconId>-1</IconId>
      <Data></Data>
    </IconDef>

    <IconDef>
      <ControlId></ControlId>
      <Position>
        <X>351</X>
        <Y>159</Y>
      </Position>
      <Alignment>
      </Alignment>
      <TemplateName>icon_generic_small</TemplateName>
      <AdapterName>group_3icon21</AdapterName>
      <IconId>-1</IconId>
      <Data></Data>
    </IconDef>

    <IconDef>
      <ControlId></ControlId>
      <Position>
        <X>367</X>
        <Y>159</Y>
      </Position>
      <Alignment>
      </Alignment>
      <TemplateName>icon_generic_small</TemplateName>
      <AdapterName>group_3icon22</AdapterName>
      <IconId>-1</IconId>
      <Data></Data>
    </IconDef>

    <IconDef>
      <ControlId></ControlId>
      <Position>
        <X>383</X>
        <Y>159</Y>
      </Position>
      <Alignment>
      </Alignment>
      <TemplateName>icon_generic_small</TemplateName>
      <AdapterName>group_3icon23</AdapterName>
      <IconId>-1</IconId>
      <Data></Data>
    </IconDef>

    <IconDef>
      <ControlId></ControlId>
      <Position>
        <X>399</X>
        <Y>159</Y>
      </Position>
      <Alignment>
      </Alignment>
      <TemplateName>icon_generic_small</TemplateName>
      <AdapterName>group_3icon24</AdapterName>
      <IconId>-1</IconId>
      <Data></Data>
    </IconDef>

    <InvisibleButtonDef>
      <ControlId></ControlId>
      <Position>
        <X>15</X>
        <Y>143</Y>
      </Position>
      <Alignment>
        <GrowWidth>true</GrowWidth>
      </Alignment>
      <Label></Label>
      <OnClickEvent>SelectGroupMember3</OnClickEvent>
      <Width>320</Width>
      <Height>30</Height>
    </InvisibleButtonDef>

    <!--Group Member 4-->

    <LabelDef>
      <ControlId></ControlId>
      <Position>
        <X>15</X>
        <Y>182</Y>
      </Position>
      <Alignment>
      </Alignment>
      <Color>
        <R>255</R>
        <G>255</G>
        <B>255</B>
        <A>255</A>
      </Color>
      <FontName>font_headings</FontName>
      <Width>200</Width>
      <Height>16</Height>
      <ColorAdapter>group_color4</ColorAdapter>
      <MaxCharacters>64</MaxCharacters>
      <Data>Group member 4</Data>
      <EndAligned>false</EndAligned>
      <TextCentered>false</TextCentered>
      <Adapter>group_name4</Adapter>
    </LabelDef>

    <LabelDef>
      <ControlId></ControlId>
      <Position>
        <X>34</X>
        <Y>182</Y>
      </Position>
      <Alignment>
        <OffsetRight>true</OffsetRight>
      </Alignment>
      <Color>
        <R>192</R>
        <G>192</G>
        <B>192</B>
        <A>255</A>
      </Color>
      <FontName>font_headings</FontName>
      <Width>75</Width>
      <Height>16</Height>
      <ColorAdapter>group_color4</ColorAdapter>
      <MaxCharacters>32</MaxCharacters>
      <Data>Group class 4</Data>
      <EndAligned>false</EndAligned>
      <TextCentered>false</TextCentered>
      <Adapter>group_class4</Adapter>
    </LabelDef>

    <ScalarLabelDef>
      <ControlId></ControlId>
      <Position>
        <X>18</X>
        <Y>182</Y>
      </Position>
      <Alignment>
        <OffsetRight>true</OffsetRight>
      </Alignment>
      <FontName>font_buttons</FontName>
      <Adapter>group_level4</Adapter>
      <ColorAdapter>group_color4</ColorAdapter>
      <Width>16</Width>
      <Height>16</Height>
      <MaxCharacters>3</MaxCharacters>
      <Color>
        <R>192</R>
        <G>192</G>
        <B>192</B>
        <A>255</A>
      </Color>
      <Data></Data>
      <EndAligned>false</EndAligned>
      <TextCentered>false</TextCentered>
      <DontDrawWhenZero>true</DontDrawWhenZero>
    </ScalarLabelDef>

    <HorizontalResizeImageDef>
      <ControlId></ControlId>
      <Position>
        <X>15</X>
        <Y>196</Y>
      </Position>
      <Alignment>
        <GrowWidth>true</GrowWidth>
      </Alignment>
      <TemplateName>hresizeimage_slot_blank_small</TemplateName>
      <Width>320</Width>
    </HorizontalResizeImageDef>

    <IconDef>
      <ControlId></ControlId>
      <Position>
        <X>15</X>
        <Y>196</Y>
      </Position>
      <Alignment>
      </Alignment>
      <TemplateName>icon_generic_small</TemplateName>
      <AdapterName>group_4icon0</AdapterName>
      <IconId>-1</IconId>
      <Data></Data>
    </IconDef>

    <IconDef>
      <ControlId></ControlId>
      <Position>
        <X>31</X>
        <Y>196</Y>
      </Position>
      <Alignment>
      </Alignment>
      <TemplateName>icon_generic_small</TemplateName>
      <AdapterName>group_4icon1</AdapterName>
      <IconId>-1</IconId>
      <Data></Data>
    </IconDef>

    <IconDef>
      <ControlId></ControlId>
      <Position>
        <X>47</X>
        <Y>196</Y>
      </Position>
      <Alignment>
      </Alignment>
      <TemplateName>icon_generic_small</TemplateName>
      <AdapterName>group_4icon2</AdapterName>
      <IconId>-1</IconId>
      <Data></Data>
    </IconDef>

    <IconDef>
      <ControlId></ControlId>
      <Position>
        <X>63</X>
        <Y>196</Y>
      </Position>
      <Alignment>
      </Alignment>
      <TemplateName>icon_generic_small</TemplateName>
      <AdapterName>group_4icon3</AdapterName>
      <IconId>-1</IconId>
      <Data></Data>
    </IconDef>

    <IconDef>
      <ControlId></ControlId>
      <Position>
        <X>79</X>
        <Y>196</Y>
      </Position>
      <Alignment>
      </Alignment>
      <TemplateName>icon_generic_small</TemplateName>
      <AdapterName>group_4icon4</AdapterName>
      <IconId>-1</IconId>
      <Data></Data>
    </IconDef>

    <IconDef>
      <ControlId></ControlId>
      <Position>
        <X>95</X>
        <Y>196</Y>
      </Position>
      <Alignment>
      </Alignment>
      <TemplateName>icon_generic_small</TemplateName>
      <AdapterName>group_4icon5</AdapterName>
      <IconId>-1</IconId>
      <Data></Data>
    </IconDef>

    <IconDef>
      <ControlId></ControlId>
      <Position>
        <X>111</X>
        <Y>196</Y>
      </Position>
      <Alignment>
      </Alignment>
      <TemplateName>icon_generic_small</TemplateName>
      <AdapterName>group_4icon6</AdapterName>
      <IconId>-1</IconId>
      <Data></Data>
    </IconDef>

    <IconDef>
      <ControlId></ControlId>
      <Position>
        <X>127</X>
        <Y>196</Y>
      </Position>
      <Alignment>
      </Alignment>
      <TemplateName>icon_generic_small</TemplateName>
      <AdapterName>group_4icon7</AdapterName>
      <IconId>-1</IconId>
      <Data></Data>
    </IconDef>

    <IconDef>
      <ControlId></ControlId>
      <Position>
        <X>143</X>
        <Y>196</Y>
      </Position>
      <Alignment>
      </Alignment>
      <TemplateName>icon_generic_small</TemplateName>
      <AdapterName>group_4icon8</AdapterName>
      <IconId>-1</IconId>
      <Data></Data>
    </IconDef>

    <IconDef>
      <ControlId></ControlId>
      <Position>
        <X>159</X>
        <Y>196</Y>
      </Position>
      <Alignment>
      </Alignment>
      <TemplateName>icon_generic_small</TemplateName>
      <AdapterName>group_4icon9</AdapterName>
      <IconId>-1</IconId>
      <Data></Data>
    </IconDef>

    <IconDef>
      <ControlId></ControlId>
      <Position>
        <X>175</X>
        <Y>196</Y>
      </Position>
      <Alignment>
      </Alignment>
      <TemplateName>icon_generic_small</TemplateName>
      <AdapterName>group_4icon10</AdapterName>
      <IconId>-1</IconId>
      <Data></Data>
    </IconDef>

    <IconDef>
      <ControlId></ControlId>
      <Position>
        <X>191</X>
        <Y>196</Y>
      </Position>
      <Alignment>
      </Alignment>
      <TemplateName>icon_generic_small</TemplateName>
      <AdapterName>group_4icon11</AdapterName>
      <IconId>-1</IconId>
      <Data></Data>
    </IconDef>

    <IconDef>
      <ControlId></ControlId>
      <Position>
        <X>207</X>
        <Y>196</Y>
      </Position>
      <Alignment>
      </Alignment>
      <TemplateName>icon_generic_small</TemplateName>
      <AdapterName>group_4icon12</AdapterName>
      <IconId>-1</IconId>
      <Data></Data>
    </IconDef>

    <IconDef>
      <ControlId></ControlId>
      <Position>
        <X>223</X>
        <Y>196</Y>
      </Position>
      <Alignment>
      </Alignment>
      <TemplateName>icon_generic_small</TemplateName>
      <AdapterName>group_4icon13</AdapterName>
      <IconId>-1</IconId>
      <Data></Data>
    </IconDef>

    <IconDef>
      <ControlId></ControlId>
      <Position>
        <X>239</X>
        <Y>196</Y>
      </Position>
      <Alignment>
      </Alignment>
      <TemplateName>icon_generic_small</TemplateName>
      <AdapterName>group_4icon14</AdapterName>
      <IconId>-1</IconId>
      <Data></Data>
    </IconDef>

    <IconDef>
      <ControlId></ControlId>
      <Position>
        <X>255</X>
        <Y>196</Y>
      </Position>
      <Alignment>
      </Alignment>
      <TemplateName>icon_generic_small</TemplateName>
      <AdapterName>group_4icon15</AdapterName>
      <IconId>-1</IconId>
      <Data></Data>
    </IconDef>

    <IconDef>
      <ControlId></ControlId>
      <Position>
        <X>271</X>
        <Y>196</Y>
      </Position>
      <Alignment>
      </Alignment>
      <TemplateName>icon_generic_small</TemplateName>
      <AdapterName>group_4icon16</AdapterName>
      <IconId>-1</IconId>
      <Data></Data>
    </IconDef>

    <IconDef>
      <ControlId></ControlId>
      <Position>
        <X>287</X>
        <Y>196</Y>
      </Position>
      <Alignment>
      </Alignment>
      <TemplateName>icon_generic_small</TemplateName>
      <AdapterName>group_4icon17</AdapterName>
      <IconId>-1</IconId>
      <Data></Data>
    </IconDef>

    <IconDef>
      <ControlId></ControlId>
      <Position>
        <X>303</X>
        <Y>196</Y>
      </Position>
      <Alignment>
      </Alignment>
      <TemplateName>icon_generic_small</TemplateName>
      <AdapterName>group_4icon18</AdapterName>
      <IconId>-1</IconId>
      <Data></Data>
    </IconDef>

    <IconDef>
      <ControlId></ControlId>
      <Position>
        <X>319</X>
        <Y>196</Y>
      </Position>
      <Alignment>
      </Alignment>
      <TemplateName>icon_generic_small</TemplateName>
      <AdapterName>group_4icon19</AdapterName>
      <IconId>-1</IconId>
      <Data></Data>
    </IconDef>

    <IconDef>
      <ControlId></ControlId>
      <Position>
        <X>335</X>
        <Y>196</Y>
      </Position>
      <Alignment>
      </Alignment>
      <TemplateName>icon_generic_small</TemplateName>
      <AdapterName>group_4icon20</AdapterName>
      <IconId>-1</IconId>
      <Data></Data>
    </IconDef>

    <IconDef>
      <ControlId></ControlId>
      <Position>
        <X>351</X>
        <Y>196</Y>
      </Position>
      <Alignment>
      </Alignment>
      <TemplateName>icon_generic_small</TemplateName>
      <AdapterName>group_4icon21</AdapterName>
      <IconId>-1</IconId>
      <Data></Data>
    </IconDef>

    <IconDef>
      <ControlId></ControlId>
      <Position>
        <X>367</X>
        <Y>196</Y>
      </Position>
      <Alignment>
      </Alignment>
      <TemplateName>icon_generic_small</TemplateName>
      <AdapterName>group_4icon22</AdapterName>
      <IconId>-1</IconId>
      <Data></Data>
    </IconDef>

    <IconDef>
      <ControlId></ControlId>
      <Position>
        <X>383</X>
        <Y>196</Y>
      </Position>
      <Alignment>
      </Alignment>
      <TemplateName>icon_generic_small</TemplateName>
      <AdapterName>group_4icon23</AdapterName>
      <IconId>-1</IconId>
      <Data></Data>
    </IconDef>

    <IconDef>
      <ControlId></ControlId>
      <Position>
        <X>399</X>
        <Y>196</Y>
      </Position>
      <Alignment>
      </Alignment>
      <TemplateName>icon_generic_small</TemplateName>
      <AdapterName>group_4icon24</AdapterName>
      <IconId>-1</IconId>
      <Data></Data>
    </IconDef>

    <InvisibleButtonDef>
      <ControlId></ControlId>
      <Position>
        <X>15</X>
        <Y>180</Y>
      </Position>
      <Alignment>
        <GrowWidth>true</GrowWidth>
      </Alignment>
      <Label></Label>
      <OnClickEvent>SelectGroupMember4</OnClickEvent>
      <Width>320</Width>
      <Height>30</Height>
    </InvisibleButtonDef>

    <!--Group Member 5-->

    <LabelDef>
      <ControlId></ControlId>
      <Position>
        <X>15</X>
        <Y>219</Y>
      </Position>
      <Alignment>
      </Alignment>
      <Color>
        <R>255</R>
        <G>255</G>
        <B>255</B>
        <A>255</A>
      </Color>
      <FontName>font_headings</FontName>
      <Width>200</Width>
      <Height>16</Height>
      <ColorAdapter>group_color5</ColorAdapter>
      <MaxCharacters>64</MaxCharacters>
      <Data>Group member 5</Data>
      <EndAligned>false</EndAligned>
      <TextCentered>false</TextCentered>
      <Adapter>group_name5</Adapter>
    </LabelDef>

    <LabelDef>
      <ControlId></ControlId>
      <Position>
        <X>34</X>
        <Y>219</Y>
      </Position>
      <Alignment>
        <OffsetRight>true</OffsetRight>
      </Alignment>
      <Color>
        <R>192</R>
        <G>192</G>
        <B>192</B>
        <A>255</A>
      </Color>
      <FontName>font_headings</FontName>
      <Width>75</Width>
      <Height>16</Height>
      <ColorAdapter>group_color5</ColorAdapter>
      <MaxCharacters>32</MaxCharacters>
      <Data>Group class 5</Data>
      <EndAligned>false</EndAligned>
      <TextCentered>false</TextCentered>
      <Adapter>group_class5</Adapter>
    </LabelDef>

    <ScalarLabelDef>
      <ControlId></ControlId>
      <Position>
        <X>18</X>
        <Y>219</Y>
      </Position>
      <Alignment>
        <OffsetRight>true</OffsetRight>
      </Alignment>
      <FontName>font_buttons</FontName>
      <Adapter>group_level5</Adapter>
      <ColorAdapter>group_color5</ColorAdapter>
      <Width>16</Width>
      <Height>16</Height>
      <MaxCharacters>3</MaxCharacters>
      <Color>
        <R>192</R>
        <G>192</G>
        <B>192</B>
        <A>255</A>
      </Color>
      <Data></Data>
      <EndAligned>false</EndAligned>
      <TextCentered>false</TextCentered>
      <DontDrawWhenZero>true</DontDrawWhenZero>
    </ScalarLabelDef>

    <HorizontalResizeImageDef>
      <ControlId></ControlId>
      <Position>
        <X>15</X>
        <Y>233</Y>
      </Position>
      <Alignment>
        <GrowWidth>true</GrowWidth>
      </Alignment>
      <TemplateName>hresizeimage_slot_blank_small</TemplateName>
      <Width>320</Width>
    </HorizontalResizeImageDef>

    <IconDef>
      <ControlId></ControlId>
      <Position>
        <X>15</X>
        <Y>233</Y>
      </Position>
      <Alignment>
      </Alignment>
      <TemplateName>icon_generic_small</TemplateName>
      <AdapterName>group_5icon0</AdapterName>
      <IconId>-1</IconId>
      <Data></Data>
    </IconDef>

    <IconDef>
      <ControlId></ControlId>
      <Position>
        <X>31</X>
        <Y>233</Y>
      </Position>
      <Alignment>
      </Alignment>
      <TemplateName>icon_generic_small</TemplateName>
      <AdapterName>group_5icon1</AdapterName>
      <IconId>-1</IconId>
      <Data></Data>
    </IconDef>

    <IconDef>
      <ControlId></ControlId>
      <Position>
        <X>47</X>
        <Y>233</Y>
      </Position>
      <Alignment>
      </Alignment>
      <TemplateName>icon_generic_small</TemplateName>
      <AdapterName>group_5icon2</AdapterName>
      <IconId>-1</IconId>
      <Data></Data>
    </IconDef>

    <IconDef>
      <ControlId></ControlId>
      <Position>
        <X>63</X>
        <Y>233</Y>
      </Position>
      <Alignment>
      </Alignment>
      <TemplateName>icon_generic_small</TemplateName>
      <AdapterName>group_5icon3</AdapterName>
      <IconId>-1</IconId>
      <Data></Data>
    </IconDef>

    <IconDef>
      <ControlId></ControlId>
      <Position>
        <X>79</X>
        <Y>233</Y>
      </Position>
      <Alignment>
      </Alignment>
      <TemplateName>icon_generic_small</TemplateName>
      <AdapterName>group_5icon4</AdapterName>
      <IconId>-1</IconId>
      <Data></Data>
    </IconDef>

    <IconDef>
      <ControlId></ControlId>
      <Position>
        <X>95</X>
        <Y>233</Y>
      </Position>
      <Alignment>
      </Alignment>
      <TemplateName>icon_generic_small</TemplateName>
      <AdapterName>group_5icon5</AdapterName>
      <IconId>-1</IconId>
      <Data></Data>
    </IconDef>

    <IconDef>
      <ControlId></ControlId>
      <Position>
        <X>111</X>
        <Y>233</Y>
      </Position>
      <Alignment>
      </Alignment>
      <TemplateName>icon_generic_small</TemplateName>
      <AdapterName>group_5icon6</AdapterName>
      <IconId>-1</IconId>
      <Data></Data>
    </IconDef>

    <IconDef>
      <ControlId></ControlId>
      <Position>
        <X>127</X>
        <Y>233</Y>
      </Position>
      <Alignment>
      </Alignment>
      <TemplateName>icon_generic_small</TemplateName>
      <AdapterName>group_5icon7</AdapterName>
      <IconId>-1</IconId>
      <Data></Data>
    </IconDef>

    <IconDef>
      <ControlId></ControlId>
      <Position>
        <X>143</X>
        <Y>233</Y>
      </Position>
      <Alignment>
      </Alignment>
      <TemplateName>icon_generic_small</TemplateName>
      <AdapterName>group_5icon8</AdapterName>
      <IconId>-1</IconId>
      <Data></Data>
    </IconDef>

    <IconDef>
      <ControlId></ControlId>
      <Position>
        <X>159</X>
        <Y>233</Y>
      </Position>
      <Alignment>
      </Alignment>
      <TemplateName>icon_generic_small</TemplateName>
      <AdapterName>group_5icon9</AdapterName>
      <IconId>-1</IconId>
      <Data></Data>
    </IconDef>

    <IconDef>
      <ControlId></ControlId>
      <Position>
        <X>175</X>
        <Y>233</Y>
      </Position>
      <Alignment>
      </Alignment>
      <TemplateName>icon_generic_small</TemplateName>
      <AdapterName>group_5icon10</AdapterName>
      <IconId>-1</IconId>
      <Data></Data>
    </IconDef>

    <IconDef>
      <ControlId></ControlId>
      <Position>
        <X>191</X>
        <Y>233</Y>
      </Position>
      <Alignment>
      </Alignment>
      <TemplateName>icon_generic_small</TemplateName>
      <AdapterName>group_5icon11</AdapterName>
      <IconId>-1</IconId>
      <Data></Data>
    </IconDef>

    <IconDef>
      <ControlId></ControlId>
      <Position>
        <X>207</X>
        <Y>233</Y>
      </Position>
      <Alignment>
      </Alignment>
      <TemplateName>icon_generic_small</TemplateName>
      <AdapterName>group_5icon12</AdapterName>
      <IconId>-1</IconId>
      <Data></Data>
    </IconDef>

    <IconDef>
      <ControlId></ControlId>
      <Position>
        <X>223</X>
        <Y>233</Y>
      </Position>
      <Alignment>
      </Alignment>
      <TemplateName>icon_generic_small</TemplateName>
      <AdapterName>group_5icon13</AdapterName>
      <IconId>-1</IconId>
      <Data></Data>
    </IconDef>

    <IconDef>
      <ControlId></ControlId>
      <Position>
        <X>239</X>
        <Y>233</Y>
      </Position>
      <Alignment>
      </Alignment>
      <TemplateName>icon_generic_small</TemplateName>
      <AdapterName>group_5icon14</AdapterName>
      <IconId>-1</IconId>
      <Data></Data>
    </IconDef>

    <IconDef>
      <ControlId></ControlId>
      <Position>
        <X>255</X>
        <Y>233</Y>
      </Position>
      <Alignment>
      </Alignment>
      <TemplateName>icon_generic_small</TemplateName>
      <AdapterName>group_5icon15</AdapterName>
      <IconId>-1</IconId>
      <Data></Data>
    </IconDef>

    <IconDef>
      <ControlId></ControlId>
      <Position>
        <X>271</X>
        <Y>233</Y>
      </Position>
      <Alignment>
      </Alignment>
      <TemplateName>icon_generic_small</TemplateName>
      <AdapterName>group_5icon16</AdapterName>
      <IconId>-1</IconId>
      <Data></Data>
    </IconDef>

    <IconDef>
      <ControlId></ControlId>
      <Position>
        <X>287</X>
        <Y>233</Y>
      </Position>
      <Alignment>
      </Alignment>
      <TemplateName>icon_generic_small</TemplateName>
      <AdapterName>group_5icon17</AdapterName>
      <IconId>-1</IconId>
      <Data></Data>
    </IconDef>

    <IconDef>
      <ControlId></ControlId>
      <Position>
        <X>303</X>
        <Y>233</Y>
      </Position>
      <Alignment>
      </Alignment>
      <TemplateName>icon_generic_small</TemplateName>
      <AdapterName>group_5icon18</AdapterName>
      <IconId>-1</IconId>
      <Data></Data>
    </IconDef>

    <IconDef>
      <ControlId></ControlId>
      <Position>
        <X>319</X>
        <Y>233</Y>
      </Position>
      <Alignment>
      </Alignment>
      <TemplateName>icon_generic_small</TemplateName>
      <AdapterName>group_5icon19</AdapterName>
      <IconId>-1</IconId>
      <Data></Data>
    </IconDef>

    <IconDef>
      <ControlId></ControlId>
      <Position>
        <X>335</X>
        <Y>233</Y>
      </Position>
      <Alignment>
      </Alignment>
      <TemplateName>icon_generic_small</TemplateName>
      <AdapterName>group_5icon20</AdapterName>
      <IconId>-1</IconId>
      <Data></Data>
    </IconDef>

    <IconDef>
      <ControlId></ControlId>
      <Position>
        <X>351</X>
        <Y>233</Y>
      </Position>
      <Alignment>
      </Alignment>
      <TemplateName>icon_generic_small</TemplateName>
      <AdapterName>group_5icon21</AdapterName>
      <IconId>-1</IconId>
      <Data></Data>
    </IconDef>

    <IconDef>
      <ControlId></ControlId>
      <Position>
        <X>367</X>
        <Y>233</Y>
      </Position>
      <Alignment>
      </Alignment>
      <TemplateName>icon_generic_small</TemplateName>
      <AdapterName>group_5icon22</AdapterName>
      <IconId>-1</IconId>
      <Data></Data>
    </IconDef>

    <IconDef>
      <ControlId></ControlId>
      <Position>
        <X>383</X>
        <Y>233</Y>
      </Position>
      <Alignment>
      </Alignment>
      <TemplateName>icon_generic_small</TemplateName>
      <AdapterName>group_5icon23</AdapterName>
      <IconId>-1</IconId>
      <Data></Data>
    </IconDef>

    <IconDef>
      <ControlId></ControlId>
      <Position>
        <X>399</X>
        <Y>233</Y>
      </Position>
      <Alignment>
      </Alignment>
      <TemplateName>icon_generic_small</TemplateName>
      <AdapterName>group_5icon24</AdapterName>
      <IconId>-1</IconId>
      <Data></Data>
    </IconDef>

    <InvisibleButtonDef>
      <ControlId></ControlId>
      <Position>
        <X>15</X>
        <Y>217</Y>
      </Position>
      <Alignment>
        <GrowWidth>true</GrowWidth>
      </Alignment>
      <Label></Label>
      <OnClickEvent>SelectGroupMember5</OnClickEvent>
      <Width>320</Width>
      <Height>30</Height>
    </InvisibleButtonDef>

    <!--Group Member 6-->

    <LabelDef>
      <ControlId></ControlId>
      <Position>
        <X>15</X>
        <Y>256</Y>
      </Position>
      <Alignment>
      </Alignment>
      <Color>
        <R>255</R>
        <G>255</G>
        <B>255</B>
        <A>255</A>
      </Color>
      <FontName>font_headings</FontName>
      <Width>200</Width>
      <Height>16</Height>
      <ColorAdapter>group_color6</ColorAdapter>
      <MaxCharacters>64</MaxCharacters>
      <Data>Group member 6</Data>
      <EndAligned>false</EndAligned>
      <TextCentered>false</TextCentered>
      <Adapter>group_name6</Adapter>
    </LabelDef>

    <LabelDef>
      <ControlId></ControlId>
      <Position>
        <X>34</X>
        <Y>256</Y>
      </Position>
      <Alignment>
        <OffsetRight>true</OffsetRight>
      </Alignment>
      <Color>
        <R>192</R>
        <G>192</G>
        <B>192</B>
        <A>255</A>
      </Color>
      <FontName>font_headings</FontName>
      <Width>75</Width>
      <Height>16</Height>
      <ColorAdapter>group_color6</ColorAdapter>
      <MaxCharacters>32</MaxCharacters>
      <Data>Group class 6</Data>
      <EndAligned>false</EndAligned>
      <TextCentered>false</TextCentered>
      <Adapter>group_class6</Adapter>
    </LabelDef>

    <ScalarLabelDef>
      <ControlId></ControlId>
      <Position>
        <X>18</X>
        <Y>256</Y>
      </Position>
      <Alignment>
        <OffsetRight>true</OffsetRight>
      </Alignment>
      <FontName>font_buttons</FontName>
      <Adapter>group_level6</Adapter>
      <ColorAdapter>group_color6</ColorAdapter>
      <Width>16</Width>
      <Height>16</Height>
      <MaxCharacters>3</MaxCharacters>
      <Color>
        <R>192</R>
        <G>192</G>
        <B>192</B>
        <A>255</A>
      </Color>
      <Data></Data>
      <EndAligned>false</EndAligned>
      <TextCentered>false</TextCentered>
      <DontDrawWhenZero>true</DontDrawWhenZero>
    </ScalarLabelDef>

    <HorizontalResizeImageDef>
      <ControlId></ControlId>
      <Position>
        <X>15</X>
        <Y>270</Y>
      </Position>
      <Alignment>
        <GrowWidth>true</GrowWidth>
      </Alignment>
      <TemplateName>hresizeimage_slot_blank_small</TemplateName>
      <Width>320</Width>
    </HorizontalResizeImageDef>

    <IconDef>
      <ControlId></ControlId>
      <Position>
        <X>15</X>
        <Y>270</Y>
      </Position>
      <Alignment>
      </Alignment>
      <TemplateName>icon_generic_small</TemplateName>
      <AdapterName>group_6icon0</AdapterName>
      <IconId>-1</IconId>
      <Data></Data>
    </IconDef>

    <IconDef>
      <ControlId></ControlId>
      <Position>
        <X>31</X>
        <Y>270</Y>
      </Position>
      <Alignment>
      </Alignment>
      <TemplateName>icon_generic_small</TemplateName>
      <AdapterName>group_6icon1</AdapterName>
      <IconId>-1</IconId>
      <Data></Data>
    </IconDef>

    <IconDef>
      <ControlId></ControlId>
      <Position>
        <X>47</X>
        <Y>270</Y>
      </Position>
      <Alignment>
      </Alignment>
      <TemplateName>icon_generic_small</TemplateName>
      <AdapterName>group_6icon2</AdapterName>
      <IconId>-1</IconId>
      <Data></Data>
    </IconDef>

    <IconDef>
      <ControlId></ControlId>
      <Position>
        <X>63</X>
        <Y>270</Y>
      </Position>
      <Alignment>
      </Alignment>
      <TemplateName>icon_generic_small</TemplateName>
      <AdapterName>group_6icon3</AdapterName>
      <IconId>-1</IconId>
      <Data></Data>
    </IconDef>

    <IconDef>
      <ControlId></ControlId>
      <Position>
        <X>79</X>
        <Y>270</Y>
      </Position>
      <Alignment>
      </Alignment>
      <TemplateName>icon_generic_small</TemplateName>
      <AdapterName>group_6icon4</AdapterName>
      <IconId>-1</IconId>
      <Data></Data>
    </IconDef>

    <IconDef>
      <ControlId></ControlId>
      <Position>
        <X>95</X>
        <Y>270</Y>
      </Position>
      <Alignment>
      </Alignment>
      <TemplateName>icon_generic_small</TemplateName>
      <AdapterName>group_6icon5</AdapterName>
      <IconId>-1</IconId>
      <Data></Data>
    </IconDef>

    <IconDef>
      <ControlId></ControlId>
      <Position>
        <X>111</X>
        <Y>270</Y>
      </Position>
      <Alignment>
      </Alignment>
      <TemplateName>icon_generic_small</TemplateName>
      <AdapterName>group_6icon6</AdapterName>
      <IconId>-1</IconId>
      <Data></Data>
    </IconDef>

    <IconDef>
      <ControlId></ControlId>
      <Position>
        <X>127</X>
        <Y>270</Y>
      </Position>
      <Alignment>
      </Alignment>
      <TemplateName>icon_generic_small</TemplateName>
      <AdapterName>group_6icon7</AdapterName>
      <IconId>-1</IconId>
      <Data></Data>
    </IconDef>

    <IconDef>
      <ControlId></ControlId>
      <Position>
        <X>143</X>
        <Y>270</Y>
      </Position>
      <Alignment>
      </Alignment>
      <TemplateName>icon_generic_small</TemplateName>
      <AdapterName>group_6icon8</AdapterName>
      <IconId>-1</IconId>
      <Data></Data>
    </IconDef>

    <IconDef>
      <ControlId></ControlId>
      <Position>
        <X>159</X>
        <Y>270</Y>
      </Position>
      <Alignment>
      </Alignment>
      <TemplateName>icon_generic_small</TemplateName>
      <AdapterName>group_6icon9</AdapterName>
      <IconId>-1</IconId>
      <Data></Data>
    </IconDef>

    <IconDef>
      <ControlId></ControlId>
      <Position>
        <X>175</X>
        <Y>270</Y>
      </Position>
      <Alignment>
      </Alignment>
      <TemplateName>icon_generic_small</TemplateName>
      <AdapterName>group_6icon10</AdapterName>
      <IconId>-1</IconId>
      <Data></Data>
    </IconDef>

    <IconDef>
      <ControlId></ControlId>
      <Position>
        <X>191</X>
        <Y>270</Y>
      </Position>
      <Alignment>
      </Alignment>
      <TemplateName>icon_generic_small</TemplateName>
      <AdapterName>group_6icon11</AdapterName>
      <IconId>-1</IconId>
      <Data></Data>
    </IconDef>

    <IconDef>
      <ControlId></ControlId>
      <Position>
        <X>207</X>
        <Y>270</Y>
      </Position>
      <Alignment>
      </Alignment>
      <TemplateName>icon_generic_small</TemplateName>
      <AdapterName>group_6icon12</AdapterName>
      <IconId>-1</IconId>
      <Data></Data>
    </IconDef>

    <IconDef>
      <ControlId></ControlId>
      <Position>
        <X>223</X>
        <Y>270</Y>
      </Position>
      <Alignment>
      </Alignment>
      <TemplateName>icon_generic_small</TemplateName>
      <AdapterName>group_6icon13</AdapterName>
      <IconId>-1</IconId>
      <Data></Data>
    </IconDef>

    <IconDef>
      <ControlId></ControlId>
      <Position>
        <X>239</X>
        <Y>270</Y>
      </Position>
      <Alignment>
      </Alignment>
      <TemplateName>icon_generic_small</TemplateName>
      <AdapterName>group_6icon14</AdapterName>
      <IconId>-1</IconId>
      <Data></Data>
    </IconDef>

    <IconDef>
      <ControlId></ControlId>
      <Position>
        <X>255</X>
        <Y>270</Y>
      </Position>
      <Alignment>
      </Alignment>
      <TemplateName>icon_generic_small</TemplateName>
      <AdapterName>group_6icon15</AdapterName>
      <IconId>-1</IconId>
      <Data></Data>
    </IconDef>

    <IconDef>
      <ControlId></ControlId>
      <Position>
        <X>271</X>
        <Y>270</Y>
      </Position>
      <Alignment>
      </Alignment>
      <TemplateName>icon_generic_small</TemplateName>
      <AdapterName>group_6icon16</AdapterName>
      <IconId>-1</IconId>
      <Data></Data>
    </IconDef>

    <IconDef>
      <ControlId></ControlId>
      <Position>
        <X>287</X>
        <Y>270</Y>
      </Position>
      <Alignment>
      </Alignment>
      <TemplateName>icon_generic_small</TemplateName>
      <AdapterName>group_6icon17</AdapterName>
      <IconId>-1</IconId>
      <Data></Data>
    </IconDef>

    <IconDef>
      <ControlId></ControlId>
      <Position>
        <X>303</X>
        <Y>270</Y>
      </Position>
      <Alignment>
      </Alignment>
      <TemplateName>icon_generic_small</TemplateName>
      <AdapterName>group_6icon18</AdapterName>
      <IconId>-1</IconId>
      <Data></Data>
    </IconDef>

    <IconDef>
      <ControlId></ControlId>
      <Position>
        <X>319</X>
        <Y>270</Y>
      </Position>
      <Alignment>
      </Alignment>
      <TemplateName>icon_generic_small</TemplateName>
      <AdapterName>group_6icon19</AdapterName>
      <IconId>-1</IconId>
      <Data></Data>
    </IconDef>

    <IconDef>
      <ControlId></ControlId>
      <Position>
        <X>335</X>
        <Y>270</Y>
      </Position>
      <Alignment>
      </Alignment>
      <TemplateName>icon_generic_small</TemplateName>
      <AdapterName>group_6icon20</AdapterName>
      <IconId>-1</IconId>
      <Data></Data>
    </IconDef>

    <IconDef>
      <ControlId></ControlId>
      <Position>
        <X>351</X>
        <Y>270</Y>
      </Position>
      <Alignment>
      </Alignment>
      <TemplateName>icon_generic_small</TemplateName>
      <AdapterName>group_6icon21</AdapterName>
      <IconId>-1</IconId>
      <Data></Data>
    </IconDef>

    <IconDef>
      <ControlId></ControlId>
      <Position>
        <X>367</X>
        <Y>270</Y>
      </Position>
      <Alignment>
      </Alignment>
      <TemplateName>icon_generic_small</TemplateName>
      <AdapterName>group_6icon22</AdapterName>
      <IconId>-1</IconId>
      <Data></Data>
    </IconDef>

    <IconDef>
      <ControlId></ControlId>
      <Position>
        <X>383</X>
        <Y>270</Y>
      </Position>
      <Alignment>
      </Alignment>
      <TemplateName>icon_generic_small</TemplateName>
      <AdapterName>group_6icon23</AdapterName>
      <IconId>-1</IconId>
      <Data></Data>
    </IconDef>

    <IconDef>
      <ControlId></ControlId>
      <Position>
        <X>399</X>
        <Y>270</Y>
      </Position>
      <Alignment>
      </Alignment>
      <TemplateName>icon_generic_small</TemplateName>
      <AdapterName>group_6icon24</AdapterName>
      <IconId>-1</IconId>
      <Data></Data>
    </IconDef>

    <InvisibleButtonDef>
      <ControlId></ControlId>
      <Position>
        <X>15</X>
        <Y>254</Y>
      </Position>
      <Alignment>
        <GrowWidth>true</GrowWidth>
      </Alignment>
      <Label></Label>
      <OnClickEvent>SelectGroupMember6</OnClickEvent>
      <Width>320</Width>
      <Height>30</Height>
    </InvisibleButtonDef>

    <!--Group Member 7-->

    <LabelDef>
      <ControlId></ControlId>
      <Position>
        <X>15</X>
        <Y>293</Y>
      </Position>
      <Alignment>
      </Alignment>
      <Color>
        <R>255</R>
        <G>255</G>
        <B>255</B>
        <A>255</A>
      </Color>
      <FontName>font_headings</FontName>
      <Width>200</Width>
      <Height>16</Height>
      <ColorAdapter>group_color7</ColorAdapter>
      <MaxCharacters>64</MaxCharacters>
      <Data>Group member 7</Data>
      <EndAligned>false</EndAligned>
      <TextCentered>false</TextCentered>
      <Adapter>group_name7</Adapter>
    </LabelDef>

    <LabelDef>
      <ControlId></ControlId>
      <Position>
        <X>34</X>
        <Y>293</Y>
      </Position>
      <Alignment>
        <OffsetRight>true</OffsetRight>
      </Alignment>
      <Color>
        <R>192</R>
        <G>192</G>
        <B>192</B>
        <A>255</A>
      </Color>
      <FontName>font_headings</FontName>
      <Width>75</Width>
      <Height>16</Height>
      <ColorAdapter>group_color7</ColorAdapter>
      <MaxCharacters>32</MaxCharacters>
      <Data>Group class 7</Data>
      <EndAligned>false</EndAligned>
      <TextCentered>false</TextCentered>
      <Adapter>group_class7</Adapter>
    </LabelDef>

    <ScalarLabelDef>
      <ControlId></ControlId>
      <Position>
        <X>18</X>
        <Y>293</Y>
      </Position>
      <Alignment>
        <OffsetRight>true</OffsetRight>
      </Alignment>
      <FontName>font_buttons_small</FontName>
      <Adapter>group_level7</Adapter>
      <ColorAdapter>group_color7</ColorAdapter>
      <Width>16</Width>
      <Height>16</Height>
      <MaxCharacters>3</MaxCharacters>
      <Color>
        <R>192</R>
        <G>192</G>
        <B>192</B>
        <A>255</A>
      </Color>
      <Data></Data>
      <EndAligned>false</EndAligned>
      <TextCentered>false</TextCentered>
      <DontDrawWhenZero>true</DontDrawWhenZero>
    </ScalarLabelDef>

    <HorizontalResizeImageDef>
      <ControlId></ControlId>
      <Position>
        <X>15</X>
        <Y>307</Y>
      </Position>
      <Alignment>
        <GrowWidth>true</GrowWidth>
      </Alignment>
      <TemplateName>hresizeimage_slot_blank_small</TemplateName>
      <Width>320</Width>
    </HorizontalResizeImageDef>

    <IconDef>
      <ControlId></ControlId>
      <Position>
        <X>15</X>
        <Y>307</Y>
      </Position>
      <Alignment>
      </Alignment>
      <TemplateName>icon_generic_small</TemplateName>
      <AdapterName>group_7icon0</AdapterName>
      <IconId>-1</IconId>
      <Data></Data>
    </IconDef>

    <IconDef>
      <ControlId></ControlId>
      <Position>
        <X>31</X>
        <Y>307</Y>
      </Position>
      <Alignment>
      </Alignment>
      <TemplateName>icon_generic_small</TemplateName>
      <AdapterName>group_7icon1</AdapterName>
      <IconId>-1</IconId>
      <Data></Data>
    </IconDef>

    <IconDef>
      <ControlId></ControlId>
      <Position>
        <X>47</X>
        <Y>307</Y>
      </Position>
      <Alignment>
      </Alignment>
      <TemplateName>icon_generic_small</TemplateName>
      <AdapterName>group_7icon2</AdapterName>
      <IconId>-1</IconId>
      <Data></Data>
    </IconDef>

    <IconDef>
      <ControlId></ControlId>
      <Position>
        <X>63</X>
        <Y>307</Y>
      </Position>
      <Alignment>
      </Alignment>
      <TemplateName>icon_generic_small</TemplateName>
      <AdapterName>group_7icon3</AdapterName>
      <IconId>-1</IconId>
      <Data></Data>
    </IconDef>

    <IconDef>
      <ControlId></ControlId>
      <Position>
        <X>79</X>
        <Y>307</Y>
      </Position>
      <Alignment>
      </Alignment>
      <TemplateName>icon_generic_small</TemplateName>
      <AdapterName>group_7icon4</AdapterName>
      <IconId>-1</IconId>
      <Data></Data>
    </IconDef>

    <IconDef>
      <ControlId></ControlId>
      <Position>
        <X>95</X>
        <Y>307</Y>
      </Position>
      <Alignment>
      </Alignment>
      <TemplateName>icon_generic_small</TemplateName>
      <AdapterName>group_7icon5</AdapterName>
      <IconId>-1</IconId>
      <Data></Data>
    </IconDef>

    <IconDef>
      <ControlId></ControlId>
      <Position>
        <X>111</X>
        <Y>307</Y>
      </Position>
      <Alignment>
      </Alignment>
      <TemplateName>icon_generic_small</TemplateName>
      <AdapterName>group_7icon6</AdapterName>
      <IconId>-1</IconId>
      <Data></Data>
    </IconDef>

    <IconDef>
      <ControlId></ControlId>
      <Position>
        <X>127</X>
        <Y>307</Y>
      </Position>
      <Alignment>
      </Alignment>
      <TemplateName>icon_generic_small</TemplateName>
      <AdapterName>group_7icon7</AdapterName>
      <IconId>-1</IconId>
      <Data></Data>
    </IconDef>

    <IconDef>
      <ControlId></ControlId>
      <Position>
        <X>143</X>
        <Y>307</Y>
      </Position>
      <Alignment>
      </Alignment>
      <TemplateName>icon_generic_small</TemplateName>
      <AdapterName>group_7icon8</AdapterName>
      <IconId>-1</IconId>
      <Data></Data>
    </IconDef>

    <IconDef>
      <ControlId></ControlId>
      <Position>
        <X>159</X>
        <Y>307</Y>
      </Position>
      <Alignment>
      </Alignment>
      <TemplateName>icon_generic_small</TemplateName>
      <AdapterName>group_7icon9</AdapterName>
      <IconId>-1</IconId>
      <Data></Data>
    </IconDef>

    <IconDef>
      <ControlId></ControlId>
      <Position>
        <X>175</X>
        <Y>307</Y>
      </Position>
      <Alignment>
      </Alignment>
      <TemplateName>icon_generic_small</TemplateName>
      <AdapterName>group_7icon10</AdapterName>
      <IconId>-1</IconId>
      <Data></Data>
    </IconDef>

    <IconDef>
      <ControlId></ControlId>
      <Position>
        <X>191</X>
        <Y>307</Y>
      </Position>
      <Alignment>
      </Alignment>
      <TemplateName>icon_generic_small</TemplateName>
      <AdapterName>group_7icon11</AdapterName>
      <IconId>-1</IconId>
      <Data></Data>
    </IconDef>

    <IconDef>
      <ControlId></ControlId>
      <Position>
        <X>207</X>
        <Y>307</Y>
      </Position>
      <Alignment>
      </Alignment>
      <TemplateName>icon_generic_small</TemplateName>
      <AdapterName>group_7icon12</AdapterName>
      <IconId>-1</IconId>
      <Data></Data>
    </IconDef>

    <IconDef>
      <ControlId></ControlId>
      <Position>
        <X>223</X>
        <Y>307</Y>
      </Position>
      <Alignment>
      </Alignment>
      <TemplateName>icon_generic_small</TemplateName>
      <AdapterName>group_7icon13</AdapterName>
      <IconId>-1</IconId>
      <Data></Data>
    </IconDef>

    <IconDef>
      <ControlId></ControlId>
      <Position>
        <X>239</X>
        <Y>307</Y>
      </Position>
      <Alignment>
      </Alignment>
      <TemplateName>icon_generic_small</TemplateName>
      <AdapterName>group_7icon14</AdapterName>
      <IconId>-1</IconId>
      <Data></Data>
    </IconDef>

    <IconDef>
      <ControlId></ControlId>
      <Position>
        <X>255</X>
        <Y>307</Y>
      </Position>
      <Alignment>
      </Alignment>
      <TemplateName>icon_generic_small</TemplateName>
      <AdapterName>group_7icon15</AdapterName>
      <IconId>-1</IconId>
      <Data></Data>
    </IconDef>

    <IconDef>
      <ControlId></ControlId>
      <Position>
        <X>271</X>
        <Y>307</Y>
      </Position>
      <Alignment>
      </Alignment>
      <TemplateName>icon_generic_small</TemplateName>
      <AdapterName>group_7icon16</AdapterName>
      <IconId>-1</IconId>
      <Data></Data>
    </IconDef>

    <IconDef>
      <ControlId></ControlId>
      <Position>
        <X>287</X>
        <Y>307</Y>
      </Position>
      <Alignment>
      </Alignment>
      <TemplateName>icon_generic_small</TemplateName>
      <AdapterName>group_7icon17</AdapterName>
      <IconId>-1</IconId>
      <Data></Data>
    </IconDef>

    <IconDef>
      <ControlId></ControlId>
      <Position>
        <X>303</X>
        <Y>307</Y>
      </Position>
      <Alignment>
      </Alignment>
      <TemplateName>icon_generic_small</TemplateName>
      <AdapterName>group_7icon18</AdapterName>
      <IconId>-1</IconId>
      <Data></Data>
    </IconDef>

    <IconDef>
      <ControlId></ControlId>
      <Position>
        <X>319</X>
        <Y>307</Y>
      </Position>
      <Alignment>
      </Alignment>
      <TemplateName>icon_generic_small</TemplateName>
      <AdapterName>group_7icon19</AdapterName>
      <IconId>-1</IconId>
      <Data></Data>
    </IconDef>

    <IconDef>
      <ControlId></ControlId>
      <Position>
        <X>335</X>
        <Y>307</Y>
      </Position>
      <Alignment>
      </Alignment>
      <TemplateName>icon_generic_small</TemplateName>
      <AdapterName>group_7icon20</AdapterName>
      <IconId>-1</IconId>
      <Data></Data>
    </IconDef>

    <IconDef>
      <ControlId></ControlId>
      <Position>
        <X>351</X>
        <Y>307</Y>
      </Position>
      <Alignment>
      </Alignment>
      <TemplateName>icon_generic_small</TemplateName>
      <AdapterName>group_7icon21</AdapterName>
      <IconId>-1</IconId>
      <Data></Data>
    </IconDef>

    <IconDef>
      <ControlId></ControlId>
      <Position>
        <X>367</X>
        <Y>307</Y>
      </Position>
      <Alignment>
      </Alignment>
      <TemplateName>icon_generic_small</TemplateName>
      <AdapterName>group_7icon22</AdapterName>
      <IconId>-1</IconId>
      <Data></Data>
    </IconDef>

    <IconDef>
      <ControlId></ControlId>
      <Position>
        <X>383</X>
        <Y>307</Y>
      </Position>
      <Alignment>
      </Alignment>
      <TemplateName>icon_generic_small</TemplateName>
      <AdapterName>group_7icon23</AdapterName>
      <IconId>-1</IconId>
      <Data></Data>
    </IconDef>

    <IconDef>
      <ControlId></ControlId>
      <Position>
        <X>399</X>
        <Y>307</Y>
      </Position>
      <Alignment>
      </Alignment>
      <TemplateName>icon_generic_small</TemplateName>
      <AdapterName>group_7icon24</AdapterName>
      <IconId>-1</IconId>
      <Data></Data>
    </IconDef>

    <InvisibleButtonDef>
      <ControlId></ControlId>
      <Position>
        <X>15</X>
        <Y>291</Y>
      </Position>
      <Alignment>
        <GrowWidth>true</GrowWidth>
      </Alignment>
      <Label></Label>
      <OnClickEvent>SelectGroupMember7</OnClickEvent>
      <Width>320</Width>
      <Height>30</Height>
    </InvisibleButtonDef>

  </WindowTemplate>

</Root_Element>
