<?xml version="1.0" encoding="ISO-8859-1"?>
<Root_Element ID="DAOCUi">

<!-- @@ Edited with the DAoC User Interface Editor v1.79 -->
<!-- @@ Free download available at http://www.bradtownsend.com/daoced -->

  <!-- Load Templates for this Window -->

  <ButtonTemplate>
    <Name>Button_HHSelect_BG2</Name>
    <Size>
      <X>44</X>
      <Y>52</Y>
    </Size>
    <Font>
      <Name></Name>
      <ColorNormal>
        <R>255</R>
        <G>255</G>
        <B>255</B>
        <A>255</A>
      </ColorNormal>
      <ColorPressed>
        <R>255</R>
        <G>255</G>
        <B>255</B>
        <A>255</A>
      </ColorPressed>
      <ColorHighlit>
        <R>255</R>
        <G>255</G>
        <B>255</B>
        <A>255</A>
      </ColorHighlit>
      <ColorDisabled>
        <R>255</R>
        <G>255</G>
        <B>255</B>
        <A>255</A>
      </ColorDisabled>
    </Font>
    <Texture>
      <TextureName>healerhelper_01</TextureName>
      <Normal>
        <X>79</X>
        <Y>1</Y>
      </Normal>
      <Pressed>
        <X>79</X>
        <Y>1</Y>
      </Pressed>
      <NormalHighlit>
        <X>155</X>
        <Y>65</Y>
      </NormalHighlit>
      <PressedHighlit>
        <X>155</X>
        <Y>65</Y>
      </PressedHighlit>
      <Disabled>
        <X>79</X>
        <Y>1</Y>
      </Disabled>
    </Texture>
  </ButtonTemplate>

  <!-- Load Window -->

  <WindowTemplate>
    <Name>custom6_window</Name>
    <WindowId>custom6_window</WindowId>
    <CloseButton>true</CloseButton>
    <MoveButton>true</MoveButton>
    <TopRightResizeButton>false</TopRightResizeButton>
    <BottomRightResizeButton>false</BottomRightResizeButton>
    <BottomLeftResizeButton>false</BottomLeftResizeButton>
    <ResizeButtonOffsetX>0</ResizeButtonOffsetX>
    <ResizeButtonOffsetY>0</ResizeButtonOffsetY>
    <TitleWidth>372</TitleWidth>
    <TitleHeight>5</TitleHeight>
    <Width>372</Width>
    <Height>69</Height>
    <ResizeableWidth>5</ResizeableWidth>
    <ResizeableHeight>0</ResizeableHeight>
    <ResizeableTwoWayWidth>0</ResizeableTwoWayWidth>
    <ResizeableTwoWayHeight>0</ResizeableTwoWayHeight>
    <MinWidth>101</MinWidth>
    <MinHeight>69</MinHeight>

    <!-- Group Member 0 controls -->

    <StatusIconDef>
      <ControlId></ControlId>
      <Position>
        <X>12</X>
        <Y>18</Y>
      </Position>
      <Alignment>
      </Alignment>
      <TemplateName>statusicon_hhelper_bg_interior</TemplateName>
      <AdapterName>group_health0</AdapterName>
    </StatusIconDef>

    <StatusIconDef>
      <ControlId></ControlId>
      <Position>
        <X>8</X>
        <Y>2</Y>
      </Position>
      <Alignment>
      </Alignment>
      <TemplateName>statusicon_hhelper_interior</TemplateName>
      <AdapterName>group_health0</AdapterName>
    </StatusIconDef>

    <LabelDef>
      <ControlId></ControlId>
      <Position>
        <X>8</X>
        <Y>7</Y>
      </Position>
      <Alignment>
      </Alignment>
      <Color>
        <R>255</R>
        <G>255</G>
        <B>255</B>
        <A>255</A>
      </Color>
      <FontName>font_transparentsmall</FontName>
      <Width>40</Width>
      <Height>16</Height>
      <ColorAdapter>group_color0</ColorAdapter>
      <MaxCharacters>32</MaxCharacters>
      <Data></Data>
      <EndAligned>false</EndAligned>
      <TextCentered>true</TextCentered>
      <Adapter>group_name0</Adapter>
    </LabelDef>

    <LabelDef>
      <ControlId></ControlId>
      <Position>
        <X>20</X>
        <Y>27</Y>
      </Position>
      <Alignment>
      </Alignment>
      <Color>
        <R>255</R>
        <G>255</G>
        <B>255</B>
        <A>255</A>
      </Color>
      <FontName>font_hhelperwidgets</FontName>
      <Width>16</Width>
      <Height>16</Height>
      <ColorAdapter></ColorAdapter>
      <MaxCharacters>2</MaxCharacters>
      <Data></Data>
      <EndAligned>false</EndAligned>
      <TextCentered>false</TextCentered>
      <Adapter>group_name0</Adapter>
    </LabelDef>

    <ScalarLabelDef>
      <ControlId></ControlId>
      <Position>
        <X>10</X>
        <Y>26</Y>
      </Position>
      <Alignment>
      </Alignment>
      <FontName>font_transparentbold</FontName>
      <Adapter>group_health0</Adapter>
      <ColorAdapter></ColorAdapter>
      <Width>34</Width>
      <Height>16</Height>
      <MaxCharacters>4</MaxCharacters>
      <Color>
        <R>255</R>
        <G>204</G>
        <B>204</B>
        <A>255</A>
      </Color>
      <Data></Data>
      <EndAligned>false</EndAligned>
      <TextCentered>true</TextCentered>
      <DontDrawWhenZero>true</DontDrawWhenZero>
      <DontDrawWhenNegOne>true</DontDrawWhenNegOne>    
	</ScalarLabelDef>

    <ScalarLabelDef>
      <ControlId></ControlId>
      <Position>
        <X>-1</X>
        <Y>48</Y>
      </Position>
      <Alignment>
      </Alignment>
      <FontName>font_transparentsmall</FontName>
      <Adapter>group_endurance0</Adapter>
      <ColorAdapter></ColorAdapter>
      <Width>34</Width>
      <Height>16</Height>
      <MaxCharacters>4</MaxCharacters>
      <Color>
        <R>92</R>
        <G>230</G>
        <B>127</B>
        <A>255</A>
      </Color>
      <Data></Data>
      <EndAligned>false</EndAligned>
      <TextCentered>true</TextCentered>
      <DontDrawWhenZero>true</DontDrawWhenZero>
      <DontDrawWhenNegOne>true</DontDrawWhenNegOne>    
	</ScalarLabelDef>

    <ScalarLabelDef>
      <ControlId></ControlId>
      <Position>
        <X>21</X>
        <Y>48</Y>
      </Position>
      <Alignment>
      </Alignment>
      <FontName>font_transparentsmall</FontName>
      <Adapter>group_power0</Adapter>
      <ColorAdapter></ColorAdapter>
      <Width>34</Width>
      <Height>16</Height>
      <MaxCharacters>4</MaxCharacters>
      <Color>
        <R>255</R>
        <G>255</G>
        <B>92</B>
        <A>255</A>
      </Color>
      <Data></Data>
      <EndAligned>false</EndAligned>
      <TextCentered>true</TextCentered>
      <DontDrawWhenZero>true</DontDrawWhenZero>
      <DontDrawWhenNegOne>true</DontDrawWhenNegOne>    
	</ScalarLabelDef>

    <ButtonDef>
      <ControlId>SelectGroupMember0</ControlId>
      <Position>
        <X>6</X>
        <Y>8</Y>
      </Position>
      <Alignment>
      </Alignment>
      <TemplateName>button_hhselect_bg2</TemplateName>
      <Label></Label>
      <onClickEvent>SelectGroupMember0</onClickEvent>
    </ButtonDef>

    <!-- Group Member 1 controls -->

    <StatusIconDef>
      <ControlId></ControlId>
      <Position>
        <X>57</X>
        <Y>18</Y>
      </Position>
      <Alignment>
      </Alignment>
      <TemplateName>statusicon_hhelper_bg_interior</TemplateName>
      <AdapterName>group_health1</AdapterName>
    </StatusIconDef>

    <StatusIconDef>
      <ControlId></ControlId>
      <Position>
        <X>53</X>
        <Y>2</Y>
      </Position>
      <Alignment>
      </Alignment>
      <TemplateName>statusicon_hhelper_interior</TemplateName>
      <AdapterName>group_health1</AdapterName>
    </StatusIconDef>

    <LabelDef>
      <ControlId></ControlId>
      <Position>
        <X>53</X>
        <Y>7</Y>
      </Position>
      <Alignment>
      </Alignment>
      <Color>
        <R>255</R>
        <G>255</G>
        <B>255</B>
        <A>255</A>
      </Color>
      <FontName>font_transparentsmall</FontName>
      <Width>40</Width>
      <Height>16</Height>
      <ColorAdapter>group_color1</ColorAdapter>
      <MaxCharacters>32</MaxCharacters>
      <Data></Data>
      <EndAligned>false</EndAligned>
      <TextCentered>true</TextCentered>
      <Adapter>group_name1</Adapter>
    </LabelDef>

    <LabelDef>
      <ControlId></ControlId>
      <Position>
        <X>65</X>
        <Y>27</Y>
      </Position>
      <Alignment>
      </Alignment>
      <Color>
        <R>255</R>
        <G>255</G>
        <B>255</B>
        <A>255</A>
      </Color>
      <FontName>font_hhelperwidgets</FontName>
      <Width>16</Width>
      <Height>16</Height>
      <ColorAdapter></ColorAdapter>
      <MaxCharacters>2</MaxCharacters>
      <Data></Data>
      <EndAligned>false</EndAligned>
      <TextCentered>false</TextCentered>
      <Adapter>group_name1</Adapter>
    </LabelDef>

    <ScalarLabelDef>
      <ControlId></ControlId>
      <Position>
        <X>55</X>
        <Y>26</Y>
      </Position>
      <Alignment>
      </Alignment>
      <FontName>font_transparentbold</FontName>
      <Adapter>group_health1</Adapter>
      <ColorAdapter></ColorAdapter>
      <Width>34</Width>
      <Height>16</Height>
      <MaxCharacters>4</MaxCharacters>
      <Color>
        <R>255</R>
        <G>204</G>
        <B>204</B>
        <A>255</A>
      </Color>
      <Data></Data>
      <EndAligned>false</EndAligned>
      <TextCentered>true</TextCentered>
      <DontDrawWhenZero>true</DontDrawWhenZero>
      <DontDrawWhenNegOne>true</DontDrawWhenNegOne>    
	</ScalarLabelDef>

    <ScalarLabelDef>
      <ControlId></ControlId>
      <Position>
        <X>44</X>
        <Y>48</Y>
      </Position>
      <Alignment>
      </Alignment>
      <FontName>font_transparentsmall</FontName>
      <Adapter>group_endurance1</Adapter>
      <ColorAdapter></ColorAdapter>
      <Width>34</Width>
      <Height>16</Height>
      <MaxCharacters>4</MaxCharacters>
      <Color>
        <R>92</R>
        <G>230</G>
        <B>127</B>
        <A>255</A>
      </Color>
      <Data></Data>
      <EndAligned>false</EndAligned>
      <TextCentered>true</TextCentered>
      <DontDrawWhenZero>true</DontDrawWhenZero>
      <DontDrawWhenNegOne>true</DontDrawWhenNegOne>    
	</ScalarLabelDef>

    <ScalarLabelDef>
      <ControlId></ControlId>
      <Position>
        <X>66</X>
        <Y>48</Y>
      </Position>
      <Alignment>
      </Alignment>
      <FontName>font_transparentsmall</FontName>
      <Adapter>group_power1</Adapter>
      <ColorAdapter></ColorAdapter>
      <Width>34</Width>
      <Height>16</Height>
      <MaxCharacters>4</MaxCharacters>
      <Color>
        <R>255</R>
        <G>255</G>
        <B>92</B>
        <A>255</A>
      </Color>
      <Data></Data>
      <EndAligned>false</EndAligned>
      <TextCentered>true</TextCentered>
      <DontDrawWhenZero>true</DontDrawWhenZero>
      <DontDrawWhenNegOne>true</DontDrawWhenNegOne>    
	</ScalarLabelDef>

    <ButtonDef>
      <ControlId>SelectGroupMember1</ControlId>
      <Position>
        <X>51</X>
        <Y>8</Y>
      </Position>
      <Alignment>
      </Alignment>
      <TemplateName>button_hhselect_bg2</TemplateName>
      <Label></Label>
      <onClickEvent>SelectGroupMember1</onClickEvent>
    </ButtonDef>

    <!-- Group Member 2 controls -->

    <StatusIconDef>
      <ControlId></ControlId>
      <Position>
        <X>102</X>
        <Y>18</Y>
      </Position>
      <Alignment>
      </Alignment>
      <TemplateName>statusicon_hhelper_bg_interior</TemplateName>
      <AdapterName>group_health2</AdapterName>
    </StatusIconDef>

    <StatusIconDef>
      <ControlId></ControlId>
      <Position>
        <X>98</X>
        <Y>2</Y>
      </Position>
      <Alignment>
      </Alignment>
      <TemplateName>statusicon_hhelper_interior</TemplateName>
      <AdapterName>group_health2</AdapterName>
    </StatusIconDef>

    <LabelDef>
      <ControlId></ControlId>
      <Position>
        <X>98</X>
        <Y>7</Y>
      </Position>
      <Alignment>
      </Alignment>
      <Color>
        <R>255</R>
        <G>255</G>
        <B>255</B>
        <A>255</A>
      </Color>
      <FontName>font_transparentsmall</FontName>
      <Width>40</Width>
      <Height>16</Height>
      <ColorAdapter>group_color2</ColorAdapter>
      <MaxCharacters>32</MaxCharacters>
      <Data></Data>
      <EndAligned>false</EndAligned>
      <TextCentered>true</TextCentered>
      <Adapter>group_name2</Adapter>
    </LabelDef>

    <LabelDef>
      <ControlId></ControlId>
      <Position>
        <X>110</X>
        <Y>27</Y>
      </Position>
      <Alignment>
      </Alignment>
      <Color>
        <R>255</R>
        <G>255</G>
        <B>255</B>
        <A>255</A>
      </Color>
      <FontName>font_hhelperwidgets</FontName>
      <Width>16</Width>
      <Height>16</Height>
      <ColorAdapter></ColorAdapter>
      <MaxCharacters>2</MaxCharacters>
      <Data></Data>
      <EndAligned>false</EndAligned>
      <TextCentered>false</TextCentered>
      <Adapter>group_name2</Adapter>
    </LabelDef>

    <ScalarLabelDef>
      <ControlId></ControlId>
      <Position>
        <X>100</X>
        <Y>26</Y>
      </Position>
      <Alignment>
      </Alignment>
      <FontName>font_transparentbold</FontName>
      <Adapter>group_health2</Adapter>
      <ColorAdapter></ColorAdapter>
      <Width>34</Width>
      <Height>16</Height>
      <MaxCharacters>4</MaxCharacters>
      <Color>
        <R>255</R>
        <G>204</G>
        <B>204</B>
        <A>255</A>
      </Color>
      <Data></Data>
      <EndAligned>false</EndAligned>
      <TextCentered>true</TextCentered>
      <DontDrawWhenZero>true</DontDrawWhenZero>
      <DontDrawWhenNegOne>true</DontDrawWhenNegOne>    
	</ScalarLabelDef>

    <ScalarLabelDef>
      <ControlId></ControlId>
      <Position>
        <X>89</X>
        <Y>48</Y>
      </Position>
      <Alignment>
      </Alignment>
      <FontName>font_transparentsmall</FontName>
      <Adapter>group_endurance2</Adapter>
      <ColorAdapter></ColorAdapter>
      <Width>34</Width>
      <Height>16</Height>
      <MaxCharacters>4</MaxCharacters>
      <Color>
        <R>92</R>
        <G>230</G>
        <B>127</B>
        <A>255</A>
      </Color>
      <Data></Data>
      <EndAligned>false</EndAligned>
      <TextCentered>true</TextCentered>
      <DontDrawWhenZero>true</DontDrawWhenZero>
      <DontDrawWhenNegOne>true</DontDrawWhenNegOne>    
	</ScalarLabelDef>

    <ScalarLabelDef>
      <ControlId></ControlId>
      <Position>
        <X>111</X>
        <Y>48</Y>
      </Position>
      <Alignment>
      </Alignment>
      <FontName>font_transparentsmall</FontName>
      <Adapter>group_power2</Adapter>
      <ColorAdapter></ColorAdapter>
      <Width>34</Width>
      <Height>16</Height>
      <MaxCharacters>4</MaxCharacters>
      <Color>
        <R>255</R>
        <G>255</G>
        <B>92</B>
        <A>255</A>
      </Color>
      <Data></Data>
      <EndAligned>false</EndAligned>
      <TextCentered>true</TextCentered>
      <DontDrawWhenZero>true</DontDrawWhenZero>
      <DontDrawWhenNegOne>true</DontDrawWhenNegOne>    
	</ScalarLabelDef>

    <ButtonDef>
      <ControlId>SelectGroupMember2</ControlId>
      <Position>
        <X>96</X>
        <Y>8</Y>
      </Position>
      <Alignment>
      </Alignment>
      <TemplateName>button_hhselect_bg2</TemplateName>
      <Label></Label>
      <onClickEvent>SelectGroupMember2</onClickEvent>
    </ButtonDef>

    <!-- Group Member 3 controls -->

    <StatusIconDef>
      <ControlId></ControlId>
      <Position>
        <X>147</X>
        <Y>18</Y>
      </Position>
      <Alignment>
      </Alignment>
      <TemplateName>statusicon_hhelper_bg_interior</TemplateName>
      <AdapterName>group_health3</AdapterName>
    </StatusIconDef>

    <StatusIconDef>
      <ControlId></ControlId>
      <Position>
        <X>143</X>
        <Y>2</Y>
      </Position>
      <Alignment>
      </Alignment>
      <TemplateName>statusicon_hhelper_interior</TemplateName>
      <AdapterName>group_health3</AdapterName>
    </StatusIconDef>

    <LabelDef>
      <ControlId></ControlId>
      <Position>
        <X>143</X>
        <Y>7</Y>
      </Position>
      <Alignment>
      </Alignment>
      <Color>
        <R>255</R>
        <G>255</G>
        <B>255</B>
        <A>255</A>
      </Color>
      <FontName>font_transparentsmall</FontName>
      <Width>40</Width>
      <Height>16</Height>
      <ColorAdapter>group_color3</ColorAdapter>
      <MaxCharacters>32</MaxCharacters>
      <Data></Data>
      <EndAligned>false</EndAligned>
      <TextCentered>true</TextCentered>
      <Adapter>group_name3</Adapter>
    </LabelDef>

    <LabelDef>
      <ControlId></ControlId>
      <Position>
        <X>155</X>
        <Y>27</Y>
      </Position>
      <Alignment>
      </Alignment>
      <Color>
        <R>255</R>
        <G>255</G>
        <B>255</B>
        <A>255</A>
      </Color>
      <FontName>font_hhelperwidgets</FontName>
      <Width>16</Width>
      <Height>16</Height>
      <ColorAdapter></ColorAdapter>
      <MaxCharacters>2</MaxCharacters>
      <Data></Data>
      <EndAligned>false</EndAligned>
      <TextCentered>false</TextCentered>
      <Adapter>group_name3</Adapter>
    </LabelDef>

    <ScalarLabelDef>
      <ControlId></ControlId>
      <Position>
        <X>145</X>
        <Y>26</Y>
      </Position>
      <Alignment>
      </Alignment>
      <FontName>font_transparentbold</FontName>
      <Adapter>group_health3</Adapter>
      <ColorAdapter></ColorAdapter>
      <Width>34</Width>
      <Height>16</Height>
      <MaxCharacters>4</MaxCharacters>
      <Color>
        <R>255</R>
        <G>204</G>
        <B>204</B>
        <A>255</A>
      </Color>
      <Data></Data>
      <EndAligned>false</EndAligned>
      <TextCentered>true</TextCentered>
      <DontDrawWhenZero>true</DontDrawWhenZero>
      <DontDrawWhenNegOne>true</DontDrawWhenNegOne>    
	</ScalarLabelDef>

    <ScalarLabelDef>
      <ControlId></ControlId>
      <Position>
        <X>134</X>
        <Y>48</Y>
      </Position>
      <Alignment>
      </Alignment>
      <FontName>font_transparentsmall</FontName>
      <Adapter>group_endurance3</Adapter>
      <ColorAdapter></ColorAdapter>
      <Width>34</Width>
      <Height>16</Height>
      <MaxCharacters>4</MaxCharacters>
      <Color>
        <R>92</R>
        <G>230</G>
        <B>127</B>
        <A>255</A>
      </Color>
      <Data></Data>
      <EndAligned>false</EndAligned>
      <TextCentered>true</TextCentered>
      <DontDrawWhenZero>true</DontDrawWhenZero>
      <DontDrawWhenNegOne>true</DontDrawWhenNegOne>    
	</ScalarLabelDef>

    <ScalarLabelDef>
      <ControlId></ControlId>
      <Position>
        <X>156</X>
        <Y>48</Y>
      </Position>
      <Alignment>
      </Alignment>
      <FontName>font_transparentsmall</FontName>
      <Adapter>group_power3</Adapter>
      <ColorAdapter></ColorAdapter>
      <Width>34</Width>
      <Height>16</Height>
      <MaxCharacters>4</MaxCharacters>
      <Color>
        <R>255</R>
        <G>255</G>
        <B>92</B>
        <A>255</A>
      </Color>
      <Data></Data>
      <EndAligned>false</EndAligned>
      <TextCentered>true</TextCentered>
      <DontDrawWhenZero>true</DontDrawWhenZero>
      <DontDrawWhenNegOne>true</DontDrawWhenNegOne>    
	</ScalarLabelDef>

    <ButtonDef>
      <ControlId>SelectGroupMember3</ControlId>
      <Position>
        <X>141</X>
        <Y>8</Y>
      </Position>
      <Alignment>
      </Alignment>
      <TemplateName>button_hhselect_bg2</TemplateName>
      <Label></Label>
      <onClickEvent>SelectGroupMember3</onClickEvent>
    </ButtonDef>

    <!-- Group Member 4 controls -->

    <StatusIconDef>
      <ControlId></ControlId>
      <Position>
        <X>193</X>
        <Y>18</Y>
      </Position>
      <Alignment>
      </Alignment>
      <TemplateName>statusicon_hhelper_bg_interior</TemplateName>
      <AdapterName>group_health4</AdapterName>
    </StatusIconDef>

    <StatusIconDef>
      <ControlId></ControlId>
      <Position>
        <X>189</X>
        <Y>2</Y>
      </Position>
      <Alignment>
      </Alignment>
      <TemplateName>statusicon_hhelper_interior</TemplateName>
      <AdapterName>group_health4</AdapterName>
    </StatusIconDef>

    <LabelDef>
      <ControlId></ControlId>
      <Position>
        <X>189</X>
        <Y>7</Y>
      </Position>
      <Alignment>
      </Alignment>
      <Color>
        <R>255</R>
        <G>255</G>
        <B>255</B>
        <A>255</A>
      </Color>
      <FontName>font_transparentsmall</FontName>
      <Width>40</Width>
      <Height>16</Height>
      <ColorAdapter>group_color4</ColorAdapter>
      <MaxCharacters>32</MaxCharacters>
      <Data></Data>
      <EndAligned>false</EndAligned>
      <TextCentered>true</TextCentered>
      <Adapter>group_name4</Adapter>
    </LabelDef>

    <LabelDef>
      <ControlId></ControlId>
      <Position>
        <X>201</X>
        <Y>27</Y>
      </Position>
      <Alignment>
      </Alignment>
      <Color>
        <R>255</R>
        <G>255</G>
        <B>255</B>
        <A>255</A>
      </Color>
      <FontName>font_hhelperwidgets</FontName>
      <Width>16</Width>
      <Height>16</Height>
      <ColorAdapter></ColorAdapter>
      <MaxCharacters>2</MaxCharacters>
      <Data></Data>
      <EndAligned>false</EndAligned>
      <TextCentered>false</TextCentered>
      <Adapter>group_name4</Adapter>
    </LabelDef>

    <ScalarLabelDef>
      <ControlId></ControlId>
      <Position>
        <X>191</X>
        <Y>26</Y>
      </Position>
      <Alignment>
      </Alignment>
      <FontName>font_transparentbold</FontName>
      <Adapter>group_health4</Adapter>
      <ColorAdapter></ColorAdapter>
      <Width>34</Width>
      <Height>16</Height>
      <MaxCharacters>4</MaxCharacters>
      <Color>
        <R>255</R>
        <G>204</G>
        <B>204</B>
        <A>255</A>
      </Color>
      <Data></Data>
      <EndAligned>false</EndAligned>
      <TextCentered>true</TextCentered>
      <DontDrawWhenZero>true</DontDrawWhenZero>
      <DontDrawWhenNegOne>true</DontDrawWhenNegOne>    
	</ScalarLabelDef>

    <ScalarLabelDef>
      <ControlId></ControlId>
      <Position>
        <X>180</X>
        <Y>48</Y>
      </Position>
      <Alignment>
      </Alignment>
      <FontName>font_transparentsmall</FontName>
      <Adapter>group_endurance4</Adapter>
      <ColorAdapter></ColorAdapter>
      <Width>34</Width>
      <Height>16</Height>
      <MaxCharacters>4</MaxCharacters>
      <Color>
        <R>92</R>
        <G>230</G>
        <B>127</B>
        <A>255</A>
      </Color>
      <Data></Data>
      <EndAligned>false</EndAligned>
      <TextCentered>true</TextCentered>
      <DontDrawWhenZero>true</DontDrawWhenZero>
      <DontDrawWhenNegOne>true</DontDrawWhenNegOne>    
	</ScalarLabelDef>

    <ScalarLabelDef>
      <ControlId></ControlId>
      <Position>
        <X>202</X>
        <Y>48</Y>
      </Position>
      <Alignment>
      </Alignment>
      <FontName>font_transparentsmall</FontName>
      <Adapter>group_power4</Adapter>
      <ColorAdapter></ColorAdapter>
      <Width>34</Width>
      <Height>16</Height>
      <MaxCharacters>4</MaxCharacters>
      <Color>
        <R>255</R>
        <G>255</G>
        <B>92</B>
        <A>255</A>
      </Color>
      <Data></Data>
      <EndAligned>false</EndAligned>
      <TextCentered>true</TextCentered>
      <DontDrawWhenZero>true</DontDrawWhenZero>
      <DontDrawWhenNegOne>true</DontDrawWhenNegOne>    
	</ScalarLabelDef>

    <ButtonDef>
      <ControlId>SelectGroupMember4</ControlId>
      <Position>
        <X>187</X>
        <Y>8</Y>
      </Position>
      <Alignment>
      </Alignment>
      <TemplateName>button_hhselect_bg2</TemplateName>
      <Label></Label>
      <onClickEvent>SelectGroupMember4</onClickEvent>
    </ButtonDef>

    <!-- Group Member 5 controls -->

    <StatusIconDef>
      <ControlId></ControlId>
      <Position>
        <X>238</X>
        <Y>18</Y>
      </Position>
      <Alignment>
      </Alignment>
      <TemplateName>statusicon_hhelper_bg_interior</TemplateName>
      <AdapterName>group_health5</AdapterName>
    </StatusIconDef>

    <StatusIconDef>
      <ControlId></ControlId>
      <Position>
        <X>234</X>
        <Y>2</Y>
      </Position>
      <Alignment>
      </Alignment>
      <TemplateName>statusicon_hhelper_interior</TemplateName>
      <AdapterName>group_health5</AdapterName>
    </StatusIconDef>

    <LabelDef>
      <ControlId></ControlId>
      <Position>
        <X>234</X>
        <Y>7</Y>
      </Position>
      <Alignment>
      </Alignment>
      <Color>
        <R>255</R>
        <G>255</G>
        <B>255</B>
        <A>255</A>
      </Color>
      <FontName>font_transparentsmall</FontName>
      <Width>40</Width>
      <Height>16</Height>
      <ColorAdapter>group_color5</ColorAdapter>
      <MaxCharacters>32</MaxCharacters>
      <Data></Data>
      <EndAligned>false</EndAligned>
      <TextCentered>true</TextCentered>
      <Adapter>group_name5</Adapter>
    </LabelDef>

    <LabelDef>
      <ControlId></ControlId>
      <Position>
        <X>246</X>
        <Y>27</Y>
      </Position>
      <Alignment>
      </Alignment>
      <Color>
        <R>255</R>
        <G>255</G>
        <B>255</B>
        <A>255</A>
      </Color>
      <FontName>font_hhelperwidgets</FontName>
      <Width>16</Width>
      <Height>16</Height>
      <ColorAdapter></ColorAdapter>
      <MaxCharacters>2</MaxCharacters>
      <Data></Data>
      <EndAligned>false</EndAligned>
      <TextCentered>false</TextCentered>
      <Adapter>group_name5</Adapter>
    </LabelDef>

    <ScalarLabelDef>
      <ControlId></ControlId>
      <Position>
        <X>236</X>
        <Y>26</Y>
      </Position>
      <Alignment>
      </Alignment>
      <FontName>font_transparentbold</FontName>
      <Adapter>group_health5</Adapter>
      <ColorAdapter></ColorAdapter>
      <Width>34</Width>
      <Height>16</Height>
      <MaxCharacters>4</MaxCharacters>
      <Color>
        <R>255</R>
        <G>204</G>
        <B>204</B>
        <A>255</A>
      </Color>
      <Data></Data>
      <EndAligned>false</EndAligned>
      <TextCentered>true</TextCentered>
      <DontDrawWhenZero>true</DontDrawWhenZero>
      <DontDrawWhenNegOne>true</DontDrawWhenNegOne>    
	</ScalarLabelDef>

    <ScalarLabelDef>
      <ControlId></ControlId>
      <Position>
        <X>225</X>
        <Y>48</Y>
      </Position>
      <Alignment>
      </Alignment>
      <FontName>font_transparentsmall</FontName>
      <Adapter>group_endurance5</Adapter>
      <ColorAdapter></ColorAdapter>
      <Width>34</Width>
      <Height>16</Height>
      <MaxCharacters>4</MaxCharacters>
      <Color>
        <R>92</R>
        <G>230</G>
        <B>127</B>
        <A>255</A>
      </Color>
      <Data></Data>
      <EndAligned>false</EndAligned>
      <TextCentered>true</TextCentered>
      <DontDrawWhenZero>true</DontDrawWhenZero>
      <DontDrawWhenNegOne>true</DontDrawWhenNegOne>    
	</ScalarLabelDef>

    <ScalarLabelDef>
      <ControlId></ControlId>
      <Position>
        <X>247</X>
        <Y>48</Y>
      </Position>
      <Alignment>
      </Alignment>
      <FontName>font_transparentsmall</FontName>
      <Adapter>group_power5</Adapter>
      <ColorAdapter></ColorAdapter>
      <Width>34</Width>
      <Height>16</Height>
      <MaxCharacters>4</MaxCharacters>
      <Color>
        <R>255</R>
        <G>255</G>
        <B>92</B>
        <A>255</A>
      </Color>
      <Data></Data>
      <EndAligned>false</EndAligned>
      <TextCentered>true</TextCentered>
      <DontDrawWhenZero>true</DontDrawWhenZero>
      <DontDrawWhenNegOne>true</DontDrawWhenNegOne>    
	</ScalarLabelDef>

    <ButtonDef>
      <ControlId>SelectGroupMember5</ControlId>
      <Position>
        <X>232</X>
        <Y>8</Y>
      </Position>
      <Alignment>
      </Alignment>
      <TemplateName>button_hhselect_bg2</TemplateName>
      <Label></Label>
      <onClickEvent>SelectGroupMember5</onClickEvent>
    </ButtonDef>

    <!-- Group Member 6 controls -->

    <StatusIconDef>
      <ControlId></ControlId>
      <Position>
        <X>283</X>
        <Y>18</Y>
      </Position>
      <Alignment>
      </Alignment>
      <TemplateName>statusicon_hhelper_bg_interior</TemplateName>
      <AdapterName>group_health6</AdapterName>
    </StatusIconDef>

    <StatusIconDef>
      <ControlId></ControlId>
      <Position>
        <X>279</X>
        <Y>2</Y>
      </Position>
      <Alignment>
      </Alignment>
      <TemplateName>statusicon_hhelper_interior</TemplateName>
      <AdapterName>group_health6</AdapterName>
    </StatusIconDef>

    <LabelDef>
      <ControlId></ControlId>
      <Position>
        <X>279</X>
        <Y>7</Y>
      </Position>
      <Alignment>
      </Alignment>
      <Color>
        <R>255</R>
        <G>255</G>
        <B>255</B>
        <A>255</A>
      </Color>
      <FontName>font_transparentsmall</FontName>
      <Width>40</Width>
      <Height>16</Height>
      <ColorAdapter>group_color6</ColorAdapter>
      <MaxCharacters>32</MaxCharacters>
      <Data></Data>
      <EndAligned>false</EndAligned>
      <TextCentered>true</TextCentered>
      <Adapter>group_name6</Adapter>
    </LabelDef>

    <LabelDef>
      <ControlId></ControlId>
      <Position>
        <X>291</X>
        <Y>27</Y>
      </Position>
      <Alignment>
        <TopLeft>true</TopLeft>
      </Alignment>
      <Color>
        <R>255</R>
        <G>255</G>
        <B>255</B>
        <A>255</A>
      </Color>
      <FontName>font_hhelperwidgets</FontName>
      <Width>16</Width>
      <Height>16</Height>
      <ColorAdapter></ColorAdapter>
      <MaxCharacters>2</MaxCharacters>
      <Data></Data>
      <EndAligned>false</EndAligned>
      <TextCentered>false</TextCentered>
      <Adapter>group_name6</Adapter>
    </LabelDef>

    <ScalarLabelDef>
      <ControlId></ControlId>
      <Position>
        <X>281</X>
        <Y>26</Y>
      </Position>
      <Alignment>
      </Alignment>
      <FontName>font_transparentbold</FontName>
      <Adapter>group_health6</Adapter>
      <ColorAdapter></ColorAdapter>
      <Width>34</Width>
      <Height>16</Height>
      <MaxCharacters>4</MaxCharacters>
      <Color>
        <R>255</R>
        <G>204</G>
        <B>204</B>
        <A>255</A>
      </Color>
      <Data></Data>
      <EndAligned>false</EndAligned>
      <TextCentered>true</TextCentered>
      <DontDrawWhenZero>true</DontDrawWhenZero>
      <DontDrawWhenNegOne>true</DontDrawWhenNegOne>    
	</ScalarLabelDef>

    <ScalarLabelDef>
      <ControlId></ControlId>
      <Position>
        <X>270</X>
        <Y>48</Y>
      </Position>
      <Alignment>
      </Alignment>
      <FontName>font_transparentsmall</FontName>
      <Adapter>group_endurance6</Adapter>
      <ColorAdapter></ColorAdapter>
      <Width>34</Width>
      <Height>16</Height>
      <MaxCharacters>4</MaxCharacters>
      <Color>
        <R>92</R>
        <G>230</G>
        <B>127</B>
        <A>255</A>
      </Color>
      <Data></Data>
      <EndAligned>false</EndAligned>
      <TextCentered>true</TextCentered>
      <DontDrawWhenZero>true</DontDrawWhenZero>
      <DontDrawWhenNegOne>true</DontDrawWhenNegOne>    
	</ScalarLabelDef>

    <ScalarLabelDef>
      <ControlId></ControlId>
      <Position>
        <X>292</X>
        <Y>48</Y>
      </Position>
      <Alignment>
      </Alignment>
      <FontName>font_transparentsmall</FontName>
      <Adapter>group_power6</Adapter>
      <ColorAdapter></ColorAdapter>
      <Width>34</Width>
      <Height>16</Height>
      <MaxCharacters>4</MaxCharacters>
      <Color>
        <R>255</R>
        <G>255</G>
        <B>92</B>
        <A>255</A>
      </Color>
      <Data></Data>
      <EndAligned>false</EndAligned>
      <TextCentered>true</TextCentered>
      <DontDrawWhenZero>true</DontDrawWhenZero>
      <DontDrawWhenNegOne>true</DontDrawWhenNegOne>    
	</ScalarLabelDef>

    <ButtonDef>
      <ControlId>SelectGroupMember6</ControlId>
      <Position>
        <X>277</X>
        <Y>8</Y>
      </Position>
      <Alignment>
      </Alignment>
      <TemplateName>button_hhselect_bg2</TemplateName>
      <Label></Label>
      <onClickEvent>SelectGroupMember6</onClickEvent>
    </ButtonDef>

    <!-- Group Member 7 controls -->

    <StatusIconDef>
      <ControlId></ControlId>
      <Position>
        <X>328</X>
        <Y>18</Y>
      </Position>
      <Alignment>
      </Alignment>
      <TemplateName>statusicon_hhelper_bg_interior</TemplateName>
      <AdapterName>group_health7</AdapterName>
    </StatusIconDef>

    <StatusIconDef>
      <ControlId></ControlId>
      <Position>
        <X>324</X>
        <Y>2</Y>
      </Position>
      <Alignment>
      </Alignment>
      <TemplateName>statusicon_hhelper_interior</TemplateName>
      <AdapterName>group_health7</AdapterName>
    </StatusIconDef>

    <LabelDef>
      <ControlId></ControlId>
      <Position>
        <X>324</X>
        <Y>7</Y>
      </Position>
      <Alignment>
      </Alignment>
      <Color>
        <R>255</R>
        <G>255</G>
        <B>255</B>
        <A>255</A>
      </Color>
      <FontName>font_transparentsmall</FontName>
      <Width>40</Width>
      <Height>16</Height>
      <ColorAdapter>group_color7</ColorAdapter>
      <MaxCharacters>32</MaxCharacters>
      <Data></Data>
      <EndAligned>false</EndAligned>
      <TextCentered>true</TextCentered>
      <Adapter>group_name7</Adapter>
    </LabelDef>

    <LabelDef>
      <ControlId></ControlId>
      <Position>
        <X>336</X>
        <Y>27</Y>
      </Position>
      <Alignment>
      </Alignment>
      <Color>
        <R>255</R>
        <G>255</G>
        <B>255</B>
        <A>255</A>
      </Color>
      <FontName>font_hhelperwidgets</FontName>
      <Width>16</Width>
      <Height>16</Height>
      <ColorAdapter></ColorAdapter>
      <MaxCharacters>2</MaxCharacters>
      <Data></Data>
      <EndAligned>false</EndAligned>
      <TextCentered>false</TextCentered>
      <Adapter>group_name7</Adapter>
    </LabelDef>

    <ScalarLabelDef>
      <ControlId></ControlId>
      <Position>
        <X>326</X>
        <Y>26</Y>
      </Position>
      <Alignment>
      </Alignment>
      <FontName>font_transparentbold</FontName>
      <Adapter>group_health7</Adapter>
      <ColorAdapter></ColorAdapter>
      <Width>34</Width>
      <Height>16</Height>
      <MaxCharacters>4</MaxCharacters>
      <Color>
        <R>255</R>
        <G>204</G>
        <B>204</B>
        <A>255</A>
      </Color>
      <Data></Data>
      <EndAligned>false</EndAligned>
      <TextCentered>true</TextCentered>
      <DontDrawWhenZero>true</DontDrawWhenZero>
      <DontDrawWhenNegOne>true</DontDrawWhenNegOne>    
	</ScalarLabelDef>

    <ScalarLabelDef>
      <ControlId></ControlId>
      <Position>
        <X>315</X>
        <Y>48</Y>
      </Position>
      <Alignment>
      </Alignment>
      <FontName>font_transparentsmall</FontName>
      <Adapter>group_endurance7</Adapter>
      <ColorAdapter></ColorAdapter>
      <Width>34</Width>
      <Height>16</Height>
      <MaxCharacters>4</MaxCharacters>
      <Color>
        <R>92</R>
        <G>230</G>
        <B>127</B>
        <A>255</A>
      </Color>
      <Data></Data>
      <EndAligned>false</EndAligned>
      <TextCentered>true</TextCentered>
      <DontDrawWhenZero>true</DontDrawWhenZero>
      <DontDrawWhenNegOne>true</DontDrawWhenNegOne>    
	</ScalarLabelDef>

    <ScalarLabelDef>
      <ControlId></ControlId>
      <Position>
        <X>337</X>
        <Y>48</Y>
      </Position>
      <Alignment>
      </Alignment>
      <FontName>font_transparentsmall</FontName>
      <Adapter>group_power7</Adapter>
      <ColorAdapter></ColorAdapter>
      <Width>34</Width>
      <Height>16</Height>
      <MaxCharacters>4</MaxCharacters>
      <Color>
        <R>255</R>
        <G>255</G>
        <B>92</B>
        <A>255</A>
      </Color>
      <Data></Data>
      <EndAligned>false</EndAligned>
      <TextCentered>true</TextCentered>
      <DontDrawWhenZero>true</DontDrawWhenZero>
      <DontDrawWhenNegOne>true</DontDrawWhenNegOne>    
	</ScalarLabelDef>

    <ButtonDef>
      <ControlId>SelectGroupMember7</ControlId>
      <Position>
        <X>322</X>
        <Y>8</Y>
      </Position>
      <Alignment>
      </Alignment>
      <TemplateName>button_hhselect_bg2</TemplateName>
      <Label></Label>
      <onClickEvent>SelectGroupMember7</onClickEvent>
    </ButtonDef>

  </WindowTemplate>

</Root_Element>
