<?xml version="1.0" encoding="ISO-8859-1"?>
<Root_Element ID="DAOCUi">

<!-- @@ Edited with the DAoC User Interface Editor v1.78 -->
<!-- @@ Free download available at http://www.bradtownsend.com/daoced -->

  
  <!-- Load Overlay template -->

  <Include>HHelperExteriorImages.xml</Include>

  <Include>HHelperInteriorImages.xml</Include>
  
  <!-- Load HHelper BG template -->

  <StatusIconTemplate>
    <Name>StatusIcon_HHelper_BG</Name>
    <TextureName>dialogimages_01</TextureName>
    <TextureStart>
      <X>257</X>
      <Y>165</Y>
    </TextureStart>
    <Width>64</Width>
    <Height>64</Height>
    <MaxLevels>1</MaxLevels>
    <Horizontal>false</Horizontal>
  </StatusIconTemplate>

  <!-- Load HHelper Select Button template -->

  <ButtonTemplate>
    <Name>Button_HHSelect_BG</Name>
    <Size>
      <X>64</X>
      <Y>64</Y>
    </Size>
    <Font>
      <Name></Name>
      <ColorNormal>
        <R>255</R>
        <G>255</G>
        <B>255</B>
        <A>255</A>
      </ColorNormal>
      <ColorPressed>
        <R>255</R>
        <G>255</G>
        <B>255</B>
        <A>255</A>
      </ColorPressed>
      <ColorHighlit>
        <R>255</R>
        <G>255</G>
        <B>255</B>
        <A>255</A>
      </ColorHighlit>
      <ColorDisabled>
        <R>255</R>
        <G>255</G>
        <B>255</B>
        <A>255</A>
      </ColorDisabled>
    </Font>
    <Texture>
      <TextureName>healerhelper_01</TextureName>
      <Normal>
        <X>78</X>
        <Y>1</Y>
      </Normal>
      <Pressed>
        <X>78</X>
        <Y>1</Y>
      </Pressed>
      <NormalHighlit>
        <X>155</X>
        <Y>0</Y>
      </NormalHighlit>
      <PressedHighlit>
        <X>155</X>
        <Y>0</Y>
      </PressedHighlit>
      <Disabled>
        <X>78</X>
        <Y>1</Y>
      </Disabled>
    </Texture>
  </ButtonTemplate>

</Root_Element>
