<?xml version="1.0" encoding="ISO-8859-1"?>
<Root_Element ID="DAOCUi">

<!-- @@ Edited with the DAoC User Interface Editor v1.78 -->
<!-- @@ Free download available at http://www.bradtownsend.com/daoced -->

  <!-- Load Window -->

  <WindowTemplate>
    <Name>custom7_window</Name>
    <WindowId>custom7_window</WindowId>
    <CloseButton>true</CloseButton>
    <MoveButton>true</MoveButton>
    <TopRightResizeButton>false</TopRightResizeButton>
    <BottomRightResizeButton>true</BottomRightResizeButton>
    <BottomLeftResizeButton>true</BottomLeftResizeButton>
    <ResizeButtonOffsetX>0</ResizeButtonOffsetX>
    <ResizeButtonOffsetY>0</ResizeButtonOffsetY>
    <TitleWidth>144</TitleWidth>
    <TitleHeight>5</TitleHeight>
    <Width>144</Width>
    <Height>276</Height>
    <ResizeableWidth>5</ResizeableWidth>
    <ResizeableHeight>5</ResizeableHeight>
    <ResizeableTwoWayWidth>0</ResizeableTwoWayWidth>
    <ResizeableTwoWayHeight>0</ResizeableTwoWayHeight>
    <MinWidth>78</MinWidth>
    <MinHeight>144</MinHeight>

    <!-- Background Image -->

    <FullResizeImageDef>
      <ControlId></ControlId>
      <Position>
        <X>0</X>
        <Y>0</Y>
      </Position>
      <Alignment>
        <TopLeft>true</TopLeft>
        <GrowWidth>true</GrowWidth>
        <GrowHeight>true</GrowHeight>
      </Alignment>
      <TemplateName>fresizeimage_dlg_bg_small</TemplateName>
      <Width>144</Width>
      <Height>276</Height>
    </FullResizeImageDef>

    <!-- Group Member 0 controls -->

    <StatusIconDef>
      <ControlId></ControlId>
      <Position>
        <X>7</X>
        <Y>7</Y>
      </Position>
      <Alignment>
      </Alignment>
      <TemplateName>statusicon_hhelper_bg</TemplateName>
      <AdapterName>group_health0</AdapterName>
    </StatusIconDef>

    <StatusIconDef>
      <ControlId></ControlId>
      <Position>
        <X>7</X>
        <Y>7</Y>
      </Position>
      <Alignment>
      </Alignment>
      <TemplateName>statusicon_hhelper_frame</TemplateName>
      <AdapterName>group_health0</AdapterName>
    </StatusIconDef>

    <StatusIconDef>
      <ControlId></ControlId>
      <Position>
        <X>7</X>
        <Y>7</Y>
      </Position>
      <Alignment>
      </Alignment>
      <TemplateName>statusicon_hhelper_interior</TemplateName>
      <AdapterName>group_health0</AdapterName>
    </StatusIconDef>

    <LabelDef>
      <ControlId></ControlId>
      <Position>
        <X>8</X>
        <Y>7</Y>
      </Position>
      <Alignment>
      </Alignment>
      <Color>
        <R>255</R>
        <G>255</G>
        <B>255</B>
        <A>255</A>
      </Color>
      <FontName>font_transparentsmall</FontName>
      <Width>62</Width>
      <Height>16</Height>
      <ColorAdapter>group_color0</ColorAdapter>
      <MaxCharacters>32</MaxCharacters>
      <Data></Data>
      <EndAligned>false</EndAligned>
      <TextCentered>true</TextCentered>
      <Adapter>group_name0</Adapter>
    </LabelDef>

    <LabelDef>
      <ControlId></ControlId>
      <Position>
        <X>12</X>
        <Y>21</Y>
      </Position>
      <Alignment>
      </Alignment>
      <Color>
        <R>255</R>
        <G>255</G>
        <B>255</B>
        <A>255</A>
      </Color>
      <FontName>font_hhelperwidgets</FontName>
      <Width>16</Width>
      <Height>16</Height>
      <ColorAdapter></ColorAdapter>
      <MaxCharacters>2</MaxCharacters>
      <Data></Data>
      <EndAligned>false</EndAligned>
      <TextCentered>false</TextCentered>
      <Adapter>group_name0</Adapter>
    </LabelDef>

    <ScalarLabelDef>
      <ControlId></ControlId>
      <Position>
        <X>45</X>
        <Y>20</Y>
      </Position>
      <Alignment>
      </Alignment>
      <FontName>font_transparentbold</FontName>
      <Adapter>group_health0</Adapter>
      <ColorAdapter></ColorAdapter>
      <Width>25</Width>
      <Height>16</Height>
      <MaxCharacters>4</MaxCharacters>
      <Color>
        <R>255</R>
        <G>64</G>
        <B>64</B>
        <A>255</A>
      </Color>
      <Data></Data>
      <EndAligned>false</EndAligned>
      <TextCentered>true</TextCentered>
      <DontDrawWhenZero>true</DontDrawWhenZero>
	  <DontDrawWhenNegOne>true</DontDrawWhenNegOne>    
	</ScalarLabelDef>

    <ScalarLabelDef>
      <ControlId></ControlId>
      <Position>
        <X>45</X>
        <Y>42</Y>
      </Position>
      <Alignment>
      </Alignment>
      <FontName>font_transparent</FontName>
      <Adapter>group_endurance0</Adapter>
      <ColorAdapter></ColorAdapter>
      <Width>25</Width>
      <Height>16</Height>
      <MaxCharacters>4</MaxCharacters>
      <Color>
        <R>92</R>
        <G>230</G>
        <B>127</B>
        <A>255</A>
      </Color>
      <Data></Data>
      <EndAligned>false</EndAligned>
      <TextCentered>true</TextCentered>
      <DontDrawWhenZero>true</DontDrawWhenZero>
	  <DontDrawWhenNegOne>true</DontDrawWhenNegOne>    
	</ScalarLabelDef>

    <ScalarLabelDef>
      <ControlId></ControlId>
      <Position>
        <X>8</X>
        <Y>42</Y>
      </Position>
      <Alignment>
      </Alignment>
      <FontName>font_transparent</FontName>
      <Adapter>group_power0</Adapter>
      <ColorAdapter></ColorAdapter>
      <Width>25</Width>
      <Height>16</Height>
      <MaxCharacters>4</MaxCharacters>
      <Color>
        <R>255</R>
        <G>255</G>
        <B>92</B>
        <A>255</A>
      </Color>
      <Data></Data>
      <EndAligned>false</EndAligned>
      <TextCentered>true</TextCentered>
      <DontDrawWhenZero>true</DontDrawWhenZero>
	  <DontDrawWhenNegOne>true</DontDrawWhenNegOne>    
	</ScalarLabelDef>

    <LabelDef>
      <ControlId></ControlId>
      <Position>
        <X>8</X>
        <Y>58</Y>
      </Position>
      <Alignment>
      </Alignment>
      <Color>
        <R>255</R>
        <G>255</G>
        <B>255</B>
        <A>255</A>
      </Color>
      <FontName>font_transparentsmall</FontName>
      <Width>62</Width>
      <Height>16</Height>
      <ColorAdapter>group_color0</ColorAdapter>
      <MaxCharacters>32</MaxCharacters>
      <Data></Data>
      <EndAligned>false</EndAligned>
      <TextCentered>true</TextCentered>
      <Adapter>group_class0</Adapter>
    </LabelDef>

    <ButtonDef>
      <ControlId>SelectGroupMember0</ControlId>
      <Position>
        <X>7</X>
        <Y>7</Y>
      </Position>
      <Alignment>
      </Alignment>
      <TemplateName>button_hhselect_bg</TemplateName>
      <Label></Label>
      <onClickEvent>SelectGroupMember0</onClickEvent>
    </ButtonDef>

    <!-- Group Member 1 controls -->

    <StatusIconDef>
      <ControlId></ControlId>
      <Position>
        <X>7</X>
        <Y>73</Y>
      </Position>
      <Alignment>
      </Alignment>
      <TemplateName>statusicon_hhelper_bg</TemplateName>
      <AdapterName>group_health1</AdapterName>
    </StatusIconDef>

    <StatusIconDef>
      <ControlId></ControlId>
      <Position>
        <X>7</X>
        <Y>73</Y>
      </Position>
      <Alignment>
      </Alignment>
      <TemplateName>statusicon_hhelper_frame</TemplateName>
      <AdapterName>group_health1</AdapterName>
    </StatusIconDef>

    <StatusIconDef>
      <ControlId></ControlId>
      <Position>
        <X>7</X>
        <Y>73</Y>
      </Position>
      <Alignment>
      </Alignment>
      <TemplateName>statusicon_hhelper_interior</TemplateName>
      <AdapterName>group_health1</AdapterName>
    </StatusIconDef>

    <LabelDef>
      <ControlId></ControlId>
      <Position>
        <X>8</X>
        <Y>73</Y>
      </Position>
      <Alignment>
      </Alignment>
      <Color>
        <R>255</R>
        <G>255</G>
        <B>255</B>
        <A>255</A>
      </Color>
      <FontName>font_transparentsmall</FontName>
      <Width>62</Width>
      <Height>16</Height>
      <ColorAdapter>group_color1</ColorAdapter>
      <MaxCharacters>32</MaxCharacters>
      <Data></Data>
      <EndAligned>false</EndAligned>
      <TextCentered>true</TextCentered>
      <Adapter>group_name1</Adapter>
    </LabelDef>

    <LabelDef>
      <ControlId></ControlId>
      <Position>
        <X>12</X>
        <Y>87</Y>
      </Position>
      <Alignment>
      </Alignment>
      <Color>
        <R>255</R>
        <G>255</G>
        <B>255</B>
        <A>255</A>
      </Color>
      <FontName>font_hhelperwidgets</FontName>
      <Width>16</Width>
      <Height>16</Height>
      <ColorAdapter></ColorAdapter>
      <MaxCharacters>2</MaxCharacters>
      <Data></Data>
      <EndAligned>false</EndAligned>
      <TextCentered>false</TextCentered>
      <Adapter>group_name1</Adapter>
    </LabelDef>

    <ScalarLabelDef>
      <ControlId></ControlId>
      <Position>
        <X>45</X>
        <Y>108</Y>
      </Position>
      <Alignment>
      </Alignment>
      <FontName>font_transparent</FontName>
      <Adapter>group_endurance1</Adapter>
      <ColorAdapter></ColorAdapter>
      <Width>25</Width>
      <Height>16</Height>
      <MaxCharacters>4</MaxCharacters>
      <Color>
        <R>92</R>
        <G>230</G>
        <B>127</B>
        <A>255</A>
      </Color>
      <Data></Data>
      <EndAligned>false</EndAligned>
      <TextCentered>true</TextCentered>
      <DontDrawWhenZero>true</DontDrawWhenZero>
	  <DontDrawWhenNegOne>true</DontDrawWhenNegOne>    
	</ScalarLabelDef>

    <ScalarLabelDef>
      <ControlId></ControlId>
      <Position>
        <X>45</X>
        <Y>86</Y>
      </Position>
      <Alignment>
      </Alignment>
      <FontName>font_transparentbold</FontName>
      <Adapter>group_health1</Adapter>
      <ColorAdapter></ColorAdapter>
      <Width>25</Width>
      <Height>16</Height>
      <MaxCharacters>4</MaxCharacters>
      <Color>
        <R>255</R>
        <G>64</G>
        <B>64</B>
        <A>255</A>
      </Color>
      <Data></Data>
      <EndAligned>false</EndAligned>
      <TextCentered>true</TextCentered>
      <DontDrawWhenZero>true</DontDrawWhenZero>
	  <DontDrawWhenNegOne>true</DontDrawWhenNegOne>    
	</ScalarLabelDef>

    <ScalarLabelDef>
      <ControlId></ControlId>
      <Position>
        <X>8</X>
        <Y>108</Y>
      </Position>
      <Alignment>
      </Alignment>
      <FontName>font_transparent</FontName>
      <Adapter>group_power1</Adapter>
      <ColorAdapter></ColorAdapter>
      <Width>25</Width>
      <Height>16</Height>
      <MaxCharacters>4</MaxCharacters>
      <Color>
        <R>255</R>
        <G>255</G>
        <B>92</B>
        <A>255</A>
      </Color>
      <Data></Data>
      <EndAligned>false</EndAligned>
      <TextCentered>true</TextCentered>
      <DontDrawWhenZero>true</DontDrawWhenZero>
	  <DontDrawWhenNegOne>true</DontDrawWhenNegOne>    
	</ScalarLabelDef>

    <LabelDef>
      <ControlId></ControlId>
      <Position>
        <X>8</X>
        <Y>124</Y>
      </Position>
      <Alignment>
      </Alignment>
      <Color>
        <R>255</R>
        <G>255</G>
        <B>255</B>
        <A>255</A>
      </Color>
      <FontName>font_transparentsmall</FontName>
      <Width>62</Width>
      <Height>16</Height>
      <ColorAdapter>group_color1</ColorAdapter>
      <MaxCharacters>32</MaxCharacters>
      <Data></Data>
      <EndAligned>false</EndAligned>
      <TextCentered>true</TextCentered>
      <Adapter>group_class1</Adapter>
    </LabelDef>

    <ButtonDef>
      <ControlId>SelectGroupMember1</ControlId>
      <Position>
        <X>7</X>
        <Y>73</Y>
      </Position>
      <Alignment>
      </Alignment>
      <TemplateName>button_hhselect_bg</TemplateName>
      <Label></Label>
      <onClickEvent>SelectGroupMember1</onClickEvent>
    </ButtonDef>

    <!-- Group Member 2 controls -->

    <StatusIconDef>
      <ControlId></ControlId>
      <Position>
        <X>7</X>
        <Y>139</Y>
      </Position>
      <Alignment>
      </Alignment>
      <TemplateName>statusicon_hhelper_bg</TemplateName>
      <AdapterName>group_health2</AdapterName>
    </StatusIconDef>

    <StatusIconDef>
      <ControlId></ControlId>
      <Position>
        <X>7</X>
        <Y>139</Y>
      </Position>
      <Alignment>
      </Alignment>
      <TemplateName>statusicon_hhelper_frame</TemplateName>
      <AdapterName>group_health2</AdapterName>
    </StatusIconDef>

    <StatusIconDef>
      <ControlId></ControlId>
      <Position>
        <X>7</X>
        <Y>139</Y>
      </Position>
      <Alignment>
      </Alignment>
      <TemplateName>statusicon_hhelper_interior</TemplateName>
      <AdapterName>group_health2</AdapterName>
    </StatusIconDef>

    <LabelDef>
      <ControlId></ControlId>
      <Position>
        <X>8</X>
        <Y>139</Y>
      </Position>
      <Alignment>
      </Alignment>
      <Color>
        <R>255</R>
        <G>255</G>
        <B>255</B>
        <A>255</A>
      </Color>
      <FontName>font_transparentsmall</FontName>
      <Width>62</Width>
      <Height>16</Height>
      <ColorAdapter>group_color2</ColorAdapter>
      <MaxCharacters>32</MaxCharacters>
      <Data></Data>
      <EndAligned>false</EndAligned>
      <TextCentered>true</TextCentered>
      <Adapter>group_name2</Adapter>
    </LabelDef>

    <LabelDef>
      <ControlId></ControlId>
      <Position>
        <X>12</X>
        <Y>153</Y>
      </Position>
      <Alignment>
      </Alignment>
      <Color>
        <R>255</R>
        <G>255</G>
        <B>255</B>
        <A>255</A>
      </Color>
      <FontName>font_hhelperwidgets</FontName>
      <Width>16</Width>
      <Height>16</Height>
      <ColorAdapter></ColorAdapter>
      <MaxCharacters>2</MaxCharacters>
      <Data></Data>
      <EndAligned>false</EndAligned>
      <TextCentered>false</TextCentered>
      <Adapter>group_name2</Adapter>
    </LabelDef>

    <ScalarLabelDef>
      <ControlId></ControlId>
      <Position>
        <X>45</X>
        <Y>152</Y>
      </Position>
      <Alignment>
      </Alignment>
      <FontName>font_transparentbold</FontName>
      <Adapter>group_health2</Adapter>
      <ColorAdapter></ColorAdapter>
      <Width>25</Width>
      <Height>16</Height>
      <MaxCharacters>4</MaxCharacters>
      <Color>
        <R>255</R>
        <G>64</G>
        <B>64</B>
        <A>255</A>
      </Color>
      <Data></Data>
      <EndAligned>false</EndAligned>
      <TextCentered>true</TextCentered>
      <DontDrawWhenZero>true</DontDrawWhenZero>
	  <DontDrawWhenNegOne>true</DontDrawWhenNegOne>    
	</ScalarLabelDef>

    <ScalarLabelDef>
      <ControlId></ControlId>
      <Position>
        <X>45</X>
        <Y>174</Y>
      </Position>
      <Alignment>
      </Alignment>
      <FontName>font_transparent</FontName>
      <Adapter>group_endurance2</Adapter>
      <ColorAdapter></ColorAdapter>
      <Width>25</Width>
      <Height>16</Height>
      <MaxCharacters>4</MaxCharacters>
      <Color>
        <R>92</R>
        <G>230</G>
        <B>127</B>
        <A>255</A>
      </Color>
      <Data></Data>
      <EndAligned>false</EndAligned>
      <TextCentered>true</TextCentered>
      <DontDrawWhenZero>true</DontDrawWhenZero>
	  <DontDrawWhenNegOne>true</DontDrawWhenNegOne>    
	</ScalarLabelDef>

    <ScalarLabelDef>
      <ControlId></ControlId>
      <Position>
        <X>8</X>
        <Y>174</Y>
      </Position>
      <Alignment>
      </Alignment>
      <FontName>font_transparent</FontName>
      <Adapter>group_power2</Adapter>
      <ColorAdapter></ColorAdapter>
      <Width>25</Width>
      <Height>16</Height>
      <MaxCharacters>4</MaxCharacters>
      <Color>
        <R>255</R>
        <G>255</G>
        <B>92</B>
        <A>255</A>
      </Color>
      <Data></Data>
      <EndAligned>false</EndAligned>
      <TextCentered>true</TextCentered>
      <DontDrawWhenZero>true</DontDrawWhenZero>
	  <DontDrawWhenNegOne>true</DontDrawWhenNegOne>    
	</ScalarLabelDef>

    <LabelDef>
      <ControlId></ControlId>
      <Position>
        <X>8</X>
        <Y>190</Y>
      </Position>
      <Alignment>
      </Alignment>
      <Color>
        <R>255</R>
        <G>255</G>
        <B>255</B>
        <A>255</A>
      </Color>
      <FontName>font_transparentsmall</FontName>
      <Width>62</Width>
      <Height>16</Height>
      <ColorAdapter>group_color2</ColorAdapter>
      <MaxCharacters>32</MaxCharacters>
      <Data></Data>
      <EndAligned>false</EndAligned>
      <TextCentered>true</TextCentered>
      <Adapter>group_class2</Adapter>
    </LabelDef>

    <ButtonDef>
      <ControlId>SelectGroupMember2</ControlId>
      <Position>
        <X>7</X>
        <Y>139</Y>
      </Position>
      <Alignment>
      </Alignment>
      <TemplateName>button_hhselect_bg</TemplateName>
      <Label></Label>
      <onClickEvent>SelectGroupMember2</onClickEvent>
    </ButtonDef>

    <!-- Group Member 3 controls -->

    <StatusIconDef>
      <ControlId></ControlId>
      <Position>
        <X>7</X>
        <Y>205</Y>
      </Position>
      <Alignment>
      </Alignment>
      <TemplateName>statusicon_hhelper_bg</TemplateName>
      <AdapterName>group_health3</AdapterName>
    </StatusIconDef>

    <StatusIconDef>
      <ControlId></ControlId>
      <Position>
        <X>7</X>
        <Y>205</Y>
      </Position>
      <Alignment>
      </Alignment>
      <TemplateName>statusicon_hhelper_frame</TemplateName>
      <AdapterName>group_health3</AdapterName>
    </StatusIconDef>

    <StatusIconDef>
      <ControlId></ControlId>
      <Position>
        <X>7</X>
        <Y>205</Y>
      </Position>
      <Alignment>
      </Alignment>
      <TemplateName>statusicon_hhelper_interior</TemplateName>
      <AdapterName>group_health3</AdapterName>
    </StatusIconDef>

    <LabelDef>
      <ControlId></ControlId>
      <Position>
        <X>8</X>
        <Y>205</Y>
      </Position>
      <Alignment>
      </Alignment>
      <Color>
        <R>255</R>
        <G>255</G>
        <B>255</B>
        <A>255</A>
      </Color>
      <FontName>font_transparentsmall</FontName>
      <Width>62</Width>
      <Height>16</Height>
      <ColorAdapter>group_color3</ColorAdapter>
      <MaxCharacters>32</MaxCharacters>
      <Data></Data>
      <EndAligned>false</EndAligned>
      <TextCentered>true</TextCentered>
      <Adapter>group_name3</Adapter>
    </LabelDef>

    <LabelDef>
      <ControlId></ControlId>
      <Position>
        <X>12</X>
        <Y>219</Y>
      </Position>
      <Alignment>
      </Alignment>
      <Color>
        <R>255</R>
        <G>255</G>
        <B>255</B>
        <A>255</A>
      </Color>
      <FontName>font_hhelperwidgets</FontName>
      <Width>16</Width>
      <Height>16</Height>
      <ColorAdapter></ColorAdapter>
      <MaxCharacters>2</MaxCharacters>
      <Data></Data>
      <EndAligned>false</EndAligned>
      <TextCentered>false</TextCentered>
      <Adapter>group_name3</Adapter>
    </LabelDef>

    <ScalarLabelDef>
      <ControlId></ControlId>
      <Position>
        <X>45</X>
        <Y>218</Y>
      </Position>
      <Alignment>
      </Alignment>
      <FontName>font_transparentbold</FontName>
      <Adapter>group_health3</Adapter>
      <ColorAdapter></ColorAdapter>
      <Width>25</Width>
      <Height>16</Height>
      <MaxCharacters>4</MaxCharacters>
      <Color>
        <R>255</R>
        <G>64</G>
        <B>64</B>
        <A>255</A>
      </Color>
      <Data></Data>
      <EndAligned>false</EndAligned>
      <TextCentered>true</TextCentered>
      <DontDrawWhenZero>true</DontDrawWhenZero>
	  <DontDrawWhenNegOne>true</DontDrawWhenNegOne>    
	</ScalarLabelDef>

    <ScalarLabelDef>
      <ControlId></ControlId>
      <Position>
        <X>45</X>
        <Y>240</Y>
      </Position>
      <Alignment>
      </Alignment>
      <FontName>font_transparent</FontName>
      <Adapter>group_endurance3</Adapter>
      <ColorAdapter></ColorAdapter>
      <Width>25</Width>
      <Height>16</Height>
      <MaxCharacters>4</MaxCharacters>
      <Color>
        <R>92</R>
        <G>230</G>
        <B>127</B>
        <A>255</A>
      </Color>
      <Data></Data>
      <EndAligned>false</EndAligned>
      <TextCentered>true</TextCentered>
      <DontDrawWhenZero>true</DontDrawWhenZero>
	  <DontDrawWhenNegOne>true</DontDrawWhenNegOne>    
	</ScalarLabelDef>

    <ScalarLabelDef>
      <ControlId></ControlId>
      <Position>
        <X>8</X>
        <Y>240</Y>
      </Position>
      <Alignment>
      </Alignment>
      <FontName>font_transparent</FontName>
      <Adapter>group_power3</Adapter>
      <ColorAdapter></ColorAdapter>
      <Width>25</Width>
      <Height>16</Height>
      <MaxCharacters>4</MaxCharacters>
      <Color>
        <R>255</R>
        <G>255</G>
        <B>92</B>
        <A>255</A>
      </Color>
      <Data></Data>
      <EndAligned>false</EndAligned>
      <TextCentered>true</TextCentered>
      <DontDrawWhenZero>true</DontDrawWhenZero>
	  <DontDrawWhenNegOne>true</DontDrawWhenNegOne>    
	</ScalarLabelDef>

    <LabelDef>
      <ControlId></ControlId>
      <Position>
        <X>8</X>
        <Y>256</Y>
      </Position>
      <Alignment>
      </Alignment>
      <Color>
        <R>255</R>
        <G>255</G>
        <B>255</B>
        <A>255</A>
      </Color>
      <FontName>font_transparentsmall</FontName>
      <Width>62</Width>
      <Height>16</Height>
      <ColorAdapter>group_color3</ColorAdapter>
      <MaxCharacters>32</MaxCharacters>
      <Data></Data>
      <EndAligned>false</EndAligned>
      <TextCentered>true</TextCentered>
      <Adapter>group_class3</Adapter>
    </LabelDef>

    <ButtonDef>
      <ControlId>SelectGroupMember3</ControlId>
      <Position>
        <X>7</X>
        <Y>205</Y>
      </Position>
      <Alignment>
      </Alignment>
      <TemplateName>button_hhselect_bg</TemplateName>
      <Label></Label>
      <onClickEvent>SelectGroupMember3</onClickEvent>
    </ButtonDef>

    <!-- Group Member 4 controls -->

    <StatusIconDef>
      <ControlId></ControlId>
      <Position>
        <X>73</X>
        <Y>7</Y>
      </Position>
      <Alignment>
      </Alignment>
      <TemplateName>statusicon_hhelper_bg</TemplateName>
      <AdapterName>group_health4</AdapterName>
    </StatusIconDef>

    <StatusIconDef>
      <ControlId></ControlId>
      <Position>
        <X>73</X>
        <Y>7</Y>
      </Position>
      <Alignment>
      </Alignment>
      <TemplateName>statusicon_hhelper_frame</TemplateName>
      <AdapterName>group_health4</AdapterName>
    </StatusIconDef>

    <StatusIconDef>
      <ControlId></ControlId>
      <Position>
        <X>73</X>
        <Y>7</Y>
      </Position>
      <Alignment>
      </Alignment>
      <TemplateName>statusicon_hhelper_interior</TemplateName>
      <AdapterName>group_health4</AdapterName>
    </StatusIconDef>

    <LabelDef>
      <ControlId></ControlId>
      <Position>
        <X>78</X>
        <Y>21</Y>
      </Position>
      <Alignment>
      </Alignment>
      <Color>
        <R>255</R>
        <G>255</G>
        <B>255</B>
        <A>255</A>
      </Color>
      <FontName>font_hhelperwidgets</FontName>
      <Width>16</Width>
      <Height>16</Height>
      <ColorAdapter></ColorAdapter>
      <MaxCharacters>2</MaxCharacters>
      <Data></Data>
      <EndAligned>false</EndAligned>
      <TextCentered>false</TextCentered>
      <Adapter>group_name4</Adapter>
    </LabelDef>

    <LabelDef>
      <ControlId></ControlId>
      <Position>
        <X>74</X>
        <Y>7</Y>
      </Position>
      <Alignment>
      </Alignment>
      <Color>
        <R>255</R>
        <G>255</G>
        <B>255</B>
        <A>255</A>
      </Color>
      <FontName>font_transparentsmall</FontName>
      <Width>62</Width>
      <Height>16</Height>
      <ColorAdapter>group_color4</ColorAdapter>
      <MaxCharacters>32</MaxCharacters>
      <Data></Data>
      <EndAligned>false</EndAligned>
      <TextCentered>true</TextCentered>
      <Adapter>group_name4</Adapter>
    </LabelDef>

    <ScalarLabelDef>
      <ControlId></ControlId>
      <Position>
        <X>111</X>
        <Y>20</Y>
      </Position>
      <Alignment>
      </Alignment>
      <FontName>font_transparentbold</FontName>
      <Adapter>group_health4</Adapter>
      <ColorAdapter></ColorAdapter>
      <Width>25</Width>
      <Height>16</Height>
      <MaxCharacters>4</MaxCharacters>
      <Color>
        <R>255</R>
        <G>64</G>
        <B>64</B>
        <A>255</A>
      </Color>
      <Data></Data>
      <EndAligned>false</EndAligned>
      <TextCentered>true</TextCentered>
      <DontDrawWhenZero>true</DontDrawWhenZero>
	  <DontDrawWhenNegOne>true</DontDrawWhenNegOne>    
	</ScalarLabelDef>

    <ScalarLabelDef>
      <ControlId></ControlId>
      <Position>
        <X>111</X>
        <Y>42</Y>
      </Position>
      <Alignment>
      </Alignment>
      <FontName>font_transparent</FontName>
      <Adapter>group_endurance4</Adapter>
      <ColorAdapter></ColorAdapter>
      <Width>25</Width>
      <Height>16</Height>
      <MaxCharacters>4</MaxCharacters>
      <Color>
        <R>92</R>
        <G>230</G>
        <B>127</B>
        <A>255</A>
      </Color>
      <Data></Data>
      <EndAligned>false</EndAligned>
      <TextCentered>true</TextCentered>
      <DontDrawWhenZero>true</DontDrawWhenZero>
	  <DontDrawWhenNegOne>true</DontDrawWhenNegOne>    
	</ScalarLabelDef>

    <ScalarLabelDef>
      <ControlId></ControlId>
      <Position>
        <X>74</X>
        <Y>42</Y>
      </Position>
      <Alignment>
      </Alignment>
      <FontName>font_transparent</FontName>
      <Adapter>group_power4</Adapter>
      <ColorAdapter></ColorAdapter>
      <Width>25</Width>
      <Height>16</Height>
      <MaxCharacters>4</MaxCharacters>
      <Color>
        <R>255</R>
        <G>255</G>
        <B>92</B>
        <A>255</A>
      </Color>
      <Data></Data>
      <EndAligned>false</EndAligned>
      <TextCentered>true</TextCentered>
      <DontDrawWhenZero>true</DontDrawWhenZero>
	  <DontDrawWhenNegOne>true</DontDrawWhenNegOne>    
	</ScalarLabelDef>

    <LabelDef>
      <ControlId></ControlId>
      <Position>
        <X>74</X>
        <Y>58</Y>
      </Position>
      <Alignment>
      </Alignment>
      <Color>
        <R>255</R>
        <G>255</G>
        <B>255</B>
        <A>255</A>
      </Color>
      <FontName>font_transparentsmall</FontName>
      <Width>62</Width>
      <Height>16</Height>
      <ColorAdapter>group_color4</ColorAdapter>
      <MaxCharacters>32</MaxCharacters>
      <Data></Data>
      <EndAligned>false</EndAligned>
      <TextCentered>true</TextCentered>
      <Adapter>group_class4</Adapter>
    </LabelDef>

    <ButtonDef>
      <ControlId>SelectGroupMember4</ControlId>
      <Position>
        <X>73</X>
        <Y>7</Y>
      </Position>
      <Alignment>
      </Alignment>
      <TemplateName>button_hhselect_bg</TemplateName>
      <Label></Label>
      <onClickEvent>SelectGroupMember4</onClickEvent>
    </ButtonDef>

    <!-- Group Member 5 controls -->

    <StatusIconDef>
      <ControlId></ControlId>
      <Position>
        <X>73</X>
        <Y>73</Y>
      </Position>
      <Alignment>
      </Alignment>
      <TemplateName>statusicon_hhelper_bg</TemplateName>
      <AdapterName>group_health5</AdapterName>
    </StatusIconDef>

    <StatusIconDef>
      <ControlId></ControlId>
      <Position>
        <X>73</X>
        <Y>73</Y>
      </Position>
      <Alignment>
      </Alignment>
      <TemplateName>statusicon_hhelper_frame</TemplateName>
      <AdapterName>group_health5</AdapterName>
    </StatusIconDef>

    <StatusIconDef>
      <ControlId></ControlId>
      <Position>
        <X>73</X>
        <Y>73</Y>
      </Position>
      <Alignment>
      </Alignment>
      <TemplateName>statusicon_hhelper_interior</TemplateName>
      <AdapterName>group_health5</AdapterName>
    </StatusIconDef>

    <LabelDef>
      <ControlId></ControlId>
      <Position>
        <X>74</X>
        <Y>73</Y>
      </Position>
      <Alignment>
      </Alignment>
      <Color>
        <R>255</R>
        <G>255</G>
        <B>255</B>
        <A>255</A>
      </Color>
      <FontName>font_transparentsmall</FontName>
      <Width>62</Width>
      <Height>16</Height>
      <ColorAdapter>group_color5</ColorAdapter>
      <MaxCharacters>32</MaxCharacters>
      <Data></Data>
      <EndAligned>false</EndAligned>
      <TextCentered>true</TextCentered>
      <Adapter>group_name5</Adapter>
    </LabelDef>

    <LabelDef>
      <ControlId></ControlId>
      <Position>
        <X>78</X>
        <Y>87</Y>
      </Position>
      <Alignment>
      </Alignment>
      <Color>
        <R>255</R>
        <G>255</G>
        <B>255</B>
        <A>255</A>
      </Color>
      <FontName>font_hhelperwidgets</FontName>
      <Width>16</Width>
      <Height>16</Height>
      <ColorAdapter></ColorAdapter>
      <MaxCharacters>2</MaxCharacters>
      <Data></Data>
      <EndAligned>false</EndAligned>
      <TextCentered>false</TextCentered>
      <Adapter>group_name5</Adapter>
    </LabelDef>

    <ScalarLabelDef>
      <ControlId></ControlId>
      <Position>
        <X>111</X>
        <Y>86</Y>
      </Position>
      <Alignment>
      </Alignment>
      <FontName>font_transparentbold</FontName>
      <Adapter>group_health5</Adapter>
      <ColorAdapter></ColorAdapter>
      <Width>25</Width>
      <Height>16</Height>
      <MaxCharacters>4</MaxCharacters>
      <Color>
        <R>255</R>
        <G>64</G>
        <B>64</B>
        <A>255</A>
      </Color>
      <Data></Data>
      <EndAligned>false</EndAligned>
      <TextCentered>true</TextCentered>
      <DontDrawWhenZero>true</DontDrawWhenZero>
	  <DontDrawWhenNegOne>true</DontDrawWhenNegOne>    
	</ScalarLabelDef>

    <ScalarLabelDef>
      <ControlId></ControlId>
      <Position>
        <X>111</X>
        <Y>108</Y>
      </Position>
      <Alignment>
      </Alignment>
      <FontName>font_transparent</FontName>
      <Adapter>group_endurance5</Adapter>
      <ColorAdapter></ColorAdapter>
      <Width>25</Width>
      <Height>16</Height>
      <MaxCharacters>4</MaxCharacters>
      <Color>
        <R>92</R>
        <G>230</G>
        <B>127</B>
        <A>255</A>
      </Color>
      <Data></Data>
      <EndAligned>false</EndAligned>
      <TextCentered>true</TextCentered>
      <DontDrawWhenZero>true</DontDrawWhenZero>
	  <DontDrawWhenNegOne>true</DontDrawWhenNegOne>    
	</ScalarLabelDef>

    <ScalarLabelDef>
      <ControlId></ControlId>
      <Position>
        <X>74</X>
        <Y>108</Y>
      </Position>
      <Alignment>
      </Alignment>
      <FontName>font_transparent</FontName>
      <Adapter>group_power5</Adapter>
      <ColorAdapter></ColorAdapter>
      <Width>25</Width>
      <Height>16</Height>
      <MaxCharacters>4</MaxCharacters>
      <Color>
        <R>255</R>
        <G>255</G>
        <B>92</B>
        <A>255</A>
      </Color>
      <Data></Data>
      <EndAligned>false</EndAligned>
      <TextCentered>true</TextCentered>
      <DontDrawWhenZero>true</DontDrawWhenZero>
	  <DontDrawWhenNegOne>true</DontDrawWhenNegOne>    
	</ScalarLabelDef>

    <LabelDef>
      <ControlId></ControlId>
      <Position>
        <X>74</X>
        <Y>124</Y>
      </Position>
      <Alignment>
      </Alignment>
      <Color>
        <R>255</R>
        <G>255</G>
        <B>255</B>
        <A>255</A>
      </Color>
      <FontName>font_transparentsmall</FontName>
      <Width>62</Width>
      <Height>16</Height>
      <ColorAdapter>group_color5</ColorAdapter>
      <MaxCharacters>32</MaxCharacters>
      <Data></Data>
      <EndAligned>false</EndAligned>
      <TextCentered>true</TextCentered>
      <Adapter>group_class5</Adapter>
    </LabelDef>

    <ButtonDef>
      <ControlId>SelectGroupMember5</ControlId>
      <Position>
        <X>73</X>
        <Y>73</Y>
      </Position>
      <Alignment>
      </Alignment>
      <TemplateName>button_hhselect_bg</TemplateName>
      <Label></Label>
      <onClickEvent>SelectGroupMember5</onClickEvent>
    </ButtonDef>

    <!-- Group Member 6 controls -->

    <StatusIconDef>
      <ControlId></ControlId>
      <Position>
        <X>73</X>
        <Y>139</Y>
      </Position>
      <Alignment>
      </Alignment>
      <TemplateName>statusicon_hhelper_bg</TemplateName>
      <AdapterName>group_health6</AdapterName>
    </StatusIconDef>

    <StatusIconDef>
      <ControlId></ControlId>
      <Position>
        <X>73</X>
        <Y>139</Y>
      </Position>
      <Alignment>
      </Alignment>
      <TemplateName>statusicon_hhelper_frame</TemplateName>
      <AdapterName>group_health6</AdapterName>
    </StatusIconDef>

    <StatusIconDef>
      <ControlId></ControlId>
      <Position>
        <X>73</X>
        <Y>139</Y>
      </Position>
      <Alignment>
      </Alignment>
      <TemplateName>statusicon_hhelper_interior</TemplateName>
      <AdapterName>group_health6</AdapterName>
    </StatusIconDef>

    <LabelDef>
      <ControlId></ControlId>
      <Position>
        <X>74</X>
        <Y>139</Y>
      </Position>
      <Alignment>
      </Alignment>
      <Color>
        <R>255</R>
        <G>255</G>
        <B>255</B>
        <A>255</A>
      </Color>
      <FontName>font_transparentsmall</FontName>
      <Width>62</Width>
      <Height>16</Height>
      <ColorAdapter>group_color6</ColorAdapter>
      <MaxCharacters>32</MaxCharacters>
      <Data></Data>
      <EndAligned>false</EndAligned>
      <TextCentered>true</TextCentered>
      <Adapter>group_name6</Adapter>
    </LabelDef>

    <LabelDef>
      <ControlId></ControlId>
      <Position>
        <X>78</X>
        <Y>153</Y>
      </Position>
      <Alignment>
      </Alignment>
      <Color>
        <R>255</R>
        <G>255</G>
        <B>255</B>
        <A>255</A>
      </Color>
      <FontName>font_hhelperwidgets</FontName>
      <Width>16</Width>
      <Height>16</Height>
      <ColorAdapter></ColorAdapter>
      <MaxCharacters>2</MaxCharacters>
      <Data></Data>
      <EndAligned>false</EndAligned>
      <TextCentered>false</TextCentered>
      <Adapter>group_name6</Adapter>
    </LabelDef>

    <ScalarLabelDef>
      <ControlId></ControlId>
      <Position>
        <X>111</X>
        <Y>152</Y>
      </Position>
      <Alignment>
      </Alignment>
      <FontName>font_transparentbold</FontName>
      <Adapter>group_health6</Adapter>
      <ColorAdapter></ColorAdapter>
      <Width>25</Width>
      <Height>16</Height>
      <MaxCharacters>4</MaxCharacters>
      <Color>
        <R>255</R>
        <G>64</G>
        <B>64</B>
        <A>255</A>
      </Color>
      <Data></Data>
      <EndAligned>false</EndAligned>
      <TextCentered>true</TextCentered>
      <DontDrawWhenZero>true</DontDrawWhenZero>
	  <DontDrawWhenNegOne>true</DontDrawWhenNegOne>    
	</ScalarLabelDef>

    <ScalarLabelDef>
      <ControlId></ControlId>
      <Position>
        <X>111</X>
        <Y>174</Y>
      </Position>
      <Alignment>
      </Alignment>
      <FontName>font_transparent</FontName>
      <Adapter>group_endurance6</Adapter>
      <ColorAdapter></ColorAdapter>
      <Width>25</Width>
      <Height>16</Height>
      <MaxCharacters>4</MaxCharacters>
      <Color>
        <R>92</R>
        <G>230</G>
        <B>127</B>
        <A>255</A>
      </Color>
      <Data></Data>
      <EndAligned>false</EndAligned>
      <TextCentered>true</TextCentered>
      <DontDrawWhenZero>true</DontDrawWhenZero>
	  <DontDrawWhenNegOne>true</DontDrawWhenNegOne>    
	</ScalarLabelDef>

    <ScalarLabelDef>
      <ControlId></ControlId>
      <Position>
        <X>74</X>
        <Y>174</Y>
      </Position>
      <Alignment>
      </Alignment>
      <FontName>font_transparent</FontName>
      <Adapter>group_power6</Adapter>
      <ColorAdapter></ColorAdapter>
      <Width>25</Width>
      <Height>16</Height>
      <MaxCharacters>4</MaxCharacters>
      <Color>
        <R>255</R>
        <G>255</G>
        <B>92</B>
        <A>255</A>
      </Color>
      <Data></Data>
      <EndAligned>false</EndAligned>
      <TextCentered>true</TextCentered>
      <DontDrawWhenZero>true</DontDrawWhenZero>
	  <DontDrawWhenNegOne>true</DontDrawWhenNegOne>    
	</ScalarLabelDef>

    <LabelDef>
      <ControlId></ControlId>
      <Position>
        <X>74</X>
        <Y>190</Y>
      </Position>
      <Alignment>
      </Alignment>
      <Color>
        <R>255</R>
        <G>255</G>
        <B>255</B>
        <A>255</A>
      </Color>
      <FontName>font_transparentsmall</FontName>
      <Width>62</Width>
      <Height>16</Height>
      <ColorAdapter>group_color6</ColorAdapter>
      <MaxCharacters>32</MaxCharacters>
      <Data></Data>
      <EndAligned>false</EndAligned>
      <TextCentered>true</TextCentered>
      <Adapter>group_class6</Adapter>
    </LabelDef>

    <ButtonDef>
      <ControlId>SelectGroupMember6</ControlId>
      <Position>
        <X>73</X>
        <Y>139</Y>
      </Position>
      <Alignment>
      </Alignment>
      <TemplateName>button_hhselect_bg</TemplateName>
      <Label></Label>
      <onClickEvent>SelectGroupMember6</onClickEvent>
    </ButtonDef>

    <!-- Group Member 7 controls -->

    <StatusIconDef>
      <ControlId></ControlId>
      <Position>
        <X>73</X>
        <Y>205</Y>
      </Position>
      <Alignment>
      </Alignment>
      <TemplateName>statusicon_hhelper_bg</TemplateName>
      <AdapterName>group_health7</AdapterName>
    </StatusIconDef>

    <StatusIconDef>
      <ControlId></ControlId>
      <Position>
        <X>73</X>
        <Y>205</Y>
      </Position>
      <Alignment>
      </Alignment>
      <TemplateName>statusicon_hhelper_frame</TemplateName>
      <AdapterName>group_health7</AdapterName>
    </StatusIconDef>

    <StatusIconDef>
      <ControlId></ControlId>
      <Position>
        <X>73</X>
        <Y>205</Y>
      </Position>
      <Alignment>
      </Alignment>
      <TemplateName>statusicon_hhelper_interior</TemplateName>
      <AdapterName>group_health7</AdapterName>
    </StatusIconDef>

    <LabelDef>
      <ControlId></ControlId>
      <Position>
        <X>74</X>
        <Y>205</Y>
      </Position>
      <Alignment>
      </Alignment>
      <Color>
        <R>255</R>
        <G>255</G>
        <B>255</B>
        <A>255</A>
      </Color>
      <FontName>font_transparentsmall</FontName>
      <Width>62</Width>
      <Height>16</Height>
      <ColorAdapter>group_color7</ColorAdapter>
      <MaxCharacters>32</MaxCharacters>
      <Data></Data>
      <EndAligned>false</EndAligned>
      <TextCentered>true</TextCentered>
      <Adapter>group_name7</Adapter>
    </LabelDef>

    <LabelDef>
      <ControlId></ControlId>
      <Position>
        <X>78</X>
        <Y>219</Y>
      </Position>
      <Alignment>
      </Alignment>
      <Color>
        <R>255</R>
        <G>255</G>
        <B>255</B>
        <A>255</A>
      </Color>
      <FontName>font_hhelperwidgets</FontName>
      <Width>16</Width>
      <Height>16</Height>
      <ColorAdapter></ColorAdapter>
      <MaxCharacters>2</MaxCharacters>
      <Data></Data>
      <EndAligned>false</EndAligned>
      <TextCentered>false</TextCentered>
      <Adapter>group_name7</Adapter>
    </LabelDef>

    <ScalarLabelDef>
      <ControlId></ControlId>
      <Position>
        <X>111</X>
        <Y>218</Y>
      </Position>
      <Alignment>
      </Alignment>
      <FontName>font_transparentbold</FontName>
      <Adapter>group_health7</Adapter>
      <ColorAdapter></ColorAdapter>
      <Width>25</Width>
      <Height>16</Height>
      <MaxCharacters>4</MaxCharacters>
      <Color>
        <R>255</R>
        <G>64</G>
        <B>64</B>
        <A>255</A>
      </Color>
      <Data></Data>
      <EndAligned>false</EndAligned>
      <TextCentered>true</TextCentered>
      <DontDrawWhenZero>true</DontDrawWhenZero>
	  <DontDrawWhenNegOne>true</DontDrawWhenNegOne>    
	</ScalarLabelDef>

    <ScalarLabelDef>
      <ControlId></ControlId>
      <Position>
        <X>111</X>
        <Y>240</Y>
      </Position>
      <Alignment>
      </Alignment>
      <FontName>font_transparent</FontName>
      <Adapter>group_endurance7</Adapter>
      <ColorAdapter></ColorAdapter>
      <Width>25</Width>
      <Height>16</Height>
      <MaxCharacters>4</MaxCharacters>
      <Color>
        <R>92</R>
        <G>230</G>
        <B>127</B>
        <A>255</A>
      </Color>
      <Data></Data>
      <EndAligned>false</EndAligned>
      <TextCentered>true</TextCentered>
      <DontDrawWhenZero>true</DontDrawWhenZero>
	  <DontDrawWhenNegOne>true</DontDrawWhenNegOne>    
	</ScalarLabelDef>

    <ScalarLabelDef>
      <ControlId></ControlId>
      <Position>
        <X>74</X>
        <Y>240</Y>
      </Position>
      <Alignment>
      </Alignment>
      <FontName>font_transparent</FontName>
      <Adapter>group_power7</Adapter>
      <ColorAdapter></ColorAdapter>
      <Width>25</Width>
      <Height>16</Height>
      <MaxCharacters>4</MaxCharacters>
      <Color>
        <R>255</R>
        <G>255</G>
        <B>92</B>
        <A>255</A>
      </Color>
      <Data></Data>
      <EndAligned>false</EndAligned>
      <TextCentered>true</TextCentered>
      <DontDrawWhenZero>true</DontDrawWhenZero>
	  <DontDrawWhenNegOne>true</DontDrawWhenNegOne>    
	</ScalarLabelDef>

    <LabelDef>
      <ControlId></ControlId>
      <Position>
        <X>74</X>
        <Y>256</Y>
      </Position>
      <Alignment>
      </Alignment>
      <Color>
        <R>255</R>
        <G>255</G>
        <B>255</B>
        <A>255</A>
      </Color>
      <FontName>font_transparentsmall</FontName>
      <Width>62</Width>
      <Height>16</Height>
      <ColorAdapter>group_color7</ColorAdapter>
      <MaxCharacters>32</MaxCharacters>
      <Data></Data>
      <EndAligned>false</EndAligned>
      <TextCentered>true</TextCentered>
      <Adapter>group_class7</Adapter>
    </LabelDef>

    <ButtonDef>
      <ControlId>SelectGroupMember7</ControlId>
      <Position>
        <X>73</X>
        <Y>205</Y>
      </Position>
      <Alignment>
      </Alignment>
      <TemplateName>button_hhselect_bg</TemplateName>
      <Label></Label>
      <onClickEvent>SelectGroupMember7</onClickEvent>
    </ButtonDef>

  </WindowTemplate>

</Root_Element>
