<?xml version="1.0" encoding="ISO-8859-1"?>
<Root_Element ID="DAOCUi">

<!-- @@ Edited with the DAoC User Interface Editor v1.79 -->
<!-- @@ Free download available at http://www.bradtownsend.com/daoced -->

  <WindowTemplate>
    <Name>looking_for_group</Name>
    <WindowId>Looking for Group</WindowId>
    <CloseButton>true</CloseButton>
    <MoveButton>true</MoveButton>
    <TopRightResizeButton>false</TopRightResizeButton>
    <BottomRightResizeButton>false</BottomRightResizeButton>
    <BottomLeftResizeButton>false</BottomLeftResizeButton>
    <ResizeButtonOffsetX>0</ResizeButtonOffsetX>
    <ResizeButtonOffsetY>0</ResizeButtonOffsetY>
    <TitleWidth>450</TitleWidth>
    <TitleHeight>27</TitleHeight>
    <Width>450</Width>
    <Height>388</Height>
    <ResizeableWidth>0</ResizeableWidth>
    <ResizeableHeight>0</ResizeableHeight>
    <ResizeableTwoWayWidth>0</ResizeableTwoWayWidth>
    <ResizeableTwoWayHeight>0</ResizeableTwoWayHeight>
    <MinWidth>450</MinWidth>
    <MinHeight>388</MinHeight>

    <!--Background Image-->

    <FullResizeImageDef>
      <ControlId>BackgroundImage</ControlId>
      <Position>
        <X>0</X>
        <Y>0</Y>
      </Position>
      <Alignment>
      </Alignment>
      <TemplateName>fresizeimage_dlg_bg</TemplateName>
      <Width>450</Width>
      <Height>388</Height>
    </FullResizeImageDef>

    <!--Title-->

    <LabelDef>
      <ControlId></ControlId>
      <Position>
        <X>0</X>
        <Y>11</Y>
      </Position>
      <Alignment>
      </Alignment>
      <Color>
        <R>255</R>
        <G>192</G>
        <B>0</B>
        <A>255</A>
      </Color>
      <FontName>font_titles</FontName>
      <Width>450</Width>
      <Height>17</Height>
      <ColorAdapter></ColorAdapter>
      <MaxCharacters>128</MaxCharacters>
      <Data>Looking for Group</Data>
      <EndAligned>false</EndAligned>
      <TextCentered>true</TextCentered>
      <Adapter>lfg_title</Adapter>
    </LabelDef>

    <!--Status controls-->

    <HorizontalResizeImageDef>
      <ControlId></ControlId>
      <Position>
        <X>10</X>
        <Y>27</Y>
      </Position>
      <Alignment>
        <TopLeft>true</TopLeft>
      </Alignment>
      <TemplateName>hresizeimage_listbox_row_bg</TemplateName>
      <Width>430</Width>
    </HorizontalResizeImageDef>

    <LabelDef>
      <ControlId></ControlId>
      <Position>
        <X>12</X>
        <Y>28</Y>
      </Position>
      <Alignment>
      </Alignment>
      <Color>
        <R>192</R>
        <G>192</G>
        <B>192</B>
        <A>255</A>
      </Color>
      <FontName>font_headings</FontName>
      <Width>100</Width>
      <Height>16</Height>
      <ColorAdapter></ColorAdapter>
      <MaxCharacters>999</MaxCharacters>
      <Data>Status</Data>
      <EndAligned>false</EndAligned>
      <TextCentered>false</TextCentered>
      <Adapter></Adapter>
    </LabelDef>

    <FullResizeImageDef>
      <ControlId></ControlId>
      <Position>
        <X>10</X>
        <Y>43</Y>
      </Position>
      <Alignment>
      </Alignment>
      <TemplateName>fresizeimage_dlg_interior_small</TemplateName>
      <Width>430</Width>
      <Height>24</Height>
    </FullResizeImageDef>

    <CheckBoxDef>
      <ControlId>1017</ControlId>
      <Position>
        <X>15</X>
        <Y>47</Y>
      </Position>
      <Alignment>
      </Alignment>
      <TemplateName>checkbox_generic</TemplateName>
      <AdapterName></AdapterName>
      <TextAdapterName></TextAdapterName>
      <Data>Looking for Group</Data>
      <LabelWidth>150</LabelWidth>
      <OnClickEvent></OnClickEvent>
    </CheckBoxDef>

    <CheckBoxDef>
      <ControlId>1018</ControlId>
      <Position>
        <X>159</X>
        <Y>47</Y>
      </Position>
      <Alignment>
      </Alignment>
      <TemplateName>checkbox_generic</TemplateName>
      <AdapterName></AdapterName>
      <TextAdapterName></TextAdapterName>
      <Data>Not Looking</Data>
      <LabelWidth>150</LabelWidth>
      <OnClickEvent></OnClickEvent>
    </CheckBoxDef>

    <CheckBoxDef>
      <ControlId>1019</ControlId>
      <Position>
        <X>303</X>
        <Y>47</Y>
      </Position>
      <Alignment>
      </Alignment>
      <TemplateName>checkbox_generic</TemplateName>
      <AdapterName></AdapterName>
      <TextAdapterName></TextAdapterName>
      <Data>Battlegroup</Data>
      <LabelWidth>150</LabelWidth>
      <OnClickEvent></OnClickEvent>
    </CheckBoxDef>

    <!--Group Setting controls-->

    <HorizontalResizeImageDef>
      <ControlId></ControlId>
      <Position>
        <X>10</X>
        <Y>75</Y>
      </Position>
      <Alignment>
        <TopLeft>true</TopLeft>
      </Alignment>
      <TemplateName>hresizeimage_listbox_row_bg</TemplateName>
      <Width>430</Width>
    </HorizontalResizeImageDef>

    <LabelDef>
      <ControlId></ControlId>
      <Position>
        <X>12</X>
        <Y>76</Y>
      </Position>
      <Alignment>
      </Alignment>
      <Color>
        <R>192</R>
        <G>192</G>
        <B>192</B>
        <A>255</A>
      </Color>
      <FontName>font_headings</FontName>
      <Width>100</Width>
      <Height>16</Height>
      <ColorAdapter></ColorAdapter>
      <MaxCharacters>999</MaxCharacters>
      <Data>Group Settings</Data>
      <EndAligned>false</EndAligned>
      <TextCentered>false</TextCentered>
      <Adapter></Adapter>
    </LabelDef>

    <FullResizeImageDef>
      <ControlId></ControlId>
      <Position>
        <X>10</X>
        <Y>91</Y>
      </Position>
      <Alignment>
      </Alignment>
      <TemplateName>fresizeimage_dlg_interior_small</TemplateName>
      <Width>430</Width>
      <Height>57</Height>
    </FullResizeImageDef>

    <LabelDef>
      <ControlId></ControlId>
      <Position>
        <X>15</X>
        <Y>95</Y>
      </Position>
      <Alignment>
      </Alignment>
      <Color>
        <R>192</R>
        <G>192</G>
        <B>192</B>
        <A>255</A>
      </Color>
      <FontName>font_buttons</FontName>
      <Width>75</Width>
      <Height>16</Height>
      <ColorAdapter></ColorAdapter>
      <MaxCharacters>64</MaxCharacters>
      <Data>Objective</Data>
      <EndAligned>false</EndAligned>
      <TextCentered>false</TextCentered>
      <Adapter></Adapter>
    </LabelDef>

    <LabelDef>
      <ControlId></ControlId>
      <Position>
        <X>231</X>
        <Y>95</Y>
      </Position>
      <Alignment>
      </Alignment>
      <Color>
        <R>192</R>
        <G>192</G>
        <B>192</B>
        <A>192</A>
      </Color>
      <FontName>font_buttons</FontName>
      <Width>75</Width>
      <Height>16</Height>
      <ColorAdapter></ColorAdapter>
      <MaxCharacters>64</MaxCharacters>
      <Data>Duration</Data>
      <EndAligned>false</EndAligned>
      <TextCentered>false</TextCentered>
      <Adapter></Adapter>
    </LabelDef>

    <CheckBoxDef>
      <ControlId>1110</ControlId>
      <Position>
        <X>15</X>
        <Y>114</Y>
      </Position>
      <Alignment>
      </Alignment>
      <TemplateName>checkbox_generic_small_font</TemplateName>
      <AdapterName></AdapterName>
      <TextAdapterName></TextAdapterName>
      <Data>ML EXP</Data>
      <LabelWidth>50</LabelWidth>
      <OnClickEvent></OnClickEvent>
    </CheckBoxDef>

    <CheckBoxDef>
      <ControlId>1100</ControlId>
      <Position>
        <X>87</X>
        <Y>114</Y>
      </Position>
      <Alignment>
      </Alignment>
      <TemplateName>checkbox_generic_small_font</TemplateName>
      <AdapterName></AdapterName>
      <TextAdapterName></TextAdapterName>
      <Data>ML 0.1</Data>
      <LabelWidth>50</LabelWidth>
      <OnClickEvent></OnClickEvent>
    </CheckBoxDef>

    <CheckBoxDef>
      <ControlId>1101</ControlId>
      <Position>
        <X>87</X>
        <Y>128</Y>
      </Position>
      <Alignment>
      </Alignment>
      <TemplateName>checkbox_generic_small_font</TemplateName>
      <AdapterName></AdapterName>
      <TextAdapterName></TextAdapterName>
      <Data>ML 0.2</Data>
      <LabelWidth>50</LabelWidth>
      <OnClickEvent></OnClickEvent>
    </CheckBoxDef>

    <CheckBoxDef>
      <ControlId>1102</ControlId>
      <Position>
        <X>159</X>
        <Y>114</Y>
      </Position>
      <Alignment>
      </Alignment>
      <TemplateName>checkbox_generic_small_font</TemplateName>
      <AdapterName></AdapterName>
      <TextAdapterName></TextAdapterName>
      <Data>ML 0.3</Data>
      <LabelWidth>50</LabelWidth>
      <OnClickEvent></OnClickEvent>
    </CheckBoxDef>

    <CheckBoxDef>
      <ControlId>1103</ControlId>
      <Position>
        <X>159</X>
        <Y>128</Y>
      </Position>
      <Alignment>
      </Alignment>
      <TemplateName>checkbox_generic_small_font</TemplateName>
      <AdapterName></AdapterName>
      <TextAdapterName></TextAdapterName>
      <Data>ML 0.4</Data>
      <LabelWidth>50</LabelWidth>
      <OnClickEvent></OnClickEvent>
    </CheckBoxDef>

    <CheckBoxDef>
      <ControlId>1104</ControlId>
      <Position>
        <X>231</X>
        <Y>114</Y>
      </Position>
      <Alignment>
      </Alignment>
      <TemplateName>checkbox_generic_small_font</TemplateName>
      <AdapterName></AdapterName>
      <TextAdapterName></TextAdapterName>
      <Data>ML 0.5</Data>
      <LabelWidth>50</LabelWidth>
      <OnClickEvent></OnClickEvent>
    </CheckBoxDef>

    <CheckBoxDef>
      <ControlId>1105</ControlId>
      <Position>
        <X>231</X>
        <Y>128</Y>
      </Position>
      <Alignment>
      </Alignment>
      <TemplateName>checkbox_generic_small_font</TemplateName>
      <AdapterName></AdapterName>
      <TextAdapterName></TextAdapterName>
      <Data>ML 0.6</Data>
      <LabelWidth>50</LabelWidth>
      <OnClickEvent></OnClickEvent>
    </CheckBoxDef>

    <CheckBoxDef>
      <ControlId>1106</ControlId>
      <Position>
        <X>303</X>
        <Y>114</Y>
      </Position>
      <Alignment>
      </Alignment>
      <TemplateName>checkbox_generic_small_font</TemplateName>
      <AdapterName></AdapterName>
      <TextAdapterName></TextAdapterName>
      <Data>ML 0.7</Data>
      <LabelWidth>50</LabelWidth>
      <OnClickEvent></OnClickEvent>
    </CheckBoxDef>

    <CheckBoxDef>
      <ControlId>1107</ControlId>
      <Position>
        <X>303</X>
        <Y>128</Y>
      </Position>
      <Alignment>
      </Alignment>
      <TemplateName>checkbox_generic_small_font</TemplateName>
      <AdapterName></AdapterName>
      <TextAdapterName></TextAdapterName>
      <Data>ML 0.8</Data>
      <LabelWidth>50</LabelWidth>
      <OnClickEvent></OnClickEvent>
    </CheckBoxDef>

    <CheckBoxDef>
      <ControlId>1108</ControlId>
      <Position>
        <X>375</X>
        <Y>114</Y>
      </Position>
      <Alignment>
      </Alignment>
      <TemplateName>checkbox_generic_small_font</TemplateName>
      <AdapterName></AdapterName>
      <TextAdapterName></TextAdapterName>
      <Data>ML 0.9</Data>
      <LabelWidth>50</LabelWidth>
      <OnClickEvent></OnClickEvent>
    </CheckBoxDef>

    <CheckBoxDef>
      <ControlId>1109</ControlId>
      <Position>
        <X>375</X>
        <Y>128</Y>
      </Position>
      <Alignment>
      </Alignment>
      <TemplateName>checkbox_generic_small_font</TemplateName>
      <AdapterName></AdapterName>
      <TextAdapterName></TextAdapterName>
      <Data>ML 0.10</Data>
      <LabelWidth>50</LabelWidth>
      <OnClickEvent></OnClickEvent>
    </CheckBoxDef>

    <!--Class controls-->

    <HorizontalResizeImageDef>
      <ControlId></ControlId>
      <Position>
        <X>10</X>
        <Y>156</Y>
      </Position>
      <Alignment>
      </Alignment>
      <TemplateName>hresizeimage_listbox_row_bg</TemplateName>
      <Width>430</Width>
    </HorizontalResizeImageDef>

    <LabelDef>
      <ControlId></ControlId>
      <Position>
        <X>12</X>
        <Y>157</Y>
      </Position>
      <Alignment>
      </Alignment>
      <Color>
        <R>192</R>
        <G>192</G>
        <B>192</B>
        <A>255</A>
      </Color>
      <FontName>font_headings</FontName>
      <Width>150</Width>
      <Height>16</Height>
      <ColorAdapter></ColorAdapter>
      <MaxCharacters>64</MaxCharacters>
      <Data>Class Settings</Data>
      <EndAligned>false</EndAligned>
      <TextCentered>false</TextCentered>
      <Adapter></Adapter>
    </LabelDef>

    <LabelDef>
      <ControlId></ControlId>
      <Position>
        <X>191</X>
        <Y>157</Y>
      </Position>
      <Alignment>
      </Alignment>
      <Color>
        <R>192</R>
        <G>192</G>
        <B>192</B>
        <A>255</A>
      </Color>
      <FontName>font_buttons</FontName>
      <Width>60</Width>
      <Height>16</Height>
      <ColorAdapter></ColorAdapter>
      <MaxCharacters>64</MaxCharacters>
      <Data>Min Level</Data>
      <EndAligned>false</EndAligned>
      <TextCentered>false</TextCentered>
      <Adapter></Adapter>
    </LabelDef>

    <ScalarLabelDef>
      <ControlId></ControlId>
      <Position>
        <X>245</X>
        <Y>157</Y>
      </Position>
      <Alignment>
      </Alignment>
      <FontName>font_buttons</FontName>
      <Adapter>lfg_min_level</Adapter>
      <ColorAdapter></ColorAdapter>
      <Width>25</Width>
      <Height>16</Height>
      <MaxCharacters>64</MaxCharacters>
      <Color>
        <R>192</R>
        <G>192</G>
        <B>192</B>
        <A>255</A>
      </Color>
      <Data></Data>
      <EndAligned>false</EndAligned>
      <TextCentered>true</TextCentered>
      <DontDrawWhenZero>false</DontDrawWhenZero>
    </ScalarLabelDef>

    <ButtonDef>
      <ControlId>1005 Left</ControlId>
      <Position>
        <X>272</X>
        <Y>156</Y>
      </Position>
      <Alignment>
      </Alignment>
      <TemplateName>button_arrow_left</TemplateName>
      <Label></Label>
      <onClickEvent></onClickEvent>
    </ButtonDef>

    <ButtonDef>
      <ControlId>1006 Right</ControlId>
      <Position>
        <X>290</X>
        <Y>156</Y>
      </Position>
      <Alignment>
      </Alignment>
      <TemplateName>button_arrow_right</TemplateName>
      <Label></Label>
      <onClickEvent></onClickEvent>
    </ButtonDef>

    <LabelDef>
      <ControlId></ControlId>
      <Position>
        <X>323</X>
        <Y>157</Y>
      </Position>
      <Alignment>
      </Alignment>
      <Color>
        <R>192</R>
        <G>192</G>
        <B>192</B>
        <A>255</A>
      </Color>
      <FontName>font_buttons</FontName>
      <Width>60</Width>
      <Height>16</Height>
      <ColorAdapter></ColorAdapter>
      <MaxCharacters>64</MaxCharacters>
      <Data>Max Level</Data>
      <EndAligned>false</EndAligned>
      <TextCentered>false</TextCentered>
      <Adapter></Adapter>
    </LabelDef>

    <ScalarLabelDef>
      <ControlId></ControlId>
      <Position>
        <X>377</X>
        <Y>157</Y>
      </Position>
      <Alignment>
      </Alignment>
      <FontName>font_buttons</FontName>
      <Adapter>lfg_max_level</Adapter>
      <ColorAdapter></ColorAdapter>
      <Width>25</Width>
      <Height>16</Height>
      <MaxCharacters>64</MaxCharacters>
      <Color>
        <R>192</R>
        <G>192</G>
        <B>192</B>
        <A>255</A>
      </Color>
      <Data></Data>
      <EndAligned>false</EndAligned>
      <TextCentered>true</TextCentered>
      <DontDrawWhenZero>false</DontDrawWhenZero>
    </ScalarLabelDef>

    <ButtonDef>
      <ControlId>1007 Left</ControlId>
      <Position>
        <X>404</X>
        <Y>156</Y>
      </Position>
      <Alignment>
      </Alignment>
      <TemplateName>button_arrow_left</TemplateName>
      <Label></Label>
      <onClickEvent></onClickEvent>
    </ButtonDef>

    <ButtonDef>
      <ControlId>1008 Right</ControlId>
      <Position>
        <X>422</X>
        <Y>156</Y>
      </Position>
      <Alignment>
      </Alignment>
      <TemplateName>button_arrow_right</TemplateName>
      <Label></Label>
      <onClickEvent></onClickEvent>
    </ButtonDef>

    <!--Class Checks-->

    <FullResizeImageDef>
      <ControlId></ControlId>
      <Position>
        <X>10</X>
        <Y>172</Y>
      </Position>
      <Alignment>
      </Alignment>
      <TemplateName>fresizeimage_dlg_interior</TemplateName>
      <Width>430</Width>
      <Height>185</Height>
    </FullResizeImageDef>

    <CheckBoxDef>
      <ControlId>1200</ControlId>
      <Position>
        <X>15</X>
        <Y>176</Y>
      </Position>
      <Alignment>
      </Alignment>
      <TemplateName>checkbox_generic_small_font</TemplateName>
      <AdapterName></AdapterName>
      <TextAdapterName></TextAdapterName>
      <Data>class0</Data>
      <LabelWidth>50</LabelWidth>
      <OnClickEvent></OnClickEvent>
    </CheckBoxDef>

    <CheckBoxDef>
      <ControlId>1201</ControlId>
      <Position>
        <X>15</X>
        <Y>190</Y>
      </Position>
      <Alignment>
      </Alignment>
      <TemplateName>checkbox_generic_small_font</TemplateName>
      <AdapterName></AdapterName>
      <TextAdapterName></TextAdapterName>
      <Data>class1</Data>
      <LabelWidth>50</LabelWidth>
      <OnClickEvent></OnClickEvent>
    </CheckBoxDef>

    <CheckBoxDef>
      <ControlId>1202</ControlId>
      <Position>
        <X>15</X>
        <Y>204</Y>
      </Position>
      <Alignment>
      </Alignment>
      <TemplateName>checkbox_generic_small_font</TemplateName>
      <AdapterName></AdapterName>
      <TextAdapterName></TextAdapterName>
      <Data>class2</Data>
      <LabelWidth>50</LabelWidth>
      <OnClickEvent></OnClickEvent>
    </CheckBoxDef>

    <CheckBoxDef>
      <ControlId>1203</ControlId>
      <Position>
        <X>15</X>
        <Y>218</Y>
      </Position>
      <Alignment>
      </Alignment>
      <TemplateName>checkbox_generic_small_font</TemplateName>
      <AdapterName></AdapterName>
      <TextAdapterName></TextAdapterName>
      <Data>class3</Data>
      <LabelWidth>50</LabelWidth>
      <OnClickEvent></OnClickEvent>
    </CheckBoxDef>

    <CheckBoxDef>
      <ControlId>1204</ControlId>
      <Position>
        <X>15</X>
        <Y>232</Y>
      </Position>
      <Alignment>
      </Alignment>
      <TemplateName>checkbox_generic_small_font</TemplateName>
      <AdapterName></AdapterName>
      <TextAdapterName></TextAdapterName>
      <Data>class4</Data>
      <LabelWidth>50</LabelWidth>
      <OnClickEvent></OnClickEvent>
    </CheckBoxDef>

    <CheckBoxDef>
      <ControlId>1205</ControlId>
      <Position>
        <X>15</X>
        <Y>246</Y>
      </Position>
      <Alignment>
      </Alignment>
      <TemplateName>checkbox_generic_small_font</TemplateName>
      <AdapterName></AdapterName>
      <TextAdapterName></TextAdapterName>
      <Data>class5</Data>
      <LabelWidth>50</LabelWidth>
      <OnClickEvent></OnClickEvent>
    </CheckBoxDef>

    <CheckBoxDef>
      <ControlId>1206</ControlId>
      <Position>
        <X>15</X>
        <Y>260</Y>
      </Position>
      <Alignment>
      </Alignment>
      <TemplateName>checkbox_generic_small_font</TemplateName>
      <AdapterName></AdapterName>
      <TextAdapterName></TextAdapterName>
      <Data>class6</Data>
      <LabelWidth>50</LabelWidth>
      <OnClickEvent></OnClickEvent>
    </CheckBoxDef>

    <CheckBoxDef>
      <ControlId>1207</ControlId>
      <Position>
        <X>15</X>
        <Y>274</Y>
      </Position>
      <Alignment>
      </Alignment>
      <TemplateName>checkbox_generic_small_font</TemplateName>
      <AdapterName></AdapterName>
      <TextAdapterName></TextAdapterName>
      <Data>class7</Data>
      <LabelWidth>50</LabelWidth>
      <OnClickEvent></OnClickEvent>
    </CheckBoxDef>

    <CheckBoxDef>
      <ControlId>1208</ControlId>
      <Position>
        <X>15</X>
        <Y>288</Y>
      </Position>
      <Alignment>
      </Alignment>
      <TemplateName>checkbox_generic_small_font</TemplateName>
      <AdapterName></AdapterName>
      <TextAdapterName></TextAdapterName>
      <Data>class8</Data>
      <LabelWidth>50</LabelWidth>
      <OnClickEvent></OnClickEvent>
    </CheckBoxDef>

    <CheckBoxDef>
      <ControlId>1209</ControlId>
      <Position>
        <X>15</X>
        <Y>302</Y>
      </Position>
      <Alignment>
      </Alignment>
      <TemplateName>checkbox_generic_small_font</TemplateName>
      <AdapterName></AdapterName>
      <TextAdapterName></TextAdapterName>
      <Data>class9</Data>
      <LabelWidth>50</LabelWidth>
      <OnClickEvent></OnClickEvent>
    </CheckBoxDef>

    <CheckBoxDef>
      <ControlId>1210</ControlId>
      <Position>
        <X>15</X>
        <Y>316</Y>
      </Position>
      <Alignment>
      </Alignment>
      <TemplateName>checkbox_generic_small_font</TemplateName>
      <AdapterName></AdapterName>
      <TextAdapterName></TextAdapterName>
      <Data>class10</Data>
      <LabelWidth>50</LabelWidth>
      <OnClickEvent></OnClickEvent>
    </CheckBoxDef>

    <CheckBoxDef>
      <ControlId>1211</ControlId>
      <Position>
        <X>87</X>
        <Y>176</Y>
      </Position>
      <Alignment>
      </Alignment>
      <TemplateName>checkbox_generic_small_font</TemplateName>
      <AdapterName></AdapterName>
      <TextAdapterName></TextAdapterName>
      <Data>class11</Data>
      <LabelWidth>50</LabelWidth>
      <OnClickEvent></OnClickEvent>
    </CheckBoxDef>

    <CheckBoxDef>
      <ControlId>1212</ControlId>
      <Position>
        <X>87</X>
        <Y>190</Y>
      </Position>
      <Alignment>
      </Alignment>
      <TemplateName>checkbox_generic_small_font</TemplateName>
      <AdapterName></AdapterName>
      <TextAdapterName></TextAdapterName>
      <Data>class12</Data>
      <LabelWidth>50</LabelWidth>
      <OnClickEvent></OnClickEvent>
    </CheckBoxDef>

    <CheckBoxDef>
      <ControlId>1213</ControlId>
      <Position>
        <X>87</X>
        <Y>204</Y>
      </Position>
      <Alignment>
      </Alignment>
      <TemplateName>checkbox_generic_small_font</TemplateName>
      <AdapterName></AdapterName>
      <TextAdapterName></TextAdapterName>
      <Data>class13</Data>
      <LabelWidth>50</LabelWidth>
      <OnClickEvent></OnClickEvent>
    </CheckBoxDef>

    <CheckBoxDef>
      <ControlId>1214</ControlId>
      <Position>
        <X>87</X>
        <Y>218</Y>
      </Position>
      <Alignment>
      </Alignment>
      <TemplateName>checkbox_generic_small_font</TemplateName>
      <AdapterName></AdapterName>
      <TextAdapterName></TextAdapterName>
      <Data>class14</Data>
      <LabelWidth>50</LabelWidth>
      <OnClickEvent></OnClickEvent>
    </CheckBoxDef>

    <CheckBoxDef>
      <ControlId>1215</ControlId>
      <Position>
        <X>87</X>
        <Y>232</Y>
      </Position>
      <Alignment>
      </Alignment>
      <TemplateName>checkbox_generic_small_font</TemplateName>
      <AdapterName></AdapterName>
      <TextAdapterName></TextAdapterName>
      <Data>class15</Data>
      <LabelWidth>50</LabelWidth>
      <OnClickEvent></OnClickEvent>
    </CheckBoxDef>

    <CheckBoxDef>
      <ControlId>1216</ControlId>
      <Position>
        <X>87</X>
        <Y>246</Y>
      </Position>
      <Alignment>
      </Alignment>
      <TemplateName>checkbox_generic_small_font</TemplateName>
      <AdapterName></AdapterName>
      <TextAdapterName></TextAdapterName>
      <Data>class16</Data>
      <LabelWidth>50</LabelWidth>
      <OnClickEvent></OnClickEvent>
    </CheckBoxDef>

    <CheckBoxDef>
      <ControlId>1217</ControlId>
      <Position>
        <X>87</X>
        <Y>260</Y>
      </Position>
      <Alignment>
      </Alignment>
      <TemplateName>checkbox_generic_small_font</TemplateName>
      <AdapterName></AdapterName>
      <TextAdapterName></TextAdapterName>
      <Data>class17</Data>
      <LabelWidth>50</LabelWidth>
      <OnClickEvent></OnClickEvent>
    </CheckBoxDef>

    <CheckBoxDef>
      <ControlId>1218</ControlId>
      <Position>
        <X>87</X>
        <Y>274</Y>
      </Position>
      <Alignment>
      </Alignment>
      <TemplateName>checkbox_generic_small_font</TemplateName>
      <AdapterName></AdapterName>
      <TextAdapterName></TextAdapterName>
      <Data>class18</Data>
      <LabelWidth>50</LabelWidth>
      <OnClickEvent></OnClickEvent>
    </CheckBoxDef>

    <CheckBoxDef>
      <ControlId>1219</ControlId>
      <Position>
        <X>87</X>
        <Y>288</Y>
      </Position>
      <Alignment>
      </Alignment>
      <TemplateName>checkbox_generic_small_font</TemplateName>
      <AdapterName></AdapterName>
      <TextAdapterName></TextAdapterName>
      <Data>class19</Data>
      <LabelWidth>50</LabelWidth>
      <OnClickEvent></OnClickEvent>
    </CheckBoxDef>

    <CheckBoxDef>
      <ControlId>1220</ControlId>
      <Position>
        <X>87</X>
        <Y>302</Y>
      </Position>
      <Alignment>
      </Alignment>
      <TemplateName>checkbox_generic_small_font</TemplateName>
      <AdapterName></AdapterName>
      <TextAdapterName></TextAdapterName>
      <Data>class20</Data>
      <LabelWidth>50</LabelWidth>
      <OnClickEvent></OnClickEvent>
    </CheckBoxDef>

    <CheckBoxDef>
      <ControlId>1221</ControlId>
      <Position>
        <X>87</X>
        <Y>316</Y>
      </Position>
      <Alignment>
      </Alignment>
      <TemplateName>checkbox_generic_small_font</TemplateName>
      <AdapterName></AdapterName>
      <TextAdapterName></TextAdapterName>
      <Data>class21</Data>
      <LabelWidth>50</LabelWidth>
      <OnClickEvent></OnClickEvent>
    </CheckBoxDef>

    <CheckBoxDef>
      <ControlId>1222</ControlId>
      <Position>
        <X>159</X>
        <Y>176</Y>
      </Position>
      <Alignment>
      </Alignment>
      <TemplateName>checkbox_generic_small_font</TemplateName>
      <AdapterName></AdapterName>
      <TextAdapterName></TextAdapterName>
      <Data>class22</Data>
      <LabelWidth>50</LabelWidth>
      <OnClickEvent></OnClickEvent>
    </CheckBoxDef>

    <CheckBoxDef>
      <ControlId>1223</ControlId>
      <Position>
        <X>159</X>
        <Y>190</Y>
      </Position>
      <Alignment>
      </Alignment>
      <TemplateName>checkbox_generic_small_font</TemplateName>
      <AdapterName></AdapterName>
      <TextAdapterName></TextAdapterName>
      <Data>class23</Data>
      <LabelWidth>50</LabelWidth>
      <OnClickEvent></OnClickEvent>
    </CheckBoxDef>

    <CheckBoxDef>
      <ControlId>1224</ControlId>
      <Position>
        <X>159</X>
        <Y>204</Y>
      </Position>
      <Alignment>
      </Alignment>
      <TemplateName>checkbox_generic_small_font</TemplateName>
      <AdapterName></AdapterName>
      <TextAdapterName></TextAdapterName>
      <Data>class24</Data>
      <LabelWidth>50</LabelWidth>
      <OnClickEvent></OnClickEvent>
    </CheckBoxDef>

    <CheckBoxDef>
      <ControlId>1225</ControlId>
      <Position>
        <X>159</X>
        <Y>218</Y>
      </Position>
      <Alignment>
      </Alignment>
      <TemplateName>checkbox_generic_small_font</TemplateName>
      <AdapterName></AdapterName>
      <TextAdapterName></TextAdapterName>
      <Data>class25</Data>
      <LabelWidth>50</LabelWidth>
      <OnClickEvent></OnClickEvent>
    </CheckBoxDef>

    <CheckBoxDef>
      <ControlId>1226</ControlId>
      <Position>
        <X>159</X>
        <Y>232</Y>
      </Position>
      <Alignment>
      </Alignment>
      <TemplateName>checkbox_generic_small_font</TemplateName>
      <AdapterName></AdapterName>
      <TextAdapterName></TextAdapterName>
      <Data>class26</Data>
      <LabelWidth>50</LabelWidth>
      <OnClickEvent></OnClickEvent>
    </CheckBoxDef>

    <CheckBoxDef>
      <ControlId>1227</ControlId>
      <Position>
        <X>159</X>
        <Y>246</Y>
      </Position>
      <Alignment>
      </Alignment>
      <TemplateName>checkbox_generic_small_font</TemplateName>
      <AdapterName></AdapterName>
      <TextAdapterName></TextAdapterName>
      <Data>class27</Data>
      <LabelWidth>50</LabelWidth>
      <OnClickEvent></OnClickEvent>
    </CheckBoxDef>

    <CheckBoxDef>
      <ControlId>1228</ControlId>
      <Position>
        <X>159</X>
        <Y>260</Y>
      </Position>
      <Alignment>
      </Alignment>
      <TemplateName>checkbox_generic_small_font</TemplateName>
      <AdapterName></AdapterName>
      <TextAdapterName></TextAdapterName>
      <Data>class28</Data>
      <LabelWidth>50</LabelWidth>
      <OnClickEvent></OnClickEvent>
    </CheckBoxDef>

    <CheckBoxDef>
      <ControlId>1229</ControlId>
      <Position>
        <X>159</X>
        <Y>274</Y>
      </Position>
      <Alignment>
      </Alignment>
      <TemplateName>checkbox_generic_small_font</TemplateName>
      <AdapterName></AdapterName>
      <TextAdapterName></TextAdapterName>
      <Data>class29</Data>
      <LabelWidth>50</LabelWidth>
      <OnClickEvent></OnClickEvent>
    </CheckBoxDef>

    <CheckBoxDef>
      <ControlId>1230</ControlId>
      <Position>
        <X>159</X>
        <Y>288</Y>
      </Position>
      <Alignment>
      </Alignment>
      <TemplateName>checkbox_generic_small_font</TemplateName>
      <AdapterName></AdapterName>
      <TextAdapterName></TextAdapterName>
      <Data>class30</Data>
      <LabelWidth>50</LabelWidth>
      <OnClickEvent></OnClickEvent>
    </CheckBoxDef>

    <CheckBoxDef>
      <ControlId>1231</ControlId>
      <Position>
        <X>159</X>
        <Y>302</Y>
      </Position>
      <Alignment>
      </Alignment>
      <TemplateName>checkbox_generic_small_font</TemplateName>
      <AdapterName></AdapterName>
      <TextAdapterName></TextAdapterName>
      <Data>class31</Data>
      <LabelWidth>50</LabelWidth>
      <OnClickEvent></OnClickEvent>
    </CheckBoxDef>

    <CheckBoxDef>
      <ControlId>1232</ControlId>
      <Position>
        <X>159</X>
        <Y>316</Y>
      </Position>
      <Alignment>
      </Alignment>
      <TemplateName>checkbox_generic_small_font</TemplateName>
      <AdapterName></AdapterName>
      <TextAdapterName></TextAdapterName>
      <Data>class32</Data>
      <LabelWidth>50</LabelWidth>
      <OnClickEvent></OnClickEvent>
    </CheckBoxDef>

    <CheckBoxDef>
      <ControlId>1233</ControlId>
      <Position>
        <X>231</X>
        <Y>176</Y>
      </Position>
      <Alignment>
      </Alignment>
      <TemplateName>checkbox_generic_small_font</TemplateName>
      <AdapterName></AdapterName>
      <TextAdapterName></TextAdapterName>
      <Data>class33</Data>
      <LabelWidth>50</LabelWidth>
      <OnClickEvent></OnClickEvent>
    </CheckBoxDef>

    <CheckBoxDef>
      <ControlId>1234</ControlId>
      <Position>
        <X>231</X>
        <Y>190</Y>
      </Position>
      <Alignment>
      </Alignment>
      <TemplateName>checkbox_generic_small_font</TemplateName>
      <AdapterName></AdapterName>
      <TextAdapterName></TextAdapterName>
      <Data>class34</Data>
      <LabelWidth>50</LabelWidth>
      <OnClickEvent></OnClickEvent>
    </CheckBoxDef>

    <CheckBoxDef>
      <ControlId>1235</ControlId>
      <Position>
        <X>231</X>
        <Y>204</Y>
      </Position>
      <Alignment>
      </Alignment>
      <TemplateName>checkbox_generic_small_font</TemplateName>
      <AdapterName></AdapterName>
      <TextAdapterName></TextAdapterName>
      <Data>class35</Data>
      <LabelWidth>50</LabelWidth>
      <OnClickEvent></OnClickEvent>
    </CheckBoxDef>

    <CheckBoxDef>
      <ControlId>1236</ControlId>
      <Position>
        <X>231</X>
        <Y>218</Y>
      </Position>
      <Alignment>
      </Alignment>
      <TemplateName>checkbox_generic_small_font</TemplateName>
      <AdapterName></AdapterName>
      <TextAdapterName></TextAdapterName>
      <Data>class36</Data>
      <LabelWidth>50</LabelWidth>
      <OnClickEvent></OnClickEvent>
    </CheckBoxDef>

    <CheckBoxDef>
      <ControlId>1237</ControlId>
      <Position>
        <X>231</X>
        <Y>232</Y>
      </Position>
      <Alignment>
      </Alignment>
      <TemplateName>checkbox_generic_small_font</TemplateName>
      <AdapterName></AdapterName>
      <TextAdapterName></TextAdapterName>
      <Data>class37</Data>
      <LabelWidth>50</LabelWidth>
      <OnClickEvent></OnClickEvent>
    </CheckBoxDef>

    <CheckBoxDef>
      <ControlId>1238</ControlId>
      <Position>
        <X>231</X>
        <Y>246</Y>
      </Position>
      <Alignment>
      </Alignment>
      <TemplateName>checkbox_generic_small_font</TemplateName>
      <AdapterName></AdapterName>
      <TextAdapterName></TextAdapterName>
      <Data>class38</Data>
      <LabelWidth>50</LabelWidth>
      <OnClickEvent></OnClickEvent>
    </CheckBoxDef>

    <CheckBoxDef>
      <ControlId>1239</ControlId>
      <Position>
        <X>231</X>
        <Y>260</Y>
      </Position>
      <Alignment>
      </Alignment>
      <TemplateName>checkbox_generic_small_font</TemplateName>
      <AdapterName></AdapterName>
      <TextAdapterName></TextAdapterName>
      <Data>class39</Data>
      <LabelWidth>50</LabelWidth>
      <OnClickEvent></OnClickEvent>
    </CheckBoxDef>

    <CheckBoxDef>
      <ControlId>1240</ControlId>
      <Position>
        <X>231</X>
        <Y>274</Y>
      </Position>
      <Alignment>
      </Alignment>
      <TemplateName>checkbox_generic_small_font</TemplateName>
      <AdapterName></AdapterName>
      <TextAdapterName></TextAdapterName>
      <Data>class40</Data>
      <LabelWidth>50</LabelWidth>
      <OnClickEvent></OnClickEvent>
    </CheckBoxDef>

    <CheckBoxDef>
      <ControlId>1241</ControlId>
      <Position>
        <X>231</X>
        <Y>288</Y>
      </Position>
      <Alignment>
      </Alignment>
      <TemplateName>checkbox_generic_small_font</TemplateName>
      <AdapterName></AdapterName>
      <TextAdapterName></TextAdapterName>
      <Data>class41</Data>
      <LabelWidth>50</LabelWidth>
      <OnClickEvent></OnClickEvent>
    </CheckBoxDef>

    <CheckBoxDef>
      <ControlId>1242</ControlId>
      <Position>
        <X>231</X>
        <Y>302</Y>
      </Position>
      <Alignment>
      </Alignment>
      <TemplateName>checkbox_generic_small_font</TemplateName>
      <AdapterName></AdapterName>
      <TextAdapterName></TextAdapterName>
      <Data>class42</Data>
      <LabelWidth>50</LabelWidth>
      <OnClickEvent></OnClickEvent>
    </CheckBoxDef>

    <CheckBoxDef>
      <ControlId>1243</ControlId>
      <Position>
        <X>231</X>
        <Y>316</Y>
      </Position>
      <Alignment>
      </Alignment>
      <TemplateName>checkbox_generic_small_font</TemplateName>
      <AdapterName></AdapterName>
      <TextAdapterName></TextAdapterName>
      <Data>class43</Data>
      <LabelWidth>50</LabelWidth>
      <OnClickEvent></OnClickEvent>
    </CheckBoxDef>

    <CheckBoxDef>
      <ControlId>1244</ControlId>
      <Position>
        <X>303</X>
        <Y>176</Y>
      </Position>
      <Alignment>
      </Alignment>
      <TemplateName>checkbox_generic_small_font</TemplateName>
      <AdapterName></AdapterName>
      <TextAdapterName></TextAdapterName>
      <Data>class44</Data>
      <LabelWidth>50</LabelWidth>
      <OnClickEvent></OnClickEvent>
    </CheckBoxDef>

    <CheckBoxDef>
      <ControlId>1245</ControlId>
      <Position>
        <X>303</X>
        <Y>190</Y>
      </Position>
      <Alignment>
      </Alignment>
      <TemplateName>checkbox_generic_small_font</TemplateName>
      <AdapterName></AdapterName>
      <TextAdapterName></TextAdapterName>
      <Data>class45</Data>
      <LabelWidth>50</LabelWidth>
      <OnClickEvent></OnClickEvent>
    </CheckBoxDef>

    <CheckBoxDef>
      <ControlId>1246</ControlId>
      <Position>
        <X>303</X>
        <Y>204</Y>
      </Position>
      <Alignment>
      </Alignment>
      <TemplateName>checkbox_generic_small_font</TemplateName>
      <AdapterName></AdapterName>
      <TextAdapterName></TextAdapterName>
      <Data>class46</Data>
      <LabelWidth>50</LabelWidth>
      <OnClickEvent></OnClickEvent>
    </CheckBoxDef>

    <CheckBoxDef>
      <ControlId>1247</ControlId>
      <Position>
        <X>303</X>
        <Y>218</Y>
      </Position>
      <Alignment>
      </Alignment>
      <TemplateName>checkbox_generic_small_font</TemplateName>
      <AdapterName></AdapterName>
      <TextAdapterName></TextAdapterName>
      <Data>class47</Data>
      <LabelWidth>50</LabelWidth>
      <OnClickEvent></OnClickEvent>
    </CheckBoxDef>

    <CheckBoxDef>
      <ControlId>1248</ControlId>
      <Position>
        <X>303</X>
        <Y>232</Y>
      </Position>
      <Alignment>
      </Alignment>
      <TemplateName>checkbox_generic_small_font</TemplateName>
      <AdapterName></AdapterName>
      <TextAdapterName></TextAdapterName>
      <Data>class48</Data>
      <LabelWidth>50</LabelWidth>
      <OnClickEvent></OnClickEvent>
    </CheckBoxDef>

    <CheckBoxDef>
      <ControlId>1249</ControlId>
      <Position>
        <X>303</X>
        <Y>246</Y>
      </Position>
      <Alignment>
      </Alignment>
      <TemplateName>checkbox_generic_small_font</TemplateName>
      <AdapterName></AdapterName>
      <TextAdapterName></TextAdapterName>
      <Data>class49</Data>
      <LabelWidth>50</LabelWidth>
      <OnClickEvent></OnClickEvent>
    </CheckBoxDef>

    <CheckBoxDef>
      <ControlId>1250</ControlId>
      <Position>
        <X>303</X>
        <Y>260</Y>
      </Position>
      <Alignment>
      </Alignment>
      <TemplateName>checkbox_generic_small_font</TemplateName>
      <AdapterName></AdapterName>
      <TextAdapterName></TextAdapterName>
      <Data>class50</Data>
      <LabelWidth>50</LabelWidth>
      <OnClickEvent></OnClickEvent>
    </CheckBoxDef>

    <CheckBoxDef>
      <ControlId>1251</ControlId>
      <Position>
        <X>303</X>
        <Y>274</Y>
      </Position>
      <Alignment>
      </Alignment>
      <TemplateName>checkbox_generic_small_font</TemplateName>
      <AdapterName></AdapterName>
      <TextAdapterName></TextAdapterName>
      <Data>class51</Data>
      <LabelWidth>50</LabelWidth>
      <OnClickEvent></OnClickEvent>
    </CheckBoxDef>

    <CheckBoxDef>
      <ControlId>1252</ControlId>
      <Position>
        <X>303</X>
        <Y>288</Y>
      </Position>
      <Alignment>
      </Alignment>
      <TemplateName>checkbox_generic_small_font</TemplateName>
      <AdapterName></AdapterName>
      <TextAdapterName></TextAdapterName>
      <Data>class52</Data>
      <LabelWidth>50</LabelWidth>
      <OnClickEvent></OnClickEvent>
    </CheckBoxDef>

    <CheckBoxDef>
      <ControlId>1253</ControlId>
      <Position>
        <X>303</X>
        <Y>302</Y>
      </Position>
      <Alignment>
      </Alignment>
      <TemplateName>checkbox_generic_small_font</TemplateName>
      <AdapterName></AdapterName>
      <TextAdapterName></TextAdapterName>
      <Data>class53</Data>
      <LabelWidth>50</LabelWidth>
      <OnClickEvent></OnClickEvent>
    </CheckBoxDef>

    <CheckBoxDef>
      <ControlId>1254</ControlId>
      <Position>
        <X>303</X>
        <Y>316</Y>
      </Position>
      <Alignment>
      </Alignment>
      <TemplateName>checkbox_generic_small_font</TemplateName>
      <AdapterName></AdapterName>
      <TextAdapterName></TextAdapterName>
      <Data>class54</Data>
      <LabelWidth>50</LabelWidth>
      <OnClickEvent></OnClickEvent>
    </CheckBoxDef>

    <CheckBoxDef>
      <ControlId>1255</ControlId>
      <Position>
        <X>375</X>
        <Y>176</Y>
      </Position>
      <Alignment>
      </Alignment>
      <TemplateName>checkbox_generic_small_font</TemplateName>
      <AdapterName></AdapterName>
      <TextAdapterName></TextAdapterName>
      <Data>class55</Data>
      <LabelWidth>50</LabelWidth>
      <OnClickEvent></OnClickEvent>
    </CheckBoxDef>

    <CheckBoxDef>
      <ControlId>1256</ControlId>
      <Position>
        <X>375</X>
        <Y>190</Y>
      </Position>
      <Alignment>
      </Alignment>
      <TemplateName>checkbox_generic_small_font</TemplateName>
      <AdapterName></AdapterName>
      <TextAdapterName></TextAdapterName>
      <Data>class56</Data>
      <LabelWidth>50</LabelWidth>
      <OnClickEvent></OnClickEvent>
    </CheckBoxDef>

    <CheckBoxDef>
      <ControlId>1257</ControlId>
      <Position>
        <X>375</X>
        <Y>204</Y>
      </Position>
      <Alignment>
      </Alignment>
      <TemplateName>checkbox_generic_small_font</TemplateName>
      <AdapterName></AdapterName>
      <TextAdapterName></TextAdapterName>
      <Data>class57</Data>
      <LabelWidth>50</LabelWidth>
      <OnClickEvent></OnClickEvent>
    </CheckBoxDef>

    <CheckBoxDef>
      <ControlId>1258</ControlId>
      <Position>
        <X>375</X>
        <Y>218</Y>
      </Position>
      <Alignment>
      </Alignment>
      <TemplateName>checkbox_generic_small_font</TemplateName>
      <AdapterName></AdapterName>
      <TextAdapterName></TextAdapterName>
      <Data>class58</Data>
      <LabelWidth>50</LabelWidth>
      <OnClickEvent></OnClickEvent>
    </CheckBoxDef>

    <CheckBoxDef>
      <ControlId>1259</ControlId>
      <Position>
        <X>375</X>
        <Y>232</Y>
      </Position>
      <Alignment>
      </Alignment>
      <TemplateName>checkbox_generic_small_font</TemplateName>
      <AdapterName></AdapterName>
      <TextAdapterName></TextAdapterName>
      <Data>class59</Data>
      <LabelWidth>50</LabelWidth>
      <OnClickEvent></OnClickEvent>
    </CheckBoxDef>

    <CheckBoxDef>
      <ControlId>1260</ControlId>
      <Position>
        <X>375</X>
        <Y>246</Y>
      </Position>
      <Alignment>
      </Alignment>
      <TemplateName>checkbox_generic_small_font</TemplateName>
      <AdapterName></AdapterName>
      <TextAdapterName></TextAdapterName>
      <Data>class60</Data>
      <LabelWidth>50</LabelWidth>
      <OnClickEvent></OnClickEvent>
    </CheckBoxDef>

    <CheckBoxDef>
      <ControlId>1261</ControlId>
      <Position>
        <X>375</X>
        <Y>260</Y>
      </Position>
      <Alignment>
      </Alignment>
      <TemplateName>checkbox_generic_small_font</TemplateName>
      <AdapterName></AdapterName>
      <TextAdapterName></TextAdapterName>
      <Data>class61</Data>
      <LabelWidth>50</LabelWidth>
      <OnClickEvent></OnClickEvent>
    </CheckBoxDef>

    <CheckBoxDef>
      <ControlId>1262</ControlId>
      <Position>
        <X>375</X>
        <Y>274</Y>
      </Position>
      <Alignment>
      </Alignment>
      <TemplateName>checkbox_generic_small_font</TemplateName>
      <AdapterName></AdapterName>
      <TextAdapterName></TextAdapterName>
      <Data>class62</Data>
      <LabelWidth>50</LabelWidth>
      <OnClickEvent></OnClickEvent>
    </CheckBoxDef>

    <CheckBoxDef>
      <ControlId>1263</ControlId>
      <Position>
        <X>375</X>
        <Y>288</Y>
      </Position>
      <Alignment>
      </Alignment>
      <TemplateName>checkbox_generic_small_font</TemplateName>
      <AdapterName></AdapterName>
      <TextAdapterName></TextAdapterName>
      <Data>class63</Data>
      <LabelWidth>50</LabelWidth>
      <OnClickEvent></OnClickEvent>
    </CheckBoxDef>

    <ButtonDef>
      <ControlId>1016</ControlId>
      <Position>
        <X>15</X>
        <Y>335</Y>
      </Position>
      <Alignment>
      </Alignment>
      <TemplateName>button_generic</TemplateName>
      <Label>Clear All</Label>
      <onClickEvent></onClickEvent>
    </ButtonDef>

    <ButtonDef>
      <ControlId>1012</ControlId>
      <Position>
        <X>87</X>
        <Y>335</Y>
      </Position>
      <Alignment>
      </Alignment>
      <TemplateName>button_generic</TemplateName>
      <Label>Fighter</Label>
      <onClickEvent></onClickEvent>
    </ButtonDef>

    <ButtonDef>
      <ControlId>1013</ControlId>
      <Position>
        <X>159</X>
        <Y>335</Y>
      </Position>
      <Alignment>
      </Alignment>
      <TemplateName>button_generic</TemplateName>
      <Label>Mage</Label>
      <onClickEvent></onClickEvent>
    </ButtonDef>

    <ButtonDef>
      <ControlId>1014</ControlId>
      <Position>
        <X>230</X>
        <Y>335</Y>
      </Position>
      <Alignment>
      </Alignment>
      <TemplateName>button_generic</TemplateName>
      <Label>Rogue</Label>
      <onClickEvent></onClickEvent>
    </ButtonDef>

    <ButtonDef>
      <ControlId>1015</ControlId>
      <Position>
        <X>303</X>
        <Y>335</Y>
      </Position>
      <Alignment>
      </Alignment>
      <TemplateName>button_generic</TemplateName>
      <Label>Healer</Label>
      <onClickEvent></onClickEvent>
    </ButtonDef>

    <ButtonDef>
      <ControlId>1011</ControlId>
      <Position>
        <X>375</X>
        <Y>335</Y>
      </Position>
      <Alignment>
      </Alignment>
      <TemplateName>button_generic</TemplateName>
      <Label>Select All</Label>
      <onClickEvent></onClickEvent>
    </ButtonDef>

    <!--Miscellaneous Controls-->

    <ButtonDef>
      <ControlId>1002</ControlId>
      <Position>
        <X>134</X>
        <Y>10</Y>
      </Position>
      <Alignment>
        <OffsetBottom>true</OffsetBottom>
        <OffsetRight>true</OffsetRight>
      </Alignment>
      <TemplateName>button_generic</TemplateName>
      <Label>Search</Label>
      <onClickEvent></onClickEvent>
    </ButtonDef>

    <ButtonDef>
      <ControlId>1000</ControlId>
      <Position>
        <X>72</X>
        <Y>10</Y>
      </Position>
      <Alignment>
        <OffsetBottom>true</OffsetBottom>
        <OffsetRight>true</OffsetRight>
      </Alignment>
      <TemplateName>button_generic</TemplateName>
      <Label>Clear</Label>
      <onClickEvent></onClickEvent>
    </ButtonDef>

    <ButtonDef>
      <ControlId>1004</ControlId>
      <Position>
        <X>10</X>
        <Y>10</Y>
      </Position>
      <Alignment>
        <OffsetBottom>true</OffsetBottom>
        <OffsetRight>true</OffsetRight>
      </Alignment>
      <TemplateName>button_generic</TemplateName>
      <Label>Submit</Label>
      <onClickEvent></onClickEvent>
    </ButtonDef>

    <!--ComboBoxes must go last in order of increasing Y positions-->

    <ComboBoxDef>
      <ControlId>1009</ControlId>
      <Position>
        <X>87</X>
        <Y>95</Y>
      </Position>
      <Alignment>
      </Alignment>
      <TemplateName>combobox_generic</TemplateName>
    </ComboBoxDef>

    <ComboBoxDef>
      <ControlId>1010</ControlId>
      <Position>
        <X>303</X>
        <Y>95</Y>
      </Position>
      <Alignment>
      </Alignment>
      <TemplateName>combobox_generic</TemplateName>
    </ComboBoxDef>

  </WindowTemplate>

</Root_Element>
