<?xml version="1.0" encoding="ISO-8859-1"?>
<Root_Element ID="DAOCUi">

<!-- @@ Edited with the DAoC User Interface Editor v1.80 -->
<!-- @@ Free download available at http://www.bradtownsend.com/daoced -->

  <WindowTemplate>
    <Name>main_menu_window</Name>
    <WindowId>main_menu</WindowId>
    <CloseButton>true</CloseButton>
    <MoveButton>true</MoveButton>
    <TopRightResizeButton>false</TopRightResizeButton>
    <BottomRightResizeButton>false</BottomRightResizeButton>
    <BottomLeftResizeButton>false</BottomLeftResizeButton>
    <ResizeButtonOffsetX>0</ResizeButtonOffsetX>
    <ResizeButtonOffsetY>0</ResizeButtonOffsetY>
    <TitleWidth>210</TitleWidth>
    <TitleHeight>27</TitleHeight>
    <Width>210</Width>
    <Height>149</Height>
    <ResizeableWidth>0</ResizeableWidth>
    <ResizeableHeight>0</ResizeableHeight>
    <ResizeableTwoWayWidth>0</ResizeableTwoWayWidth>
    <ResizeableTwoWayHeight>0</ResizeableTwoWayHeight>
    <MinWidth>0</MinWidth>
    <MinHeight>0</MinHeight>
    <ContextTemplateName></ContextTemplateName>

    <FullResizeImageDef>
      <ControlId>ImageBackground</ControlId>
      <Position>
        <X>1</X>
        <Y>1</Y>
      </Position>
      <Alignment>
      </Alignment>
      <TemplateName>fresizeimage_dlg_bg</TemplateName>
      <Width>210</Width>
      <Height>149</Height>
    </FullResizeImageDef>

    <LabelDef>
      <ControlId></ControlId>
      <Position>
        <X>0</X>
        <Y>11</Y>
      </Position>
      <Alignment>
      </Alignment>
      <Color>
        <R>255</R>
        <G>192</G>
        <B>0</B>
        <A>255</A>
      </Color>
      <FontName>font_titles</FontName>
      <Width>225</Width>
      <Height>17</Height>
      <ColorAdapter></ColorAdapter>
      <MaxCharacters>16</MaxCharacters>
      <Data>Main Menu</Data>
      <EndAligned>false</EndAligned>
      <TextCentered>true</TextCentered>
      <Adapter></Adapter>
    </LabelDef>

    <FullResizeImageDef>
      <ControlId>ImageBackground</ControlId>
      <Position>
        <X>10</X>
        <Y>27</Y>
      </Position>
      <Alignment>
      </Alignment>
      <TemplateName>fresizeimage_dlg_interior</TemplateName>
      <Width>190</Width>
      <Height>112</Height>
    </FullResizeImageDef>

    <HorizontalResizeButtonDef>
      <ControlId></ControlId>
      <Position>
        <X>15</X>
        <Y>32</Y>
      </Position>
      <Alignment>
      </Alignment>
      <TemplateName>hresizebutton_generic</TemplateName>
      <Label>Help</Label>
      <Width>180</Width>
      <onClickEvent>ToggleHelp</onClickEvent>
    </HorizontalResizeButtonDef>

    <HorizontalResizeButtonDef>
      <ControlId></ControlId>
      <Position>
        <X>15</X>
        <Y>49</Y>
      </Position>
      <Alignment>
      </Alignment>
      <TemplateName>hresizebutton_generic</TemplateName>
      <Label>Interface Options</Label>
      <Width>180</Width>
      <onClickEvent>ToggleInterfaceElements</onClickEvent>
    </HorizontalResizeButtonDef>

    <HorizontalResizeButtonDef>
      <ControlId></ControlId>
      <Position>
        <X>15</X>
        <Y>66</Y>
      </Position>
      <Alignment>
      </Alignment>
      <TemplateName>hresizebutton_generic</TemplateName>
      <Label>Keyboard Options</Label>
      <Width>180</Width>
      <onClickEvent>ShowKeyboardConfig</onClickEvent>
    </HorizontalResizeButtonDef>

    <HorizontalResizeButtonDef>
      <ControlId></ControlId>
      <Position>
        <X>15</X>
        <Y>83</Y>
      </Position>
      <Alignment>
      </Alignment>
      <TemplateName>hresizebutton_generic</TemplateName>
      <Label>Audio and Video Options</Label>
      <Width>180</Width>
      <onClickEvent>ToggleOptions</onClickEvent>
    </HorizontalResizeButtonDef>

    <HorizontalResizeButtonDef>
      <ControlId></ControlId>
      <Position>
        <X>15</X>
        <Y>100</Y>
      </Position>
      <Alignment>
      </Alignment>
      <TemplateName>hresizebutton_generic</TemplateName>
      <Label></Label>
      <Width>180</Width>
      <onClickEvent>ToggleCustom0</onClickEvent>
    </HorizontalResizeButtonDef>

    <HorizontalResizeButtonDef>
      <ControlId></ControlId>
      <Position>
        <X>15</X>
        <Y>117</Y>
      </Position>
      <Alignment>
      </Alignment>
      <TemplateName>hresizebutton_generic</TemplateName>
      <Label>Return to Character Selection</Label>
      <Width>180</Width>
      <onClickEvent>Quit</onClickEvent>
    </HorizontalResizeButtonDef>

  </WindowTemplate>

</Root_Element>
