<?xml version="1.0" encoding="ISO-8859-1"?>
<Root_Element ID="DAOCUi">

<!-- @@ Edited with the DAoC User Interface Editor v1.80 -->
<!-- @@ Free download available at http://www.bradtownsend.com/daoced -->

  <!-- Blank Map Image -->

  <Texture>
    <Name>No_Map</Name>
    <File>custom/assets/textures/MapImages_03.tga</File>
  </Texture>

  <!-- Load Map Window -->

  <WindowTemplate>
    <Name>map_window</Name>
    <WindowId>Map Window</WindowId>
    <CloseButton>true</CloseButton>
    <MoveButton>true</MoveButton>
    <TopRightResizeButton>false</TopRightResizeButton>
    <BottomRightResizeButton>false</BottomRightResizeButton>
    <BottomLeftResizeButton>false</BottomLeftResizeButton>
    <ResizeButtonOffsetX>0</ResizeButtonOffsetX>
    <ResizeButtonOffsetY>0</ResizeButtonOffsetY>
    <TitleWidth>278</TitleWidth>
    <TitleHeight>5</TitleHeight>
    <Width>278</Width>
    <Height>412</Height>
    <ResizeableWidth>0</ResizeableWidth>
    <ResizeableHeight>0</ResizeableHeight>
    <ResizeableTwoWayWidth>0</ResizeableTwoWayWidth>
    <ResizeableTwoWayHeight>0</ResizeableTwoWayHeight>
    <MinWidth>0</MinWidth>
    <MinHeight>0</MinHeight>
    <ContextTemplateName></ContextTemplateName>

    <!-- Background Image -->

    <FullResizeImageDef>
      <ControlId></ControlId>
      <Position>
        <X>0</X>
        <Y>0</Y>
      </Position>
      <Alignment>
        <TopLeft>true</TopLeft>
      </Alignment>
      <TemplateName>fresizeimage_dlg_bg</TemplateName>
      <Width>278</Width>
      <Height>321</Height>
    </FullResizeImageDef>

    <!-- Title -->

    <LabelDef>
      <ControlId></ControlId>
      <Position>
        <X>10</X>
        <Y>11</Y>
      </Position>
      <Alignment>
      </Alignment>
      <Color>
        <R>255</R>
        <G>192</G>
        <B>0</B>
        <A>255</A>
      </Color>
      <FontName>font_titles</FontName>
      <Width>120</Width>
      <Height>17</Height>
      <ColorAdapter></ColorAdapter>
      <MaxCharacters>128</MaxCharacters>
      <Data>Map Area/Zone</Data>
      <EndAligned>false</EndAligned>
      <TextCentered>true</TextCentered>
      <Adapter>map_title</Adapter>
    </LabelDef>

    <!-- Info/Mini Buttons -->

    <ButtonDef>
      <ControlId>1003</ControlId>
      <Position>
        <X>150</X>
        <Y>11</Y>
      </Position>
      <Alignment>
      </Alignment>
      <TemplateName>button_generic_small</TemplateName>
      <Label>Info</Label>
      <onClickEvent></onClickEvent>
    </ButtonDef>

    <ButtonDef>
      <ControlId>1006</ControlId>
      <Position>
        <X>190</X>
        <Y>11</Y>
      </Position>
      <Alignment>
      </Alignment>
      <TemplateName>button_generic_small</TemplateName>
      <Label>Mini</Label>
      <onClickEvent></onClickEvent>
    </ButtonDef>

    <ButtonDef>
      <ControlId>1009</ControlId>
      <Position>
        <X>230</X>
        <Y>11</Y>
      </Position>
      <Alignment>
      </Alignment>
      <TemplateName>button_generic_small</TemplateName>
      <Label>Quest</Label>
      <onClickEvent></onClickEvent>
    </ButtonDef>

    <!-- Map Image Area -->

    <FullResizeImageDef>
      <ControlId></ControlId>
      <Position>
        <X>10</X>
        <Y>53</Y>
      </Position>
      <Alignment>
        <TopLeft>true</TopLeft>
      </Alignment>
      <TemplateName>fresizeimage_map_frame</TemplateName>
      <Width>258</Width>
      <Height>258</Height>
    </FullResizeImageDef>

    <DynamicImageDef>
      <ControlId>1000</ControlId>
      <Position>
        <X>11</X>
        <Y>54</Y>
      </Position>
      <Alignment>
        <TopLeft>true</TopLeft>
      </Alignment>
      <TextureName>no_map</TextureName>
      <Dimensions>
        <X>256</X>
        <Y>256</Y>
      </Dimensions>
      <TextureCoords>
        <X>0</X>
        <Y>0</Y>
      </TextureCoords>
    </DynamicImageDef>

    <ImageAreaDef>
      <ControlId>1050</ControlId>
      <Position>
        <X>0</X>
        <Y>0</Y>
      </Position>
      <Alignment>
      </Alignment>
      <TemplateName>imagearea_map_questwaypoint</TemplateName>
    </ImageAreaDef>

    <ImageAreaDef>
      <ControlId>1051</ControlId>
      <Position>
        <X>0</X>
        <Y>0</Y>
      </Position>
      <Alignment>
      </Alignment>
      <TemplateName>imagearea_map_questgiver</TemplateName>
    </ImageAreaDef>

    <ImageAreaDef>
      <ControlId>1052</ControlId>
      <Position>
        <X>0</X>
        <Y>0</Y>
      </Position>
      <Alignment>
      </Alignment>
      <TemplateName>imagearea_map_questcompleter</TemplateName>
    </ImageAreaDef>

    <!-- Group Member Locations -->

    <ImageAreaDef>
      <ControlId>1107</ControlId>
      <Position>
        <X>0</X>
        <Y>0</Y>
      </Position>
      <Alignment>
      </Alignment>
      <TemplateName>imagearea_map_groupmember8</TemplateName>
    </ImageAreaDef>

    <ImageAreaDef>
      <ControlId>1106</ControlId>
      <Position>
        <X>0</X>
        <Y>0</Y>
      </Position>
      <Alignment>
      </Alignment>
      <TemplateName>imagearea_map_groupmember7</TemplateName>
    </ImageAreaDef>

    <ImageAreaDef>
      <ControlId>1105</ControlId>
      <Position>
        <X>0</X>
        <Y>0</Y>
      </Position>
      <Alignment>
      </Alignment>
      <TemplateName>imagearea_map_groupmember6</TemplateName>
    </ImageAreaDef>

    <ImageAreaDef>
      <ControlId>1104</ControlId>
      <Position>
        <X>0</X>
        <Y>0</Y>
      </Position>
      <Alignment>
      </Alignment>
      <TemplateName>imagearea_map_groupmember5</TemplateName>
    </ImageAreaDef>

    <ImageAreaDef>
      <ControlId>1103</ControlId>
      <Position>
        <X>0</X>
        <Y>0</Y>
      </Position>
      <Alignment>
      </Alignment>
      <TemplateName>imagearea_map_groupmember4</TemplateName>
    </ImageAreaDef>

    <ImageAreaDef>
      <ControlId>1102</ControlId>
      <Position>
        <X>0</X>
        <Y>0</Y>
      </Position>
      <Alignment>
      </Alignment>
      <TemplateName>imagearea_map_groupmember3</TemplateName>
    </ImageAreaDef>

    <ImageAreaDef>
      <ControlId>1101</ControlId>
      <Position>
        <X>0</X>
        <Y>0</Y>
      </Position>
      <Alignment>
      </Alignment>
      <TemplateName>imagearea_map_groupmember2</TemplateName>
    </ImageAreaDef>

    <ImageAreaDef>
      <ControlId>1100</ControlId>
      <Position>
        <X>0</X>
        <Y>0</Y>
      </Position>
      <Alignment>
      </Alignment>
      <TemplateName>imagearea_map_groupmember1</TemplateName>
    </ImageAreaDef>

    <!-- Player Location -->

    <ImageAreaDef>
      <ControlId>1004</ControlId>
      <Position>
        <X>0</X>
        <Y>0</Y>
      </Position>
      <Alignment>
      </Alignment>
      <TemplateName>imagearea_map_player</TemplateName>
    </ImageAreaDef>

    <!-- Divider between Map Image and Map Info -->

    <LabelDef>
      <ControlId></ControlId>
      <Position>
        <X>0</X>
        <Y>321</Y>
      </Position>
      <Alignment>
        <TopLeft>true</TopLeft>
      </Alignment>
      <Color>
        <R>192</R>
        <G>192</G>
        <B>192</B>
        <A>255</A>
      </Color>
      <FontName>font_headings</FontName>
      <Width>278</Width>
      <Height>16</Height>
      <ColorAdapter></ColorAdapter>
      <MaxCharacters>128</MaxCharacters>
      <Data></Data>
      <EndAligned>false</EndAligned>
      <TextCentered>false</TextCentered>
      <Adapter>map_info0</Adapter>
    </LabelDef>

    <!-- Text Area (shows when INFO button pressed) -->

    <TextAreaDef>
      <ControlId>1005</ControlId>
      <Position>
        <X>0</X>
        <Y>321</Y>
      </Position>
      <Alignment>
        <TopLeft>true</TopLeft>
      </Alignment>
      <TemplateName>textarea_map_info</TemplateName>
      <AdapterName>map_info</AdapterName>
      <HasHotSpots>false</HasHotSpots>
      <MaxCharacters>32768</MaxCharacters>
      <Width>278</Width>
      <Height>91</Height>
    </TextAreaDef>

    <!-- Zone Selections -->

    <ComboBoxDef>
      <ControlId>1001</ControlId>
      <Position>
        <X>10</X>
        <Y>32</Y>
      </Position>
      <Alignment>
      </Alignment>
      <TemplateName>combobox_generic</TemplateName>
    </ComboBoxDef>

    <!-- Area Selections 256/512-->

    <ComboBoxDef>
      <ControlId>1002</ControlId>
      <Position>
        <X>148</X>
        <Y>32</Y>
      </Position>
      <Alignment>
      </Alignment>
      <TemplateName>combobox_generic</TemplateName>
    </ComboBoxDef>

  </WindowTemplate>

</Root_Element>
