<?xml version="1.0" encoding="ISO-8859-1"?>
<Root_Element ID="DAOCUi">

<!-- @@ Edited with the DAoC User Interface Editor v1.80 -->
<!-- @@ Free download available at http://www.bradtownsend.com/daoced -->

  <WindowTemplate>
    <Name>master_level</Name>
    <WindowId>Master Level</WindowId>
    <CloseButton>true</CloseButton>
    <MoveButton>true</MoveButton>
    <TopRightResizeButton>false</TopRightResizeButton>
    <BottomRightResizeButton>true</BottomRightResizeButton>
    <BottomLeftResizeButton>true</BottomLeftResizeButton>
    <ResizeButtonOffsetX>0</ResizeButtonOffsetX>
    <ResizeButtonOffsetY>0</ResizeButtonOffsetY>
    <TitleWidth>310</TitleWidth>
    <TitleHeight>27</TitleHeight>
    <Width>310</Width>
    <Height>200</Height>
    <ResizeableWidth>5</ResizeableWidth>
    <ResizeableHeight>5</ResizeableHeight>
    <ResizeableTwoWayWidth>0</ResizeableTwoWayWidth>
    <ResizeableTwoWayHeight>0</ResizeableTwoWayHeight>
    <MinWidth>310</MinWidth>
    <MinHeight>200</MinHeight>
    <ContextTemplateName></ContextTemplateName>

    <!-- Background Image -->

    <FullResizeImageDef>
      <ControlId>Background</ControlId>
      <Position>
        <X>0</X>
        <Y>0</Y>
      </Position>
      <Alignment>
        <GrowWidth>true</GrowWidth>
        <GrowHeight>true</GrowHeight>
      </Alignment>
      <TemplateName>fresizeimage_dlg_bg</TemplateName>
      <Width>310</Width>
      <Height>200</Height>
    </FullResizeImageDef>

    <!-- Title -->

    <LabelDef>
      <ControlId></ControlId>
      <Position>
        <X>0</X>
        <Y>11</Y>
      </Position>
      <Alignment>
        <GrowWidth>true</GrowWidth>
      </Alignment>
      <Color>
        <R>255</R>
        <G>192</G>
        <B>0</B>
        <A>255</A>
      </Color>
      <FontName>font_titles</FontName>
      <Width>310</Width>
      <Height>17</Height>
      <ColorAdapter></ColorAdapter>
      <MaxCharacters>16</MaxCharacters>
      <Data>Master Level</Data>
      <EndAligned>false</EndAligned>
      <TextCentered>true</TextCentered>
      <Adapter></Adapter>
    </LabelDef>

    <!-- Master Level Title and Rank -->

    <HorizontalResizeImageDef>
      <ControlId></ControlId>
      <Position>
        <X>10</X>
        <Y>27</Y>
      </Position>
      <Alignment>
        <GrowWidth>true</GrowWidth>
      </Alignment>
      <TemplateName>hresizeimage_listbox_row_bg</TemplateName>
      <Width>290</Width>
    </HorizontalResizeImageDef>

    <LabelDef>
      <ControlId></ControlId>
      <Position>
        <X>12</X>
        <Y>28</Y>
      </Position>
      <Alignment>
      </Alignment>
      <Color>
        <R>192</R>
        <G>192</G>
        <B>192</B>
        <A>255</A>
      </Color>
      <FontName>font_headings</FontName>
      <Width>35</Width>
      <Height>16</Height>
      <ColorAdapter></ColorAdapter>
      <MaxCharacters>7</MaxCharacters>
      <Data>Title:</Data>
      <EndAligned>false</EndAligned>
      <TextCentered>false</TextCentered>
      <Adapter></Adapter>
    </LabelDef>

    <LabelDef>
      <ControlId></ControlId>
      <Position>
        <X>45</X>
        <Y>28</Y>
      </Position>
      <Alignment>
      </Alignment>
      <Color>
        <R>192</R>
        <G>192</G>
        <B>192</B>
        <A>255</A>
      </Color>
      <FontName>font_headings</FontName>
      <Width>180</Width>
      <Height>16</Height>
      <ColorAdapter></ColorAdapter>
      <MaxCharacters>128</MaxCharacters>
      <Data></Data>
      <EndAligned>false</EndAligned>
      <TextCentered>false</TextCentered>
      <Adapter>master_title</Adapter>
    </LabelDef>

    <LabelDef>
      <ControlId></ControlId>
      <Position>
        <X>30</X>
        <Y>28</Y>
      </Position>
      <Alignment>
        <OffsetRight>true</OffsetRight>
      </Alignment>
      <Color>
        <R>192</R>
        <G>192</G>
        <B>192</B>
        <A>255</A>
      </Color>
      <FontName>font_headings</FontName>
      <Width>35</Width>
      <Height>16</Height>
      <ColorAdapter></ColorAdapter>
      <MaxCharacters>6</MaxCharacters>
      <Data>Rank:</Data>
      <EndAligned>false</EndAligned>
      <TextCentered>false</TextCentered>
      <Adapter></Adapter>
    </LabelDef>

    <ScalarLabelDef>
      <ControlId></ControlId>
      <Position>
        <X>12</X>
        <Y>27</Y>
      </Position>
      <Alignment>
        <OffsetRight>true</OffsetRight>
      </Alignment>
      <FontName>font_buttons</FontName>
      <Adapter>master_rank</Adapter>
      <ColorAdapter></ColorAdapter>
      <Width>20</Width>
      <Height>16</Height>
      <MaxCharacters>4</MaxCharacters>
      <Color>
        <R>192</R>
        <G>192</G>
        <B>192</B>
        <A>255</A>
      </Color>
      <Data></Data>
      <EndAligned>false</EndAligned>
      <TextCentered>false</TextCentered>
      <DontDrawWhenZero>false</DontDrawWhenZero>
    </ScalarLabelDef>

    <!-- Master Level Quest Steps List-->

    <TextAreaDef>
      <ControlId>2000</ControlId>
      <Position>
        <X>10</X>
        <Y>43</Y>
      </Position>
      <Alignment>
        <GrowWidth>true</GrowWidth>
        <GrowHeight>true</GrowHeight>
      </Alignment>
      <TemplateName>textarea_generic</TemplateName>
      <AdapterName>master_list</AdapterName>
      <HasHotspots>true</HasHotspots>
      <MaxCharacters>32768</MaxCharacters>
      <Width>290</Width>
      <Height>126</Height>
    </TextAreaDef>

    <!--Change Current Master Level Quest Steps controls-->

    <LabelDef>
      <ControlId></ControlId>
      <Position>
        <X>48</X>
        <Y>10</Y>
      </Position>
      <Alignment>
        <OffsetBottom>true</OffsetBottom>
      </Alignment>
      <Color>
        <R>192</R>
        <G>192</G>
        <B>192</B>
        <A>255</A>
      </Color>
      <FontName>font_buttons</FontName>
      <Width>140</Width>
      <Height>16</Height>
      <ColorAdapter></ColorAdapter>
      <MaxCharacters>128</MaxCharacters>
      <Data>Showing Master Level 1</Data>
      <EndAligned>false</EndAligned>
      <TextCentered>false</TextCentered>
      <Adapter>master_window_title</Adapter>
    </LabelDef>

    <ButtonDef>
      <ControlId>Next</ControlId>
      <Position>
        <X>28</X>
        <Y>10</Y>
      </Position>
      <Alignment>
        <OffsetBottom>true</OffsetBottom>
      </Alignment>
      <TemplateName>button_arrow_right</TemplateName>
      <Label></Label>
      <onClickEvent>MasterLevelPageNext</onClickEvent>
    </ButtonDef>

    <ButtonDef>
      <ControlId>Previous</ControlId>
      <Position>
        <X>10</X>
        <Y>10</Y>
      </Position>
      <Alignment>
        <OffsetBottom>true</OffsetBottom>
      </Alignment>
      <TemplateName>button_arrow_left</TemplateName>
      <Label></Label>
      <onClickEvent>MasterLevelPagePrevious</onClickEvent>
    </ButtonDef>

    <ButtonDef>
      <ControlId>Previous</ControlId>
      <Position>
        <X>10</X>
        <Y>10</Y>
      </Position>
      <Alignment>
        <OffsetBottom>true</OffsetBottom>
        <OffsetRight>true</OffsetRight>
      </Alignment>
      <TemplateName>button_generic</TemplateName>
      <Label>Close</Label>
      <onClickEvent>ToggleMasterLevel</onClickEvent>
    </ButtonDef>

  </WindowTemplate>

</Root_Element>
