<?xml version="1.0" encoding="ISO-8859-1"?>
<Root_Element ID="DAOCUi">

<!-- @@ Edited with the DAoC User Interface Editor v1.80 -->
<!-- @@ Free download available at http://www.bradtownsend.com/daoced -->

  <!-- Coin Images -->

  <Texture>
    <Name>CoinImages_01</Name>
    <File>custom/assets/textures/CoinImages_01.tga</File>
  </Texture>

  <!-- Templates -->

  <ButtonTemplate>
    <Name>Button_Exp</Name>
    <Size>
      <X>150</X>
      <Y>16</Y>
    </Size>
    <Font>
      <Name>font_buttons</Name>
      <ColorNormal>
        <R>148</R>
        <G>111</G>
        <B>0</B>
        <A>255</A>
      </ColorNormal>
      <ColorPressed>
        <R>255</R>
        <G>197</G>
        <B>0</B>
        <A>255</A>
      </ColorPressed>
      <ColorHighlit>
        <R>192</R>
        <G>192</G>
        <B>192</B>
        <A>255</A>
      </ColorHighlit>
      <ColorDisabled>
        <R>128</R>
        <G>128</G>
        <B>128</B>
        <A>255</A>
      </ColorDisabled>
    </Font>
    <Texture>
      <TextureName>buttons_01</TextureName>
      <Normal>
        <X>1</X>
        <Y>240</Y>
      </Normal>
      <Pressed>
        <X>1</X>
        <Y>240</Y>
      </Pressed>
      <NormalHighlit>
        <X>1</X>
        <Y>240</Y>
      </NormalHighlit>
      <PressedHighlit>
        <X>1</X>
        <Y>240</Y>
      </PressedHighlit>
      <Disabled>
        <X>1</X>
        <Y>240</Y>
      </Disabled>
    </Texture>
  </ButtonTemplate>

  <ImageAreaTemplate>
    <Name>ImageArea_Coin_Mythril</Name>
    <TextureName>coinimages_01</TextureName>
    <Size>
      <X>24</X>
      <Y>17</Y>
    </Size>
    <TopLeft>
      <X>1</X>
      <Y>1</Y>
    </TopLeft>
  </ImageAreaTemplate>

  <ImageAreaTemplate>
    <Name>ImageArea_Coin_Platinum</Name>
    <TextureName>coinimages_01</TextureName>
    <Size>
      <X>24</X>
      <Y>17</Y>
    </Size>
    <TopLeft>
      <X>26</X>
      <Y>1</Y>
    </TopLeft>
  </ImageAreaTemplate>

  <ImageAreaTemplate>
    <Name>ImageArea_Coin_Gold</Name>
    <TextureName>coinimages_01</TextureName>
    <Size>
      <X>24</X>
      <Y>17</Y>
    </Size>
    <TopLeft>
      <X>50</X>
      <Y>1</Y>
    </TopLeft>
  </ImageAreaTemplate>

  <ImageAreaTemplate>
    <Name>ImageArea_Coin_Silver</Name>
    <TextureName>coinimages_01</TextureName>
    <Size>
      <X>24</X>
      <Y>17</Y>
    </Size>
    <TopLeft>
      <X>74</X>
      <Y>1</Y>
    </TopLeft>
  </ImageAreaTemplate>

  <ImageAreaTemplate>
    <Name>ImageArea_Coin_Copper</Name>
    <TextureName>coinimages_01</TextureName>
    <Size>
      <X>24</X>
      <Y>17</Y>
    </Size>
    <TopLeft>
      <X>98</X>
      <Y>1</Y>
    </TopLeft>
  </ImageAreaTemplate>

  <!-- Window Template -->

  <WindowTemplate>
    <Name>menu_bar_window</Name>
    <WindowId>menu_bar</WindowId>
    <CloseButton>true</CloseButton>
    <MoveButton>true</MoveButton>
    <TopRightResizeButton>false</TopRightResizeButton>
    <BottomRightResizeButton>false</BottomRightResizeButton>
    <BottomLeftResizeButton>false</BottomLeftResizeButton>
    <ResizeButtonOffsetX>0</ResizeButtonOffsetX>
    <ResizeButtonOffsetY>0</ResizeButtonOffsetY>
    <TitleWidth>100</TitleWidth>
    <TitleHeight>4</TitleHeight>
    <Width>1000</Width>
    <Height>26</Height>
    <ResizeableWidth>0</ResizeableWidth>
    <ResizeableHeight>0</ResizeableHeight>
    <ResizeableTwoWayWidth>0</ResizeableTwoWayWidth>
    <ResizeableTwoWayHeight>0</ResizeableTwoWayHeight>
    <MinWidth>0</MinWidth>
    <MinHeight>0</MinHeight>
    <ContextTemplateName></ContextTemplateName>

    <FullResizeImageDef>
      <ControlId>ImageBackground</ControlId>
      <Position>
        <X>0</X>
        <Y>0</Y>
      </Position>
      <Alignment>
      </Alignment>
      <TemplateName>fresizeimage_dlg_bg_small</TemplateName>
      <Width>1000</Width>
      <Height>26</Height>
    </FullResizeImageDef>

    <HorizontalResizeButtonDef>
      <ControlId></ControlId>
      <Position>
        <X>935</X>
        <Y>5</Y>
      </Position>
      <Alignment>
      </Alignment>
      <TemplateName>hresizebutton_generic</TemplateName>
      <Label>Menu</Label>
      <Width>60</Width>
      <onClickEvent>ToggleMainMenu</onClickEvent>
    </HorizontalResizeButtonDef>

    <HorizontalResizeButtonDef>
      <ControlId></ControlId>
      <Position>
        <X>335</X>
        <Y>5</Y>
      </Position>
      <Alignment>
      </Alignment>
      <TemplateName>hresizebutton_generic</TemplateName>
      <Label>Journal</Label>
      <Width>60</Width>
      <onClickEvent>ToggleJournal</onClickEvent>
    </HorizontalResizeButtonDef>

    <HorizontalResizeButtonDef>
      <ControlId></ControlId>
      <Position>
        <X>457</X>
        <Y>5</Y>
      </Position>
      <Alignment>
      </Alignment>
      <TemplateName>hresizebutton_generic</TemplateName>
      <Label>Warmap</Label>
      <Width>60</Width>
      <onClickEvent>ShowWarMap</onClickEvent>
    </HorizontalResizeButtonDef>

    <HorizontalResizeButtonDef>
      <ControlId></ControlId>
      <Position>
        <X>823</X>
        <Y>5</Y>
      </Position>
      <Alignment>
      </Alignment>
      <ToolTipID>23</ToolTipID>
      <TemplateName>hresizebutton_generic</TemplateName>
      <Label>Group</Label>
      <Width>60</Width>
      <onClickEvent>ToggleStatsGroup</onClickEvent>
    </HorizontalResizeButtonDef>

    <HorizontalResizeButtonDef>
      <ControlId></ControlId>
      <Position>
        <X>762</X>
        <Y>5</Y>
      </Position>
      <Alignment>
      </Alignment>
      <ToolTipID>21</ToolTipID>
      <TemplateName>hresizebutton_generic</TemplateName>
      <Label>Styles</Label>
      <Width>60</Width>
      <onClickEvent>ToggleStatsStyles</onClickEvent>
    </HorizontalResizeButtonDef>

    <HorizontalResizeButtonDef>
      <ControlId></ControlId>
      <Position>
        <X>701</X>
        <Y>5</Y>
      </Position>
      <Alignment>
      </Alignment>
      <ToolTipID>22</ToolTipID>
      <TemplateName>hresizebutton_generic</TemplateName>
      <Label>Spells</Label>
      <Width>60</Width>
      <onClickEvent>ToggleStatsSpells</onClickEvent>
    </HorizontalResizeButtonDef>

    <HorizontalResizeButtonDef>
      <ControlId></ControlId>
      <Position>
        <X>640</X>
        <Y>5</Y>
      </Position>
      <Alignment>
      </Alignment>
      <ToolTipID>20</ToolTipID>
      <TemplateName>hresizebutton_generic</TemplateName>
      <Label>Skills</Label>
      <Width>60</Width>
      <onClickEvent>ToggleStatsSkills</onClickEvent>
    </HorizontalResizeButtonDef>

    <HorizontalResizeButtonDef>
      <ControlId></ControlId>
      <Position>
        <X>396</X>
        <Y>5</Y>
      </Position>
      <Alignment>
      </Alignment>
      <TemplateName>hresizebutton_generic</TemplateName>
      <Label>Map</Label>
      <Width>60</Width>
      <onClickEvent>ToggleMap</onClickEvent>
    </HorizontalResizeButtonDef>

    <HorizontalResizeButtonDef>
      <ControlId></ControlId>
      <Position>
        <X>518</X>
        <Y>5</Y>
      </Position>
      <Alignment>
      </Alignment>
      <ToolTipID>18</ToolTipID>
      <TemplateName>hresizebutton_generic</TemplateName>
      <Label>Attributes</Label>
      <Width>60</Width>
      <onClickEvent>ToggleStatsAttributes</onClickEvent>
    </HorizontalResizeButtonDef>

    <HorizontalResizeButtonDef>
      <ControlId></ControlId>
      <Position>
        <X>579</X>
        <Y>5</Y>
      </Position>
      <Alignment>
      </Alignment>
      <ToolTipID>19</ToolTipID>
      <TemplateName>hresizebutton_generic</TemplateName>
      <Label>Inventory</Label>
      <Width>60</Width>
      <onClickEvent>ToggleStatsInventory</onClickEvent>
    </HorizontalResizeButtonDef>

    <StatusIconDef>
      <ControlId>2000</ControlId>
      <Position>
        <X>884</X>
        <Y>5</Y>
      </Position>
      <Alignment>
        <TopLeft>true</TopLeft>
      </Alignment>
      <TemplateName>statusicon_performance_small</TemplateName>
      <AdapterName>performance_meter</AdapterName>
    </StatusIconDef>

    <StatusIconDef>
      <ControlId>2001</ControlId>
      <Position>
        <X>901</X>
        <Y>5</Y>
      </Position>
      <Alignment>
        <TopLeft>true</TopLeft>
      </Alignment>
      <TemplateName>statusicon_performance_small</TemplateName>
      <AdapterName>lag_meter</AdapterName>
    </StatusIconDef>

    <StatusIconDef>
      <ControlId>2002</ControlId>
      <Position>
        <X>918</X>
        <Y>5</Y>
      </Position>
      <Alignment>
        <TopLeft>true</TopLeft>
      </Alignment>
      <TemplateName>statusicon_performance_small</TemplateName>
      <AdapterName>framerate_meter</AdapterName>
    </StatusIconDef>

    <StatusBarDef>
      <ControlId>1002</ControlId>
      <Position>
        <X>27</X>
        <Y>6</Y>
      </Position>
      <Alignment>
      </Alignment>
      <ToolTipID>32</ToolTipID>
      <TemplateName>statusbar_xp_blue</TemplateName>
      <AdapterName>summary_exp_coarse</AdapterName>
      <Width>128</Width>
    </StatusBarDef>

    <StatusBarDef>
      <ControlId>1003</ControlId>
      <Position>
        <X>27</X>
        <Y>18</Y>
      </Position>
      <Alignment>
      </Alignment>
      <ToolTipID>32</ToolTipID>
      <TemplateName>statusbar_blue_small</TemplateName>
      <AdapterName>summary_exp_fine</AdapterName>
      <Width>128</Width>
    </StatusBarDef>

    <ButtonDef>
      <ControlId>1001</ControlId>
      <Position>
        <X>6</X>
        <Y>5</Y>
      </Position>
      <Alignment>
        <TopLeft>true</TopLeft>
      </Alignment>
      <ToolTipID>32</ToolTipID>
      <LabelAlignment>
        <TopLeft>true</TopLeft>
      </LabelAlignment>
      <TemplateName>button_exp</TemplateName>
      <Label>Exp</Label>
      <onClickEvent>MenuBarToggleExp</onClickEvent>
    </ButtonDef>

    <LabelDef>
      <ControlId></ControlId>
      <Position>
        <X>308</X>
        <Y>10</Y>
      </Position>
      <Alignment>
      </Alignment>
      <Color>
        <R>255</R>
        <G>255</G>
        <B>255</B>
        <A>255</A>
      </Color>
      <FontName>font_buttons_small</FontName>
      <Width>27</Width>
      <Height>16</Height>
      <ColorAdapter></ColorAdapter>
      <MaxCharacters>128</MaxCharacters>
      <Data></Data>
      <EndAligned>false</EndAligned>
      <TextCentered>false</TextCentered>
      <Adapter>merchant_copper</Adapter>
    </LabelDef>

    <LabelDef>
      <ControlId></ControlId>
      <Position>
        <X>271</X>
        <Y>10</Y>
      </Position>
      <Alignment>
      </Alignment>
      <Color>
        <R>255</R>
        <G>255</G>
        <B>255</B>
        <A>255</A>
      </Color>
      <FontName>font_buttons_small</FontName>
      <Width>27</Width>
      <Height>16</Height>
      <ColorAdapter></ColorAdapter>
      <MaxCharacters>128</MaxCharacters>
      <Data></Data>
      <EndAligned>false</EndAligned>
      <TextCentered>false</TextCentered>
      <Adapter>merchant_silver</Adapter>
    </LabelDef>

    <LabelDef>
      <ControlId></ControlId>
      <Position>
        <X>224</X>
        <Y>10</Y>
      </Position>
      <Alignment>
      </Alignment>
      <Color>
        <R>255</R>
        <G>255</G>
        <B>255</B>
        <A>255</A>
      </Color>
      <FontName>font_buttons_small</FontName>
      <Width>35</Width>
      <Height>16</Height>
      <ColorAdapter></ColorAdapter>
      <MaxCharacters>128</MaxCharacters>
      <Data></Data>
      <EndAligned>false</EndAligned>
      <TextCentered>false</TextCentered>
      <Adapter>merchant_gold</Adapter>
    </LabelDef>

    <LabelDef>
      <ControlId></ControlId>
      <Position>
        <X>178</X>
        <Y>10</Y>
      </Position>
      <Alignment>
      </Alignment>
      <Color>
        <R>255</R>
        <G>255</G>
        <B>255</B>
        <A>255</A>
      </Color>
      <FontName>font_buttons_small</FontName>
      <Width>35</Width>
      <Height>16</Height>
      <ColorAdapter></ColorAdapter>
      <MaxCharacters>128</MaxCharacters>
      <Data></Data>
      <EndAligned>false</EndAligned>
      <TextCentered>false</TextCentered>
      <Adapter>merchant_platinum</Adapter>
    </LabelDef>

    <ImageAreaDef>
      <ControlId></ControlId>
      <Position>
        <X>290</X>
        <Y>0</Y>
      </Position>
      <Alignment>
      </Alignment>
      <TemplateName>imagearea_coin_copper</TemplateName>
    </ImageAreaDef>

    <ImageAreaDef>
      <ControlId></ControlId>
      <Position>
        <X>252</X>
        <Y>0</Y>
      </Position>
      <Alignment>
        <TopLeft>true</TopLeft>
      </Alignment>
      <TemplateName>imagearea_coin_silver</TemplateName>
    </ImageAreaDef>

    <ImageAreaDef>
      <ControlId></ControlId>
      <Position>
        <X>203</X>
        <Y>0</Y>
      </Position>
      <Alignment>
      </Alignment>
      <TemplateName>imagearea_coin_gold</TemplateName>
    </ImageAreaDef>

    <ImageAreaDef>
      <ControlId></ControlId>
      <Position>
        <X>156</X>
        <Y>0</Y>
      </Position>
      <Alignment>
      </Alignment>
      <TemplateName>imagearea_coin_platinum</TemplateName>
    </ImageAreaDef>

  </WindowTemplate>

</Root_Element>
