<?xml version="1.0" encoding="ISO-8859-1"?>
<Root_Element ID="DAOCUi">

<!-- @@ Edited with the DAoC User Interface Editor v1.79 -->
<!-- @@ Free download available at http://www.bradtownsend.com/daoced -->

  <WindowTemplate>
    <Name>merchant</Name>
    <WindowId>Merchant</WindowId>
    <CloseButton>true</CloseButton>
    <MoveButton>true</MoveButton>
    <TopRightResizeButton>false</TopRightResizeButton>
    <BottomRightResizeButton>true</BottomRightResizeButton>
    <BottomLeftResizeButton>true</BottomLeftResizeButton>
    <ResizeButtonOffsetX>0</ResizeButtonOffsetX>
    <ResizeButtonOffsetY>0</ResizeButtonOffsetY>
    <TitleWidth>310</TitleWidth>
    <TitleHeight>27</TitleHeight>
    <Width>310</Width>
    <Height>406</Height>
    <ResizeableWidth>5</ResizeableWidth>
    <ResizeableHeight>5</ResizeableHeight>
    <ResizeableTwoWayWidth>0</ResizeableTwoWayWidth>
    <ResizeableTwoWayHeight>0</ResizeableTwoWayHeight>
    <MinWidth>310</MinWidth>
    <MinHeight>406</MinHeight>

    <!-- Background Image -->

    <FullResizeImageDef>
      <ControlId>Background</ControlId>
      <Position>
        <X>0</X>
        <Y>0</Y>
      </Position>
      <Alignment>
        <GrowWidth>true</GrowWidth>
        <GrowHeight>true</GrowHeight>
      </Alignment>
      <TemplateName>fresizeimage_dlg_bg</TemplateName>
      <Width>310</Width>
      <Height>406</Height>
    </FullResizeImageDef>

    <!-- Title -->

    <LabelDef>
      <ControlId>1006</ControlId>
      <Position>
        <X>0</X>
        <Y>11</Y>
      </Position>
      <Alignment>
        <GrowWidth>true</GrowWidth>
      </Alignment>
      <Color>
        <R>255</R>
        <G>192</G>
        <B>0</B>
        <A>255</A>
      </Color>
      <FontName>font_titles</FontName>
      <Width>310</Width>
      <Height>17</Height>
      <ColorAdapter></ColorAdapter>
      <MaxCharacters>128</MaxCharacters>
      <Data>Merchant</Data>
      <EndAligned>false</EndAligned>
      <TextCentered>true</TextCentered>
      <Adapter>merchant_title</Adapter>
    </LabelDef>

    <!-- Personal Coin controls -->

    <HorizontalResizeImageDef>
      <ControlId></ControlId>
      <Position>
        <X>10</X>
        <Y>27</Y>
      </Position>
      <Alignment>
        <GrowWidth>true</GrowWidth>
      </Alignment>
      <TemplateName>hresizeimage_listbox_row_bg</TemplateName>
      <Width>290</Width>
    </HorizontalResizeImageDef>

    <LabelDef>
      <ControlId></ControlId>
      <Position>
        <X>12</X>
        <Y>28</Y>
      </Position>
      <Alignment>
      </Alignment>
      <Color>
        <R>192</R>
        <G>192</G>
        <B>192</B>
        <A>255</A>
      </Color>
      <FontName>font_headings</FontName>
      <Width>100</Width>
      <Height>16</Height>
      <ColorAdapter></ColorAdapter>
      <MaxCharacters>16</MaxCharacters>
      <Data>Personal Coins:</Data>
      <EndAligned>false</EndAligned>
      <TextCentered>false</TextCentered>
      <Adapter></Adapter>
    </LabelDef>

    <LabelDef>
      <ControlId></ControlId>
      <Position>
        <X>138</X>
        <Y>27</Y>
      </Position>
      <Alignment>
        <OffsetRight>true</OffsetRight>
      </Alignment>
      <Color>
        <R>192</R>
        <G>192</G>
        <B>192</B>
        <A>255</A>
      </Color>
      <FontName>font_buttons</FontName>
      <Width>35</Width>
      <Height>16</Height>
      <ColorAdapter></ColorAdapter>
      <MaxCharacters>128</MaxCharacters>
      <Data>P:999</Data>
      <EndAligned>false</EndAligned>
      <TextCentered>true</TextCentered>
      <Adapter>merchant_platinum</Adapter>
    </LabelDef>

    <LabelDef>
      <ControlId></ControlId>
      <Position>
        <X>96</X>
        <Y>27</Y>
      </Position>
      <Alignment>
        <OffsetRight>true</OffsetRight>
      </Alignment>
      <Color>
        <R>192</R>
        <G>192</G>
        <B>192</B>
        <A>255</A>
      </Color>
      <FontName>font_buttons</FontName>
      <Width>35</Width>
      <Height>16</Height>
      <ColorAdapter></ColorAdapter>
      <MaxCharacters>128</MaxCharacters>
      <Data>G:999</Data>
      <EndAligned>false</EndAligned>
      <TextCentered>true</TextCentered>
      <Adapter>merchant_gold</Adapter>
    </LabelDef>

    <LabelDef>
      <ControlId></ControlId>
      <Position>
        <X>57</X>
        <Y>27</Y>
      </Position>
      <Alignment>
        <OffsetRight>true</OffsetRight>
      </Alignment>
      <Color>
        <R>192</R>
        <G>192</G>
        <B>192</B>
        <A>255</A>
      </Color>
      <FontName>font_buttons</FontName>
      <Width>35</Width>
      <Height>16</Height>
      <ColorAdapter></ColorAdapter>
      <MaxCharacters>128</MaxCharacters>
      <Data>S:999</Data>
      <EndAligned>false</EndAligned>
      <TextCentered>true</TextCentered>
      <Adapter>merchant_silver</Adapter>
    </LabelDef>

    <LabelDef>
      <ControlId></ControlId>
      <Position>
        <X>18</X>
        <Y>27</Y>
      </Position>
      <Alignment>
        <OffsetRight>true</OffsetRight>
      </Alignment>
      <Color>
        <R>192</R>
        <G>192</G>
        <B>192</B>
        <A>255</A>
      </Color>
      <FontName>font_buttons</FontName>
      <Width>35</Width>
      <Height>16</Height>
      <ColorAdapter></ColorAdapter>
      <MaxCharacters>128</MaxCharacters>
      <Data>C:999</Data>
      <EndAligned>false</EndAligned>
      <TextCentered>true</TextCentered>
      <Adapter>merchant_copper</Adapter>
    </LabelDef>

    <!-- Merchant Listbox -->

    <ListBoxDef>
      <ControlId>1005</ControlId>
      <Position>
        <X>10</X>
        <Y>43</Y>
      </Position>
      <Alignment>
        <GrowWidth>true</GrowWidth>
        <GrowHeight>true</GrowHeight>
      </Alignment>
      <Width>290</Width>
      <Height>311</Height>
      <TemplateName>listbox_generic</TemplateName>
      <AdapterName>merchant_page0</AdapterName>
      <Sorting>false</Sorting>
      <Columns>2</Columns>
      <IconTemplate>plain_icon_small</IconTemplate>
      <ShowIndicator>false</ShowIndicator>
      <ShowDefaultToolTips>false</ShowDefaultToolTips>
      <OnHeaderClickEvent></OnHeaderClickEvent>
      <OnClickEvent></OnClickEvent>
    </ListBoxDef>

    <!--Quantity Select controls-->

    <ButtonDef>
      <ControlId>1007 - Left</ControlId>
      <Position>
        <X>10</X>
        <Y>31</Y>
      </Position>
      <Alignment>
        <OffsetBottom>true</OffsetBottom>
      </Alignment>
      <TemplateName>button_arrow_left</TemplateName>
      <Label></Label>
      <onClickEvent></onClickEvent>
    </ButtonDef>

    <ButtonDef>
      <ControlId>1008 - Right</ControlId>
      <Position>
        <X>28</X>
        <Y>31</Y>
      </Position>
      <Alignment>
        <OffsetBottom>true</OffsetBottom>
      </Alignment>
      <TemplateName>button_arrow_right</TemplateName>
      <Label></Label>
      <onClickEvent></onClickEvent>
    </ButtonDef>

    <LabelDef>
      <ControlId></ControlId>
      <Position>
        <X>50</X>
        <Y>31</Y>
      </Position>
      <Alignment>
        <OffsetBottom>true</OffsetBottom>
      </Alignment>
      <Color>
        <R>192</R>
        <G>192</G>
        <B>192</B>
        <A>255</A>
      </Color>
      <FontName>font_buttons</FontName>
      <Width>50</Width>
      <Height>16</Height>
      <ColorAdapter></ColorAdapter>
      <MaxCharacters>128</MaxCharacters>
      <Data>Quantity:</Data>
      <EndAligned>false</EndAligned>
      <TextCentered>false</TextCentered>
      <Adapter></Adapter>
    </LabelDef>

    <LabelDef>
      <ControlId></ControlId>
      <Position>
        <X>105</X>
        <Y>31</Y>
      </Position>
      <Alignment>
        <OffsetBottom>true</OffsetBottom>
      </Alignment>
      <Color>
        <R>192</R>
        <G>192</G>
        <B>192</B>
        <A>255</A>
      </Color>
      <FontName>font_buttons</FontName>
      <Width>25</Width>
      <Height>16</Height>
      <ColorAdapter></ColorAdapter>
      <MaxCharacters>4</MaxCharacters>
      <Data>10 x 20</Data>
      <EndAligned>false</EndAligned>
      <TextCentered>false</TextCentered>
      <Adapter>merchant_quantity</Adapter>
    </LabelDef>

    <!-- Page Select controls -->

    <LabelDef>
      <ControlId></ControlId>
      <Position>
        <X>45</X>
        <Y>31</Y>
      </Position>
      <Alignment>
        <OffsetBottom>true</OffsetBottom>
        <OffsetRight>true</OffsetRight>
      </Alignment>
      <Color>
        <R>192</R>
        <G>192</G>
        <B>192</B>
        <A>255</A>
      </Color>
      <FontName>font_buttons</FontName>
      <Width>70</Width>
      <Height>16</Height>
      <ColorAdapter></ColorAdapter>
      <MaxCharacters>16</MaxCharacters>
      <Data>Page 1 of 1</Data>
      <EndAligned>false</EndAligned>
      <TextCentered>false</TextCentered>
      <Adapter>merchant_page_display</Adapter>
    </LabelDef>

    <ButtonDef>
      <ControlId>1000 - Left</ControlId>
      <Position>
        <X>28</X>
        <Y>31</Y>
      </Position>
      <Alignment>
        <OffsetBottom>true</OffsetBottom>
        <OffsetRight>true</OffsetRight>
      </Alignment>
      <TemplateName>button_arrow_left</TemplateName>
      <Label></Label>
      <onClickEvent></onClickEvent>
    </ButtonDef>

    <ButtonDef>
      <ControlId>1001 - Right</ControlId>
      <Position>
        <X>10</X>
        <Y>31</Y>
      </Position>
      <Alignment>
        <OffsetBottom>true</OffsetBottom>
        <OffsetRight>true</OffsetRight>
      </Alignment>
      <TemplateName>button_arrow_right</TemplateName>
      <Label></Label>
      <onClickEvent></onClickEvent>
    </ButtonDef>

    <!-- Quantity Keep Button -->

    <CheckBoxDef>
      <ControlId>1009</ControlId>
      <Position>
        <X>10</X>
        <Y>10</Y>
      </Position>
      <Alignment>
        <OffsetBottom>true</OffsetBottom>
      </Alignment>
      <TemplateName>checkbox_generic</TemplateName>
      <AdapterName></AdapterName>
      <TextAdapterName></TextAdapterName>
      <Data>Keep Quantity</Data>
      <LabelWidth>100</LabelWidth>
      <OnClickEvent></OnClickEvent>
    </CheckBoxDef>

    <!-- Buy/Sell/Appraise Buttons -->

    <ButtonDef>
      <ControlId>1002</ControlId>
      <Position>
        <X>134</X>
        <Y>10</Y>
      </Position>
      <Alignment>
        <OffsetBottom>true</OffsetBottom>
        <OffsetRight>true</OffsetRight>
      </Alignment>
      <TemplateName>button_generic</TemplateName>
      <Label>Buy</Label>
      <onClickEvent></onClickEvent>
    </ButtonDef>

    <ButtonDef>
      <ControlId>1003</ControlId>
      <Position>
        <X>72</X>
        <Y>10</Y>
      </Position>
      <Alignment>
        <OffsetBottom>true</OffsetBottom>
        <OffsetRight>true</OffsetRight>
      </Alignment>
      <TemplateName>button_generic</TemplateName>
      <Label>Sell</Label>
      <onClickEvent></onClickEvent>
    </ButtonDef>

    <ButtonDef>
      <ControlId>1004</ControlId>
      <Position>
        <X>10</X>
        <Y>10</Y>
      </Position>
      <Alignment>
        <OffsetBottom>true</OffsetBottom>
        <OffsetRight>true</OffsetRight>
      </Alignment>
      <TemplateName>button_generic</TemplateName>
      <Label>Appraise</Label>
      <onClickEvent></onClickEvent>
    </ButtonDef>

  </WindowTemplate>

</Root_Element>
