<?xml version="1.0" encoding="ISO-8859-1"?>
<Root_Element ID="DAOCUi">

<!-- @@ Edited with the DAoC User Interface Editor v1.78 -->
<!-- @@ Free download available at http://www.bradtownsend.com/daoced -->

  <WindowTemplate>
    <Name>mini_pet</Name>
    <WindowId>Mini Pet</WindowId>
    <CloseButton>true</CloseButton>
    <MoveButton>true</MoveButton>
    <TopRightResizeButton>false</TopRightResizeButton>
    <BottomRightResizeButton>false</BottomRightResizeButton>
    <BottomLeftResizeButton>false</BottomLeftResizeButton>
    <ResizeButtonOffsetX>0</ResizeButtonOffsetX>
    <ResizeButtonOffsetY>0</ResizeButtonOffsetY>
    <TitleWidth>160</TitleWidth>
    <TitleHeight>5</TitleHeight>
    <Width>160</Width>
    <Height>162</Height>
    <ResizeableWidth>0</ResizeableWidth>
    <ResizeableHeight>0</ResizeableHeight>
    <ResizeableTwoWayWidth>0</ResizeableTwoWayWidth>
    <ResizeableTwoWayHeight>0</ResizeableTwoWayHeight>
    <MinWidth>160</MinWidth>
    <MinHeight>162</MinHeight>

    <!-- Background Image -->

    <FullResizeImageDef>
      <ControlId>Background</ControlId>
      <Position>
        <X>0</X>
        <Y>0</Y>
      </Position>
      <Alignment>
        <GrowWidth>true</GrowWidth>
        <GrowHeight>true</GrowHeight>
      </Alignment>
      <TemplateName>fresizeimage_dlg_bg</TemplateName>
      <Width>160</Width>
      <Height>162</Height>
    </FullResizeImageDef>

    <!-- Interior Image -->

    <FullResizeImageDef>
      <ControlId></ControlId>
      <Position>
        <X>10</X>
        <Y>27</Y>
      </Position>
      <Alignment>
      </Alignment>
      <TemplateName>fresizeimage_dlg_interior</TemplateName>
      <Width>140</Width>
      <Height>104</Height>
    </FullResizeImageDef>

    <!-- Title -->

    <LabelDef>
      <ControlId></ControlId>
      <Position>
        <X>10</X>
        <Y>11</Y>
      </Position>
      <Alignment>
      </Alignment>
      <Color>
        <R>255</R>
        <G>192</G>
        <B>0</B>
        <A>255</A>
      </Color>
      <FontName>font_titles</FontName>
      <Width>140</Width>
      <Height>17</Height>
      <ColorAdapter></ColorAdapter>
      <MaxCharacters>64</MaxCharacters>
      <Data></Data>
      <EndAligned>false</EndAligned>
      <TextCentered>true</TextCentered>
      <Adapter>mini_pet_title</Adapter>
    </LabelDef>

    <!-- Invisible Pet Select Button -->

    <InvisibleButtonDef>
      <ControlId>1009</ControlId>
      <Position>
        <X>10</X>
        <Y>11</Y>
      </Position>
      <Alignment>
      </Alignment>
      <Label></Label>
      <OnClickEvent>PetTarget</OnClickEvent>
      <Width>140</Width>
      <Height>18</Height>
    </InvisibleButtonDef>

    <!-- Pet Health -->

    <StatusBarDef>
      <ControlId></ControlId>
      <Position>
        <X>35</X>
        <Y>34</Y>
      </Position>
      <Alignment>        
      </Alignment>
      <TemplateName>statusbar_red</TemplateName>
      <AdapterName>mini_pet_life</AdapterName>
      <Width>90</Width>
    </StatusBarDef>

    <!-- Pet Combat Posture -->

    <CheckBoxDef>
      <ControlId>1000</ControlId>
      <Position>
        <X>18</X>
        <Y>47</Y>
      </Position>
      <Alignment>
      </Alignment>
      <TemplateName>checkbox_generic</TemplateName>
      <AdapterName>mini_pet_combat0</AdapterName>
      <TextAdapterName></TextAdapterName>
      <Data>Aggro</Data>
      <LabelWidth>50</LabelWidth>
      <OnClickEvent></OnClickEvent>
    </CheckBoxDef>

    <CheckBoxDef>
      <ControlId>1002</ControlId>
      <Position>
        <X>18</X>
        <Y>62</Y>
      </Position>
      <Alignment>
      </Alignment>
      <TemplateName>checkbox_generic</TemplateName>
      <AdapterName>mini_pet_combat2</AdapterName>
      <TextAdapterName></TextAdapterName>
      <Data>Passive</Data>
      <LabelWidth>50</LabelWidth>
      <OnClickEvent></OnClickEvent>
    </CheckBoxDef>

    <CheckBoxDef>
      <ControlId>1001</ControlId>
      <Position>
        <X>18</X>
        <Y>77</Y>
      </Position>
      <Alignment>
      </Alignment>
      <TemplateName>checkbox_generic</TemplateName>
      <AdapterName>mini_pet_combat1</AdapterName>
      <TextAdapterName></TextAdapterName>
      <Data>Defense</Data>
      <LabelWidth>50</LabelWidth>
      <OnClickEvent></OnClickEvent>
    </CheckBoxDef>

    <!-- Pet Movement -->

    <CheckBoxDef>
      <ControlId>1005</ControlId>
      <Position>
        <X>85</X>
        <Y>47</Y>
      </Position>
      <Alignment>
      </Alignment>
      <TemplateName>checkbox_generic</TemplateName>
      <AdapterName>mini_pet_movement2</AdapterName>
      <TextAdapterName></TextAdapterName>
      <Data>Go</Data>
      <LabelWidth>50</LabelWidth>
      <OnClickEvent></OnClickEvent>
    </CheckBoxDef>

    <CheckBoxDef>
      <ControlId>1004</ControlId>
      <Position>
        <X>85</X>
        <Y>62</Y>
      </Position>
      <Alignment>
      </Alignment>
      <TemplateName>checkbox_generic</TemplateName>
      <AdapterName>mini_pet_movement1</AdapterName>
      <TextAdapterName></TextAdapterName>
      <Data>Stay</Data>
      <LabelWidth>50</LabelWidth>
      <OnClickEvent></OnClickEvent>
    </CheckBoxDef>

    <CheckBoxDef>
      <ControlId>1003</ControlId>
      <Position>
        <X>85</X>
        <Y>92</Y>
      </Position>
      <Alignment>
      </Alignment>
      <TemplateName>checkbox_generic</TemplateName>
      <AdapterName>mini_pet_movement0</AdapterName>
      <TextAdapterName></TextAdapterName>
      <Data>Follow</Data>
      <LabelWidth>50</LabelWidth>
      <OnClickEvent></OnClickEvent>
    </CheckBoxDef>

    <CheckBoxDef>
      <ControlId>1006</ControlId>
      <Position>
        <X>85</X>
        <Y>77</Y>
      </Position>
      <Alignment>
      </Alignment>
      <TemplateName>checkbox_generic</TemplateName>
      <AdapterName>mini_pet_movement3</AdapterName>
      <TextAdapterName></TextAdapterName>
      <Data>Here</Data>
      <LabelWidth>50</LabelWidth>
      <OnClickEvent></OnClickEvent>
    </CheckBoxDef>

    <!-- Pet Buffs -->

    <IconDef>
      <ControlId></ControlId>
      <Position>
        <X>17</X>
        <Y>109</Y>
      </Position>
      <Alignment>
      </Alignment>
      <TemplateName>icon_generic_small</TemplateName>
      <AdapterName>mini_pet_effect0</AdapterName>
      <IconId>0</IconId>
      <Data></Data>
      <OnClickEvent></OnClickEvent>
      <StateAdapterName></StateAdapterName>
      <LabelAdapterName></LabelAdapterName>
      <HideLabel>1</HideLabel>
    </IconDef>

    <IconDef>
      <ControlId></ControlId>
      <Position>
        <X>39</X>
        <Y>109</Y>
      </Position>
      <Alignment>
      </Alignment>
      <TemplateName>icon_generic_small</TemplateName>
      <AdapterName>mini_pet_effect1</AdapterName>
      <IconId>0</IconId>
      <Data></Data>
      <OnClickEvent></OnClickEvent>
      <StateAdapterName></StateAdapterName>
      <LabelAdapterName></LabelAdapterName>
      <HideLabel>1</HideLabel>
    </IconDef>

    <IconDef>
      <ControlId></ControlId>
      <Position>
        <X>61</X>
        <Y>109</Y>
      </Position>
      <Alignment>
      </Alignment>
      <TemplateName>icon_generic_small</TemplateName>
      <AdapterName>mini_pet_effect2</AdapterName>
      <IconId>0</IconId>
      <Data></Data>
    </IconDef>

    <IconDef>
      <ControlId></ControlId>
      <Position>
        <X>83</X>
        <Y>109</Y>
      </Position>
      <Alignment>
      </Alignment>
      <TemplateName>icon_generic_small</TemplateName>
      <AdapterName>mini_pet_effect3</AdapterName>
      <IconId>0</IconId>
      <Data></Data>
    </IconDef>

    <IconDef>
      <ControlId></ControlId>
      <Position>
        <X>105</X>
        <Y>109</Y>
      </Position>
      <Alignment>
      </Alignment>
      <TemplateName>icon_generic_small</TemplateName>
      <AdapterName>mini_pet_effect4</AdapterName>
      <IconId>0</IconId>
      <Data></Data>
    </IconDef>

    <IconDef>
      <ControlId></ControlId>
      <Position>
        <X>127</X>
        <Y>109</Y>
      </Position>
      <Alignment>
      </Alignment>
      <TemplateName>icon_generic_small</TemplateName>
      <AdapterName>mini_pet_effect5</AdapterName>
      <IconId>0</IconId>
      <Data></Data>
    </IconDef>

    <!-- Attack/Release Buttons -->

    <ButtonDef>
      <ControlId>1007</ControlId>
      <Position>
        <X>10</X>
        <Y>10</Y>
      </Position>
      <Alignment>
        <OffsetBottom>true</OffsetBottom>
      </Alignment>
      <TemplateName>button_generic</TemplateName>
      <Label>Attack</Label>
      <onClickEvent>PetAttack</onClickEvent>
    </ButtonDef>

    <ButtonDef>
      <ControlId>1008</ControlId>
      <Position>
        <X>10</X>
        <Y>10</Y>
      </Position>
      <Alignment>
        <OffsetBottom>true</OffsetBottom>
        <OffsetRight>true</OffsetRight>
      </Alignment>
      <TemplateName>button_generic</TemplateName>
      <Label>Release</Label>
      <onClickEvent>PetRelease</onClickEvent>
    </ButtonDef>

  </WindowTemplate>

</Root_Element>
