<?xml version="1.0" encoding="ISO-8859-1"?>
<Root_Element ID="DAOCUi">

<!-- @@ Edited with the DAoC User Interface Editor v1.77b -->
<!-- @@ Free download available at http://www.bradtownsend.com/daoced -->

  <!-- Load Textures -->
  <Texture>
    <Name>MiniGroupHealthImage</Name>
    <File>custom/assets/textures/MiniGroupImages_Health_01.tga</File>
  </Texture>

  <!--Define Templatess -->
  <StatusIconTemplate>
    <Name>StatusIcon_MiniGroup_Health</Name>
    <TextureName>minigrouphealthimage</TextureName>
    <TextureStart>
      <X>4</X>
      <Y>0</Y>
    </TextureStart>
    <Width>120</Width>
    <Height>10</Height>
    <MaxLevels>101</MaxLevels>
    <Horizontal>false</Horizontal>
  </StatusIconTemplate>

  <!-- Load Window -->
  <WindowTemplate>
    <Name>mini_group</Name>
    <WindowId>MiniGroup</WindowId>
    <CloseButton>false</CloseButton>
    <MoveButton>false</MoveButton>
    <TopRightResizeButton>false</TopRightResizeButton>
    <BottomRightResizeButton>true</BottomRightResizeButton>
    <BottomLeftResizeButton>true</BottomLeftResizeButton>
    <ResizeButtonOffsetX>0</ResizeButtonOffsetX>
    <ResizeButtonOffsetY>0</ResizeButtonOffsetY>
    <TitleWidth>0</TitleWidth>
    <TitleHeight>0</TitleHeight>
    <Width>400</Width>
    <Height>53</Height>
    <ResizeableWidth>0</ResizeableWidth>
    <ResizeableHeight>0</ResizeableHeight>
    <ResizeableTwoWayWidth>0</ResizeableTwoWayWidth>
    <ResizeableTwoWayHeight>0</ResizeableTwoWayHeight>
    <MinWidth>400</MinWidth>
    <MinHeight>14</MinHeight>

    <!-- Background Image -->

    <ButtonDef>
      <ControlId></ControlId>
      <Position>
        <X>0</X>
        <Y>0</Y>
      </Position>
      <Alignment>
        <GrowWidth>true</GrowWidth>
        <GrowHeight>true</GrowHeight>
      </Alignment>
      <TemplateName>button_minigroup_horiz_bg</TemplateName>
      <Label></Label>
      <onClickEvent></onClickEvent>
    </ButtonDef>

    <!-- Group Member 0 -->

    <StatusIconDef>
      <ControlId></ControlId>
      <Position>
        <X>3</X>
        <Y>3</Y>
      </Position>
      <Alignment>
      </Alignment>
      <TemplateName>statusicon_minigroup_player1</TemplateName>
      <AdapterName>group_health0</AdapterName>
    </StatusIconDef>

    <StatusIconDef>
      <ControlId></ControlId>
      <Position>
        <X>12</X>
        <Y>1</Y>
      </Position>
      <Alignment>
      </Alignment>
      <TemplateName>statusicon_minigroup_bg</TemplateName>
      <AdapterName>group_health0</AdapterName>
    </StatusIconDef>

    <StatusIconDef>
      <ControlId></ControlId>
      <Position>
        <X>13</X>
        <Y>2</Y>
      </Position>
      <Alignment>
      </Alignment>
      <TemplateName>statusicon_minigroup_health</TemplateName>
      <AdapterName>group_health0</AdapterName>
    </StatusIconDef>

    <StatusBarDef>
      <ControlId></ControlId>
      <Position>
        <X>136</X>
        <Y>2</Y>
      </Position>
      <Alignment>
      </Alignment>
      <TemplateName>statusbar_minigroup_end</TemplateName>
      <AdapterName>group_endurance0</AdapterName>
      <Width>29</Width>
    </StatusBarDef>

    <StatusBarDef>
      <ControlId></ControlId>
      <Position>
        <X>168</X>
        <Y>2</Y>
      </Position>
      <Alignment>
      </Alignment>
      <TemplateName>statusbar_minigroup_pwr</TemplateName>
      <AdapterName>group_power0</AdapterName>
      <Width>29</Width>
    </StatusBarDef>

    <ScalarLabelDef>
      <ControlId></ControlId>
      <Position>
        <X>15</X>
        <Y>-1</Y>
      </Position>
      <Alignment>
      </Alignment>
      <FontName>font_transparentbold</FontName>
      <Adapter>group_health0</Adapter>
      <ColorAdapter>group_color0</ColorAdapter>
      <Width>25</Width>
      <Height>16</Height>
      <MaxCharacters>4</MaxCharacters>
      <Color>
        <R>255</R>
        <G>255</G>
        <B>255</B>
        <A>255</A>
      </Color>
      <Data></Data>
      <EndAligned>false</EndAligned>
      <TextCentered>false</TextCentered>
      <DontDrawWhenZero>true</DontDrawWhenZero>
      <DontDrawWhenNegOne>true</DontDrawWhenNegOne>    
	</ScalarLabelDef>

    <LabelDef>
      <ControlId></ControlId>
      <Position>
        <X>45</X>
        <Y>-1</Y>
      </Position>
      <Alignment>
      </Alignment>
      <Color>
        <R>255</R>
        <G>255</G>
        <B>255</B>
        <A>255</A>
      </Color>
      <FontName>font_transparent</FontName>
      <Width>85</Width>
      <Height>16</Height>
      <ColorAdapter>group_color0</ColorAdapter>
      <MaxCharacters>50</MaxCharacters>
      <Data></Data>
      <EndAligned>false</EndAligned>
      <TextCentered>false</TextCentered>
      <Adapter>group_name0</Adapter>
    </LabelDef>

    <ScalarLabelDef>
      <ControlId></ControlId>
      <Position>
        <X>136</X>
        <Y>-1</Y>
      </Position>
      <Alignment>
      </Alignment>
      <FontName>font_transparentbold</FontName>
      <Adapter>group_endurance0</Adapter>
      <ColorAdapter>group_color0</ColorAdapter>
      <Width>29</Width>
      <Height>16</Height>
      <MaxCharacters>4</MaxCharacters>
      <Color>
        <R>255</R>
        <G>255</G>
        <B>255</B>
        <A>255</A>
      </Color>
      <Data></Data>
      <EndAligned>false</EndAligned>
      <TextCentered>true</TextCentered>
      <DontDrawWhenZero>true</DontDrawWhenZero>
      <DontDrawWhenNegOne>true</DontDrawWhenNegOne>    
	</ScalarLabelDef>

    <ScalarLabelDef>
      <ControlId></ControlId>
      <Position>
        <X>168</X>
        <Y>-1</Y>
      </Position>
      <Alignment>
      </Alignment>
      <FontName>font_transparentbold</FontName>
      <Adapter>group_power0</Adapter>
      <ColorAdapter>group_color0</ColorAdapter>
      <Width>29</Width>
      <Height>16</Height>
      <MaxCharacters>4</MaxCharacters>
      <Color>
        <R>255</R>
        <G>255</G>
        <B>255</B>
        <A>255</A>
      </Color>
      <Data></Data>
      <EndAligned>false</EndAligned>
      <TextCentered>true</TextCentered>
      <DontDrawWhenZero>true</DontDrawWhenZero>
      <DontDrawWhenNegOne>true</DontDrawWhenNegOne>    
	</ScalarLabelDef>

    <ButtonDef>
      <ControlId></ControlId>
      <Position>
        <X>0</X>
        <Y>0</Y>
      </Position>
      <Alignment>
      </Alignment>
      <TemplateName>button_minigroupselect</TemplateName>
      <Label></Label>
      <onClickEvent>SelectGroupMember0</onClickEvent>
    </ButtonDef>

    <!-- Group Member 1 -->

    <StatusIconDef>
      <ControlId></ControlId>
      <Position>
        <X>389</X>
        <Y>3</Y>
      </Position>
      <Alignment>
      </Alignment>
      <TemplateName>statusicon_minigroup_player2</TemplateName>
      <AdapterName>group_health1</AdapterName>
    </StatusIconDef>

    <StatusIconDef>
      <ControlId></ControlId>
      <Position>
        <X>202</X>
        <Y>1</Y>
      </Position>
      <Alignment>
      </Alignment>
      <TemplateName>statusicon_minigroup_bg</TemplateName>
      <AdapterName>group_health1</AdapterName>
    </StatusIconDef>

    <StatusIconDef>
      <ControlId></ControlId>
      <Position>
        <X>203</X>
        <Y>2</Y>
      </Position>
      <Alignment>
      </Alignment>
      <TemplateName>statusicon_minigroup_health</TemplateName>
      <AdapterName>group_health1</AdapterName>
    </StatusIconDef>

    <StatusBarDef>
      <ControlId></ControlId>
      <Position>
        <X>326</X>
        <Y>2</Y>
      </Position>
      <Alignment>
      </Alignment>
      <TemplateName>statusbar_minigroup_end</TemplateName>
      <AdapterName>group_endurance1</AdapterName>
      <Width>29</Width>
    </StatusBarDef>

    <StatusBarDef>
      <ControlId></ControlId>
      <Position>
        <X>358</X>
        <Y>2</Y>
      </Position>
      <Alignment>
      </Alignment>
      <TemplateName>statusbar_minigroup_pwr</TemplateName>
      <AdapterName>group_power1</AdapterName>
      <Width>29</Width>
    </StatusBarDef>

    <ScalarLabelDef>
      <ControlId></ControlId>
      <Position>
        <X>205</X>
        <Y>-1</Y>
      </Position>
      <Alignment>
      </Alignment>
      <FontName>font_transparentbold</FontName>
      <Adapter>group_health1</Adapter>
      <ColorAdapter>group_color1</ColorAdapter>
      <Width>30</Width>
      <Height>16</Height>
      <MaxCharacters>4</MaxCharacters>
      <Color>
        <R>255</R>
        <G>255</G>
        <B>255</B>
        <A>255</A>
      </Color>
      <Data></Data>
      <EndAligned>false</EndAligned>
      <TextCentered>false</TextCentered>
      <DontDrawWhenZero>true</DontDrawWhenZero>
      <DontDrawWhenNegOne>true</DontDrawWhenNegOne>    
	</ScalarLabelDef>

    <LabelDef>
      <ControlId></ControlId>
      <Position>
        <X>235</X>
        <Y>-1</Y>
      </Position>
      <Alignment>
      </Alignment>
      <Color>
        <R>255</R>
        <G>255</G>
        <B>255</B>
        <A>255</A>
      </Color>
      <FontName>font_transparent</FontName>
      <Width>85</Width>
      <Height>16</Height>
      <ColorAdapter>group_color1</ColorAdapter>
      <MaxCharacters>50</MaxCharacters>
      <Data></Data>
      <EndAligned>false</EndAligned>
      <TextCentered>false</TextCentered>
      <Adapter>group_name1</Adapter>
    </LabelDef>

    <ScalarLabelDef>
      <ControlId></ControlId>
      <Position>
        <X>326</X>
        <Y>-1</Y>
      </Position>
      <Alignment>
      </Alignment>
      <FontName>font_transparentbold</FontName>
      <Adapter>group_endurance1</Adapter>
      <ColorAdapter>group_color1</ColorAdapter>
      <Width>29</Width>
      <Height>16</Height>
      <MaxCharacters>4</MaxCharacters>
      <Color>
        <R>255</R>
        <G>255</G>
        <B>255</B>
        <A>255</A>
      </Color>
      <Data></Data>
      <EndAligned>false</EndAligned>
      <TextCentered>true</TextCentered>
      <DontDrawWhenZero>true</DontDrawWhenZero>
      <DontDrawWhenNegOne>true</DontDrawWhenNegOne>    
	</ScalarLabelDef>

    <ScalarLabelDef>
      <ControlId></ControlId>
      <Position>
        <X>358</X>
        <Y>-1</Y>
      </Position>
      <Alignment>
      </Alignment>
      <FontName>font_transparentbold</FontName>
      <Adapter>group_power1</Adapter>
      <ColorAdapter>group_color1</ColorAdapter>
      <Width>29</Width>
      <Height>16</Height>
      <MaxCharacters>4</MaxCharacters>
      <Color>
        <R>255</R>
        <G>255</G>
        <B>255</B>
        <A>255</A>
      </Color>
      <Data></Data>
      <EndAligned>false</EndAligned>
      <TextCentered>true</TextCentered>
      <DontDrawWhenZero>true</DontDrawWhenZero>
      <DontDrawWhenNegOne>true</DontDrawWhenNegOne>    
	</ScalarLabelDef>

    <ButtonDef>
      <ControlId></ControlId>
      <Position>
        <X>201</X>
        <Y>0</Y>
      </Position>
      <Alignment>
      </Alignment>
      <TemplateName>button_minigroupselect</TemplateName>
      <Label></Label>
      <onClickEvent>SelectGroupMember1</onClickEvent>
    </ButtonDef>

    <!-- Group Member 2 -->

    <StatusIconDef>
      <ControlId></ControlId>
      <Position>
        <X>3</X>
        <Y>16</Y>
      </Position>
      <Alignment>
      </Alignment>
      <TemplateName>statusicon_minigroup_player3</TemplateName>
      <AdapterName>group_health2</AdapterName>
    </StatusIconDef>

    <StatusIconDef>
      <ControlId></ControlId>
      <Position>
        <X>12</X>
        <Y>14</Y>
      </Position>
      <Alignment>
      </Alignment>
      <TemplateName>statusicon_minigroup_bg</TemplateName>
      <AdapterName>group_health2</AdapterName>
    </StatusIconDef>

    <StatusIconDef>
      <ControlId></ControlId>
      <Position>
        <X>13</X>
        <Y>15</Y>
      </Position>
      <Alignment>
      </Alignment>
      <TemplateName>statusicon_minigroup_health</TemplateName>
      <AdapterName>group_health2</AdapterName>
    </StatusIconDef>

    <StatusBarDef>
      <ControlId></ControlId>
      <Position>
        <X>136</X>
        <Y>15</Y>
      </Position>
      <Alignment>
      </Alignment>
      <TemplateName>statusbar_minigroup_end</TemplateName>
      <AdapterName>group_endurance2</AdapterName>
      <Width>29</Width>
    </StatusBarDef>

    <StatusBarDef>
      <ControlId></ControlId>
      <Position>
        <X>168</X>
        <Y>15</Y>
      </Position>
      <Alignment>
      </Alignment>
      <TemplateName>statusbar_minigroup_pwr</TemplateName>
      <AdapterName>group_power2</AdapterName>
      <Width>29</Width>
    </StatusBarDef>

    <ScalarLabelDef>
      <ControlId></ControlId>
      <Position>
        <X>15</X>
        <Y>12</Y>
      </Position>
      <Alignment>
      </Alignment>
      <FontName>font_transparentbold</FontName>
      <Adapter>group_health2</Adapter>
      <ColorAdapter>group_color2</ColorAdapter>
      <Width>30</Width>
      <Height>16</Height>
      <MaxCharacters>4</MaxCharacters>
      <Color>
        <R>255</R>
        <G>255</G>
        <B>255</B>
        <A>255</A>
      </Color>
      <Data></Data>
      <EndAligned>false</EndAligned>
      <TextCentered>false</TextCentered>
      <DontDrawWhenZero>true</DontDrawWhenZero>
      <DontDrawWhenNegOne>true</DontDrawWhenNegOne>    
	</ScalarLabelDef>

    <LabelDef>
      <ControlId></ControlId>
      <Position>
        <X>45</X>
        <Y>12</Y>
      </Position>
      <Alignment>
      </Alignment>
      <Color>
        <R>255</R>
        <G>255</G>
        <B>255</B>
        <A>255</A>
      </Color>
      <FontName>font_transparent</FontName>
      <Width>85</Width>
      <Height>16</Height>
      <ColorAdapter>group_color2</ColorAdapter>
      <MaxCharacters>50</MaxCharacters>
      <Data></Data>
      <EndAligned>false</EndAligned>
      <TextCentered>false</TextCentered>
      <Adapter>group_name2</Adapter>
    </LabelDef>

    <ScalarLabelDef>
      <ControlId></ControlId>
      <Position>
        <X>136</X>
        <Y>12</Y>
      </Position>
      <Alignment>
      </Alignment>
      <FontName>font_transparentbold</FontName>
      <Adapter>group_endurance2</Adapter>
      <ColorAdapter>group_color2</ColorAdapter>
      <Width>29</Width>
      <Height>16</Height>
      <MaxCharacters>4</MaxCharacters>
      <Color>
        <R>255</R>
        <G>255</G>
        <B>255</B>
        <A>255</A>
      </Color>
      <Data></Data>
      <EndAligned>false</EndAligned>
      <TextCentered>true</TextCentered>
      <DontDrawWhenZero>true</DontDrawWhenZero>
      <DontDrawWhenNegOne>true</DontDrawWhenNegOne>    
	</ScalarLabelDef>

    <ScalarLabelDef>
      <ControlId></ControlId>
      <Position>
        <X>168</X>
        <Y>12</Y>
      </Position>
      <Alignment>
      </Alignment>
      <FontName>font_transparentbold</FontName>
      <Adapter>group_power2</Adapter>
      <ColorAdapter>group_color2</ColorAdapter>
      <Width>29</Width>
      <Height>16</Height>
      <MaxCharacters>4</MaxCharacters>
      <Color>
        <R>255</R>
        <G>255</G>
        <B>255</B>
        <A>255</A>
      </Color>
      <Data></Data>
      <EndAligned>false</EndAligned>
      <TextCentered>true</TextCentered>
      <DontDrawWhenZero>true</DontDrawWhenZero>
      <DontDrawWhenNegOne>true</DontDrawWhenNegOne>    
	</ScalarLabelDef>

    <ButtonDef>
      <ControlId></ControlId>
      <Position>
        <X>0</X>
        <Y>13</Y>
      </Position>
      <Alignment>
      </Alignment>
      <TemplateName>button_minigroupselect</TemplateName>
      <Label></Label>
      <onClickEvent>SelectGroupMember2</onClickEvent>
    </ButtonDef>

    <!-- Group Member 3 -->

    <StatusIconDef>
      <ControlId></ControlId>
      <Position>
        <X>389</X>
        <Y>16</Y>
      </Position>
      <Alignment>
      </Alignment>
      <TemplateName>statusicon_minigroup_player4</TemplateName>
      <AdapterName>group_health3</AdapterName>
    </StatusIconDef>

    <StatusIconDef>
      <ControlId></ControlId>
      <Position>
        <X>202</X>
        <Y>14</Y>
      </Position>
      <Alignment>
      </Alignment>
      <TemplateName>statusicon_minigroup_bg</TemplateName>
      <AdapterName>group_health3</AdapterName>
    </StatusIconDef>

    <StatusIconDef>
      <ControlId></ControlId>
      <Position>
        <X>203</X>
        <Y>15</Y>
      </Position>
      <Alignment>
      </Alignment>
      <TemplateName>statusicon_minigroup_health</TemplateName>
      <AdapterName>group_health3</AdapterName>
    </StatusIconDef>

    <StatusBarDef>
      <ControlId></ControlId>
      <Position>
        <X>326</X>
        <Y>15</Y>
      </Position>
      <Alignment>
      </Alignment>
      <TemplateName>statusbar_minigroup_end</TemplateName>
      <AdapterName>group_endurance3</AdapterName>
      <Width>29</Width>
    </StatusBarDef>

    <StatusBarDef>
      <ControlId></ControlId>
      <Position>
        <X>358</X>
        <Y>15</Y>
      </Position>
      <Alignment>
      </Alignment>
      <TemplateName>statusbar_minigroup_pwr</TemplateName>
      <AdapterName>group_power3</AdapterName>
      <Width>29</Width>
    </StatusBarDef>

    <ScalarLabelDef>
      <ControlId></ControlId>
      <Position>
        <X>205</X>
        <Y>12</Y>
      </Position>
      <Alignment>
      </Alignment>
      <FontName>font_transparentbold</FontName>
      <Adapter>group_health3</Adapter>
      <ColorAdapter>group_color3</ColorAdapter>
      <Width>30</Width>
      <Height>16</Height>
      <MaxCharacters>4</MaxCharacters>
      <Color>
        <R>255</R>
        <G>255</G>
        <B>255</B>
        <A>255</A>
      </Color>
      <Data></Data>
      <EndAligned>false</EndAligned>
      <TextCentered>false</TextCentered>
      <DontDrawWhenZero>true</DontDrawWhenZero>
      <DontDrawWhenNegOne>true</DontDrawWhenNegOne>    
	</ScalarLabelDef>

    <LabelDef>
      <ControlId></ControlId>
      <Position>
        <X>235</X>
        <Y>12</Y>
      </Position>
      <Alignment>
      </Alignment>
      <Color>
        <R>255</R>
        <G>255</G>
        <B>255</B>
        <A>255</A>
      </Color>
      <FontName>font_transparent</FontName>
      <Width>85</Width>
      <Height>16</Height>
      <ColorAdapter>group_color3</ColorAdapter>
      <MaxCharacters>50</MaxCharacters>
      <Data></Data>
      <EndAligned>false</EndAligned>
      <TextCentered>false</TextCentered>
      <Adapter>group_name3</Adapter>
    </LabelDef>

    <ScalarLabelDef>
      <ControlId></ControlId>
      <Position>
        <X>326</X>
        <Y>12</Y>
      </Position>
      <Alignment>
      </Alignment>
      <FontName>font_transparentbold</FontName>
      <Adapter>group_endurance3</Adapter>
      <ColorAdapter>group_color3</ColorAdapter>
      <Width>29</Width>
      <Height>16</Height>
      <MaxCharacters>4</MaxCharacters>
      <Color>
        <R>255</R>
        <G>255</G>
        <B>255</B>
        <A>255</A>
      </Color>
      <Data></Data>
      <EndAligned>false</EndAligned>
      <TextCentered>true</TextCentered>
      <DontDrawWhenZero>true</DontDrawWhenZero>
      <DontDrawWhenNegOne>true</DontDrawWhenNegOne>    
	</ScalarLabelDef>

    <ScalarLabelDef>
      <ControlId></ControlId>
      <Position>
        <X>358</X>
        <Y>12</Y>
      </Position>
      <Alignment>
      </Alignment>
      <FontName>font_transparentbold</FontName>
      <Adapter>group_power3</Adapter>
      <ColorAdapter>group_color3</ColorAdapter>
      <Width>29</Width>
      <Height>16</Height>
      <MaxCharacters>4</MaxCharacters>
      <Color>
        <R>255</R>
        <G>255</G>
        <B>255</B>
        <A>255</A>
      </Color>
      <Data></Data>
      <EndAligned>false</EndAligned>
      <TextCentered>true</TextCentered>
      <DontDrawWhenZero>true</DontDrawWhenZero>
      <DontDrawWhenNegOne>true</DontDrawWhenNegOne>    
	</ScalarLabelDef>

    <ButtonDef>
      <ControlId></ControlId>
      <Position>
        <X>201</X>
        <Y>13</Y>
      </Position>
      <Alignment>
      </Alignment>
      <TemplateName>button_minigroupselect</TemplateName>
      <Label></Label>
      <onClickEvent>SelectGroupMember3</onClickEvent>
    </ButtonDef>

    <!-- Group Member 4 -->

    <StatusIconDef>
      <ControlId></ControlId>
      <Position>
        <X>3</X>
        <Y>29</Y>
      </Position>
      <Alignment>
      </Alignment>
      <TemplateName>statusicon_minigroup_player5</TemplateName>
      <AdapterName>group_health4</AdapterName>
    </StatusIconDef>

    <StatusIconDef>
      <ControlId></ControlId>
      <Position>
        <X>12</X>
        <Y>27</Y>
      </Position>
      <Alignment>
      </Alignment>
      <TemplateName>statusicon_minigroup_bg</TemplateName>
      <AdapterName>group_health4</AdapterName>
    </StatusIconDef>

    <StatusIconDef>
      <ControlId></ControlId>
      <Position>
        <X>13</X>
        <Y>28</Y>
      </Position>
      <Alignment>
      </Alignment>
      <TemplateName>statusicon_minigroup_health</TemplateName>
      <AdapterName>group_health4</AdapterName>
    </StatusIconDef>

    <StatusBarDef>
      <ControlId></ControlId>
      <Position>
        <X>136</X>
        <Y>28</Y>
      </Position>
      <Alignment>
      </Alignment>
      <TemplateName>statusbar_minigroup_end</TemplateName>
      <AdapterName>group_endurance4</AdapterName>
      <Width>29</Width>
    </StatusBarDef>

    <StatusBarDef>
      <ControlId></ControlId>
      <Position>
        <X>168</X>
        <Y>28</Y>
      </Position>
      <Alignment>
      </Alignment>
      <TemplateName>statusbar_minigroup_pwr</TemplateName>
      <AdapterName>group_power4</AdapterName>
      <Width>29</Width>
    </StatusBarDef>

    <ScalarLabelDef>
      <ControlId></ControlId>
      <Position>
        <X>15</X>
        <Y>25</Y>
      </Position>
      <Alignment>
      </Alignment>
      <FontName>font_transparentbold</FontName>
      <Adapter>group_health4</Adapter>
      <ColorAdapter>group_color4</ColorAdapter>
      <Width>30</Width>
      <Height>16</Height>
      <MaxCharacters>4</MaxCharacters>
      <Color>
        <R>255</R>
        <G>255</G>
        <B>255</B>
        <A>255</A>
      </Color>
      <Data></Data>
      <EndAligned>false</EndAligned>
      <TextCentered>false</TextCentered>
      <DontDrawWhenZero>true</DontDrawWhenZero>
      <DontDrawWhenNegOne>true</DontDrawWhenNegOne>    
	</ScalarLabelDef>

    <LabelDef>
      <ControlId></ControlId>
      <Position>
        <X>45</X>
        <Y>25</Y>
      </Position>
      <Alignment>
      </Alignment>
      <Color>
        <R>255</R>
        <G>255</G>
        <B>255</B>
        <A>255</A>
      </Color>
      <FontName>font_transparent</FontName>
      <Width>85</Width>
      <Height>16</Height>
      <ColorAdapter>group_color4</ColorAdapter>
      <MaxCharacters>50</MaxCharacters>
      <Data></Data>
      <EndAligned>false</EndAligned>
      <TextCentered>false</TextCentered>
      <Adapter>group_name4</Adapter>
    </LabelDef>

    <ScalarLabelDef>
      <ControlId></ControlId>
      <Position>
        <X>136</X>
        <Y>25</Y>
      </Position>
      <Alignment>
      </Alignment>
      <FontName>font_transparentbold</FontName>
      <Adapter>group_endurance4</Adapter>
      <ColorAdapter>group_color4</ColorAdapter>
      <Width>29</Width>
      <Height>16</Height>
      <MaxCharacters>4</MaxCharacters>
      <Color>
        <R>255</R>
        <G>255</G>
        <B>255</B>
        <A>255</A>
      </Color>
      <Data></Data>
      <EndAligned>false</EndAligned>
      <TextCentered>true</TextCentered>
      <DontDrawWhenZero>true</DontDrawWhenZero>
      <DontDrawWhenNegOne>true</DontDrawWhenNegOne>    
	</ScalarLabelDef>

    <ScalarLabelDef>
      <ControlId></ControlId>
      <Position>
        <X>168</X>
        <Y>25</Y>
      </Position>
      <Alignment>
      </Alignment>
      <FontName>font_transparentbold</FontName>
      <Adapter>group_power4</Adapter>
      <ColorAdapter>group_color4</ColorAdapter>
      <Width>29</Width>
      <Height>16</Height>
      <MaxCharacters>4</MaxCharacters>
      <Color>
        <R>255</R>
        <G>255</G>
        <B>255</B>
        <A>255</A>
      </Color>
      <Data></Data>
      <EndAligned>false</EndAligned>
      <TextCentered>true</TextCentered>
      <DontDrawWhenZero>true</DontDrawWhenZero>
      <DontDrawWhenNegOne>true</DontDrawWhenNegOne>    
	</ScalarLabelDef>

    <ButtonDef>
      <ControlId></ControlId>
      <Position>
        <X>0</X>
        <Y>26</Y>
      </Position>
      <Alignment>
      </Alignment>
      <TemplateName>button_minigroupselect</TemplateName>
      <Label></Label>
      <onClickEvent>SelectGroupMember4</onClickEvent>
    </ButtonDef>

    <!-- Group Member 5 -->

    <StatusIconDef>
      <ControlId></ControlId>
      <Position>
        <X>389</X>
        <Y>29</Y>
      </Position>
      <Alignment>
      </Alignment>
      <TemplateName>statusicon_minigroup_player6</TemplateName>
      <AdapterName>group_health5</AdapterName>
    </StatusIconDef>

    <StatusIconDef>
      <ControlId></ControlId>
      <Position>
        <X>202</X>
        <Y>27</Y>
      </Position>
      <Alignment>
      </Alignment>
      <TemplateName>statusicon_minigroup_bg</TemplateName>
      <AdapterName>group_health5</AdapterName>
    </StatusIconDef>

    <StatusIconDef>
      <ControlId></ControlId>
      <Position>
        <X>203</X>
        <Y>28</Y>
      </Position>
      <Alignment>
      </Alignment>
      <TemplateName>statusicon_minigroup_health</TemplateName>
      <AdapterName>group_health5</AdapterName>
    </StatusIconDef>

    <StatusBarDef>
      <ControlId></ControlId>
      <Position>
        <X>326</X>
        <Y>28</Y>
      </Position>
      <Alignment>
      </Alignment>
      <TemplateName>statusbar_minigroup_end</TemplateName>
      <AdapterName>group_endurance5</AdapterName>
      <Width>29</Width>
    </StatusBarDef>

    <StatusBarDef>
      <ControlId></ControlId>
      <Position>
        <X>358</X>
        <Y>28</Y>
      </Position>
      <Alignment>
      </Alignment>
      <TemplateName>statusbar_minigroup_pwr</TemplateName>
      <AdapterName>group_power5</AdapterName>
      <Width>29</Width>
    </StatusBarDef>

    <ScalarLabelDef>
      <ControlId></ControlId>
      <Position>
        <X>205</X>
        <Y>25</Y>
      </Position>
      <Alignment>
      </Alignment>
      <FontName>font_transparentbold</FontName>
      <Adapter>group_health5</Adapter>
      <ColorAdapter>group_color5</ColorAdapter>
      <Width>30</Width>
      <Height>16</Height>
      <MaxCharacters>4</MaxCharacters>
      <Color>
        <R>255</R>
        <G>255</G>
        <B>255</B>
        <A>255</A>
      </Color>
      <Data></Data>
      <EndAligned>false</EndAligned>
      <TextCentered>false</TextCentered>
      <DontDrawWhenZero>true</DontDrawWhenZero>
      <DontDrawWhenNegOne>true</DontDrawWhenNegOne>    
	</ScalarLabelDef>

    <LabelDef>
      <ControlId></ControlId>
      <Position>
        <X>235</X>
        <Y>25</Y>
      </Position>
      <Alignment>
      </Alignment>
      <Color>
        <R>255</R>
        <G>255</G>
        <B>255</B>
        <A>255</A>
      </Color>
      <FontName>font_transparent</FontName>
      <Width>85</Width>
      <Height>16</Height>
      <ColorAdapter>group_color5</ColorAdapter>
      <MaxCharacters>50</MaxCharacters>
      <Data></Data>
      <EndAligned>false</EndAligned>
      <TextCentered>false</TextCentered>
      <Adapter>group_name5</Adapter>
    </LabelDef>

    <ScalarLabelDef>
      <ControlId></ControlId>
      <Position>
        <X>326</X>
        <Y>25</Y>
      </Position>
      <Alignment>
      </Alignment>
      <FontName>font_transparentbold</FontName>
      <Adapter>group_endurance5</Adapter>
      <ColorAdapter>group_color5</ColorAdapter>
      <Width>29</Width>
      <Height>16</Height>
      <MaxCharacters>4</MaxCharacters>
      <Color>
        <R>255</R>
        <G>255</G>
        <B>255</B>
        <A>255</A>
      </Color>
      <Data></Data>
      <EndAligned>false</EndAligned>
      <TextCentered>true</TextCentered>
      <DontDrawWhenZero>true</DontDrawWhenZero>
      <DontDrawWhenNegOne>true</DontDrawWhenNegOne>    
	</ScalarLabelDef>

    <ScalarLabelDef>
      <ControlId></ControlId>
      <Position>
        <X>358</X>
        <Y>25</Y>
      </Position>
      <Alignment>
      </Alignment>
      <FontName>font_transparentbold</FontName>
      <Adapter>group_power5</Adapter>
      <ColorAdapter>group_color5</ColorAdapter>
      <Width>29</Width>
      <Height>16</Height>
      <MaxCharacters>4</MaxCharacters>
      <Color>
        <R>255</R>
        <G>255</G>
        <B>255</B>
        <A>255</A>
      </Color>
      <Data></Data>
      <EndAligned>false</EndAligned>
      <TextCentered>true</TextCentered>
      <DontDrawWhenZero>true</DontDrawWhenZero>
      <DontDrawWhenNegOne>true</DontDrawWhenNegOne>    
	</ScalarLabelDef>

    <ButtonDef>
      <ControlId></ControlId>
      <Position>
        <X>201</X>
        <Y>26</Y>
      </Position>
      <Alignment>
      </Alignment>
      <TemplateName>button_minigroupselect</TemplateName>
      <Label></Label>
      <onClickEvent>SelectGroupMember5</onClickEvent>
    </ButtonDef>

    <!-- Group Member 6 -->

    <StatusIconDef>
      <ControlId></ControlId>
      <Position>
        <X>3</X>
        <Y>42</Y>
      </Position>
      <Alignment>
      </Alignment>
      <TemplateName>statusicon_minigroup_player7</TemplateName>
      <AdapterName>group_health6</AdapterName>
    </StatusIconDef>

    <StatusIconDef>
      <ControlId></ControlId>
      <Position>
        <X>12</X>
        <Y>40</Y>
      </Position>
      <Alignment>
      </Alignment>
      <TemplateName>statusicon_minigroup_bg</TemplateName>
      <AdapterName>group_health6</AdapterName>
    </StatusIconDef>

    <StatusIconDef>
      <ControlId></ControlId>
      <Position>
        <X>13</X>
        <Y>41</Y>
      </Position>
      <Alignment>
      </Alignment>
      <TemplateName>statusicon_minigroup_health</TemplateName>
      <AdapterName>group_health6</AdapterName>
    </StatusIconDef>

    <StatusBarDef>
      <ControlId></ControlId>
      <Position>
        <X>136</X>
        <Y>41</Y>
      </Position>
      <Alignment>
      </Alignment>
      <TemplateName>statusbar_minigroup_end</TemplateName>
      <AdapterName>group_endurance6</AdapterName>
      <Width>29</Width>
    </StatusBarDef>

    <StatusBarDef>
      <ControlId></ControlId>
      <Position>
        <X>168</X>
        <Y>41</Y>
      </Position>
      <Alignment>
      </Alignment>
      <TemplateName>statusbar_minigroup_pwr</TemplateName>
      <AdapterName>group_power6</AdapterName>
      <Width>29</Width>
    </StatusBarDef>

    <ScalarLabelDef>
      <ControlId></ControlId>
      <Position>
        <X>15</X>
        <Y>38</Y>
      </Position>
      <Alignment>
      </Alignment>
      <FontName>font_transparentbold</FontName>
      <Adapter>group_health6</Adapter>
      <ColorAdapter>group_color6</ColorAdapter>
      <Width>30</Width>
      <Height>16</Height>
      <MaxCharacters>4</MaxCharacters>
      <Color>
        <R>255</R>
        <G>255</G>
        <B>255</B>
        <A>255</A>
      </Color>
      <Data></Data>
      <EndAligned>false</EndAligned>
      <TextCentered>false</TextCentered>
      <DontDrawWhenZero>true</DontDrawWhenZero>
      <DontDrawWhenNegOne>true</DontDrawWhenNegOne>    
	</ScalarLabelDef>

    <LabelDef>
      <ControlId></ControlId>
      <Position>
        <X>45</X>
        <Y>38</Y>
      </Position>
      <Alignment>
      </Alignment>
      <Color>
        <R>255</R>
        <G>255</G>
        <B>255</B>
        <A>255</A>
      </Color>
      <FontName>font_transparent</FontName>
      <Width>85</Width>
      <Height>16</Height>
      <ColorAdapter>group_color6</ColorAdapter>
      <MaxCharacters>50</MaxCharacters>
      <Data></Data>
      <EndAligned>false</EndAligned>
      <TextCentered>false</TextCentered>
      <Adapter>group_name6</Adapter>
    </LabelDef>

    <ScalarLabelDef>
      <ControlId></ControlId>
      <Position>
        <X>136</X>
        <Y>38</Y>
      </Position>
      <Alignment>
      </Alignment>
      <FontName>font_transparentbold</FontName>
      <Adapter>group_endurance6</Adapter>
      <ColorAdapter>group_color6</ColorAdapter>
      <Width>29</Width>
      <Height>16</Height>
      <MaxCharacters>4</MaxCharacters>
      <Color>
        <R>255</R>
        <G>255</G>
        <B>255</B>
        <A>255</A>
      </Color>
      <Data></Data>
      <EndAligned>false</EndAligned>
      <TextCentered>true</TextCentered>
      <DontDrawWhenZero>true</DontDrawWhenZero>
      <DontDrawWhenNegOne>true</DontDrawWhenNegOne>    
	</ScalarLabelDef>

    <ScalarLabelDef>
      <ControlId></ControlId>
      <Position>
        <X>168</X>
        <Y>38</Y>
      </Position>
      <Alignment>
      </Alignment>
      <FontName>font_transparentbold</FontName>
      <Adapter>group_power6</Adapter>
      <ColorAdapter>group_color6</ColorAdapter>
      <Width>29</Width>
      <Height>16</Height>
      <MaxCharacters>4</MaxCharacters>
      <Color>
        <R>255</R>
        <G>255</G>
        <B>255</B>
        <A>255</A>
      </Color>
      <Data></Data>
      <EndAligned>false</EndAligned>
      <TextCentered>true</TextCentered>
      <DontDrawWhenZero>true</DontDrawWhenZero>
      <DontDrawWhenNegOne>true</DontDrawWhenNegOne>    
	</ScalarLabelDef>

    <ButtonDef>
      <ControlId></ControlId>
      <Position>
        <X>0</X>
        <Y>39</Y>
      </Position>
      <Alignment>
      </Alignment>
      <TemplateName>button_minigroupselect</TemplateName>
      <Label></Label>
      <onClickEvent>SelectGroupMember6</onClickEvent>
    </ButtonDef>

    <!-- Group Member 7 -->

    <StatusIconDef>
      <ControlId></ControlId>
      <Position>
        <X>389</X>
        <Y>42</Y>
      </Position>
      <Alignment>
      </Alignment>
      <TemplateName>statusicon_minigroup_player8</TemplateName>
      <AdapterName>group_health7</AdapterName>
    </StatusIconDef>

    <StatusIconDef>
      <ControlId></ControlId>
      <Position>
        <X>202</X>
        <Y>40</Y>
      </Position>
      <Alignment>
      </Alignment>
      <TemplateName>statusicon_minigroup_bg</TemplateName>
      <AdapterName>group_health7</AdapterName>
    </StatusIconDef>

    <StatusIconDef>
      <ControlId></ControlId>
      <Position>
        <X>203</X>
        <Y>41</Y>
      </Position>
      <Alignment>
      </Alignment>
      <TemplateName>statusicon_minigroup_health</TemplateName>
      <AdapterName>group_health7</AdapterName>
    </StatusIconDef>

    <StatusBarDef>
      <ControlId></ControlId>
      <Position>
        <X>326</X>
        <Y>41</Y>
      </Position>
      <Alignment>
      </Alignment>
      <TemplateName>statusbar_minigroup_end</TemplateName>
      <AdapterName>group_endurance7</AdapterName>
      <Width>29</Width>
    </StatusBarDef>

    <StatusBarDef>
      <ControlId></ControlId>
      <Position>
        <X>358</X>
        <Y>41</Y>
      </Position>
      <Alignment>
      </Alignment>
      <TemplateName>statusbar_minigroup_pwr</TemplateName>
      <AdapterName>group_power7</AdapterName>
      <Width>29</Width>
    </StatusBarDef>

    <ScalarLabelDef>
      <ControlId></ControlId>
      <Position>
        <X>205</X>
        <Y>38</Y>
      </Position>
      <Alignment>
      </Alignment>
      <FontName>font_transparentbold</FontName>
      <Adapter>group_health7</Adapter>
      <ColorAdapter>group_color7</ColorAdapter>
      <Width>30</Width>
      <Height>16</Height>
      <MaxCharacters>4</MaxCharacters>
      <Color>
        <R>255</R>
        <G>255</G>
        <B>255</B>
        <A>255</A>
      </Color>
      <Data></Data>
      <EndAligned>false</EndAligned>
      <TextCentered>false</TextCentered>
      <DontDrawWhenZero>true</DontDrawWhenZero>
      <DontDrawWhenNegOne>true</DontDrawWhenNegOne>    
	</ScalarLabelDef>

    <LabelDef>
      <ControlId></ControlId>
      <Position>
        <X>235</X>
        <Y>38</Y>
      </Position>
      <Alignment>
      </Alignment>
      <Color>
        <R>255</R>
        <G>255</G>
        <B>255</B>
        <A>255</A>
      </Color>
      <FontName>font_transparent</FontName>
      <Width>85</Width>
      <Height>16</Height>
      <ColorAdapter>group_color7</ColorAdapter>
      <MaxCharacters>50</MaxCharacters>
      <Data></Data>
      <EndAligned>false</EndAligned>
      <TextCentered>false</TextCentered>
      <Adapter>group_name7</Adapter>
    </LabelDef>

    <ScalarLabelDef>
      <ControlId></ControlId>
      <Position>
        <X>326</X>
        <Y>38</Y>
      </Position>
      <Alignment>
      </Alignment>
      <FontName>font_transparentbold</FontName>
      <Adapter>group_endurance7</Adapter>
      <ColorAdapter>group_color7</ColorAdapter>
      <Width>29</Width>
      <Height>16</Height>
      <MaxCharacters>4</MaxCharacters>
      <Color>
        <R>255</R>
        <G>255</G>
        <B>255</B>
        <A>255</A>
      </Color>
      <Data></Data>
      <EndAligned>false</EndAligned>
      <TextCentered>true</TextCentered>
      <DontDrawWhenZero>true</DontDrawWhenZero>
      <DontDrawWhenNegOne>true</DontDrawWhenNegOne>    
	</ScalarLabelDef>

    <ScalarLabelDef>
      <ControlId></ControlId>
      <Position>
        <X>358</X>
        <Y>38</Y>
      </Position>
      <Alignment>
      </Alignment>
      <FontName>font_transparentbold</FontName>
      <Adapter>group_power7</Adapter>
      <ColorAdapter>group_color7</ColorAdapter>
      <Width>29</Width>
      <Height>16</Height>
      <MaxCharacters>4</MaxCharacters>
      <Color>
        <R>255</R>
        <G>255</G>
        <B>255</B>
        <A>255</A>
      </Color>
      <Data></Data>
      <EndAligned>false</EndAligned>
      <TextCentered>true</TextCentered>
      <DontDrawWhenZero>true</DontDrawWhenZero>
      <DontDrawWhenNegOne>true</DontDrawWhenNegOne>    
	</ScalarLabelDef>

    <ButtonDef>
      <ControlId></ControlId>
      <Position>
        <X>201</X>
        <Y>39</Y>
      </Position>
      <Alignment>
      </Alignment>
      <TemplateName>button_minigroupselect</TemplateName>
      <Label></Label>
      <onClickEvent>SelectGroupMember7</onClickEvent>
    </ButtonDef>

    <!--Misc-->

  </WindowTemplate>

</Root_Element>
