<?xml version="1.0" encoding="ISO-8859-1"?>
<Root_Element ID="DAOCUi">

<!-- @@ Edited with the DAoC User Interface Editor v1.79 -->
<!-- @@ Free download available at http://www.bradtownsend.com/daoced -->

  <WindowTemplate>
    <Name>mini_info</Name>
    <WindowId>Mini Info</WindowId>
    <CloseButton>true</CloseButton>
    <MoveButton>true</MoveButton>
    <TopRightResizeButton>false</TopRightResizeButton>
    <BottomRightResizeButton>false</BottomRightResizeButton>
    <BottomLeftResizeButton>false</BottomLeftResizeButton>
    <ResizeButtonOffsetX>0</ResizeButtonOffsetX>
    <ResizeButtonOffsetY>0</ResizeButtonOffsetY>
    <TitleWidth>310</TitleWidth>
    <TitleHeight>27</TitleHeight>
    <Width>310</Width>
    <Height>146</Height>
    <ResizeableWidth>0</ResizeableWidth>
    <ResizeableHeight>0</ResizeableHeight>
    <ResizeableTwoWayWidth>0</ResizeableTwoWayWidth>
    <ResizeableTwoWayHeight>0</ResizeableTwoWayHeight>
    <MinWidth>310</MinWidth>
    <MinHeight>146</MinHeight>

    <!-- Background Image -->

    <FullResizeImageDef>
      <ControlId>Background</ControlId>
      <Position>
        <X>0</X>
        <Y>0</Y>
      </Position>
      <Alignment>
      </Alignment>
      <TemplateName>fresizeimage_dlg_bg</TemplateName>
      <Width>310</Width>
      <Height>146</Height>
    </FullResizeImageDef>

    <!-- Title (Item) -->

    <LabelDef>
      <ControlId>1000</ControlId>
      <Position>
        <X>0</X>
        <Y>11</Y>
      </Position>
      <Alignment>
      </Alignment>
      <Color>
        <R>255</R>
        <G>192</G>
        <B>0</B>
        <A>255</A>
      </Color>
      <FontName>font_titles</FontName>
      <Width>310</Width>
      <Height>17</Height>
      <ColorAdapter></ColorAdapter>
      <MaxCharacters>45</MaxCharacters>
      <Data></Data>
      <EndAligned>false</EndAligned>
      <TextCentered>true</TextCentered>
      <Adapter>mini_info_string0</Adapter>
    </LabelDef>

    <!-- Interior Image -->

    <FullResizeImageDef>
      <ControlId></ControlId>
      <Position>
        <X>10</X>
        <Y>27</Y>
      </Position>
      <Alignment>
      </Alignment>
      <TemplateName>fresizeimage_dlg_interior</TemplateName>
      <Width>290</Width>
      <Height>109</Height>
    </FullResizeImageDef>

    <!-- Item Attributes -->

    <LabelDef>
      <ControlId>1001</ControlId>
      <Position>
        <X>0</X>
        <Y>32</Y>
      </Position>
      <Alignment>
      </Alignment>
      <Color>
        <R>255</R>
        <G>255</G>
        <B>255</B>
        <A>255</A>
      </Color>
      <FontName>font_buttons_small</FontName>
      <Width>310</Width>
      <Height>14</Height>
      <ColorAdapter></ColorAdapter>
      <MaxCharacters>64</MaxCharacters>
      <Data>MiniInfo1</Data>
      <EndAligned>false</EndAligned>
      <TextCentered>true</TextCentered>
      <Adapter>mini_info_string1</Adapter>
    </LabelDef>

    <LabelDef>
      <ControlId>1002</ControlId>
      <Position>
        <X>0</X>
        <Y>46</Y>
      </Position>
      <Alignment>
      </Alignment>
      <Color>
        <R>255</R>
        <G>255</G>
        <B>255</B>
        <A>255</A>
      </Color>
      <FontName>font_buttons_small</FontName>
      <Width>310</Width>
      <Height>14</Height>
      <ColorAdapter></ColorAdapter>
      <MaxCharacters>64</MaxCharacters>
      <Data>MiniInfo2</Data>
      <EndAligned>false</EndAligned>
      <TextCentered>true</TextCentered>
      <Adapter>mini_info_string2</Adapter>
    </LabelDef>

    <LabelDef>
      <ControlId>1003</ControlId>
      <Position>
        <X>0</X>
        <Y>60</Y>
      </Position>
      <Alignment>
      </Alignment>
      <Color>
        <R>255</R>
        <G>255</G>
        <B>255</B>
        <A>255</A>
      </Color>
      <FontName>font_buttons_small</FontName>
      <Width>310</Width>
      <Height>14</Height>
      <ColorAdapter></ColorAdapter>
      <MaxCharacters>64</MaxCharacters>
      <Data>MiniInfo3</Data>
      <EndAligned>false</EndAligned>
      <TextCentered>true</TextCentered>
      <Adapter>mini_info_string3</Adapter>
    </LabelDef>

    <LabelDef>
      <ControlId>1004</ControlId>
      <Position>
        <X>0</X>
        <Y>74</Y>
      </Position>
      <Alignment>
      </Alignment>
      <Color>
        <R>255</R>
        <G>255</G>
        <B>255</B>
        <A>255</A>
      </Color>
      <FontName>font_buttons_small</FontName>
      <Width>310</Width>
      <Height>14</Height>
      <ColorAdapter></ColorAdapter>
      <MaxCharacters>64</MaxCharacters>
      <Data>MiniInfo4</Data>
      <EndAligned>false</EndAligned>
      <TextCentered>true</TextCentered>
      <Adapter>mini_info_string4</Adapter>
    </LabelDef>

    <LabelDef>
      <ControlId>1005</ControlId>
      <Position>
        <X>0</X>
        <Y>88</Y>
      </Position>
      <Alignment>
      </Alignment>
      <Color>
        <R>255</R>
        <G>204</G>
        <B>51</B>
        <A>255</A>
      </Color>
      <FontName>font_buttons_small</FontName>
      <Width>310</Width>
      <Height>14</Height>
      <ColorAdapter></ColorAdapter>
      <MaxCharacters>64</MaxCharacters>
      <Data>Mini Info 5</Data>
      <EndAligned>false</EndAligned>
      <TextCentered>true</TextCentered>
      <Adapter>mini_info_string5</Adapter>
    </LabelDef>

    <LabelDef>
      <ControlId>1006</ControlId>
      <Position>
        <X>0</X>
        <Y>102</Y>
      </Position>
      <Alignment>
      </Alignment>
      <Color>
        <R>0</R>
        <G>153</G>
        <B>204</B>
        <A>255</A>
      </Color>
      <FontName>font_buttons_small</FontName>
      <Width>310</Width>
      <Height>14</Height>
      <ColorAdapter></ColorAdapter>
      <MaxCharacters>64</MaxCharacters>
      <Data>Mini Info6</Data>
      <EndAligned>false</EndAligned>
      <TextCentered>true</TextCentered>
      <Adapter>mini_info_string6</Adapter>
    </LabelDef>

    <LabelDef>
      <ControlId>1007</ControlId>
      <Position>
        <X>0</X>
        <Y>116</Y>
      </Position>
      <Alignment>
      </Alignment>
      <Color>
        <R>255</R>
        <G>255</G>
        <B>255</B>
        <A>255</A>
      </Color>
      <FontName>font_buttons_small</FontName>
      <Width>310</Width>
      <Height>14</Height>
      <ColorAdapter></ColorAdapter>
      <MaxCharacters>64</MaxCharacters>
      <Data>Mini Info7</Data>
      <EndAligned>false</EndAligned>
      <TextCentered>true</TextCentered>
      <Adapter>mini_info_string7</Adapter>
    </LabelDef>

    <!-- Item Icon -->

    <IconDef>
      <ControlId>2000</ControlId>
      <Position>
        <X>32</X>
        <Y>46</Y>
      </Position>
      <Alignment>
      </Alignment>
      <TemplateName>icon_generic_large</TemplateName>
      <AdapterName></AdapterName>
      <IconId>-1</IconId>
      <Data></Data>
    </IconDef>

    <!-- Info/Repair/Craft/Salvage Buttons -->

    <ButtonDef>
      <ControlId>1100</ControlId>
      <Position>
        <X>20</X>
        <Y>114</Y>
      </Position>
      <Alignment>
      </Alignment>
      <TemplateName>button_generic</TemplateName>
      <Label>Info</Label>
      <onClickEvent>Delve</onClickEvent>
    </ButtonDef>

    <ButtonDef>
      <ControlId>1102</ControlId>
      <Position>
        <X>20</X>
        <Y>78</Y>
      </Position>
      <Alignment>
        <OffsetRight>true</OffsetRight>
      </Alignment>
      <TemplateName>button_generic</TemplateName>
      <Label>Craft</Label>
      <onClickEvent>craft</onClickEvent>
    </ButtonDef>

    <ButtonDef>
      <ControlId>1101</ControlId>
      <Position>
        <X>20</X>
        <Y>96</Y>
      </Position>
      <Alignment>
        <OffsetRight>true</OffsetRight>
      </Alignment>
      <TemplateName>button_generic</TemplateName>
      <Label>Repair</Label>
      <onClickEvent>repair</onClickEvent>
    </ButtonDef>

    <ButtonDef>
      <ControlId>1103</ControlId>
      <Position>
        <X>20</X>
        <Y>114</Y>
      </Position>
      <Alignment>
        <OffsetRight>true</OffsetRight>
      </Alignment>
      <TemplateName>button_generic</TemplateName>
      <Label>Salvage</Label>
      <onClickEvent>salvage</onClickEvent>
    </ButtonDef>

    <!-- Extended Info (Special abilities) -->

    <ListBoxDef>
      <ControlId>1200</ControlId>
      <Position>
        <X>0</X>
        <Y>146</Y>
      </Position>
      <Alignment>
      </Alignment>
      <Width>310</Width>
      <Height>76</Height>
      <TemplateName>listbox_mini_info</TemplateName>
      <AdapterName>mini_info_use_list</AdapterName>
      <Sorting>false</Sorting>
      <Columns>1</Columns>
      <IconTemplate></IconTemplate>
      <ShowIndicator>false</ShowIndicator>
      <ShowDefaultToolTips>false</ShowDefaultToolTips>
      <OnHeaderClickEvent></OnHeaderClickEvent>
      <OnClickEvent></OnClickEvent>
    </ListBoxDef>

  </WindowTemplate>

</Root_Element>
