<?xml version="1.0" encoding="ISO-8859-1"?>
<Root_Element ID="DAOCUi">

<!-- @@ Edited with the DAoC User Interface Editor v1.80 -->
<!-- @@ Free download available at http://www.bradtownsend.com/daoced -->

  <!-- Load Images -->

  <Texture>
    <Name>MiniGroupImages_New_01</Name>
    <File>custom/assets/textures/MiniGroupImages_New_01.tga</File>
  </Texture>

  <!-- Load Templates -->

  <HorizontalResizeImageTemplate>
    <Name>HResizeImage_MiniGroup_New_BG</Name>
    <Height>14</Height>
    <LeftWidth>0</LeftWidth>
    <RepeatWidth>128</RepeatWidth>
    <RightWidth>0</RightWidth>
    <Texture>
      <TextureName>minigroupimages_new_01</TextureName>
      <Left>
        <X>0</X>
        <Y>0</Y>
      </Left>
      <Repeat>
        <X>1</X>
        <Y>98</Y>
      </Repeat>
      <Right>
        <X>0</X>
        <Y>0</Y>
      </Right>
    </Texture>
  </HorizontalResizeImageTemplate>

  <HorizontalResizeImageTemplate>
    <Name>HResizeImage_MiniGroup_New_FG</Name>
    <Height>14</Height>
    <LeftWidth>0</LeftWidth>
    <RepeatWidth>128</RepeatWidth>
    <RightWidth>0</RightWidth>
    <Texture>
      <TextureName>minigroupimages_new_01</TextureName>
      <Left>
        <X>0</X>
        <Y>0</Y>
      </Left>
      <Repeat>
        <X>1</X>
        <Y>113</Y>
      </Repeat>
      <Right>
        <X>0</X>
        <Y>0</Y>
      </Right>
    </Texture>
  </HorizontalResizeImageTemplate>

  <StatusBarTemplate>
    <Name>StatusBar_MiniGroup_New</Name>
    <ForegroundHResizeTemplate>hresizeimage_minigroup_new_fg</ForegroundHResizeTemplate>
    <BackgroundHResizeTemplate>hresizeimage_minigroup_new_bg</BackgroundHResizeTemplate>
    <Height>14</Height>
    <ForegroundOffset>
      <X>0</X>
      <Y>0</Y>
    </ForegroundOffset>
  </StatusBarTemplate>

  <ButtonTemplate>
    <Name>Button_MiniGroupSelect_New</Name>
    <Size>
      <X>298</X>
      <Y>18</Y>
    </Size>
    <Font>
      <Name></Name>
      <ColorNormal>
        <R>255</R>
        <G>255</G>
        <B>255</B>
        <A>255</A>
      </ColorNormal>
      <ColorPressed>
        <R>255</R>
        <G>255</G>
        <B>255</B>
        <A>255</A>
      </ColorPressed>
      <ColorHighlit>
        <R>255</R>
        <G>255</G>
        <B>255</B>
        <A>255</A>
      </ColorHighlit>
      <ColorDisabled>
        <R>255</R>
        <G>255</G>
        <B>255</B>
        <A>255</A>
      </ColorDisabled>
    </Font>
    <Texture>
      <TextureName>minigroupimages_new_01</TextureName>
      <Normal>
        <X>1</X>
        <Y>20</Y>
      </Normal>
      <Pressed>
        <X>1</X>
        <Y>20</Y>
      </Pressed>
      <NormalHighlit>
        <X>1</X>
        <Y>1</Y>
      </NormalHighlit>
      <PressedHighlit>
        <X>1</X>
        <Y>1</Y>
      </PressedHighlit>
      <Disabled>
        <X>0</X>
        <Y>0</Y>
      </Disabled>
    </Texture>
  </ButtonTemplate>

  <!-- Load Window -->

  <WindowTemplate>
    <Name>new_group_window</Name>
    <WindowId>new_group</WindowId>
    <CloseButton>false</CloseButton>
    <MoveButton>true</MoveButton>
    <TopRightResizeButton>false</TopRightResizeButton>
    <BottomRightResizeButton>true</BottomRightResizeButton>
    <BottomLeftResizeButton>true</BottomLeftResizeButton>
    <ResizeButtonOffsetX>0</ResizeButtonOffsetX>
    <ResizeButtonOffsetY>0</ResizeButtonOffsetY>
    <TitleWidth>0</TitleWidth>
    <TitleHeight>0</TitleHeight>
    <Width>300</Width>
    <Height>152</Height>
    <ResizeableWidth>0</ResizeableWidth>
    <ResizeableHeight>0</ResizeableHeight>
    <ResizeableTwoWayWidth>0</ResizeableTwoWayWidth>
    <ResizeableTwoWayHeight>0</ResizeableTwoWayHeight>
    <MinWidth>300</MinWidth>
    <MinHeight>42</MinHeight>
    <ContextTemplateName></ContextTemplateName>

    <FullResizeImageDef>
      <ControlId>Background</ControlId>
      <Position>
        <X>0</X>
        <Y>0</Y>
      </Position>
      <Alignment>
        <TopLeft>true</TopLeft>
        <GrowWidth>true</GrowWidth>
        <GrowHeight>true</GrowHeight>
      </Alignment>
      <TemplateName>fresizeimage_dlg_bg_small</TemplateName>
      <Width>300</Width>
      <Height>152</Height>
    </FullResizeImageDef>

    <StatusBarDef>
      <ControlId></ControlId>
      <Position>
        <X>42</X>
        <Y>6</Y>
      </Position>
      <Alignment>
        <TopLeft>true</TopLeft>
      </Alignment>
      <TemplateName>statusbar_minigroup_new</TemplateName>
      <AdapterName>group_health0</AdapterName>
      <Width>256</Width>
    </StatusBarDef>

    <StatusBarDef>
      <ControlId></ControlId>
      <Position>
        <X>42</X>
        <Y>24</Y>
      </Position>
      <Alignment>
        <TopLeft>true</TopLeft>
      </Alignment>
      <TemplateName>statusbar_minigroup_new</TemplateName>
      <AdapterName>group_health1</AdapterName>
      <Width>256</Width>
    </StatusBarDef>

    <StatusBarDef>
      <ControlId></ControlId>
      <Position>
        <X>42</X>
        <Y>42</Y>
      </Position>
      <Alignment>
        <TopLeft>true</TopLeft>
      </Alignment>
      <TemplateName>statusbar_minigroup_new</TemplateName>
      <AdapterName>group_health2</AdapterName>
      <Width>256</Width>
    </StatusBarDef>

    <StatusBarDef>
      <ControlId></ControlId>
      <Position>
        <X>42</X>
        <Y>60</Y>
      </Position>
      <Alignment>
        <TopLeft>true</TopLeft>
      </Alignment>
      <TemplateName>statusbar_minigroup_new</TemplateName>
      <AdapterName>group_health3</AdapterName>
      <Width>256</Width>
    </StatusBarDef>

    <StatusBarDef>
      <ControlId></ControlId>
      <Position>
        <X>42</X>
        <Y>78</Y>
      </Position>
      <Alignment>
        <TopLeft>true</TopLeft>
      </Alignment>
      <TemplateName>statusbar_minigroup_new</TemplateName>
      <AdapterName>group_health4</AdapterName>
      <Width>256</Width>
    </StatusBarDef>

    <StatusBarDef>
      <ControlId></ControlId>
      <Position>
        <X>42</X>
        <Y>96</Y>
      </Position>
      <Alignment>
        <TopLeft>true</TopLeft>
      </Alignment>
      <TemplateName>statusbar_minigroup_new</TemplateName>
      <AdapterName>group_health5</AdapterName>
      <Width>256</Width>
    </StatusBarDef>

    <StatusBarDef>
      <ControlId></ControlId>
      <Position>
        <X>42</X>
        <Y>114</Y>
      </Position>
      <Alignment>
        <TopLeft>true</TopLeft>
      </Alignment>
      <TemplateName>statusbar_minigroup_new</TemplateName>
      <AdapterName>group_health6</AdapterName>
      <Width>256</Width>
    </StatusBarDef>

    <StatusBarDef>
      <ControlId></ControlId>
      <Position>
        <X>42</X>
        <Y>132</Y>
      </Position>
      <Alignment>
        <TopLeft>true</TopLeft>
      </Alignment>
      <TemplateName>statusbar_minigroup_new</TemplateName>
      <AdapterName>group_health7</AdapterName>
      <Width>256</Width>
    </StatusBarDef>

    <LabelDef>
      <ControlId>1000</ControlId>
      <Position>
        <X>47</X>
        <Y>6</Y>
      </Position>
      <Alignment>
      </Alignment>
      <Color>
        <R>255</R>
        <G>255</G>
        <B>255</B>
        <A>255</A>
      </Color>
      <FontName>font_buttons_small</FontName>
      <Width>100</Width>
      <Height>16</Height>
      <ColorAdapter>group_color0</ColorAdapter>
      <MaxCharacters>24</MaxCharacters>
      <Data>group0</Data>
      <EndAligned>false</EndAligned>
      <TextCentered>false</TextCentered>
      <Adapter>group_name0</Adapter>
    </LabelDef>

    <LabelDef>
      <ControlId>1001</ControlId>
      <Position>
        <X>47</X>
        <Y>24</Y>
      </Position>
      <Alignment>
      </Alignment>
      <Color>
        <R>255</R>
        <G>255</G>
        <B>255</B>
        <A>255</A>
      </Color>
      <FontName>font_buttons_small</FontName>
      <Width>100</Width>
      <Height>16</Height>
      <ColorAdapter>group_color1</ColorAdapter>
      <MaxCharacters>24</MaxCharacters>
      <Data>group1</Data>
      <EndAligned>false</EndAligned>
      <TextCentered>false</TextCentered>
      <Adapter>group_name1</Adapter>
    </LabelDef>

    <LabelDef>
      <ControlId>1002</ControlId>
      <Position>
        <X>47</X>
        <Y>42</Y>
      </Position>
      <Alignment>
      </Alignment>
      <Color>
        <R>255</R>
        <G>255</G>
        <B>255</B>
        <A>255</A>
      </Color>
      <FontName>font_buttons_small</FontName>
      <Width>100</Width>
      <Height>16</Height>
      <ColorAdapter>group_color2</ColorAdapter>
      <MaxCharacters>24</MaxCharacters>
      <Data>group2</Data>
      <EndAligned>false</EndAligned>
      <TextCentered>false</TextCentered>
      <Adapter>group_name2</Adapter>
    </LabelDef>

    <LabelDef>
      <ControlId>1003</ControlId>
      <Position>
        <X>47</X>
        <Y>60</Y>
      </Position>
      <Alignment>
      </Alignment>
      <Color>
        <R>255</R>
        <G>255</G>
        <B>255</B>
        <A>255</A>
      </Color>
      <FontName>font_buttons_small</FontName>
      <Width>100</Width>
      <Height>16</Height>
      <ColorAdapter>group_color3</ColorAdapter>
      <MaxCharacters>24</MaxCharacters>
      <Data>group3</Data>
      <EndAligned>false</EndAligned>
      <TextCentered>false</TextCentered>
      <Adapter>group_name3</Adapter>
    </LabelDef>

    <LabelDef>
      <ControlId>1004</ControlId>
      <Position>
        <X>47</X>
        <Y>78</Y>
      </Position>
      <Alignment>
      </Alignment>
      <Color>
        <R>255</R>
        <G>255</G>
        <B>255</B>
        <A>255</A>
      </Color>
      <FontName>font_buttons_small</FontName>
      <Width>100</Width>
      <Height>16</Height>
      <ColorAdapter>group_color4</ColorAdapter>
      <MaxCharacters>24</MaxCharacters>
      <Data>group4</Data>
      <EndAligned>false</EndAligned>
      <TextCentered>false</TextCentered>
      <Adapter>group_name4</Adapter>
    </LabelDef>

    <LabelDef>
      <ControlId>1005</ControlId>
      <Position>
        <X>47</X>
        <Y>96</Y>
      </Position>
      <Alignment>
      </Alignment>
      <Color>
        <R>255</R>
        <G>255</G>
        <B>255</B>
        <A>255</A>
      </Color>
      <FontName>font_buttons_small</FontName>
      <Width>100</Width>
      <Height>16</Height>
      <ColorAdapter>group_color5</ColorAdapter>
      <MaxCharacters>24</MaxCharacters>
      <Data>group5</Data>
      <EndAligned>false</EndAligned>
      <TextCentered>false</TextCentered>
      <Adapter>group_name5</Adapter>
    </LabelDef>

    <LabelDef>
      <ControlId>1006</ControlId>
      <Position>
        <X>47</X>
        <Y>114</Y>
      </Position>
      <Alignment>
      </Alignment>
      <Color>
        <R>255</R>
        <G>255</G>
        <B>255</B>
        <A>255</A>
      </Color>
      <FontName>font_buttons_small</FontName>
      <Width>100</Width>
      <Height>16</Height>
      <ColorAdapter>group_color6</ColorAdapter>
      <MaxCharacters>24</MaxCharacters>
      <Data>group6</Data>
      <EndAligned>false</EndAligned>
      <TextCentered>false</TextCentered>
      <Adapter>group_name6</Adapter>
    </LabelDef>

    <LabelDef>
      <ControlId>1007</ControlId>
      <Position>
        <X>47</X>
        <Y>132</Y>
      </Position>
      <Alignment>
      </Alignment>
      <Color>
        <R>255</R>
        <G>255</G>
        <B>255</B>
        <A>255</A>
      </Color>
      <FontName>font_buttons_small</FontName>
      <Width>100</Width>
      <Height>16</Height>
      <ColorAdapter>group_color7</ColorAdapter>
      <MaxCharacters>24</MaxCharacters>
      <Data>group7</Data>
      <EndAligned>false</EndAligned>
      <TextCentered>false</TextCentered>
      <Adapter>group_name7</Adapter>
    </LabelDef>

    <ScalarLabelDef>
      <ControlId></ControlId>
      <Position>
        <X>20</X>
        <Y>6</Y>
      </Position>
      <Alignment>
      </Alignment>
      <FontName>font_buttons_small</FontName>
      <Adapter>group_endurance0</Adapter>
      <ColorAdapter></ColorAdapter>
      <Width>20</Width>
      <Height>16</Height>
      <MaxCharacters>4</MaxCharacters>
      <Color>
        <R>0</R>
        <G>204</G>
        <B>0</B>
        <A>255</A>
      </Color>
      <Data></Data>
      <EndAligned>false</EndAligned>
      <TextCentered>true</TextCentered>
      <DontDrawWhenZero>false</DontDrawWhenZero>
      <DontDrawWhenNegOne>true</DontDrawWhenNegOne>    
	</ScalarLabelDef>

    <ScalarLabelDef>
      <ControlId></ControlId>
      <Position>
        <X>20</X>
        <Y>24</Y>
      </Position>
      <Alignment>
      </Alignment>
      <FontName>font_buttons_small</FontName>
      <Adapter>group_endurance1</Adapter>
      <ColorAdapter></ColorAdapter>
      <Width>20</Width>
      <Height>16</Height>
      <MaxCharacters>4</MaxCharacters>
      <Color>
        <R>0</R>
        <G>204</G>
        <B>0</B>
        <A>255</A>
      </Color>
      <Data></Data>
      <EndAligned>false</EndAligned>
      <TextCentered>true</TextCentered>
      <DontDrawWhenZero>false</DontDrawWhenZero>
      <DontDrawWhenNegOne>true</DontDrawWhenNegOne>    
	</ScalarLabelDef>

    <ScalarLabelDef>
      <ControlId></ControlId>
      <Position>
        <X>20</X>
        <Y>42</Y>
      </Position>
      <Alignment>
      </Alignment>
      <FontName>font_buttons_small</FontName>
      <Adapter>group_endurance2</Adapter>
      <ColorAdapter></ColorAdapter>
      <Width>20</Width>
      <Height>16</Height>
      <MaxCharacters>4</MaxCharacters>
      <Color>
        <R>0</R>
        <G>204</G>
        <B>0</B>
        <A>255</A>
      </Color>
      <Data></Data>
      <EndAligned>false</EndAligned>
      <TextCentered>true</TextCentered>
      <DontDrawWhenZero>false</DontDrawWhenZero>
      <DontDrawWhenNegOne>true</DontDrawWhenNegOne>    
	</ScalarLabelDef>

    <ScalarLabelDef>
      <ControlId></ControlId>
      <Position>
        <X>20</X>
        <Y>60</Y>
      </Position>
      <Alignment>
      </Alignment>
      <FontName>font_buttons_small</FontName>
      <Adapter>group_endurance3</Adapter>
      <ColorAdapter></ColorAdapter>
      <Width>20</Width>
      <Height>16</Height>
      <MaxCharacters>4</MaxCharacters>
      <Color>
        <R>0</R>
        <G>204</G>
        <B>0</B>
        <A>255</A>
      </Color>
      <Data></Data>
      <EndAligned>false</EndAligned>
      <TextCentered>true</TextCentered>
      <DontDrawWhenZero>false</DontDrawWhenZero>
      <DontDrawWhenNegOne>true</DontDrawWhenNegOne>    
	</ScalarLabelDef>

    <ScalarLabelDef>
      <ControlId></ControlId>
      <Position>
        <X>20</X>
        <Y>78</Y>
      </Position>
      <Alignment>
      </Alignment>
      <FontName>font_buttons_small</FontName>
      <Adapter>group_endurance4</Adapter>
      <ColorAdapter></ColorAdapter>
      <Width>20</Width>
      <Height>16</Height>
      <MaxCharacters>4</MaxCharacters>
      <Color>
        <R>0</R>
        <G>204</G>
        <B>0</B>
        <A>255</A>
      </Color>
      <Data></Data>
      <EndAligned>false</EndAligned>
      <TextCentered>true</TextCentered>
      <DontDrawWhenZero>false</DontDrawWhenZero>
      <DontDrawWhenNegOne>true</DontDrawWhenNegOne>    
	</ScalarLabelDef>

    <ScalarLabelDef>
      <ControlId></ControlId>
      <Position>
        <X>20</X>
        <Y>96</Y>
      </Position>
      <Alignment>
      </Alignment>
      <FontName>font_buttons_small</FontName>
      <Adapter>group_endurance5</Adapter>
      <ColorAdapter></ColorAdapter>
      <Width>20</Width>
      <Height>16</Height>
      <MaxCharacters>4</MaxCharacters>
      <Color>
        <R>0</R>
        <G>204</G>
        <B>0</B>
        <A>255</A>
      </Color>
      <Data></Data>
      <EndAligned>false</EndAligned>
      <TextCentered>true</TextCentered>
      <DontDrawWhenZero>false</DontDrawWhenZero>
      <DontDrawWhenNegOne>true</DontDrawWhenNegOne>    
	</ScalarLabelDef>

    <ScalarLabelDef>
      <ControlId></ControlId>
      <Position>
        <X>20</X>
        <Y>114</Y>
      </Position>
      <Alignment>
      </Alignment>
      <FontName>font_buttons_small</FontName>
      <Adapter>group_endurance6</Adapter>
      <ColorAdapter></ColorAdapter>
      <Width>20</Width>
      <Height>16</Height>
      <MaxCharacters>4</MaxCharacters>
      <Color>
        <R>0</R>
        <G>204</G>
        <B>0</B>
        <A>255</A>
      </Color>
      <Data></Data>
      <EndAligned>false</EndAligned>
      <TextCentered>true</TextCentered>
      <DontDrawWhenZero>false</DontDrawWhenZero>
      <DontDrawWhenNegOne>true</DontDrawWhenNegOne>    
	</ScalarLabelDef>

    <ScalarLabelDef>
      <ControlId></ControlId>
      <Position>
        <X>20</X>
        <Y>132</Y>
      </Position>
      <Alignment>
        <TopLeft>true</TopLeft>
      </Alignment>
      <FontName>font_buttons_small</FontName>
      <Adapter>group_endurance7</Adapter>
      <ColorAdapter></ColorAdapter>
      <Width>20</Width>
      <Height>16</Height>
      <MaxCharacters>4</MaxCharacters>
      <Color>
        <R>0</R>
        <G>204</G>
        <B>0</B>
        <A>255</A>
      </Color>
      <Data></Data>
      <EndAligned>false</EndAligned>
      <TextCentered>true</TextCentered>
      <DontDrawWhenZero>false</DontDrawWhenZero>
      <DontDrawWhenNegOne>true</DontDrawWhenNegOne>    
	</ScalarLabelDef>

    <ScalarLabelDef>
      <ControlId></ControlId>
      <Position>
        <X>146</X>
        <Y>6</Y>
      </Position>
      <Alignment>
      </Alignment>
      <FontName>font_buttons_small</FontName>
      <Adapter>group_health0</Adapter>
      <ColorAdapter>group_color0</ColorAdapter>
      <Width>20</Width>
      <Height>16</Height>
      <MaxCharacters>4</MaxCharacters>
      <Color>
        <R>255</R>
        <G>255</G>
        <B>255</B>
        <A>255</A>
      </Color>
      <Data></Data>
      <EndAligned>false</EndAligned>
      <TextCentered>true</TextCentered>
      <DontDrawWhenZero>false</DontDrawWhenZero>
      <DontDrawWhenNegOne>true</DontDrawWhenNegOne>    
	</ScalarLabelDef>

    <ScalarLabelDef>
      <ControlId></ControlId>
      <Position>
        <X>146</X>
        <Y>24</Y>
      </Position>
      <Alignment>
      </Alignment>
      <FontName>font_buttons_small</FontName>
      <Adapter>group_health1</Adapter>
      <ColorAdapter>group_color1</ColorAdapter>
      <Width>20</Width>
      <Height>16</Height>
      <MaxCharacters>4</MaxCharacters>
      <Color>
        <R>255</R>
        <G>255</G>
        <B>255</B>
        <A>255</A>
      </Color>
      <Data></Data>
      <EndAligned>false</EndAligned>
      <TextCentered>true</TextCentered>
      <DontDrawWhenZero>false</DontDrawWhenZero>
      <DontDrawWhenNegOne>true</DontDrawWhenNegOne>    
	</ScalarLabelDef>

    <ScalarLabelDef>
      <ControlId></ControlId>
      <Position>
        <X>146</X>
        <Y>42</Y>
      </Position>
      <Alignment>
      </Alignment>
      <FontName>font_buttons_small</FontName>
      <Adapter>group_health2</Adapter>
      <ColorAdapter>group_color2</ColorAdapter>
      <Width>20</Width>
      <Height>16</Height>
      <MaxCharacters>4</MaxCharacters>
      <Color>
        <R>255</R>
        <G>255</G>
        <B>255</B>
        <A>255</A>
      </Color>
      <Data></Data>
      <EndAligned>false</EndAligned>
      <TextCentered>true</TextCentered>
      <DontDrawWhenZero>false</DontDrawWhenZero>
      <DontDrawWhenNegOne>true</DontDrawWhenNegOne>    
	</ScalarLabelDef>

    <ScalarLabelDef>
      <ControlId></ControlId>
      <Position>
        <X>146</X>
        <Y>60</Y>
      </Position>
      <Alignment>
      </Alignment>
      <FontName>font_buttons_small</FontName>
      <Adapter>group_health3</Adapter>
      <ColorAdapter>group_color3</ColorAdapter>
      <Width>20</Width>
      <Height>16</Height>
      <MaxCharacters>4</MaxCharacters>
      <Color>
        <R>255</R>
        <G>255</G>
        <B>255</B>
        <A>255</A>
      </Color>
      <Data></Data>
      <EndAligned>false</EndAligned>
      <TextCentered>true</TextCentered>
      <DontDrawWhenZero>false</DontDrawWhenZero>
      <DontDrawWhenNegOne>true</DontDrawWhenNegOne>    
	</ScalarLabelDef>

    <ScalarLabelDef>
      <ControlId></ControlId>
      <Position>
        <X>146</X>
        <Y>78</Y>
      </Position>
      <Alignment>
      </Alignment>
      <FontName>font_buttons_small</FontName>
      <Adapter>group_health4</Adapter>
      <ColorAdapter>group_color4</ColorAdapter>
      <Width>20</Width>
      <Height>16</Height>
      <MaxCharacters>4</MaxCharacters>
      <Color>
        <R>255</R>
        <G>255</G>
        <B>255</B>
        <A>255</A>
      </Color>
      <Data></Data>
      <EndAligned>false</EndAligned>
      <TextCentered>true</TextCentered>
      <DontDrawWhenZero>false</DontDrawWhenZero>
      <DontDrawWhenNegOne>true</DontDrawWhenNegOne>    
	</ScalarLabelDef>

    <ScalarLabelDef>
      <ControlId></ControlId>
      <Position>
        <X>146</X>
        <Y>96</Y>
      </Position>
      <Alignment>
      </Alignment>
      <FontName>font_buttons_small</FontName>
      <Adapter>group_health5</Adapter>
      <ColorAdapter>group_color5</ColorAdapter>
      <Width>20</Width>
      <Height>16</Height>
      <MaxCharacters>4</MaxCharacters>
      <Color>
        <R>255</R>
        <G>255</G>
        <B>255</B>
        <A>255</A>
      </Color>
      <Data></Data>
      <EndAligned>false</EndAligned>
      <TextCentered>true</TextCentered>
      <DontDrawWhenZero>false</DontDrawWhenZero>
      <DontDrawWhenNegOne>true</DontDrawWhenNegOne>    
	</ScalarLabelDef>

    <ScalarLabelDef>
      <ControlId></ControlId>
      <Position>
        <X>146</X>
        <Y>114</Y>
      </Position>
      <Alignment>
      </Alignment>
      <FontName>font_buttons_small</FontName>
      <Adapter>group_health6</Adapter>
      <ColorAdapter>group_color6</ColorAdapter>
      <Width>20</Width>
      <Height>16</Height>
      <MaxCharacters>4</MaxCharacters>
      <Color>
        <R>255</R>
        <G>255</G>
        <B>255</B>
        <A>255</A>
      </Color>
      <Data></Data>
      <EndAligned>false</EndAligned>
      <TextCentered>true</TextCentered>
      <DontDrawWhenZero>false</DontDrawWhenZero>
      <DontDrawWhenNegOne>true</DontDrawWhenNegOne>    
	</ScalarLabelDef>

    <ScalarLabelDef>
      <ControlId></ControlId>
      <Position>
        <X>146</X>
        <Y>132</Y>
      </Position>
      <Alignment>
      </Alignment>
      <FontName>font_buttons_small</FontName>
      <Adapter>group_health7</Adapter>
      <ColorAdapter>group_color7</ColorAdapter>
      <Width>20</Width>
      <Height>16</Height>
      <MaxCharacters>4</MaxCharacters>
      <Color>
        <R>255</R>
        <G>255</G>
        <B>255</B>
        <A>255</A>
      </Color>
      <Data></Data>
      <EndAligned>false</EndAligned>
      <TextCentered>true</TextCentered>
      <DontDrawWhenZero>false</DontDrawWhenZero>
      <DontDrawWhenNegOne>true</DontDrawWhenNegOne>    
	</ScalarLabelDef>

    <ScalarLabelDef>
      <ControlId></ControlId>
      <Position>
        <X>0</X>
        <Y>6</Y>
      </Position>
      <Alignment>
      </Alignment>
      <FontName>font_buttons_small</FontName>
      <Adapter>group_power0</Adapter>
      <ColorAdapter></ColorAdapter>
      <Width>20</Width>
      <Height>16</Height>
      <MaxCharacters>4</MaxCharacters>
      <Color>
        <R>204</R>
        <G>204</G>
        <B>0</B>
        <A>255</A>
      </Color>
      <Data></Data>
      <EndAligned>false</EndAligned>
      <TextCentered>true</TextCentered>
      <DontDrawWhenZero>false</DontDrawWhenZero>
      <DontDrawWhenNegOne>true</DontDrawWhenNegOne>    
	</ScalarLabelDef>

    <ScalarLabelDef>
      <ControlId></ControlId>
      <Position>
        <X>0</X>
        <Y>24</Y>
      </Position>
      <Alignment>
      </Alignment>
      <FontName>font_buttons_small</FontName>
      <Adapter>group_power1</Adapter>
      <ColorAdapter></ColorAdapter>
      <Width>20</Width>
      <Height>16</Height>
      <MaxCharacters>4</MaxCharacters>
      <Color>
        <R>204</R>
        <G>204</G>
        <B>0</B>
        <A>255</A>
      </Color>
      <Data></Data>
      <EndAligned>false</EndAligned>
      <TextCentered>true</TextCentered>
      <DontDrawWhenZero>false</DontDrawWhenZero>
      <DontDrawWhenNegOne>true</DontDrawWhenNegOne>    
	</ScalarLabelDef>

    <ScalarLabelDef>
      <ControlId></ControlId>
      <Position>
        <X>0</X>
        <Y>42</Y>
      </Position>
      <Alignment>
      </Alignment>
      <FontName>font_buttons_small</FontName>
      <Adapter>group_power2</Adapter>
      <ColorAdapter></ColorAdapter>
      <Width>20</Width>
      <Height>16</Height>
      <MaxCharacters>4</MaxCharacters>
      <Color>
        <R>204</R>
        <G>204</G>
        <B>0</B>
        <A>255</A>
      </Color>
      <Data></Data>
      <EndAligned>false</EndAligned>
      <TextCentered>true</TextCentered>
      <DontDrawWhenZero>false</DontDrawWhenZero>
      <DontDrawWhenNegOne>true</DontDrawWhenNegOne>    
	</ScalarLabelDef>

    <ScalarLabelDef>
      <ControlId></ControlId>
      <Position>
        <X>0</X>
        <Y>60</Y>
      </Position>
      <Alignment>
      </Alignment>
      <FontName>font_buttons_small</FontName>
      <Adapter>group_power3</Adapter>
      <ColorAdapter></ColorAdapter>
      <Width>20</Width>
      <Height>16</Height>
      <MaxCharacters>4</MaxCharacters>
      <Color>
        <R>204</R>
        <G>204</G>
        <B>0</B>
        <A>255</A>
      </Color>
      <Data></Data>
      <EndAligned>false</EndAligned>
      <TextCentered>true</TextCentered>
      <DontDrawWhenZero>false</DontDrawWhenZero>
      <DontDrawWhenNegOne>true</DontDrawWhenNegOne>    
	</ScalarLabelDef>

    <ScalarLabelDef>
      <ControlId></ControlId>
      <Position>
        <X>0</X>
        <Y>78</Y>
      </Position>
      <Alignment>
      </Alignment>
      <FontName>font_buttons_small</FontName>
      <Adapter>group_power4</Adapter>
      <ColorAdapter></ColorAdapter>
      <Width>20</Width>
      <Height>16</Height>
      <MaxCharacters>4</MaxCharacters>
      <Color>
        <R>204</R>
        <G>204</G>
        <B>0</B>
        <A>255</A>
      </Color>
      <Data></Data>
      <EndAligned>false</EndAligned>
      <TextCentered>true</TextCentered>
      <DontDrawWhenZero>false</DontDrawWhenZero>
      <DontDrawWhenNegOne>true</DontDrawWhenNegOne>    
	</ScalarLabelDef>

    <ScalarLabelDef>
      <ControlId></ControlId>
      <Position>
        <X>0</X>
        <Y>96</Y>
      </Position>
      <Alignment>
      </Alignment>
      <FontName>font_buttons_small</FontName>
      <Adapter>group_power5</Adapter>
      <ColorAdapter></ColorAdapter>
      <Width>20</Width>
      <Height>16</Height>
      <MaxCharacters>4</MaxCharacters>
      <Color>
        <R>204</R>
        <G>204</G>
        <B>0</B>
        <A>255</A>
      </Color>
      <Data></Data>
      <EndAligned>false</EndAligned>
      <TextCentered>true</TextCentered>
      <DontDrawWhenZero>false</DontDrawWhenZero>
      <DontDrawWhenNegOne>true</DontDrawWhenNegOne>    
	</ScalarLabelDef>

    <ScalarLabelDef>
      <ControlId></ControlId>
      <Position>
        <X>0</X>
        <Y>114</Y>
      </Position>
      <Alignment>
      </Alignment>
      <FontName>font_buttons_small</FontName>
      <Adapter>group_power6</Adapter>
      <ColorAdapter></ColorAdapter>
      <Width>20</Width>
      <Height>16</Height>
      <MaxCharacters>4</MaxCharacters>
      <Color>
        <R>204</R>
        <G>204</G>
        <B>0</B>
        <A>255</A>
      </Color>
      <Data></Data>
      <EndAligned>false</EndAligned>
      <TextCentered>true</TextCentered>
      <DontDrawWhenZero>false</DontDrawWhenZero>
      <DontDrawWhenNegOne>true</DontDrawWhenNegOne>    
	</ScalarLabelDef>

    <ScalarLabelDef>
      <ControlId></ControlId>
      <Position>
        <X>0</X>
        <Y>132</Y>
      </Position>
      <Alignment>
      </Alignment>
      <FontName>font_buttons_small</FontName>
      <Adapter>group_power7</Adapter>
      <ColorAdapter></ColorAdapter>
      <Width>20</Width>
      <Height>16</Height>
      <MaxCharacters>4</MaxCharacters>
      <Color>
        <R>204</R>
        <G>204</G>
        <B>0</B>
        <A>255</A>
      </Color>
      <Data></Data>
      <EndAligned>false</EndAligned>
      <TextCentered>true</TextCentered>
      <DontDrawWhenZero>false</DontDrawWhenZero>
      <DontDrawWhenNegOne>true</DontDrawWhenNegOne>    
	</ScalarLabelDef>

    <ScalarLabelDef>
      <ControlId>2007</ControlId>
      <Position>
        <X>277</X>
        <Y>6</Y>
      </Position>
      <Alignment>
        <TopLeft>true</TopLeft>
      </Alignment>
      <FontName>font_buttons_small</FontName>
      <Adapter>group_level0</Adapter>
      <ColorAdapter>group_color0</ColorAdapter>
      <Width>20</Width>
      <Height>16</Height>
      <MaxCharacters>4</MaxCharacters>
      <Color>
        <R>255</R>
        <G>255</G>
        <B>255</B>
        <A>255</A>
      </Color>
      <Data></Data>
      <EndAligned>false</EndAligned>
      <TextCentered>true</TextCentered>
      <DontDrawWhenZero>true</DontDrawWhenZero>
      <DontDrawWhenNegOne>true</DontDrawWhenNegOne>    
	</ScalarLabelDef>

    <ScalarLabelDef>
      <ControlId>2007</ControlId>
      <Position>
        <X>277</X>
        <Y>24</Y>
      </Position>
      <Alignment>
        <TopLeft>true</TopLeft>
      </Alignment>
      <FontName>font_buttons_small</FontName>
      <Adapter>group_level1</Adapter>
      <ColorAdapter>group_color1</ColorAdapter>
      <Width>20</Width>
      <Height>16</Height>
      <MaxCharacters>4</MaxCharacters>
      <Color>
        <R>255</R>
        <G>255</G>
        <B>255</B>
        <A>255</A>
      </Color>
      <Data></Data>
      <EndAligned>false</EndAligned>
      <TextCentered>true</TextCentered>
      <DontDrawWhenZero>true</DontDrawWhenZero>
      <DontDrawWhenNegOne>true</DontDrawWhenNegOne>    
	</ScalarLabelDef>

    <ScalarLabelDef>
      <ControlId>2007</ControlId>
      <Position>
        <X>277</X>
        <Y>42</Y>
      </Position>
      <Alignment>
        <TopLeft>true</TopLeft>
      </Alignment>
      <FontName>font_buttons_small</FontName>
      <Adapter>group_level2</Adapter>
      <ColorAdapter>group_color2</ColorAdapter>
      <Width>20</Width>
      <Height>16</Height>
      <MaxCharacters>4</MaxCharacters>
      <Color>
        <R>255</R>
        <G>255</G>
        <B>255</B>
        <A>255</A>
      </Color>
      <Data></Data>
      <EndAligned>false</EndAligned>
      <TextCentered>true</TextCentered>
      <DontDrawWhenZero>true</DontDrawWhenZero>
      <DontDrawWhenNegOne>true</DontDrawWhenNegOne>    
	</ScalarLabelDef>

    <ScalarLabelDef>
      <ControlId>2007</ControlId>
      <Position>
        <X>277</X>
        <Y>60</Y>
      </Position>
      <Alignment>
        <TopLeft>true</TopLeft>
      </Alignment>
      <FontName>font_buttons_small</FontName>
      <Adapter>group_level3</Adapter>
      <ColorAdapter>group_color3</ColorAdapter>
      <Width>20</Width>
      <Height>16</Height>
      <MaxCharacters>4</MaxCharacters>
      <Color>
        <R>255</R>
        <G>255</G>
        <B>255</B>
        <A>255</A>
      </Color>
      <Data></Data>
      <EndAligned>false</EndAligned>
      <TextCentered>true</TextCentered>
      <DontDrawWhenZero>true</DontDrawWhenZero>
      <DontDrawWhenNegOne>true</DontDrawWhenNegOne>    
	</ScalarLabelDef>

    <ScalarLabelDef>
      <ControlId>2007</ControlId>
      <Position>
        <X>277</X>
        <Y>78</Y>
      </Position>
      <Alignment>
        <TopLeft>true</TopLeft>
      </Alignment>
      <FontName>font_buttons_small</FontName>
      <Adapter>group_level4</Adapter>
      <ColorAdapter>group_color4</ColorAdapter>
      <Width>20</Width>
      <Height>16</Height>
      <MaxCharacters>4</MaxCharacters>
      <Color>
        <R>255</R>
        <G>255</G>
        <B>255</B>
        <A>255</A>
      </Color>
      <Data></Data>
      <EndAligned>false</EndAligned>
      <TextCentered>true</TextCentered>
      <DontDrawWhenZero>true</DontDrawWhenZero>
      <DontDrawWhenNegOne>true</DontDrawWhenNegOne>    
	</ScalarLabelDef>

    <ScalarLabelDef>
      <ControlId>2007</ControlId>
      <Position>
        <X>277</X>
        <Y>96</Y>
      </Position>
      <Alignment>
        <TopLeft>true</TopLeft>
      </Alignment>
      <FontName>font_buttons_small</FontName>
      <Adapter>group_level5</Adapter>
      <ColorAdapter>group_color5</ColorAdapter>
      <Width>20</Width>
      <Height>16</Height>
      <MaxCharacters>4</MaxCharacters>
      <Color>
        <R>255</R>
        <G>255</G>
        <B>255</B>
        <A>255</A>
      </Color>
      <Data></Data>
      <EndAligned>false</EndAligned>
      <TextCentered>true</TextCentered>
      <DontDrawWhenZero>true</DontDrawWhenZero>
      <DontDrawWhenNegOne>true</DontDrawWhenNegOne>    
	</ScalarLabelDef>

    <ScalarLabelDef>
      <ControlId>2007</ControlId>
      <Position>
        <X>277</X>
        <Y>114</Y>
      </Position>
      <Alignment>
        <TopLeft>true</TopLeft>
      </Alignment>
      <FontName>font_buttons_small</FontName>
      <Adapter>group_level6</Adapter>
      <ColorAdapter>group_color6</ColorAdapter>
      <Width>20</Width>
      <Height>16</Height>
      <MaxCharacters>4</MaxCharacters>
      <Color>
        <R>255</R>
        <G>255</G>
        <B>255</B>
        <A>255</A>
      </Color>
      <Data></Data>
      <EndAligned>false</EndAligned>
      <TextCentered>true</TextCentered>
      <DontDrawWhenZero>true</DontDrawWhenZero>
      <DontDrawWhenNegOne>true</DontDrawWhenNegOne>    
	</ScalarLabelDef>

    <ScalarLabelDef>
      <ControlId>2007</ControlId>
      <Position>
        <X>277</X>
        <Y>132</Y>
      </Position>
      <Alignment>
        <TopLeft>true</TopLeft>
      </Alignment>
      <FontName>font_buttons_small</FontName>
      <Adapter>group_level7</Adapter>
      <ColorAdapter>group_color7</ColorAdapter>
      <Width>20</Width>
      <Height>16</Height>
      <MaxCharacters>4</MaxCharacters>
      <Color>
        <R>255</R>
        <G>255</G>
        <B>255</B>
        <A>255</A>
      </Color>
      <Data></Data>
      <EndAligned>false</EndAligned>
      <TextCentered>true</TextCentered>
      <DontDrawWhenZero>true</DontDrawWhenZero>
      <DontDrawWhenNegOne>true</DontDrawWhenNegOne>    
	</ScalarLabelDef>

    <LabelDef>
      <ControlId></ControlId>
      <Position>
        <X>175</X>
        <Y>6</Y>
      </Position>
      <Alignment>
        <TopLeft>true</TopLeft>
      </Alignment>
      <Color>
        <R>255</R>
        <G>255</G>
        <B>255</B>
        <A>255</A>
      </Color>
      <FontName>font_buttons_small</FontName>
      <Width>100</Width>
      <Height>16</Height>
      <ColorAdapter>group_color0</ColorAdapter>
      <MaxCharacters>24</MaxCharacters>
      <Data></Data>
      <EndAligned>false</EndAligned>
      <TextCentered>false</TextCentered>
      <Adapter>group_class0</Adapter>
    </LabelDef>

    <LabelDef>
      <ControlId></ControlId>
      <Position>
        <X>175</X>
        <Y>24</Y>
      </Position>
      <Alignment>
        <TopLeft>true</TopLeft>
      </Alignment>
      <Color>
        <R>255</R>
        <G>255</G>
        <B>255</B>
        <A>255</A>
      </Color>
      <FontName>font_buttons_small</FontName>
      <Width>100</Width>
      <Height>16</Height>
      <ColorAdapter>group_color1</ColorAdapter>
      <MaxCharacters>24</MaxCharacters>
      <Data></Data>
      <EndAligned>false</EndAligned>
      <TextCentered>false</TextCentered>
      <Adapter>group_class1</Adapter>
    </LabelDef>

    <LabelDef>
      <ControlId></ControlId>
      <Position>
        <X>175</X>
        <Y>42</Y>
      </Position>
      <Alignment>
        <TopLeft>true</TopLeft>
      </Alignment>
      <Color>
        <R>255</R>
        <G>255</G>
        <B>255</B>
        <A>255</A>
      </Color>
      <FontName>font_buttons_small</FontName>
      <Width>100</Width>
      <Height>16</Height>
      <ColorAdapter>group_color2</ColorAdapter>
      <MaxCharacters>24</MaxCharacters>
      <Data></Data>
      <EndAligned>false</EndAligned>
      <TextCentered>false</TextCentered>
      <Adapter>group_class2</Adapter>
    </LabelDef>

    <LabelDef>
      <ControlId></ControlId>
      <Position>
        <X>175</X>
        <Y>60</Y>
      </Position>
      <Alignment>
        <TopLeft>true</TopLeft>
      </Alignment>
      <Color>
        <R>255</R>
        <G>255</G>
        <B>255</B>
        <A>255</A>
      </Color>
      <FontName>font_buttons_small</FontName>
      <Width>100</Width>
      <Height>16</Height>
      <ColorAdapter>group_color3</ColorAdapter>
      <MaxCharacters>24</MaxCharacters>
      <Data></Data>
      <EndAligned>false</EndAligned>
      <TextCentered>false</TextCentered>
      <Adapter>group_class3</Adapter>
    </LabelDef>

    <LabelDef>
      <ControlId></ControlId>
      <Position>
        <X>175</X>
        <Y>78</Y>
      </Position>
      <Alignment>
        <TopLeft>true</TopLeft>
      </Alignment>
      <Color>
        <R>255</R>
        <G>255</G>
        <B>255</B>
        <A>255</A>
      </Color>
      <FontName>font_buttons_small</FontName>
      <Width>100</Width>
      <Height>16</Height>
      <ColorAdapter>group_color4</ColorAdapter>
      <MaxCharacters>24</MaxCharacters>
      <Data></Data>
      <EndAligned>false</EndAligned>
      <TextCentered>false</TextCentered>
      <Adapter>group_class4</Adapter>
    </LabelDef>

    <LabelDef>
      <ControlId></ControlId>
      <Position>
        <X>175</X>
        <Y>96</Y>
      </Position>
      <Alignment>
        <TopLeft>true</TopLeft>
      </Alignment>
      <Color>
        <R>255</R>
        <G>255</G>
        <B>255</B>
        <A>255</A>
      </Color>
      <FontName>font_buttons_small</FontName>
      <Width>100</Width>
      <Height>16</Height>
      <ColorAdapter>group_color5</ColorAdapter>
      <MaxCharacters>24</MaxCharacters>
      <Data></Data>
      <EndAligned>false</EndAligned>
      <TextCentered>false</TextCentered>
      <Adapter>group_class5</Adapter>
    </LabelDef>

    <LabelDef>
      <ControlId></ControlId>
      <Position>
        <X>175</X>
        <Y>114</Y>
      </Position>
      <Alignment>
        <TopLeft>true</TopLeft>
      </Alignment>
      <Color>
        <R>255</R>
        <G>255</G>
        <B>255</B>
        <A>255</A>
      </Color>
      <FontName>font_buttons_small</FontName>
      <Width>100</Width>
      <Height>16</Height>
      <ColorAdapter>group_color6</ColorAdapter>
      <MaxCharacters>24</MaxCharacters>
      <Data></Data>
      <EndAligned>false</EndAligned>
      <TextCentered>false</TextCentered>
      <Adapter>group_class6</Adapter>
    </LabelDef>

    <LabelDef>
      <ControlId></ControlId>
      <Position>
        <X>175</X>
        <Y>132</Y>
      </Position>
      <Alignment>
        <TopLeft>true</TopLeft>
      </Alignment>
      <Color>
        <R>255</R>
        <G>255</G>
        <B>255</B>
        <A>255</A>
      </Color>
      <FontName>font_buttons_small</FontName>
      <Width>100</Width>
      <Height>16</Height>
      <ColorAdapter>group_color7</ColorAdapter>
      <MaxCharacters>24</MaxCharacters>
      <Data></Data>
      <EndAligned>false</EndAligned>
      <TextCentered>false</TextCentered>
      <Adapter>group_class7</Adapter>
    </LabelDef>

    <ButtonDef>
      <ControlId></ControlId>
      <Position>
        <X>1</X>
        <Y>4</Y>
      </Position>
      <Alignment>
        <TopLeft>true</TopLeft>
      </Alignment>
      <TemplateName>button_minigroupselect_new</TemplateName>
      <Label></Label>
      <onClickEvent>SelectGroupMember0</onClickEvent>
    </ButtonDef>

    <ButtonDef>
      <ControlId></ControlId>
      <Position>
        <X>1</X>
        <Y>22</Y>
      </Position>
      <Alignment>
        <TopLeft>true</TopLeft>
      </Alignment>
      <TemplateName>button_minigroupselect_new</TemplateName>
      <Label></Label>
      <onClickEvent>SelectGroupMember1</onClickEvent>
    </ButtonDef>

    <ButtonDef>
      <ControlId></ControlId>
      <Position>
        <X>1</X>
        <Y>40</Y>
      </Position>
      <Alignment>
        <TopLeft>true</TopLeft>
      </Alignment>
      <TemplateName>button_minigroupselect_new</TemplateName>
      <Label></Label>
      <onClickEvent>SelectGroupMember2</onClickEvent>
    </ButtonDef>

    <ButtonDef>
      <ControlId></ControlId>
      <Position>
        <X>1</X>
        <Y>58</Y>
      </Position>
      <Alignment>
        <TopLeft>true</TopLeft>
      </Alignment>
      <TemplateName>button_minigroupselect_new</TemplateName>
      <Label></Label>
      <onClickEvent>SelectGroupMember3</onClickEvent>
    </ButtonDef>

    <ButtonDef>
      <ControlId></ControlId>
      <Position>
        <X>1</X>
        <Y>76</Y>
      </Position>
      <Alignment>
        <TopLeft>true</TopLeft>
      </Alignment>
      <TemplateName>button_minigroupselect_new</TemplateName>
      <Label></Label>
      <onClickEvent>SelectGroupMember4</onClickEvent>
    </ButtonDef>

    <ButtonDef>
      <ControlId></ControlId>
      <Position>
        <X>1</X>
        <Y>94</Y>
      </Position>
      <Alignment>
        <TopLeft>true</TopLeft>
      </Alignment>
      <TemplateName>button_minigroupselect_new</TemplateName>
      <Label></Label>
      <onClickEvent>SelectGroupMember5</onClickEvent>
    </ButtonDef>

    <ButtonDef>
      <ControlId></ControlId>
      <Position>
        <X>1</X>
        <Y>112</Y>
      </Position>
      <Alignment>
        <TopLeft>true</TopLeft>
      </Alignment>
      <TemplateName>button_minigroupselect_new</TemplateName>
      <Label></Label>
      <onClickEvent>SelectGroupMember6</onClickEvent>
    </ButtonDef>

    <ButtonDef>
      <ControlId></ControlId>
      <Position>
        <X>1</X>
        <Y>130</Y>
      </Position>
      <Alignment>
        <TopLeft>true</TopLeft>
      </Alignment>
      <TemplateName>button_minigroupselect_new</TemplateName>
      <Label></Label>
      <onClickEvent>SelectGroupMember7</onClickEvent>
    </ButtonDef>

  </WindowTemplate>

</Root_Element>
