<?xml version="1.0" encoding="ISO-8859-1"?>
<Root_Element ID="DAOCUi">

<!-- @@ Edited with the DAoC User Interface Editor v1.78 -->
<!-- @@ Free download available at http://www.bradtownsend.com/daoced -->

  <WindowTemplate>
    <Name>new_quest_finish</Name>
    <WindowId>Quest Finish</WindowId>
    <CloseButton>true</CloseButton>
    <MoveButton>true</MoveButton>
    <TopRightResizeButton>false</TopRightResizeButton>
    <BottomRightResizeButton>true</BottomRightResizeButton>
    <BottomLeftResizeButton>true</BottomLeftResizeButton>
    <ResizeButtonOffsetX>0</ResizeButtonOffsetX>
    <ResizeButtonOffsetY>0</ResizeButtonOffsetY>
    <TitleWidth>310</TitleWidth>
    <TitleHeight>27</TitleHeight>
    <Width>310</Width>
    <Height>400</Height>
    <ResizeableWidth>5</ResizeableWidth>
    <ResizeableHeight>5</ResizeableHeight>
    <ResizeableTwoWayWidth>0</ResizeableTwoWayWidth>
    <ResizeableTwoWayHeight>0</ResizeableTwoWayHeight>
    <MinWidth>310</MinWidth>
    <MinHeight>400</MinHeight>

    <!-- Background Image -->

    <FullResizeImageDef>
      <ControlId>BackgroundImage</ControlId>
      <Position>
        <X>0</X>
        <Y>0</Y>
      </Position>
      <Alignment>
        <GrowWidth>true</GrowWidth>
        <GrowHeight>true</GrowHeight>
      </Alignment>
      <TemplateName>fresizeimage_dlg_bg</TemplateName>
      <Width>310</Width>
      <Height>400</Height>
    </FullResizeImageDef>

    <!-- Title -->

    <LabelDef>
      <ControlId></ControlId>
      <Position>
        <X>0</X>
        <Y>11</Y>
      </Position>
      <Alignment>
        <GrowWidth>true</GrowWidth>
      </Alignment>
      <Color>
        <R>255</R>
        <G>192</G>
        <B>0</B>
        <A>255</A>
      </Color>
      <FontName>font_titles</FontName>
      <Width>310</Width>
      <Height>17</Height>
      <ColorAdapter></ColorAdapter>
      <MaxCharacters>25</MaxCharacters>
      <Data>Quest Finish</Data>
      <EndAligned>false</EndAligned>
      <TextCentered>true</TextCentered>
      <Adapter></Adapter>
    </LabelDef>

    <!-- Story Line section -->

    <HorizontalResizeImageDef>
      <ControlId></ControlId>
      <Position>
        <X>10</X>
        <Y>27</Y>
      </Position>
      <Alignment>
        <GrowWidth>true</GrowWidth>
      </Alignment>
      <TemplateName>hresizeimage_listbox_row_bg</TemplateName>
      <Width>290</Width>
    </HorizontalResizeImageDef>

    <LabelDef>
      <ControlId></ControlId>
      <Position>
        <X>12</X>
        <Y>28</Y>
      </Position>
      <Alignment>
      </Alignment>
      <Color>
        <R>192</R>
        <G>192</G>
        <B>192</B>
        <A>255</A>
      </Color>
      <FontName>font_headings</FontName>
      <Width>275</Width>
      <Height>16</Height>
      <ColorAdapter></ColorAdapter>
      <MaxCharacters>128</MaxCharacters>
      <Data></Data>
      <EndAligned>false</EndAligned>
      <TextCentered>false</TextCentered>
      <Adapter>new_quest_title</Adapter>
    </LabelDef>

    <TextAreaDef>
      <ControlId>1000</ControlId>
      <Position>
        <X>10</X>
        <Y>43</Y>
      </Position>
      <Alignment>
        <GrowWidth>true</GrowWidth>
        <GrowHeight>true</GrowHeight>
      </Alignment>
      <TemplateName>textarea_generic</TemplateName>
      <AdapterName>new_quest_text</AdapterName>
      <HasHotspots>false</HasHotspots>
      <MaxCharacters>32768</MaxCharacters>
      <Width>290</Width>
      <Height>154</Height>
    </TextAreaDef>

    <!-- Basic Rewards section -->

    <HorizontalResizeImageDef>
      <ControlId></ControlId>
      <Position>
        <X>10</X>
        <Y>179</Y>
      </Position>
      <Alignment>
        <OffsetBottom>true</OffsetBottom>
        <GrowWidth>true</GrowWidth>
      </Alignment>
      <TemplateName>hresizeimage_listbox_row_bg</TemplateName>
      <Width>290</Width>
    </HorizontalResizeImageDef>

    <LabelDef>
      <ControlId></ControlId>
      <Position>
        <X>12</X>
        <Y>178</Y>
      </Position>
      <Alignment>
        <OffsetBottom>true</OffsetBottom>
      </Alignment>
      <Color>
        <R>192</R>
        <G>192</G>
        <B>192</B>
        <A>255</A>
      </Color>
      <FontName>font_headings</FontName>
      <Width>256</Width>
      <Height>16</Height>
      <ColorAdapter></ColorAdapter>
      <MaxCharacters>128</MaxCharacters>
      <Data>Basic Rewards</Data>
      <EndAligned>false</EndAligned>
      <TextCentered>false</TextCentered>
      <Adapter>none</Adapter>
    </LabelDef>

    <!-- Basic Rewards frames -->

    <FullResizeImageDef>
      <ControlId>Interior</ControlId>
      <Position>
        <X>10</X>
        <Y>97</Y>
      </Position>
      <Alignment>
        <OffsetBottom>true</OffsetBottom>
        <GrowWidth>true</GrowWidth>
      </Alignment>
      <TemplateName>fresizeimage_dlg_interior_small</TemplateName>
      <Width>290</Width>
      <Height>82</Height>
    </FullResizeImageDef>

    <HorizontalResizeImageDef>
      <ControlId></ControlId>
      <Position>
        <X>16</X>
        <Y>142</Y>
      </Position>
      <Alignment>
        <OffsetBottom>true</OffsetBottom>
        <GrowWidth>true</GrowWidth>
      </Alignment>
      <TemplateName>hresizeimage_slot_blank</TemplateName>
      <Width>280</Width>
    </HorizontalResizeImageDef>

    <!-- Basic Rewards icons -->

    <IconDef>
      <ControlId>1010</ControlId>
      <Position>
        <X>16</X>
        <Y>142</Y>
      </Position>
      <Alignment>
        <OffsetBottom>true</OffsetBottom>
      </Alignment>
      <ToolTipID>38</ToolTipID>
      <TemplateName>plain_icon_large</TemplateName>
      <AdapterName>new_quest_reward0</AdapterName>
      <IconId>0</IconId>
      <Data></Data>
      <Width>32</Width>
      <Height>32</Height>
      <LabelAdapterName>new_quest_reward_desc0</LabelAdapterName>
      <HideLabel>1</HideLabel>
    </IconDef>

    <IconDef>
      <ControlId>1011</ControlId>
      <Position>
        <X>51</X>
        <Y>142</Y>
      </Position>
      <Alignment>
        <OffsetBottom>true</OffsetBottom>
      </Alignment>
      <ToolTipID>38</ToolTipID>
      <TemplateName>icon_generic_large</TemplateName>
      <AdapterName>new_quest_reward1</AdapterName>
      <IconId>0</IconId>
      <Data></Data>
      <Width>32</Width>
      <Height>32</Height>
      <LabelAdapterName>new_quest_reward_desc1</LabelAdapterName>
      <HideLabel>1</HideLabel>
    </IconDef>

    <IconDef>
      <ControlId>1012</ControlId>
      <Position>
        <X>86</X>
        <Y>142</Y>
      </Position>
      <Alignment>
        <OffsetBottom>true</OffsetBottom>
      </Alignment>
      <ToolTipID>38</ToolTipID>
      <TemplateName>icon_generic_large</TemplateName>
      <AdapterName>new_quest_reward2</AdapterName>
      <IconId>0</IconId>
      <Data></Data>
      <Width>32</Width>
      <Height>32</Height>
      <LabelAdapterName>new_quest_reward_desc2</LabelAdapterName>
      <HideLabel>1</HideLabel>
    </IconDef>

    <IconDef>
      <ControlId>1013</ControlId>
      <Position>
        <X>121</X>
        <Y>142</Y>
      </Position>
      <Alignment>
        <OffsetBottom>true</OffsetBottom>
      </Alignment>
      <ToolTipID>38</ToolTipID>
      <TemplateName>icon_generic_large</TemplateName>
      <AdapterName>new_quest_reward3</AdapterName>
      <IconId>0</IconId>
      <Data></Data>
      <Width>32</Width>
      <Height>32</Height>
      <LabelAdapterName>new_quest_reward_desc3</LabelAdapterName>
      <HideLabel>1</HideLabel>
    </IconDef>

    <IconDef>
      <ControlId>1014</ControlId>
      <Position>
        <X>156</X>
        <Y>142</Y>
      </Position>
      <Alignment>
        <OffsetBottom>true</OffsetBottom>
      </Alignment>
      <ToolTipID>38</ToolTipID>
      <TemplateName>icon_generic_large</TemplateName>
      <AdapterName>new_quest_reward4</AdapterName>
      <IconId>0</IconId>
      <Data></Data>
      <Width>32</Width>
      <Height>32</Height>
      <LabelAdapterName>new_quest_reward_desc4</LabelAdapterName>
      <HideLabel>1</HideLabel>
    </IconDef>

    <IconDef>
      <ControlId>1015</ControlId>
      <Position>
        <X>191</X>
        <Y>142</Y>
      </Position>
      <Alignment>
        <OffsetBottom>true</OffsetBottom>
      </Alignment>
      <ToolTipID>38</ToolTipID>
      <TemplateName>icon_generic_large</TemplateName>
      <AdapterName>new_quest_reward5</AdapterName>
      <IconId>0</IconId>
      <Data></Data>
      <Width>32</Width>
      <Height>32</Height>
      <LabelAdapterName>new_quest_reward_desc5</LabelAdapterName>
      <HideLabel>1</HideLabel>
    </IconDef>

    <IconDef>
      <ControlId>1016</ControlId>
      <Position>
        <X>226</X>
        <Y>142</Y>
      </Position>
      <Alignment>
        <OffsetBottom>true</OffsetBottom>
      </Alignment>
      <ToolTipID>38</ToolTipID>
      <TemplateName>icon_generic_large</TemplateName>
      <AdapterName>new_quest_reward6</AdapterName>
      <IconId>0</IconId>
      <Data></Data>
      <Width>32</Width>
      <Height>32</Height>
      <LabelAdapterName>new_quest_reward_desc6</LabelAdapterName>
      <HideLabel>1</HideLabel>
    </IconDef>

    <IconDef>
      <ControlId>1017</ControlId>
      <Position>
        <X>261</X>
        <Y>142</Y>
      </Position>
      <Alignment>
        <OffsetBottom>true</OffsetBottom>
      </Alignment>
      <ToolTipID>38</ToolTipID>
      <TemplateName>icon_generic_large</TemplateName>
      <AdapterName>new_quest_reward7</AdapterName>
      <IconId>0</IconId>
      <Data></Data>
      <Width>32</Width>
      <Height>32</Height>
      <LabelAdapterName>new_quest_reward_desc7</LabelAdapterName>
      <HideLabel>1</HideLabel>
    </IconDef>

    <!-- Coins Reward -->

    <HorizontalResizeImageDef>
      <ControlId></ControlId>
      <Position>
        <X>16</X>
        <Y>122</Y>
      </Position>
      <Alignment>
        <OffsetBottom>true</OffsetBottom>
        <GrowWidth>true</GrowWidth>
      </Alignment>
      <TemplateName>hresizeimage_listbox_row_bg</TemplateName>
      <Width>278</Width>
    </HorizontalResizeImageDef>

    <LabelDef>
      <ControlId></ControlId>
      <Position>
        <X>20</X>
        <Y>121</Y>
      </Position>
      <Alignment>
        <OffsetBottom>true</OffsetBottom>
      </Alignment>
      <Color>
        <R>192</R>
        <G>192</G>
        <B>192</B>
        <A>255</A>
      </Color>
      <FontName>font_headings</FontName>
      <Width>100</Width>
      <Height>16</Height>
      <ColorAdapter></ColorAdapter>
      <MaxCharacters>16</MaxCharacters>
      <Data>Coins Reward</Data>
      <EndAligned>false</EndAligned>
      <TextCentered>false</TextCentered>
      <Adapter></Adapter>
    </LabelDef>

    <LabelDef>
      <ControlId></ControlId>
      <Position>
        <X>138</X>
        <Y>121</Y>
      </Position>
      <Alignment>
        <OffsetBottom>true</OffsetBottom>
        <OffsetRight>true</OffsetRight>
      </Alignment>
      <Color>
        <R>192</R>
        <G>192</G>
        <B>192</B>
        <A>255</A>
      </Color>
      <FontName>font_buttons</FontName>
      <Width>35</Width>
      <Height>16</Height>
      <ColorAdapter></ColorAdapter>
      <MaxCharacters>128</MaxCharacters>
      <Data>P 999</Data>
      <EndAligned>false</EndAligned>
      <TextCentered>false</TextCentered>
      <Adapter>new_quest_platinum</Adapter>
    </LabelDef>

    <LabelDef>
      <ControlId></ControlId>
      <Position>
        <X>96</X>
        <Y>121</Y>
      </Position>
      <Alignment>
        <OffsetBottom>true</OffsetBottom>
        <OffsetRight>true</OffsetRight>
      </Alignment>
      <Color>
        <R>192</R>
        <G>192</G>
        <B>192</B>
        <A>255</A>
      </Color>
      <FontName>font_buttons</FontName>
      <Width>35</Width>
      <Height>16</Height>
      <ColorAdapter></ColorAdapter>
      <MaxCharacters>128</MaxCharacters>
      <Data>G 999</Data>
      <EndAligned>false</EndAligned>
      <TextCentered>false</TextCentered>
      <Adapter>new_quest_gold</Adapter>
    </LabelDef>

    <LabelDef>
      <ControlId></ControlId>
      <Position>
        <X>57</X>
        <Y>121</Y>
      </Position>
      <Alignment>
        <OffsetBottom>true</OffsetBottom>
        <OffsetRight>true</OffsetRight>
      </Alignment>
      <Color>
        <R>192</R>
        <G>192</G>
        <B>192</B>
        <A>255</A>
      </Color>
      <FontName>font_buttons</FontName>
      <Width>35</Width>
      <Height>16</Height>
      <ColorAdapter></ColorAdapter>
      <MaxCharacters>128</MaxCharacters>
      <Data>S 999</Data>
      <EndAligned>false</EndAligned>
      <TextCentered>false</TextCentered>
      <Adapter>new_quest_silver</Adapter>
    </LabelDef>

    <LabelDef>
      <ControlId></ControlId>
      <Position>
        <X>18</X>
        <Y>121</Y>
      </Position>
      <Alignment>
        <OffsetBottom>true</OffsetBottom>
        <OffsetRight>true</OffsetRight>
      </Alignment>
      <Color>
        <R>192</R>
        <G>192</G>
        <B>192</B>
        <A>255</A>
      </Color>
      <FontName>font_buttons</FontName>
      <Width>35</Width>
      <Height>16</Height>
      <ColorAdapter></ColorAdapter>
      <MaxCharacters>128</MaxCharacters>
      <Data>C 999</Data>
      <EndAligned>false</EndAligned>
      <TextCentered>false</TextCentered>
      <Adapter>new_quest_copper</Adapter>
    </LabelDef>

    <!-- PVE Exp Reward -->

    <LabelDef>
      <ControlId></ControlId>
      <Position>
        <X>20</X>
        <Y>101</Y>
      </Position>
      <Alignment>
        <OffsetBottom>true</OffsetBottom>
      </Alignment>
      <Color>
        <R>192</R>
        <G>192</G>
        <B>192</B>
        <A>255</A>
      </Color>
      <FontName>font_headings</FontName>
      <Width>100</Width>
      <Height>16</Height>
      <ColorAdapter></ColorAdapter>
      <MaxCharacters>17</MaxCharacters>
      <Data>PVE Exp Reward</Data>
      <EndAligned>false</EndAligned>
      <TextCentered>false</TextCentered>
      <Adapter></Adapter>
    </LabelDef>

    <StatusBarDef>
      <ControlId>1002</ControlId>
      <Position>
        <X>32</X>
        <Y>108</Y>
      </Position>
      <Alignment>
        <OffsetBottom>true</OffsetBottom>
        <OffsetRight>true</OffsetRight>
      </Alignment>
      <TemplateName>statusbar_xp_blue</TemplateName>
      <AdapterName>new_quest_exp_coarse</AdapterName>
      <Width>128</Width>
    </StatusBarDef>

    <StatusBarDef>
      <ControlId>1003</ControlId>
      <Position>
        <X>32</X>
        <Y>102</Y>
      </Position>
      <Alignment>
        <OffsetBottom>true</OffsetBottom>
        <OffsetRight>true</OffsetRight>
      </Alignment>
      <TemplateName>statusbar_blue_small</TemplateName>
      <AdapterName>new_quest_exp_fine</AdapterName>
      <Width>128</Width>
    </StatusBarDef>

    <!-- Optional Rewards section -->

    <HorizontalResizeImageDef>
      <ControlId></ControlId>
      <Position>
        <X>10</X>
        <Y>73</Y>
      </Position>
      <Alignment>
        <OffsetBottom>true</OffsetBottom>
        <GrowWidth>true</GrowWidth>
      </Alignment>
      <TemplateName>hresizeimage_listbox_row_bg</TemplateName>
      <Width>290</Width>
    </HorizontalResizeImageDef>

    <LabelDef>
      <ControlId></ControlId>
      <Position>
        <X>12</X>
        <Y>72</Y>
      </Position>
      <Alignment>
        <OffsetBottom>true</OffsetBottom>
      </Alignment>
      <Color>
        <R>192</R>
        <G>192</G>
        <B>192</B>
        <A>255</A>
      </Color>
      <FontName>font_headings</FontName>
      <Width>256</Width>
      <Height>16</Height>
      <ColorAdapter></ColorAdapter>
      <MaxCharacters>128</MaxCharacters>
      <Data>Optional Rewards</Data>
      <EndAligned>false</EndAligned>
      <TextCentered>false</TextCentered>
      <Adapter></Adapter>
    </LabelDef>

    <LabelDef>
      <ControlId></ControlId>
      <Position>
        <X>12</X>
        <Y>72</Y>
      </Position>
      <Alignment>
        <OffsetBottom>true</OffsetBottom>
        <OffsetRight>true</OffsetRight>
      </Alignment>
      <Color>
        <R>192</R>
        <G>192</G>
        <B>192</B>
        <A>255</A>
      </Color>
      <FontName>font_buttons</FontName>
      <Width>95</Width>
      <Height>16</Height>
      <ColorAdapter></ColorAdapter>
      <MaxCharacters>16</MaxCharacters>
      <Data></Data>
      <EndAligned>false</EndAligned>
      <TextCentered>false</TextCentered>
      <Adapter>new_quest_opt_reward_count</Adapter>
    </LabelDef>

    <!-- Optional Rewards frames -->

    <FullResizeImageDef>
      <ControlId>Interior</ControlId>
      <Position>
        <X>10</X>
        <Y>31</Y>
      </Position>
      <Alignment>
        <OffsetBottom>true</OffsetBottom>
        <GrowWidth>true</GrowWidth>
      </Alignment>
      <TemplateName>fresizeimage_dlg_interior_small</TemplateName>
      <Width>290</Width>
      <Height>42</Height>
    </FullResizeImageDef>

    <HorizontalResizeImageDef>
      <ControlId></ControlId>
      <Position>
        <X>16</X>
        <Y>36</Y>
      </Position>
      <Alignment>
        <OffsetBottom>true</OffsetBottom>
        <GrowWidth>true</GrowWidth>
      </Alignment>
      <TemplateName>hresizeimage_slot_blank</TemplateName>
      <Width>280</Width>
    </HorizontalResizeImageDef>

    <!-- Optional rewards icons -->

    <IconDef>
      <ControlId>1018</ControlId>
      <Position>
        <X>16</X>
        <Y>36</Y>
      </Position>
      <Alignment>
        <OffsetBottom>true</OffsetBottom>
      </Alignment>
      <ToolTipID>38</ToolTipID>
      <TemplateName>icon_generic_large</TemplateName>
      <AdapterName>new_quest_opt_reward0</AdapterName>
      <IconId>0</IconId>
      <Data></Data>
      <Width>32</Width>
      <Height>32</Height>
      <OnClickEvent>NewQuestSelectOptReward0</OnClickEvent>
      <StateAdapterName>new_quest_opt_reward_state0</StateAdapterName>
      <LabelAdapterName>new_quest_opt_reward_desc0</LabelAdapterName>
      <HideLabel>1</HideLabel>
    </IconDef>

    <IconDef>
      <ControlId>1019</ControlId>
      <Position>
        <X>51</X>
        <Y>36</Y>
      </Position>
      <Alignment>
        <OffsetBottom>true</OffsetBottom>
      </Alignment>
      <ToolTipID>38</ToolTipID>
      <TemplateName>icon_generic_large</TemplateName>
      <AdapterName>new_quest_opt_reward1</AdapterName>
      <IconId>0</IconId>
      <Data></Data>
      <Width>32</Width>
      <Height>32</Height>
      <OnClickEvent>NewQuestSelectOptReward1</OnClickEvent>
      <StateAdapterName>new_quest_opt_reward_state1</StateAdapterName>
      <LabelAdapterName>new_quest_opt_reward_desc1</LabelAdapterName>
      <HideLabel>1</HideLabel>
    </IconDef>

    <IconDef>
      <ControlId>1020</ControlId>
      <Position>
        <X>86</X>
        <Y>36</Y>
      </Position>
      <Alignment>
        <OffsetBottom>true</OffsetBottom>
      </Alignment>
      <ToolTipID>38</ToolTipID>
      <TemplateName>icon_generic_large</TemplateName>
      <AdapterName>new_quest_opt_reward2</AdapterName>
      <IconId>0</IconId>
      <Data></Data>
      <Width>32</Width>
      <Height>32</Height>
      <OnClickEvent>NewQuestSelectOptReward2</OnClickEvent>
      <StateAdapterName>new_quest_opt_reward_state2</StateAdapterName>
      <LabelAdapterName>new_quest_opt_reward_desc2</LabelAdapterName>
      <HideLabel>1</HideLabel>
    </IconDef>

    <IconDef>
      <ControlId>1021</ControlId>
      <Position>
        <X>121</X>
        <Y>36</Y>
      </Position>
      <Alignment>
        <OffsetBottom>true</OffsetBottom>
      </Alignment>
      <ToolTipID>38</ToolTipID>
      <TemplateName>icon_generic_large</TemplateName>
      <AdapterName>new_quest_opt_reward3</AdapterName>
      <IconId>0</IconId>
      <Data></Data>
      <Width>32</Width>
      <Height>32</Height>
      <OnClickEvent>NewQuestSelectOptReward3</OnClickEvent>
      <StateAdapterName>new_quest_opt_reward_state3</StateAdapterName>
      <LabelAdapterName>new_quest_opt_reward_desc3</LabelAdapterName>
      <HideLabel>1</HideLabel>
    </IconDef>

    <IconDef>
      <ControlId>1022</ControlId>
      <Position>
        <X>156</X>
        <Y>36</Y>
      </Position>
      <Alignment>
        <OffsetBottom>true</OffsetBottom>
      </Alignment>
      <ToolTipID>38</ToolTipID>
      <TemplateName>icon_generic_large</TemplateName>
      <AdapterName>new_quest_opt_reward4</AdapterName>
      <IconId>0</IconId>
      <Data></Data>
      <Width>32</Width>
      <Height>32</Height>
      <OnClickEvent>NewQuestSelectOptReward4</OnClickEvent>
      <StateAdapterName>new_quest_opt_reward_state4</StateAdapterName>
      <LabelAdapterName>new_quest_opt_reward_desc4</LabelAdapterName>
      <HideLabel>1</HideLabel>
    </IconDef>

    <IconDef>
      <ControlId>1023</ControlId>
      <Position>
        <X>191</X>
        <Y>36</Y>
      </Position>
      <Alignment>
        <OffsetBottom>true</OffsetBottom>
      </Alignment>
      <ToolTipID>38</ToolTipID>
      <TemplateName>icon_generic_large</TemplateName>
      <AdapterName>new_quest_opt_reward5</AdapterName>
      <IconId>0</IconId>
      <Data></Data>
      <Width>32</Width>
      <Height>32</Height>
      <OnClickEvent>NewQuestSelectOptReward5</OnClickEvent>
      <StateAdapterName>new_quest_opt_reward_state5</StateAdapterName>
      <LabelAdapterName>new_quest_opt_reward_desc5</LabelAdapterName>
      <HideLabel>1</HideLabel>
    </IconDef>

    <IconDef>
      <ControlId>1024</ControlId>
      <Position>
        <X>226</X>
        <Y>36</Y>
      </Position>
      <Alignment>
        <OffsetBottom>true</OffsetBottom>
      </Alignment>
      <ToolTipID>38</ToolTipID>
      <TemplateName>icon_generic_large</TemplateName>
      <AdapterName>new_quest_opt_reward6</AdapterName>
      <IconId>0</IconId>
      <Data></Data>
      <Width>32</Width>
      <Height>32</Height>
      <OnClickEvent>NewQuestSelectOptReward6</OnClickEvent>
      <StateAdapterName>new_quest_opt_reward_state6</StateAdapterName>
      <LabelAdapterName>new_quest_opt_reward_desc6</LabelAdapterName>
      <HideLabel>1</HideLabel>
    </IconDef>

    <IconDef>
      <ControlId>1025</ControlId>
      <Position>
        <X>261</X>
        <Y>36</Y>
      </Position>
      <Alignment>
        <OffsetBottom>true</OffsetBottom>
      </Alignment>
      <ToolTipID>38</ToolTipID>
      <TemplateName>icon_generic_large</TemplateName>
      <AdapterName>new_quest_opt_reward7</AdapterName>
      <IconId>0</IconId>
      <Data></Data>
      <Width>32</Width>
      <Height>32</Height>
      <OnClickEvent>NewQuestSelectOptReward7</OnClickEvent>
      <StateAdapterName>new_quest_opt_reward_state7</StateAdapterName>
      <LabelAdapterName>new_quest_opt_reward_desc7</LabelAdapterName>
      <HideLabel>1</HideLabel>
    </IconDef>

    <!-- Additional Info -->

    <LabelDef>
      <ControlId></ControlId>
      <Position>
        <X>10</X>
        <Y>8</Y>
      </Position>
      <Alignment>
        <OffsetBottom>true</OffsetBottom>
      </Alignment>
      <Color>
        <R>192</R>
        <G>192</G>
        <B>192</B>
        <A>255</A>
      </Color>
      <FontName>font_headings_small</FontName>
      <Width>160</Width>
      <Height>16</Height>
      <ColorAdapter></ColorAdapter>
      <MaxCharacters>40</MaxCharacters>
      <Data>Click optional item(s) to select</Data>
      <EndAligned>false</EndAligned>
      <TextCentered>false</TextCentered>
      <Adapter></Adapter>
    </LabelDef>

    <!-- Accept/Cancel Buttons -->

    <ButtonDef>
      <ControlId>1003</ControlId>
      <Position>
        <X>72</X>
        <Y>10</Y>
      </Position>
      <Alignment>
        <OffsetBottom>true</OffsetBottom>
        <OffsetRight>true</OffsetRight>
      </Alignment>
      <TemplateName>button_generic</TemplateName>
      <Label>Finish</Label>
      <onClickEvent>NewQuestFinish</onClickEvent>
    </ButtonDef>

    <ButtonDef>
      <ControlId>1004</ControlId>
      <Position>
        <X>10</X>
        <Y>10</Y>
      </Position>
      <Alignment>
        <OffsetBottom>true</OffsetBottom>
        <OffsetRight>true</OffsetRight>
      </Alignment>
      <TemplateName>button_generic</TemplateName>
      <Label>Close</Label>
      <onClickEvent>NewQuestContinue</onClickEvent>
    </ButtonDef>

  </WindowTemplate>

</Root_Element>
