<?xml version="1.0" encoding="ISO-8859-1"?>
<Root_Element ID="DAOCUi">

<!-- @@ Edited with the DAoC User Interface Editor v1.80 -->
<!-- @@ Free download available at http://www.bradtownsend.com/daoced -->

  <!-- Templates -->

  <CheckBoxTemplate>
    <Name>CheckBox_Checkmark2</Name>
    <Size>
      <X>18</X>
      <Y>18</Y>
    </Size>
    <Font>
      <Name>font_buttons</Name>
      <ColorNormal>
        <R>148</R>
        <G>111</G>
        <B>0</B>
        <A>255</A>
      </ColorNormal>
      <ColorPressed>
        <R>255</R>
        <G>197</G>
        <B>0</B>
        <A>255</A>
      </ColorPressed>
      <ColorHighlit>
        <R>192</R>
        <G>192</G>
        <B>192</B>
        <A>255</A>
      </ColorHighlit>
      <ColorDisabled>
        <R>128</R>
        <G>128</G>
        <B>128</B>
        <A>255</A>
      </ColorDisabled>
      <TextOffset>
        <X>20</X>
        <Y>0</Y>
      </TextOffset>
      <TextAlignment>
      </TextAlignment>
      <ChangeFontColor>true</ChangeFontColor>
    </Font>
    <Texture>
      <TextureName>buttons_04</TextureName>
      <Normal>
        <X>97</X>
        <Y>159</Y>
      </Normal>
      <Pressed>
        <X>115</X>
        <Y>159</Y>
      </Pressed>
      <NormalHighlit>
        <X>97</X>
        <Y>141</Y>
      </NormalHighlit>
      <PressedHighlit>
        <X>115</X>
        <Y>141</Y>
      </PressedHighlit>
      <Disabled>
        <X>97</X>
        <Y>159</Y>
      </Disabled>
    </Texture>
  </CheckBoxTemplate>

  <!-- Main Window -->

  <WindowTemplate>
    <Name>options_window</Name>
    <WindowId>Options</WindowId>
    <CloseButton>true</CloseButton>
    <MoveButton>true</MoveButton>
    <TopRightResizeButton>false</TopRightResizeButton>
    <BottomRightResizeButton>false</BottomRightResizeButton>
    <BottomLeftResizeButton>false</BottomLeftResizeButton>
    <ResizeButtonOffsetX>0</ResizeButtonOffsetX>
    <ResizeButtonOffsetY>0</ResizeButtonOffsetY>
    <TitleWidth>340</TitleWidth>
    <TitleHeight>27</TitleHeight>
    <Width>340</Width>
    <Height>315</Height>
    <ResizeableWidth>0</ResizeableWidth>
    <ResizeableHeight>0</ResizeableHeight>
    <ResizeableTwoWayWidth>0</ResizeableTwoWayWidth>
    <ResizeableTwoWayHeight>0</ResizeableTwoWayHeight>
    <MinWidth>340</MinWidth>
    <MinHeight>300</MinHeight>
    <ContextTemplateName></ContextTemplateName>

    <!-- Background Image -->

    <FullResizeImageDef>
      <ControlId></ControlId>
      <Position>
        <X>0</X>
        <Y>0</Y>
      </Position>
      <Alignment>
      </Alignment>
      <TemplateName>fresizeimage_dlg_bg</TemplateName>
      <Width>340</Width>
      <Height>315</Height>
    </FullResizeImageDef>

    <!-- Title -->

    <LabelDef>
      <ControlId></ControlId>
      <Position>
        <X>0</X>
        <Y>11</Y>
      </Position>
      <Alignment>
      </Alignment>
      <Color>
        <R>255</R>
        <G>192</G>
        <B>0</B>
        <A>255</A>
      </Color>
      <FontName>font_titles</FontName>
      <Width>340</Width>
      <Height>17</Height>
      <ColorAdapter></ColorAdapter>
      <MaxCharacters>25</MaxCharacters>
      <Data>Audio and Video Options</Data>
      <EndAligned>false</EndAligned>
      <TextCentered>true</TextCentered>
      <Adapter></Adapter>
    </LabelDef>

    <!-- Tab controls -->

    <TabsDef>
      <TemplateName>tabs_generic</TemplateName>
      <ControlId></ControlId>
      <Position>
        <X>5</X>
        <Y>14</Y>
      </Position>
      <Alignment>
      </Alignment>
      <Width>320</Width>
      <Height>255</Height>
      <onCLickEvent>ComTabChanged</onCLickEvent>
    <Tab>
      <Id>1</Id>
      <Name>Audio</Name>
    </Tab>
    <Tab>
      <Id>2</Id>
      <Name>Video</Name>
    </Tab>
    <Tab>
      <Id>3</Id>
      <Name>Names</Name>
    </Tab>
    <Tab>
      <Id>4</Id>
      <Name>Misc</Name>
    </Tab>
      <TabControl>
        <TabId>1</TabId>
        <ControlId>1100</ControlId>
      </TabControl>
      <TabControl>
        <TabId>1</TabId>
        <ControlId>1101</ControlId>
      </TabControl>
      <TabControl>
        <TabId>1</TabId>
        <ControlId>1102</ControlId>
      </TabControl>
      <TabControl>
        <TabId>1</TabId>
        <ControlId>1103</ControlId>
      </TabControl>
      <TabControl>
        <TabId>1</TabId>
        <ControlId>1104</ControlId>
      </TabControl>
      <TabControl>
        <TabId>1</TabId>
        <ControlId>1105</ControlId>
      </TabControl>
      <TabControl>
        <TabId>1</TabId>
        <ControlId>1106</ControlId>
      </TabControl>
      <TabControl>
        <TabId>1</TabId>
        <ControlId>1107</ControlId>
      </TabControl>
      <TabControl>
        <TabId>1</TabId>
        <ControlId>1108</ControlId>
      </TabControl>
      <TabControl>
        <TabId>1</TabId>
        <ControlId>1001</ControlId>
      </TabControl>
      <TabControl>
        <TabId>1</TabId>
        <ControlId>1002</ControlId>
      </TabControl>
      <TabControl>
        <TabId>1</TabId>
        <ControlId>1003</ControlId>
      </TabControl>
      <TabControl>
        <TabId>1</TabId>
        <ControlId>1004</ControlId>
      </TabControl>
      <TabControl>
        <TabId>2</TabId>
        <ControlId>1200</ControlId>
      </TabControl>
      <TabControl>
        <TabId>2</TabId>
        <ControlId>1201</ControlId>
      </TabControl>
      <TabControl>
        <TabId>2</TabId>
        <ControlId>1202</ControlId>
      </TabControl>
      <TabControl>
        <TabId>2</TabId>
        <ControlId>1203</ControlId>
      </TabControl>
      <TabControl>
        <TabId>2</TabId>
        <ControlId>1204</ControlId>
      </TabControl>
      <TabControl>
        <TabId>2</TabId>
        <ControlId>1205</ControlId>
      </TabControl>
      <TabControl>
        <TabId>2</TabId>
        <ControlId>1206</ControlId>
      </TabControl>
      <TabControl>
        <TabId>2</TabId>
        <ControlId>1207</ControlId>
      </TabControl>
      <TabControl>
        <TabId>2</TabId>
        <ControlId>1208</ControlId>
      </TabControl>
      <TabControl>
        <TabId>2</TabId>
        <ControlId>1209</ControlId>
      </TabControl>
      <TabControl>
        <TabId>2</TabId>
        <ControlId>1210</ControlId>
      </TabControl>
      <TabControl>
        <TabId>2</TabId>
        <ControlId>1211</ControlId>
      </TabControl>
      <TabControl>
        <TabId>2</TabId>
        <ControlId>1212</ControlId>
      </TabControl>
      <TabControl>
        <TabId>2</TabId>
        <ControlId>1005</ControlId>
      </TabControl>
      <TabControl>
        <TabId>2</TabId>
        <ControlId>1006</ControlId>
      </TabControl>
      <TabControl>
        <TabId>2</TabId>
        <ControlId>1008</ControlId>
      </TabControl>
      <TabControl>
        <TabId>2</TabId>
        <ControlId>1020</ControlId>
      </TabControl>
      <TabControl>
        <TabId>2</TabId>
        <ControlId>1021</ControlId>
      </TabControl>
      <TabControl>
        <TabId>2</TabId>
        <ControlId>1022</ControlId>
      </TabControl>
      <TabControl>
        <TabId>2</TabId>
        <ControlId>1030</ControlId>
      </TabControl>
      <TabControl>
        <TabId>2</TabId>
        <ControlId>1031</ControlId>
      </TabControl>
      <TabControl>
        <TabId>3</TabId>
        <ControlId>1300</ControlId>
      </TabControl>
      <TabControl>
        <TabId>3</TabId>
        <ControlId>1301</ControlId>
      </TabControl>
      <TabControl>
        <TabId>3</TabId>
        <ControlId>1302</ControlId>
      </TabControl>
      <TabControl>
        <TabId>3</TabId>
        <ControlId>1303</ControlId>
      </TabControl>
      <TabControl>
        <TabId>3</TabId>
        <ControlId>1304</ControlId>
      </TabControl>
      <TabControl>
        <TabId>3</TabId>
        <ControlId>1305</ControlId>
      </TabControl>
      <TabControl>
        <TabId>3</TabId>
        <ControlId>1306</ControlId>
      </TabControl>
      <TabControl>
        <TabId>3</TabId>
        <ControlId>1000</ControlId>
      </TabControl>
      <TabControl>
        <TabId>3</TabId>
        <ControlId>1009</ControlId>
      </TabControl>
      <TabControl>
        <TabId>3</TabId>
        <ControlId>1010</ControlId>
      </TabControl>
      <TabControl>
        <TabId>3</TabId>
        <ControlId>1011</ControlId>
      </TabControl>
      <TabControl>
        <TabId>3</TabId>
        <ControlId>1012</ControlId>
      </TabControl>
      <TabControl>
        <TabId>3</TabId>
        <ControlId>1013</ControlId>
      </TabControl>
      <TabControl>
        <TabId>3</TabId>
        <ControlId>1014</ControlId>
      </TabControl>
      <TabControl>
        <TabId>3</TabId>
        <ControlId>1015</ControlId>
      </TabControl>
      <TabControl>
        <TabId>4</TabId>
        <ControlId>1400</ControlId>
      </TabControl>
      <TabControl>
        <TabId>4</TabId>
        <ControlId>1401</ControlId>
      </TabControl>
      <TabControl>
        <TabId>4</TabId>
        <ControlId>1402</ControlId>
      </TabControl>
      <TabControl>
        <TabId>4</TabId>
        <ControlId>1403</ControlId>
      </TabControl>
      <TabControl>
        <TabId>4</TabId>
        <ControlId>1404</ControlId>
      </TabControl>
      <TabControl>
        <TabId>4</TabId>
        <ControlId>1405</ControlId>
      </TabControl>
      <TabControl>
        <TabId>4</TabId>
        <ControlId>1406</ControlId>
      </TabControl>
      <TabControl>
        <TabId>4</TabId>
        <ControlId>1407</ControlId>
      </TabControl>
      <TabControl>
        <TabId>4</TabId>
        <ControlId>1408</ControlId>
      </TabControl>
      <TabControl>
        <TabId>4</TabId>
        <ControlId>1409</ControlId>
      </TabControl>
      <TabControl>
        <TabId>4</TabId>
        <ControlId>1410</ControlId>
      </TabControl>
      <TabControl>
        <TabId>4</TabId>
        <ControlId>1017</ControlId>
      </TabControl>
      <TabControl>
        <TabId>4</TabId>
        <ControlId>1018</ControlId>
      </TabControl>
      <TabControl>
        <TabId>4</TabId>
        <ControlId>1019</ControlId>
      </TabControl>
      <TabControl>
        <TabId>4</TabId>
        <ControlId>1023</ControlId>
      </TabControl>
      <TabControl>
        <TabId>4</TabId>
        <ControlId>1024</ControlId>
      </TabControl>
      <TabControl>
        <TabId>4</TabId>
        <ControlId>1025</ControlId>
      </TabControl>
      <TabControl>
        <TabId>4</TabId>
        <ControlId>1026</ControlId>
      </TabControl>
      <TabControl>
        <TabId>4</TabId>
        <ControlId>1027</ControlId>
      </TabControl>
      <TabControl>
        <TabId>4</TabId>
        <ControlId>1028</ControlId>
      </TabControl>
      <TabControl>
        <TabId>4</TabId>
        <ControlId>1029</ControlId>
      </TabControl>
    </TabsDef>

    <!--Accept/Cancel Buttons-->

    <ButtonDef>
      <ControlId>1016</ControlId>
      <Position>
        <X>72</X>
        <Y>10</Y>
      </Position>
      <Alignment>
        <OffsetBottom>true</OffsetBottom>
        <OffsetRight>true</OffsetRight>
      </Alignment>
      <TemplateName>button_generic</TemplateName>
      <Label>Accept</Label>
      <onClickEvent></onClickEvent>
    </ButtonDef>

    <ButtonDef>
      <ControlId></ControlId>
      <Position>
        <X>10</X>
        <Y>10</Y>
      </Position>
      <Alignment>
        <OffsetBottom>true</OffsetBottom>
        <OffsetRight>true</OffsetRight>
      </Alignment>
      <TemplateName>button_generic</TemplateName>
      <Label>Cancel</Label>
      <onClickEvent>ToggleOptions</onClickEvent>
    </ButtonDef>

    <!-- Tab2 controls -->

    <FullResizeImageDef>
      <ControlId>1200</ControlId>
      <Position>
        <X>15</X>
        <Y>70</Y>
      </Position>
      <Alignment>
      </Alignment>
      <TemplateName>fresizeimage_dlg_interior</TemplateName>
      <Width>310</Width>
      <Height>203</Height>
    </FullResizeImageDef>

    <HorizontalResizeImageDef>
      <ControlId>1202</ControlId>
      <Position>
        <X>15</X>
        <Y>54</Y>
      </Position>
      <Alignment>
      </Alignment>
      <TemplateName>hresizeimage_listbox_row_bg</TemplateName>
      <Width>310</Width>
    </HorizontalResizeImageDef>

    <LabelDef>
      <ControlId>1203</ControlId>
      <Position>
        <X>18</X>
        <Y>55</Y>
      </Position>
      <Alignment>
      </Alignment>
      <Color>
        <R>192</R>
        <G>192</G>
        <B>192</B>
        <A>255</A>
      </Color>
      <FontName>font_buttons</FontName>
      <Width>150</Width>
      <Height>15</Height>
      <ColorAdapter></ColorAdapter>
      <MaxCharacters>50</MaxCharacters>
      <Data>Video Settings</Data>
      <EndAligned>false</EndAligned>
      <TextCentered>false</TextCentered>
      <Adapter></Adapter>
    </LabelDef>

    <LabelDef>
      <ControlId>1204</ControlId>
      <Position>
        <X>23</X>
        <Y>74</Y>
      </Position>
      <Alignment>
      </Alignment>
      <Color>
        <R>192</R>
        <G>192</G>
        <B>192</B>
        <A>255</A>
      </Color>
      <FontName>font_buttons</FontName>
      <Width>150</Width>
      <Height>15</Height>
      <ColorAdapter></ColorAdapter>
      <MaxCharacters>50</MaxCharacters>
      <Data>Shadows</Data>
      <EndAligned>false</EndAligned>
      <TextCentered>false</TextCentered>
      <Adapter></Adapter>
    </LabelDef>

    <LabelDef>
      <ControlId>1205</ControlId>
      <Position>
        <X>23</X>
        <Y>93</Y>
      </Position>
      <Alignment>
      </Alignment>
      <Color>
        <R>192</R>
        <G>192</G>
        <B>192</B>
        <A>255</A>
      </Color>
      <FontName>font_buttons</FontName>
      <Width>150</Width>
      <Height>15</Height>
      <ColorAdapter></ColorAdapter>
      <MaxCharacters>50</MaxCharacters>
      <Data>Snapback</Data>
      <EndAligned>false</EndAligned>
      <TextCentered>false</TextCentered>
      <Adapter></Adapter>
    </LabelDef>

    <LabelDef>
      <ControlId>1206</ControlId>
      <Position>
        <X>23</X>
        <Y>112</Y>
      </Position>
      <Alignment>
      </Alignment>
      <Color>
        <R>192</R>
        <G>192</G>
        <B>192</B>
        <A>255</A>
      </Color>
      <FontName>font_buttons</FontName>
      <Width>150</Width>
      <Height>15</Height>
      <ColorAdapter></ColorAdapter>
      <MaxCharacters>50</MaxCharacters>
      <Data>Spell Effects</Data>
      <EndAligned>false</EndAligned>
      <TextCentered>false</TextCentered>
      <Adapter></Adapter>
    </LabelDef>

    <LabelDef>
      <ControlId>1207</ControlId>
      <Position>
        <X>23</X>
        <Y>131</Y>
      </Position>
      <Alignment>
      </Alignment>
      <Color>
        <R>192</R>
        <G>192</G>
        <B>192</B>
        <A>255</A>
      </Color>
      <FontName>font_buttons</FontName>
      <Width>150</Width>
      <Height>15</Height>
      <ColorAdapter></ColorAdapter>
      <MaxCharacters>50</MaxCharacters>
      <Data>Figure Clip Plane</Data>
      <EndAligned>false</EndAligned>
      <TextCentered>false</TextCentered>
      <Adapter></Adapter>
    </LabelDef>

    <LabelDef>
      <ControlId>1208</ControlId>
      <Position>
        <X>23</X>
        <Y>150</Y>
      </Position>
      <Alignment>
      </Alignment>
      <Color>
        <R>192</R>
        <G>192</G>
        <B>192</B>
        <A>255</A>
      </Color>
      <FontName>font_buttons</FontName>
      <Width>150</Width>
      <Height>15</Height>
      <ColorAdapter></ColorAdapter>
      <MaxCharacters>50</MaxCharacters>
      <Data>Terrain Clip Plane</Data>
      <EndAligned>false</EndAligned>
      <TextCentered>false</TextCentered>
      <Adapter></Adapter>
    </LabelDef>

    <LabelDef>
      <ControlId>1209</ControlId>
      <Position>
        <X>23</X>
        <Y>169</Y>
      </Position>
      <Alignment>
      </Alignment>
      <Color>
        <R>192</R>
        <G>192</G>
        <B>192</B>
        <A>255</A>
      </Color>
      <FontName>font_buttons</FontName>
      <Width>150</Width>
      <Height>15</Height>
      <ColorAdapter></ColorAdapter>
      <MaxCharacters>50</MaxCharacters>
      <Data>Show Facial Morphs</Data>
      <EndAligned>false</EndAligned>
      <TextCentered>false</TextCentered>
      <Adapter></Adapter>
    </LabelDef>

    <HorizontalResizeImageDef>
      <ControlId>1210</ControlId>
      <Position>
        <X>15</X>
        <Y>188</Y>
      </Position>
      <Alignment>
      </Alignment>
      <TemplateName>hresizeimage_divider</TemplateName>
      <Width>310</Width>
    </HorizontalResizeImageDef>

    <LabelDef>
      <ControlId>1211</ControlId>
      <Position>
        <X>23</X>
        <Y>202</Y>
      </Position>
      <Alignment>
      </Alignment>
      <Color>
        <R>192</R>
        <G>192</G>
        <B>192</B>
        <A>255</A>
      </Color>
      <FontName>font_buttons</FontName>
      <Width>150</Width>
      <Height>15</Height>
      <ColorAdapter></ColorAdapter>
      <MaxCharacters>50</MaxCharacters>
      <Data>Tooltip Delay</Data>
      <EndAligned>false</EndAligned>
      <TextCentered>false</TextCentered>
      <Adapter></Adapter>
    </LabelDef>

    <LabelDef>
      <ControlId>1212</ControlId>
      <Position>
        <X>23</X>
        <Y>221</Y>
      </Position>
      <Alignment>
      </Alignment>
      <Color>
        <R>192</R>
        <G>192</G>
        <B>192</B>
        <A>255</A>
      </Color>
      <FontName>font_buttons</FontName>
      <Width>150</Width>
      <Height>15</Height>
      <ColorAdapter></ColorAdapter>
      <MaxCharacters>50</MaxCharacters>
      <Data>Tooltip Transparency</Data>
      <EndAligned>false</EndAligned>
      <TextCentered>false</TextCentered>
      <Adapter></Adapter>
    </LabelDef>

    <ComboBoxDef>
      <ControlId>1030</ControlId>
      <Position>
        <X>197</X>
        <Y>221</Y>
      </Position>
      <Alignment>
      </Alignment>
      <TemplateName>combobox_generic_scroll</TemplateName>
    </ComboBoxDef>

    <ComboBoxDef>
      <ControlId>1031</ControlId>
      <Position>
        <X>197</X>
        <Y>202</Y>
      </Position>
      <Alignment>
      </Alignment>
      <TemplateName>combobox_generic_scroll</TemplateName>
    </ComboBoxDef>

    <ComboBoxDef>
      <ControlId>1022</ControlId>
      <Position>
        <X>197</X>
        <Y>169</Y>
      </Position>
      <Alignment>
      </Alignment>
      <TemplateName>combobox_generic_scroll</TemplateName>
    </ComboBoxDef>

    <ComboBoxDef>
      <ControlId>1006</ControlId>
      <Position>
        <X>197</X>
        <Y>150</Y>
      </Position>
      <Alignment>
      </Alignment>
      <TemplateName>combobox_generic_scroll</TemplateName>
    </ComboBoxDef>

    <ComboBoxDef>
      <ControlId>1020</ControlId>
      <Position>
        <X>197</X>
        <Y>131</Y>
      </Position>
      <Alignment>
      </Alignment>
      <TemplateName>combobox_generic_scroll</TemplateName>
    </ComboBoxDef>

    <ComboBoxDef>
      <ControlId>1005</ControlId>
      <Position>
        <X>197</X>
        <Y>112</Y>
      </Position>
      <Alignment>
      </Alignment>
      <TemplateName>combobox_generic_scroll</TemplateName>
    </ComboBoxDef>

    <ComboBoxDef>
      <ControlId>1021</ControlId>
      <Position>
        <X>197</X>
        <Y>93</Y>
      </Position>
      <Alignment>
      </Alignment>
      <TemplateName>combobox_generic_scroll</TemplateName>
    </ComboBoxDef>

    <ComboBoxDef>
      <ControlId>1008</ControlId>
      <Position>
        <X>197</X>
        <Y>74</Y>
      </Position>
      <Alignment>
      </Alignment>
      <TemplateName>combobox_generic_scroll</TemplateName>
    </ComboBoxDef>

    <!-- Tab3 controls -->

    <FullResizeImageDef>
      <ControlId>1300</ControlId>
      <Position>
        <X>15</X>
        <Y>70</Y>
      </Position>
      <Alignment>
      </Alignment>
      <TemplateName>fresizeimage_dlg_interior</TemplateName>
      <Width>310</Width>
      <Height>203</Height>
    </FullResizeImageDef>

    <HorizontalResizeImageDef>
      <ControlId>1302</ControlId>
      <Position>
        <X>15</X>
        <Y>54</Y>
      </Position>
      <Alignment>
      </Alignment>
      <TemplateName>hresizeimage_listbox_row_bg</TemplateName>
      <Width>310</Width>
    </HorizontalResizeImageDef>

    <LabelDef>
      <ControlId>1303</ControlId>
      <Position>
        <X>18</X>
        <Y>55</Y>
      </Position>
      <Alignment>
      </Alignment>
      <Color>
        <R>192</R>
        <G>192</G>
        <B>192</B>
        <A>255</A>
      </Color>
      <FontName>font_buttons</FontName>
      <Width>200</Width>
      <Height>15</Height>
      <ColorAdapter></ColorAdapter>
      <MaxCharacters>75</MaxCharacters>
      <Data>Name Settings</Data>
      <EndAligned>false</EndAligned>
      <TextCentered>false</TextCentered>
      <Adapter></Adapter>
    </LabelDef>

    <LabelDef>
      <ControlId>1304</ControlId>
      <Position>
        <X>23</X>
        <Y>74</Y>
      </Position>
      <Alignment>
      </Alignment>
      <Color>
        <R>192</R>
        <G>192</G>
        <B>192</B>
        <A>255</A>
      </Color>
      <FontName>font_buttons</FontName>
      <Width>200</Width>
      <Height>15</Height>
      <ColorAdapter></ColorAdapter>
      <MaxCharacters>75</MaxCharacters>
      <Data>Show names of:</Data>
      <EndAligned>false</EndAligned>
      <TextCentered>false</TextCentered>
      <Adapter></Adapter>
    </LabelDef>

    <CheckBoxDef>
      <ControlId>1012</ControlId>
      <Position>
        <X>23</X>
        <Y>93</Y>
      </Position>
      <Alignment>
      </Alignment>
      <TemplateName>checkbox_checkmark2</TemplateName>
      <AdapterName></AdapterName>
      <TextAdapterName></TextAdapterName>
      <Data>Yourself</Data>
      <LabelWidth>120</LabelWidth>
      <OnClickEvent></OnClickEvent>
    </CheckBoxDef>

    <CheckBoxDef>
      <ControlId>1011</ControlId>
      <Position>
        <X>23</X>
        <Y>112</Y>
      </Position>
      <Alignment>
      </Alignment>
      <TemplateName>checkbox_checkmark2</TemplateName>
      <AdapterName></AdapterName>
      <TextAdapterName></TextAdapterName>
      <Data>Other Players</Data>
      <LabelWidth>120</LabelWidth>
      <OnClickEvent></OnClickEvent>
    </CheckBoxDef>

    <CheckBoxDef>
      <ControlId>1015</ControlId>
      <Position>
        <X>23</X>
        <Y>131</Y>
      </Position>
      <Alignment>
      </Alignment>
      <TemplateName>checkbox_checkmark2</TemplateName>
      <AdapterName></AdapterName>
      <TextAdapterName></TextAdapterName>
      <Data>Enemy Players</Data>
      <LabelWidth>120</LabelWidth>
      <OnClickEvent></OnClickEvent>
    </CheckBoxDef>

    <CheckBoxDef>
      <ControlId>1009</ControlId>
      <Position>
        <X>23</X>
        <Y>150</Y>
      </Position>
      <Alignment>
      </Alignment>
      <TemplateName>checkbox_checkmark2</TemplateName>
      <AdapterName></AdapterName>
      <TextAdapterName></TextAdapterName>
      <Data>Monsters/NPCs</Data>
      <LabelWidth>120</LabelWidth>
      <OnClickEvent></OnClickEvent>
    </CheckBoxDef>

    <CheckBoxDef>
      <ControlId>1014</ControlId>
      <Position>
        <X>197</X>
        <Y>112</Y>
      </Position>
      <Alignment>
      </Alignment>
      <TemplateName>checkbox_checkmark2</TemplateName>
      <AdapterName></AdapterName>
      <TextAdapterName></TextAdapterName>
      <Data>Guildmates</Data>
      <LabelWidth>120</LabelWidth>
      <OnClickEvent></OnClickEvent>
    </CheckBoxDef>

    <CheckBoxDef>
      <ControlId>1013</ControlId>
      <Position>
        <X>197</X>
        <Y>131</Y>
      </Position>
      <Alignment>
      </Alignment>
      <TemplateName>checkbox_checkmark2</TemplateName>
      <AdapterName></AdapterName>
      <TextAdapterName></TextAdapterName>
      <Data>Groupmates</Data>
      <LabelWidth>120</LabelWidth>
      <OnClickEvent></OnClickEvent>
    </CheckBoxDef>

    <CheckBoxDef>
      <ControlId>1010</ControlId>
      <Position>
        <X>197</X>
        <Y>150</Y>
      </Position>
      <Alignment>
      </Alignment>
      <TemplateName>checkbox_checkmark2</TemplateName>
      <AdapterName></AdapterName>
      <TextAdapterName></TextAdapterName>
      <Data>Gravestones</Data>
      <LabelWidth>120</LabelWidth>
      <OnClickEvent></OnClickEvent>
    </CheckBoxDef>

    <HorizontalResizeImageDef>
      <ControlId>1306</ControlId>
      <Position>
        <X>15</X>
        <Y>188</Y>
      </Position>
      <Alignment>
      </Alignment>
      <TemplateName>hresizeimage_divider</TemplateName>
      <Width>310</Width>
    </HorizontalResizeImageDef>

    <LabelDef>
      <ControlId>1305</ControlId>
      <Position>
        <X>23</X>
        <Y>202</Y>
      </Position>
      <Alignment>
      </Alignment>
      <Color>
        <R>192</R>
        <G>192</G>
        <B>192</B>
        <A>255</A>
      </Color>
      <FontName>font_buttons</FontName>
      <Width>200</Width>
      <Height>15</Height>
      <ColorAdapter></ColorAdapter>
      <MaxCharacters>75</MaxCharacters>
      <Data>Colored or Classic Theme</Data>
      <EndAligned>false</EndAligned>
      <TextCentered>false</TextCentered>
      <Adapter></Adapter>
    </LabelDef>

    <ComboBoxDef>
      <ControlId>1000</ControlId>
      <Position>
        <X>197</X>
        <Y>202</Y>
      </Position>
      <Alignment>
      </Alignment>
      <TemplateName>combobox_generic_scroll</TemplateName>
    </ComboBoxDef>

    <!-- Tab4 controls -->

    <HorizontalResizeImageDef>
      <ControlId>1402</ControlId>
      <Position>
        <X>15</X>
        <Y>54</Y>
      </Position>
      <Alignment>
      </Alignment>
      <TemplateName>hresizeimage_listbox_row_bg</TemplateName>
      <Width>310</Width>
    </HorizontalResizeImageDef>

    <LabelDef>
      <ControlId>1403</ControlId>
      <Position>
        <X>18</X>
        <Y>55</Y>
      </Position>
      <Alignment>
      </Alignment>
      <Color>
        <R>192</R>
        <G>192</G>
        <B>192</B>
        <A>255</A>
      </Color>
      <FontName>font_buttons</FontName>
      <Width>150</Width>
      <Height>15</Height>
      <ColorAdapter></ColorAdapter>
      <MaxCharacters>50</MaxCharacters>
      <Data>Quickbar Settings</Data>
      <EndAligned>false</EndAligned>
      <TextCentered>false</TextCentered>
      <Adapter></Adapter>
    </LabelDef>

    <FullResizeImageDef>
      <ControlId>1400</ControlId>
      <Position>
        <X>15</X>
        <Y>70</Y>
      </Position>
      <Alignment>
      </Alignment>
      <TemplateName>fresizeimage_dlg_interior_small</TemplateName>
      <Width>310</Width>
      <Height>46</Height>
    </FullResizeImageDef>

    <LabelDef>
      <ControlId>1401</ControlId>
      <Position>
        <X>23</X>
        <Y>74</Y>
      </Position>
      <Alignment>
      </Alignment>
      <Color>
        <R>192</R>
        <G>192</G>
        <B>192</B>
        <A>255</A>
      </Color>
      <FontName>font_buttons</FontName>
      <Width>200</Width>
      <Height>15</Height>
      <ColorAdapter></ColorAdapter>
      <MaxCharacters>75</MaxCharacters>
      <Data>Select number of quickbars:</Data>
      <EndAligned>false</EndAligned>
      <TextCentered>false</TextCentered>
      <Adapter></Adapter>
    </LabelDef>

    <CheckBoxDef>
      <ControlId>1017</ControlId>
      <Position>
        <X>23</X>
        <Y>94</Y>
      </Position>
      <Alignment>
      </Alignment>
      <TemplateName>checkbox_checkmark2</TemplateName>
      <AdapterName></AdapterName>
      <TextAdapterName></TextAdapterName>
      <Data>One</Data>
      <LabelWidth>75</LabelWidth>
      <OnClickEvent></OnClickEvent>
    </CheckBoxDef>

    <CheckBoxDef>
      <ControlId>1018</ControlId>
      <Position>
        <X>112</X>
        <Y>94</Y>
      </Position>
      <Alignment>
      </Alignment>
      <TemplateName>checkbox_checkmark2</TemplateName>
      <AdapterName></AdapterName>
      <TextAdapterName></TextAdapterName>
      <Data>Two (Alt)</Data>
      <LabelWidth>75</LabelWidth>
      <OnClickEvent></OnClickEvent>
    </CheckBoxDef>

    <CheckBoxDef>
      <ControlId>1019</ControlId>
      <Position>
        <X>215</X>
        <Y>94</Y>
      </Position>
      <Alignment>
      </Alignment>
      <TemplateName>checkbox_checkmark2</TemplateName>
      <AdapterName></AdapterName>
      <TextAdapterName></TextAdapterName>
      <Data>Three (Ctrl)</Data>
      <LabelWidth>75</LabelWidth>
      <OnClickEvent></OnClickEvent>
    </CheckBoxDef>

    <HorizontalResizeImageDef>
      <ControlId>1404</ControlId>
      <Position>
        <X>15</X>
        <Y>126</Y>
      </Position>
      <Alignment>
      </Alignment>
      <TemplateName>hresizeimage_listbox_row_bg</TemplateName>
      <Width>310</Width>
    </HorizontalResizeImageDef>

    <LabelDef>
      <ControlId>1405</ControlId>
      <Position>
        <X>18</X>
        <Y>127</Y>
      </Position>
      <Alignment>
      </Alignment>
      <Color>
        <R>192</R>
        <G>192</G>
        <B>192</B>
        <A>255</A>
      </Color>
      <FontName>font_buttons</FontName>
      <Width>200</Width>
      <Height>15</Height>
      <ColorAdapter></ColorAdapter>
      <MaxCharacters>75</MaxCharacters>
      <Data>Spell Buff/Effect Icon Grid Settings</Data>
      <EndAligned>false</EndAligned>
      <TextCentered>false</TextCentered>
      <Adapter></Adapter>
    </LabelDef>

    <FullResizeImageDef>
      <ControlId>1406</ControlId>
      <Position>
        <X>15</X>
        <Y>142</Y>
      </Position>
      <Alignment>
      </Alignment>
      <TemplateName>fresizeimage_dlg_interior_small</TemplateName>
      <Width>310</Width>
      <Height>131</Height>
    </FullResizeImageDef>

    <ButtonDef>
      <ControlId>1026</ControlId>
      <Position>
        <X>23</X>
        <Y>146</Y>
      </Position>
      <Alignment>
      </Alignment>
      <TemplateName>button_arrow_left</TemplateName>
      <Label></Label>
      <onClickEvent></onClickEvent>
    </ButtonDef>

    <ButtonDef>
      <ControlId>1027</ControlId>
      <Position>
        <X>41</X>
        <Y>146</Y>
      </Position>
      <Alignment>
      </Alignment>
      <TemplateName>button_arrow_right</TemplateName>
      <Label></Label>
      <onClickEvent></onClickEvent>
    </ButtonDef>

    <ButtonDef>
      <ControlId>1023</ControlId>
      <Position>
        <X>23</X>
        <Y>165</Y>
      </Position>
      <Alignment>
      </Alignment>
      <TemplateName>button_arrow_left</TemplateName>
      <Label></Label>
      <onClickEvent></onClickEvent>
    </ButtonDef>

    <ButtonDef>
      <ControlId>1024</ControlId>
      <Position>
        <X>41</X>
        <Y>165</Y>
      </Position>
      <Alignment>
      </Alignment>
      <TemplateName>button_arrow_right</TemplateName>
      <Label></Label>
      <onClickEvent></onClickEvent>
    </ButtonDef>

    <LabelDef>
      <ControlId>1407</ControlId>
      <Position>
        <X>65</X>
        <Y>146</Y>
      </Position>
      <Alignment>
      </Alignment>
      <Color>
        <R>192</R>
        <G>192</G>
        <B>192</B>
        <A>255</A>
      </Color>
      <FontName>font_buttons</FontName>
      <Width>70</Width>
      <Height>15</Height>
      <ColorAdapter></ColorAdapter>
      <MaxCharacters>32</MaxCharacters>
      <Data>Rows:</Data>
      <EndAligned>false</EndAligned>
      <TextCentered>false</TextCentered>
      <Adapter></Adapter>
    </LabelDef>

    <LabelDef>
      <ControlId>1408</ControlId>
      <Position>
        <X>65</X>
        <Y>165</Y>
      </Position>
      <Alignment>
      </Alignment>
      <Color>
        <R>192</R>
        <G>192</G>
        <B>192</B>
        <A>255</A>
      </Color>
      <FontName>font_buttons</FontName>
      <Width>70</Width>
      <Height>15</Height>
      <ColorAdapter></ColorAdapter>
      <MaxCharacters>32</MaxCharacters>
      <Data>Columns:</Data>
      <EndAligned>false</EndAligned>
      <TextCentered>false</TextCentered>
      <Adapter></Adapter>
    </LabelDef>

    <LabelDef>
      <ControlId>1028</ControlId>
      <Position>
        <X>95</X>
        <Y>146</Y>
      </Position>
      <Alignment>
      </Alignment>
      <Color>
        <R>192</R>
        <G>192</G>
        <B>192</B>
        <A>255</A>
      </Color>
      <FontName>font_buttons</FontName>
      <Width>28</Width>
      <Height>16</Height>
      <ColorAdapter></ColorAdapter>
      <MaxCharacters>4</MaxCharacters>
      <Data>99</Data>
      <EndAligned>false</EndAligned>
      <TextCentered>true</TextCentered>
      <Adapter></Adapter>
    </LabelDef>

    <LabelDef>
      <ControlId>1025</ControlId>
      <Position>
        <X>117</X>
        <Y>165</Y>
      </Position>
      <Alignment>
      </Alignment>
      <Color>
        <R>192</R>
        <G>192</G>
        <B>192</B>
        <A>255</A>
      </Color>
      <FontName>font_buttons</FontName>
      <Width>28</Width>
      <Height>16</Height>
      <ColorAdapter></ColorAdapter>
      <MaxCharacters>4</MaxCharacters>
      <Data>99</Data>
      <EndAligned>false</EndAligned>
      <TextCentered>true</TextCentered>
      <Adapter></Adapter>
    </LabelDef>

    <CheckBoxDef>
      <ControlId>1029</ControlId>
      <Position>
        <X>215</X>
        <Y>165</Y>
      </Position>
      <Alignment>
      </Alignment>
      <TemplateName>checkbox_checkmark2</TemplateName>
      <AdapterName></AdapterName>
      <TextAdapterName></TextAdapterName>
      <Data>Normal Order</Data>
      <LabelWidth>120</LabelWidth>
      <OnClickEvent></OnClickEvent>
    </CheckBoxDef>

    <!-- Tab1 controls -->

    <FullResizeImageDef>
      <ControlId>1100</ControlId>
      <Position>
        <X>10</X>
        <Y>44</Y>
      </Position>
      <Alignment>
      </Alignment>
      <TemplateName>fresizeimage_tab_panel</TemplateName>
      <Width>320</Width>
      <Height>239</Height>
    </FullResizeImageDef>

    <FullResizeImageDef>
      <ControlId>1101</ControlId>
      <Position>
        <X>15</X>
        <Y>70</Y>
      </Position>
      <Alignment>
      </Alignment>
      <TemplateName>fresizeimage_dlg_interior</TemplateName>
      <Width>310</Width>
      <Height>203</Height>
    </FullResizeImageDef>

    <HorizontalResizeImageDef>
      <ControlId>1102</ControlId>
      <Position>
        <X>15</X>
        <Y>54</Y>
      </Position>
      <Alignment>
      </Alignment>
      <TemplateName>hresizeimage_listbox_row_bg</TemplateName>
      <Width>310</Width>
    </HorizontalResizeImageDef>

    <LabelDef>
      <ControlId>1103</ControlId>
      <Position>
        <X>18</X>
        <Y>55</Y>
      </Position>
      <Alignment>
      </Alignment>
      <Color>
        <R>192</R>
        <G>192</G>
        <B>192</B>
        <A>255</A>
      </Color>
      <FontName>font_buttons</FontName>
      <Width>150</Width>
      <Height>15</Height>
      <ColorAdapter></ColorAdapter>
      <MaxCharacters>50</MaxCharacters>
      <Data>Audio Settings</Data>
      <EndAligned>false</EndAligned>
      <TextCentered>false</TextCentered>
      <Adapter></Adapter>
    </LabelDef>

    <LabelDef>
      <ControlId>1104</ControlId>
      <Position>
        <X>23</X>
        <Y>74</Y>
      </Position>
      <Alignment>
      </Alignment>
      <Color>
        <R>192</R>
        <G>192</G>
        <B>192</B>
        <A>255</A>
      </Color>
      <FontName>font_buttons</FontName>
      <Width>150</Width>
      <Height>15</Height>
      <ColorAdapter></ColorAdapter>
      <MaxCharacters>50</MaxCharacters>
      <Data>Music Volume</Data>
      <EndAligned>false</EndAligned>
      <TextCentered>false</TextCentered>
      <Adapter></Adapter>
    </LabelDef>

    <LabelDef>
      <ControlId>1105</ControlId>
      <Position>
        <X>23</X>
        <Y>93</Y>
      </Position>
      <Alignment>
      </Alignment>
      <Color>
        <R>192</R>
        <G>192</G>
        <B>192</B>
        <A>255</A>
      </Color>
      <FontName>font_buttons</FontName>
      <Width>150</Width>
      <Height>15</Height>
      <ColorAdapter></ColorAdapter>
      <MaxCharacters>50</MaxCharacters>
      <Data>Effects Volume</Data>
      <EndAligned>false</EndAligned>
      <TextCentered>false</TextCentered>
      <Adapter></Adapter>
    </LabelDef>

    <LabelDef>
      <ControlId>1106</ControlId>
      <Position>
        <X>23</X>
        <Y>112</Y>
      </Position>
      <Alignment>
      </Alignment>
      <Color>
        <R>192</R>
        <G>192</G>
        <B>192</B>
        <A>255</A>
      </Color>
      <FontName>font_buttons</FontName>
      <Width>150</Width>
      <Height>15</Height>
      <ColorAdapter></ColorAdapter>
      <MaxCharacters>50</MaxCharacters>
      <Data>Ambient Music Volume</Data>
      <EndAligned>false</EndAligned>
      <TextCentered>false</TextCentered>
      <Adapter></Adapter>
    </LabelDef>

    <LabelDef>
      <ControlId>1107</ControlId>
      <Position>
        <X>23</X>
        <Y>131</Y>
      </Position>
      <Alignment>
      </Alignment>
      <Color>
        <R>192</R>
        <G>192</G>
        <B>192</B>
        <A>255</A>
      </Color>
      <FontName>font_buttons</FontName>
      <Width>150</Width>
      <Height>15</Height>
      <ColorAdapter></ColorAdapter>
      <MaxCharacters>50</MaxCharacters>
      <Data>Ambient Sounds Volume</Data>
      <EndAligned>false</EndAligned>
      <TextCentered>false</TextCentered>
      <Adapter></Adapter>
    </LabelDef>

    <ComboBoxDef>
      <ControlId>1003</ControlId>
      <Position>
        <X>197</X>
        <Y>131</Y>
      </Position>
      <Alignment>
      </Alignment>
      <TemplateName>combobox_generic_scroll</TemplateName>
    </ComboBoxDef>

    <ComboBoxDef>
      <ControlId>1004</ControlId>
      <Position>
        <X>197</X>
        <Y>112</Y>
      </Position>
      <Alignment>
      </Alignment>
      <TemplateName>combobox_generic_scroll</TemplateName>
    </ComboBoxDef>

    <ComboBoxDef>
      <ControlId>1001</ControlId>
      <Position>
        <X>197</X>
        <Y>93</Y>
      </Position>
      <Alignment>
      </Alignment>
      <TemplateName>combobox_generic_scroll</TemplateName>
    </ComboBoxDef>

    <ComboBoxDef>
      <ControlId>1002</ControlId>
      <Position>
        <X>197</X>
        <Y>74</Y>
      </Position>
      <Alignment>
      </Alignment>
      <TemplateName>combobox_generic_scroll</TemplateName>
    </ComboBoxDef>

    <LabelDef>
      <ControlId>1108</ControlId>
      <Position>
        <X>34</X>
        <Y>28</Y>
      </Position>
      <Alignment>
      </Alignment>
      <Color>
        <R>255</R>
        <G>192</G>
        <B>0</B>
        <A>255</A>
      </Color>
      <FontName>font_buttons</FontName>
      <Width>40</Width>
      <Height>16</Height>
      <ColorAdapter></ColorAdapter>
      <MaxCharacters>13</MaxCharacters>
      <Data>Audio</Data>
      <EndAligned>false</EndAligned>
      <TextCentered>false</TextCentered>
      <Adapter></Adapter>
    </LabelDef>

  </WindowTemplate>

</Root_Element>
