<?xml version="1.0" encoding="ISO-8859-1"?>
<Root_Element ID="DAOCUi">

<!-- @@ Edited with the DAoC User Interface Editor v1.80 -->
<!-- @@ Free download available at http://www.bradtownsend.com/daoced -->

  <WindowTemplate>
    <Name>quest</Name>
    <WindowId>Quest</WindowId>
    <CloseButton>true</CloseButton>
    <MoveButton>true</MoveButton>
    <TopRightResizeButton>false</TopRightResizeButton>
    <BottomRightResizeButton>false</BottomRightResizeButton>
    <BottomLeftResizeButton>false</BottomLeftResizeButton>
    <ResizeButtonOffsetX>0</ResizeButtonOffsetX>
    <ResizeButtonOffsetY>0</ResizeButtonOffsetY>
    <TitleWidth>250</TitleWidth>
    <TitleHeight>100</TitleHeight>
    <Width>250</Width>
    <Height>100</Height>
    <ResizeableWidth>0</ResizeableWidth>
    <ResizeableHeight>0</ResizeableHeight>
    <ResizeableTwoWayWidth>0</ResizeableTwoWayWidth>
    <ResizeableTwoWayHeight>0</ResizeableTwoWayHeight>
    <MinWidth>250</MinWidth>
    <MinHeight>100</MinHeight>
    <ContextTemplateName></ContextTemplateName>

    <!-- Background Image -->

    <FullResizeImageDef>
      <ControlId>Background</ControlId>
      <Position>
        <X>0</X>
        <Y>0</Y>
      </Position>
      <Alignment>
      </Alignment>
      <TemplateName>fresizeimage_dlg_bg</TemplateName>
      <Width>250</Width>
      <Height>100</Height>
    </FullResizeImageDef>

    <LabelDef>
      <ControlId></ControlId>
      <Position>
        <X>0</X>
        <Y>11</Y>
      </Position>
      <Alignment>
      </Alignment>
      <Color>
        <R>255</R>
        <G>192</G>
        <B>0</B>
        <A>255</A>
      </Color>
      <FontName>font_titles</FontName>
      <Width>250</Width>
      <Height>17</Height>
      <ColorAdapter></ColorAdapter>
      <MaxCharacters>50</MaxCharacters>
      <Data>Old Quest Window (No Longer Used)</Data>
      <EndAligned>false</EndAligned>
      <TextCentered>true</TextCentered>
      <Adapter></Adapter>
    </LabelDef>

    <!-- This window is no longer used -->

  </WindowTemplate>

</Root_Element>
