<?xml version="1.0" encoding="ISO-8859-1"?>
<Root_Element ID="DAOCUi">

<!-- @@ Edited with the DAoC User Interface Editor v1.79 -->
<!-- @@ Free download available at http://www.bradtownsend.com/daoced -->

  <WindowTemplate>
    <Name>quest</Name>
    <WindowId>Quest</WindowId>
    <CloseButton>true</CloseButton>
    <MoveButton>true</MoveButton>
    <TopRightResizeButton>false</TopRightResizeButton>
    <BottomRightResizeButton>true</BottomRightResizeButton>
    <BottomLeftResizeButton>true</BottomLeftResizeButton>
    <ResizeButtonOffsetX>0</ResizeButtonOffsetX>
    <ResizeButtonOffsetY>0</ResizeButtonOffsetY>
    <TitleWidth>310</TitleWidth>
    <TitleHeight>27</TitleHeight>
    <Width>310</Width>
    <Height>200</Height>
    <ResizeableWidth>0</ResizeableWidth>
    <ResizeableHeight>0</ResizeableHeight>
    <ResizeableTwoWayWidth>0</ResizeableTwoWayWidth>
    <ResizeableTwoWayHeight>0</ResizeableTwoWayHeight>
    <MinWidth>310</MinWidth>
    <MinHeight>200</MinHeight>

    <!-- Background Image -->

    <FullResizeImageDef>
      <ControlId>Background</ControlId>
      <Position>
        <X>0</X>
        <Y>0</Y>
      </Position>
      <Alignment>
        <GrowWidth>true</GrowWidth>
        <GrowHeight>true</GrowHeight>
      </Alignment>
      <TemplateName>fresizeimage_dlg_bg</TemplateName>
      <Width>310</Width>
      <Height>200</Height>
    </FullResizeImageDef>

    <!--Mermaid Images-->

    <ImageAreaDef>
      <ControlId>1002</ControlId>
      <Position>
        <X>10</X>
        <Y>10</Y>
      </Position>
      <Alignment>
      </Alignment>
      <TemplateName>imagearea_quest_title_left</TemplateName>
    </ImageAreaDef>

    <ImageAreaDef>
      <ControlId>1003</ControlId>
      <Position>
        <X>10</X>
        <Y>10</Y>
      </Position>
      <Alignment>
        <OffsetRight>true</OffsetRight>
      </Alignment>
      <TemplateName>imagearea_quest_title_right</TemplateName>
    </ImageAreaDef>

    <!-- Title -->

    <ImageAreaDef>
      <ControlId>1004</ControlId>
      <Position>
        <X>0</X>
        <Y>11</Y>
      </Position>
      <Alignment>
        <CenterHorizontally>true</CenterHorizontally>
      </Alignment>
      <TemplateName>imagearea_quest_title</TemplateName>
    </ImageAreaDef>

    <!-- Quest Journal list -->

    <TextAreaDef>
      <ControlId>1001</ControlId>
      <Position>
        <X>10</X>
        <Y>27</Y>
      </Position>
      <Alignment>
        <GrowWidth>true</GrowWidth>
        <GrowHeight>true</GrowHeight>
      </Alignment>
      <TemplateName>textarea_generic</TemplateName>
      <AdapterName>quest_text</AdapterName>
      <HasHotspots>true</HasHotspots>
      <MaxCharacters>32768</MaxCharacters>
      <Width>290</Width>
      <Height>142</Height>
    </TextAreaDef>

    <!-- Remove Quest controls -->

    <ButtonDef>
      <ControlId>1000</ControlId>
      <Position>
        <X>10</X>
        <Y>10</Y>
      </Position>
      <Alignment>
        <OffsetBottom>true</OffsetBottom>
      </Alignment>
      <TemplateName>button_size_110</TemplateName>
      <Label>Remove Quest -&gt;</Label>
      <onClickEvent>RemoveQuest</onClickEvent>
    </ButtonDef>

    <HorizontalResizeImageDef>
      <ControlId></ControlId>
      <Position>
        <X>125</X>
        <Y>10</Y>
      </Position>
      <Alignment>
        <OffsetBottom>true</OffsetBottom>
        <GrowWidth>true</GrowWidth>
      </Alignment>
      <TemplateName>hresizeimage_listbox_row_bg</TemplateName>
      <Width>175</Width>
    </HorizontalResizeImageDef>

    <LabelDef>
      <ControlId>1005</ControlId>
      <Position>
        <X>127</X>
        <Y>9</Y>
      </Position>
      <Alignment>
        <OffsetBottom>true</OffsetBottom>
        <GrowWidth>true</GrowWidth>
      </Alignment>
      <Color>
        <R>192</R>
        <G>192</G>
        <B>192</B>
        <A>192</A>
      </Color>
      <FontName>font_headings</FontName>
      <Width>170</Width>
      <Height>16</Height>
      <ColorAdapter></ColorAdapter>
      <MaxCharacters>256</MaxCharacters>
      <Data>No Quest Selected</Data>
      <EndAligned>false</EndAligned>
      <TextCentered>false</TextCentered>
      <Adapter></Adapter>
    </LabelDef>

    <!-- This window is no longer used -->

  </WindowTemplate>

</Root_Element>
