<?xml version="1.0" encoding="ISO-8859-1"?>
<Root_Element ID="DAOCUi">

<!-- @@ Edited with the DAoC User Interface Editor v1.77b -->
<!-- @@ Free download available at http://www.bradtownsend.com/daoced -->

  <!-- Load Compass BG Images -->

  <Texture>
    <Name>CompassBGImages_01</Name>
    <File>custom/assets/textures/RCompassBGImages_01.tga</File>
  </Texture>

  <StatusIconTemplate>
    <Name>StatusIcon_Compass_BG</Name>
    <TextureName>compassbgimages_01</TextureName>
    <TextureStart>
      <X>0</X>
      <Y>0</Y>
    </TextureStart>
    <Width>64</Width>
    <Height>64</Height>
    <MaxLevels>32</MaxLevels>
    <Horizontal>true</Horizontal>
  </StatusIconTemplate>

</Root_Element>
