<?xml version="1.0" encoding="ISO-8859-1"?>
<Root_Element ID="DAOCUi">

<!-- @@ Edited with the DAoC User Interface Editor v1.80 -->
<!-- @@ Free download available at http://www.bradtownsend.com/daoced -->

  <Texture>
    <Name>warmap_alb</Name>
    <File>custom/assets/realmwar/AlbionMap.tga</File>
  </Texture>

  <ImageAreaTemplate>
    <Name>ImageArea_WarMap_Pennine</Name>
    <TextureName>warmap_alb</TextureName>
    <Size>
      <X>128</X>
      <Y>128</Y>
    </Size>
    <TopLeft>
      <X>0</X>
      <Y>128</Y>
    </TopLeft>
  </ImageAreaTemplate>

  <ImageAreaTemplate>
    <Name>ImageArea_WarMap_Snowdonia</Name>
    <TextureName>warmap_alb</TextureName>
    <Size>
      <X>128</X>
      <Y>128</Y>
    </Size>
    <TopLeft>
      <X>128</X>
      <Y>0</Y>
    </TopLeft>
  </ImageAreaTemplate>

  <ImageAreaTemplate>
    <Name>ImageArea_WarMap_Sauvage</Name>
    <TextureName>warmap_alb</TextureName>
    <Size>
      <X>128</X>
      <Y>128</Y>
    </Size>
    <TopLeft>
      <X>128</X>
      <Y>128</Y>
    </TopLeft>
  </ImageAreaTemplate>

  <ImageAreaTemplate>
    <Name>ImageArea_WarMap_Hadrians</Name>
    <TextureName>warmap_alb</TextureName>
    <Size>
      <X>128</X>
      <Y>128</Y>
    </Size>
    <TopLeft>
      <X>0</X>
      <Y>0</Y>
    </TopLeft>
  </ImageAreaTemplate>

  <ImageAreaTemplate>
    <Name>ImageArea_Realm_Alb</Name>
    <TextureName>realmimages_01</TextureName>
    <Size>
      <X>64</X>
      <Y>64</Y>
    </Size>
    <TopLeft>
      <X>0</X>
      <Y>64</Y>
    </TopLeft>
  </ImageAreaTemplate>

  <WindowTemplate>
    <Name>realmwar_alb</Name>
    <WindowId></WindowId>
    <CloseButton>true</CloseButton>
    <MoveButton>true</MoveButton>
    <TopRightResizeButton>false</TopRightResizeButton>
    <BottomRightResizeButton>false</BottomRightResizeButton>
    <BottomLeftResizeButton>false</BottomLeftResizeButton>
    <ResizeButtonOffsetX>0</ResizeButtonOffsetX>
    <ResizeButtonOffsetY>0</ResizeButtonOffsetY>
    <TitleWidth>266</TitleWidth>
    <TitleHeight>4</TitleHeight>
    <Width>266</Width>
    <Height>416</Height>
    <ResizeableWidth>0</ResizeableWidth>
    <ResizeableHeight>0</ResizeableHeight>
    <ResizeableTwoWayWidth>0</ResizeableTwoWayWidth>
    <ResizeableTwoWayHeight>0</ResizeableTwoWayHeight>
    <MinWidth>0</MinWidth>
    <MinHeight>0</MinHeight>
    <ContextTemplateName></ContextTemplateName>

    <FullResizeImageDef>
      <ControlId></ControlId>
      <Position>
        <X>0</X>
        <Y>0</Y>
      </Position>
      <Alignment>
        <GrowWidth>true</GrowWidth>
        <GrowHeight>true</GrowHeight>
      </Alignment>
      <TemplateName>fresizeimage_dlg_bg</TemplateName>
      <Width>266</Width>
      <Height>416</Height>
    </FullResizeImageDef>

    <!--Images-->

    <!--Control ID's are used for placing active map elements-->

    <ImageAreaDef>
      <ControlId>1000</ControlId>
      <Position>
        <X>5</X>
        <Y>152</Y>
      </Position>
      <Alignment>
        <TopLeft>true</TopLeft>
      </Alignment>
      <TemplateName>ImageArea_warmap_pennine</TemplateName>
    </ImageAreaDef>

    <ImageAreaDef>
      <ControlId>1001</ControlId>
      <Position>
        <X>5</X>
        <Y>24</Y>
      </Position>
      <Alignment>
        <TopLeft>true</TopLeft>
      </Alignment>
      <TemplateName>ImageArea_warmap_hadrians</TemplateName>
    </ImageAreaDef>

    <ImageAreaDef>
      <ControlId>1002</ControlId>
      <Position>
        <X>133</X>
        <Y>152</Y>
      </Position>
      <Alignment>
        <TopLeft>true</TopLeft>
      </Alignment>
      <TemplateName>ImageArea_warmap_sauvage</TemplateName>
    </ImageAreaDef>

    <ImageAreaDef>
      <ControlId>1003</ControlId>
      <Position>
        <X>5</X>
        <Y>280</Y>
      </Position>
      <Alignment>
        <TopLeft>true</TopLeft>
      </Alignment>
      <TemplateName>ImageArea_warmap_snowdonia</TemplateName>
    </ImageAreaDef>

    <ImageAreaDef>
      <ControlId></ControlId>
      <Position>
        <X>165</X>
        <Y>38</Y>
      </Position>
      <Alignment>
        <TopLeft>true</TopLeft>
      </Alignment>
      <TemplateName>ImageArea_Realm_Alb</TemplateName>
    </ImageAreaDef>

    <CheckBoxDef>
      <ControlId></ControlId>
      <Position>
        <X>5</X>
        <Y>24</Y>
      </Position>
      <Alignment>
      </Alignment>
      <TemplateName>checkbox_warmap_reliclinks_alb</TemplateName>
      <AdapterName></AdapterName>
      <TextAdapterName></TextAdapterName>
      <Data></Data>
      <LabelWidth>1</LabelWidth>
      <OnClickEvent></OnClickEvent>
    </CheckBoxDef>

    <CheckBoxDef>
      <ControlId></ControlId>
      <Position>
        <X>133</X>
        <Y>24</Y>
      </Position>
      <Alignment>
      </Alignment>
      <TemplateName>checkbox_warmap_mask</TemplateName>
      <AdapterName></AdapterName>
      <TextAdapterName></TextAdapterName>
      <Data></Data>
      <LabelWidth>1</LabelWidth>
      <OnClickEvent></OnClickEvent>
    </CheckBoxDef>

    <CheckBoxDef>
      <ControlId></ControlId>
      <Position>
        <X>133</X>
        <Y>280</Y>
      </Position>
      <Alignment>
      </Alignment>
      <TemplateName>checkbox_warmap_mask</TemplateName>
      <AdapterName></AdapterName>
      <TextAdapterName></TextAdapterName>
      <Data></Data>
      <LabelWidth>1</LabelWidth>
      <OnClickEvent></OnClickEvent>
    </CheckBoxDef>

    <!--Mini Info-->

    <LabelDef>
      <ControlId></ControlId>
      <Position>
        <X>133</X>
        <Y>300</Y>
      </Position>
      <Alignment>
      </Alignment>
      <Color>
        <R>192</R>
        <G>192</G>
        <B>192</B>
        <A>255</A>
      </Color>
      <FontName>font_headings</FontName>
      <Width>128</Width>
      <Height>16</Height>
      <ColorAdapter>realmwar_info_alb</ColorAdapter>
      <MaxCharacters>64</MaxCharacters>
      <Data>Keep Name</Data>
      <EndAligned>false</EndAligned>
      <TextCentered>true</TextCentered>
      <Adapter>realmwar_info_alb0</Adapter>
    </LabelDef>

    <LabelDef>
      <ControlId></ControlId>
      <Position>
        <X>133</X>
        <Y>316</Y>
      </Position>
      <Alignment>
        <TopLeft>true</TopLeft>
      </Alignment>
      <Color>
        <R>192</R>
        <G>192</G>
        <B>192</B>
        <A>255</A>
      </Color>
      <FontName>font_headings_small</FontName>
      <Width>128</Width>
      <Height>16</Height>
      <ColorAdapter>realmwar_info_alb</ColorAdapter>
      <MaxCharacters>64</MaxCharacters>
      <Data>Realm</Data>
      <EndAligned>false</EndAligned>
      <TextCentered>true</TextCentered>
      <Adapter>realmwar_info_alb1</Adapter>
    </LabelDef>

    <LabelDef>
      <ControlId></ControlId>
      <Position>
        <X>133</X>
        <Y>332</Y>
      </Position>
      <Alignment>
        <TopLeft>true</TopLeft>
      </Alignment>
      <Color>
        <R>192</R>
        <G>192</G>
        <B>192</B>
        <A>255</A>
      </Color>
      <FontName>font_headings_small</FontName>
      <Width>128</Width>
      <Height>16</Height>
      <ColorAdapter>realmwar_info_alb</ColorAdapter>
      <MaxCharacters>64</MaxCharacters>
      <Data>Claimed by:</Data>
      <EndAligned>false</EndAligned>
      <TextCentered>true</TextCentered>
      <Adapter>realmwar_info_alb2</Adapter>
    </LabelDef>

    <LabelDef>
      <ControlId></ControlId>
      <Position>
        <X>133</X>
        <Y>348</Y>
      </Position>
      <Alignment>
        <TopLeft>true</TopLeft>
      </Alignment>
      <Color>
        <R>192</R>
        <G>192</G>
        <B>192</B>
        <A>255</A>
      </Color>
      <FontName>font_headings_small</FontName>
      <Width>128</Width>
      <Height>16</Height>
      <ColorAdapter>realmwar_info_alb</ColorAdapter>
      <MaxCharacters>64</MaxCharacters>
      <Data>Claiming Guild</Data>
      <EndAligned>false</EndAligned>
      <TextCentered>true</TextCentered>
      <Adapter>realmwar_info_alb3</Adapter>
    </LabelDef>

    <LabelDef>
      <ControlId></ControlId>
      <Position>
        <X>133</X>
        <Y>364</Y>
      </Position>
      <Alignment>
        <TopLeft>true</TopLeft>
      </Alignment>
      <Color>
        <R>192</R>
        <G>192</G>
        <B>192</B>
        <A>255</A>
      </Color>
      <FontName>font_headings_small</FontName>
      <Width>128</Width>
      <Height>16</Height>
      <ColorAdapter>realmwar_info_alb</ColorAdapter>
      <MaxCharacters>64</MaxCharacters>
      <Data>Under Siege</Data>
      <EndAligned>false</EndAligned>
      <TextCentered>true</TextCentered>
      <Adapter>realmwar_info_alb4</Adapter>
    </LabelDef>

    <LabelDef>
      <ControlId></ControlId>
      <Position>
        <X>133</X>
        <Y>380</Y>
      </Position>
      <Alignment>
        <TopLeft>true</TopLeft>
      </Alignment>
      <Color>
        <R>192</R>
        <G>192</G>
        <B>192</B>
        <A>255</A>
      </Color>
      <FontName>font_headings_small</FontName>
      <Width>128</Width>
      <Height>16</Height>
      <ColorAdapter>realmwar_info_alb</ColorAdapter>
      <MaxCharacters>64</MaxCharacters>
      <Data>More Stuff Here</Data>
      <EndAligned>false</EndAligned>
      <TextCentered>true</TextCentered>
      <Adapter>realmwar_info_alb5</Adapter>
    </LabelDef>

    <!--Realm Checks-->

    <!--These are run by ControlID-->

    <CheckBoxDef>
      <ControlId>2000</ControlId>
      <Position>
        <X>8</X>
        <Y>6</Y>
      </Position>
      <Alignment>
        <TopLeft>true</TopLeft>
      </Alignment>
      <TemplateName>checkbox_realmwar</TemplateName>
      <AdapterName></AdapterName>
      <TextAdapterName></TextAdapterName>
      <Data>Hibernia</Data>
      <LabelWidth>56</LabelWidth>
      <OnClickEvent></OnClickEvent>
    </CheckBoxDef>

    <CheckBoxDef>
      <ControlId>2001</ControlId>
      <Position>
        <X>70</X>
        <Y>6</Y>
      </Position>
      <Alignment>
        <TopLeft>true</TopLeft>
      </Alignment>
      <TemplateName>checkbox_realmwar</TemplateName>
      <AdapterName></AdapterName>
      <TextAdapterName></TextAdapterName>
      <Data>Midgard</Data>
      <LabelWidth>56</LabelWidth>
      <OnClickEvent></OnClickEvent>
    </CheckBoxDef>

    <CheckBoxDef>
      <ControlId>2002</ControlId>
      <Position>
        <X>132</X>
        <Y>6</Y>
      </Position>
      <Alignment>
        <TopLeft>true</TopLeft>
      </Alignment>
      <TemplateName>checkbox_realmwar</TemplateName>
      <AdapterName></AdapterName>
      <TextAdapterName></TextAdapterName>
      <Data>Albion</Data>
      <LabelWidth>56</LabelWidth>
      <OnClickEvent></OnClickEvent>
    </CheckBoxDef>

    <CheckBoxDef>
      <ControlId>2003</ControlId>
      <Position>
        <X>194</X>
        <Y>6</Y>
      </Position>
      <Alignment>
        <TopLeft>true</TopLeft>
      </Alignment>
      <TemplateName>checkbox_realmwar</TemplateName>
      <AdapterName></AdapterName>
      <TextAdapterName></TextAdapterName>
      <Data>Agramon</Data>
      <LabelWidth>56</LabelWidth>
      <OnClickEvent></OnClickEvent>
    </CheckBoxDef>

    <!--Buttons-->

    <ButtonDef>
      <ControlId>2010</ControlId>
      <Position>
        <X>136</X>
        <Y>134</Y>
      </Position>
      <Alignment>
        <TopLeft>true</TopLeft>
      </Alignment>
      <TemplateName>button_generic</TemplateName>
      <Label>Key</Label>
      <onClickEvent>ToggleWarmapKey</onClickEvent>
    </ButtonDef>

    <ButtonDef>
      <ControlId>2011</ControlId>
      <Position>
        <X>198</X>
        <Y>134</Y>
      </Position>
      <Alignment>
        <TopLeft>true</TopLeft>
      </Alignment>
      <TemplateName>button_generic</TemplateName>
      <Label>Update</Label>
      <onClickEvent>WarmapUpdateBattles</onClickEvent>
    </ButtonDef>

    <ButtonDef>
      <ControlId></ControlId>
      <Position>
        <X>198</X>
        <Y>116</Y>
      </Position>
      <Alignment>
        <TopLeft>true</TopLeft>
      </Alignment>
      <TemplateName>button_generic_disabled</TemplateName>
      <Label>Teleport</Label>
      <onClickEvent>WarmapTeleportRequest</onClickEvent>
    </ButtonDef>

    <ButtonDef>
      <ControlId>2012</ControlId>
      <Position>
        <X>198</X>
        <Y>116</Y>
      </Position>
      <Alignment>
        <TopLeft>true</TopLeft>
      </Alignment>
      <TemplateName>button_generic</TemplateName>
      <Label>Teleport</Label>
      <onClickEvent>WarmapTeleportRequest</onClickEvent>
    </ButtonDef>

    <ButtonDef>
      <ControlId></ControlId>
      <Position>
        <X>136</X>
        <Y>116</Y>
      </Position>
      <Alignment>
        <TopLeft>true</TopLeft>
      </Alignment>
      <TemplateName>button_generic</TemplateName>
      <Label>Bonuses</Label>
      <onClickEvent>WarmapUpdateBonuses</onClickEvent>
    </ButtonDef>

    <!--Active map elements here.  Note that order is important.-->

    <!--Discs-->

    <ImageAreaDef>
      <ControlId>1100</ControlId>
      <Position>
        <X>0</X>
        <Y>0</Y>
      </Position>
      <Alignment>
        <TopLeft>true</TopLeft>
      </Alignment>
      <TemplateName>ImageArea_Map_Destination_Large</TemplateName>
    </ImageAreaDef>

    <ImageAreaDef>
      <ControlId>1101</ControlId>
      <Position>
        <X>0</X>
        <Y>0</Y>
      </Position>
      <Alignment>
        <TopLeft>true</TopLeft>
      </Alignment>
      <TemplateName>ImageArea_Map_Destination_Large</TemplateName>
    </ImageAreaDef>

    <ImageAreaDef>
      <ControlId>1102</ControlId>
      <Position>
        <X>0</X>
        <Y>0</Y>
      </Position>
      <Alignment>
        <TopLeft>true</TopLeft>
      </Alignment>
      <TemplateName>ImageArea_Map_Destination_Large</TemplateName>
    </ImageAreaDef>

    <ImageAreaDef>
      <ControlId>1103</ControlId>
      <Position>
        <X>0</X>
        <Y>0</Y>
      </Position>
      <Alignment>
        <TopLeft>true</TopLeft>
      </Alignment>
      <TemplateName>ImageArea_Map_Destination_Large</TemplateName>
    </ImageAreaDef>

    <ImageAreaDef>
      <ControlId>1104</ControlId>
      <Position>
        <X>0</X>
        <Y>0</Y>
      </Position>
      <Alignment>
        <TopLeft>true</TopLeft>
      </Alignment>
      <TemplateName>ImageArea_Map_Destination_Large</TemplateName>
    </ImageAreaDef>

    <ImageAreaDef>
      <ControlId>1105</ControlId>
      <Position>
        <X>0</X>
        <Y>0</Y>
      </Position>
      <Alignment>
        <TopLeft>true</TopLeft>
      </Alignment>
      <TemplateName>ImageArea_Map_Destination_Large</TemplateName>
    </ImageAreaDef>

    <ImageAreaDef>
      <ControlId>1106</ControlId>
      <Position>
        <X>0</X>
        <Y>0</Y>
      </Position>
      <Alignment>
        <TopLeft>true</TopLeft>
      </Alignment>
      <TemplateName>ImageArea_Map_Destination_Large</TemplateName>
    </ImageAreaDef>

    <ImageAreaDef>
      <ControlId>1107</ControlId>
      <Position>
        <X>0</X>
        <Y>0</Y>
      </Position>
      <Alignment>
        <TopLeft>true</TopLeft>
      </Alignment>
      <TemplateName>imagearea_map_selection_large</TemplateName>
    </ImageAreaDef>

    <ImageAreaDef>
      <ControlId>1109</ControlId>
      <Position>
        <X>0</X>
        <Y>0</Y>
      </Position>
      <Alignment>
        <TopLeft>true</TopLeft>
      </Alignment>
      <TemplateName>ImageArea_Map_Destination_Large</TemplateName>
    </ImageAreaDef>

    <ImageAreaDef>
      <ControlId>1110</ControlId>
      <Position>
        <X>0</X>
        <Y>0</Y>
      </Position>
      <Alignment>
        <TopLeft>true</TopLeft>
      </Alignment>
      <TemplateName>ImageArea_Map_Destination_Large</TemplateName>
    </ImageAreaDef>

    <!--Fires-->

    <ImageAreaDef>
      <ControlId>1200</ControlId>
      <Position>
        <X>0</X>
        <Y>0</Y>
      </Position>
      <Alignment>
        <TopLeft>true</TopLeft>
      </Alignment>
      <TemplateName>ImageArea_Map_Siege_Large</TemplateName>
    </ImageAreaDef>

    <ImageAreaDef>
      <ControlId>1201</ControlId>
      <Position>
        <X>0</X>
        <Y>0</Y>
      </Position>
      <Alignment>
        <TopLeft>true</TopLeft>
      </Alignment>
      <TemplateName>ImageArea_Map_Siege_Large</TemplateName>
    </ImageAreaDef>

    <ImageAreaDef>
      <ControlId>1202</ControlId>
      <Position>
        <X>0</X>
        <Y>0</Y>
      </Position>
      <Alignment>
        <TopLeft>true</TopLeft>
      </Alignment>
      <TemplateName>ImageArea_Map_Siege_Large</TemplateName>
    </ImageAreaDef>

    <ImageAreaDef>
      <ControlId>1203</ControlId>
      <Position>
        <X>0</X>
        <Y>0</Y>
      </Position>
      <Alignment>
        <TopLeft>true</TopLeft>
      </Alignment>
      <TemplateName>ImageArea_Map_Siege_Large</TemplateName>
    </ImageAreaDef>

    <ImageAreaDef>
      <ControlId>1204</ControlId>
      <Position>
        <X>0</X>
        <Y>0</Y>
      </Position>
      <Alignment>
        <TopLeft>true</TopLeft>
      </Alignment>
      <TemplateName>ImageArea_Map_Siege_Large</TemplateName>
    </ImageAreaDef>

    <ImageAreaDef>
      <ControlId>1205</ControlId>
      <Position>
        <X>0</X>
        <Y>0</Y>
      </Position>
      <Alignment>
        <TopLeft>true</TopLeft>
      </Alignment>
      <TemplateName>ImageArea_Map_Siege_Large</TemplateName>
    </ImageAreaDef>

    <ImageAreaDef>
      <ControlId>1206</ControlId>
      <Position>
        <X>0</X>
        <Y>0</Y>
      </Position>
      <Alignment>
        <TopLeft>true</TopLeft>
      </Alignment>
      <TemplateName>ImageArea_Map_Siege_Large</TemplateName>
    </ImageAreaDef>

    <ImageAreaDef>
      <ControlId>1207</ControlId>
      <Position>
        <X>0</X>
        <Y>0</Y>
      </Position>
      <Alignment>
        <TopLeft>true</TopLeft>
      </Alignment>
      <TemplateName>ImageArea_Map_Siege_Large</TemplateName>
    </ImageAreaDef>

    <ImageAreaDef>
      <ControlId>1208</ControlId>
      <Position>
        <X>0</X>
        <Y>0</Y>
      </Position>
      <Alignment>
        <TopLeft>true</TopLeft>
      </Alignment>
      <TemplateName>ImageArea_Map_Siege_Large</TemplateName>
    </ImageAreaDef>

    <ImageAreaDef>
      <ControlId>1600</ControlId>
      <Position>
        <X>0</X>
        <Y>0</Y>
      </Position>
      <Alignment>
        <TopLeft>true</TopLeft>
      </Alignment>
      <TemplateName>ImageArea_Map_Siege_Large</TemplateName>
    </ImageAreaDef>

    <ImageAreaDef>
      <ControlId>1601</ControlId>
      <Position>
        <X>0</X>
        <Y>0</Y>
      </Position>
      <Alignment>
        <TopLeft>true</TopLeft>
      </Alignment>
      <TemplateName>ImageArea_Map_Siege_Large</TemplateName>
    </ImageAreaDef>

    <ImageAreaDef>
      <ControlId>1602</ControlId>
      <Position>
        <X>0</X>
        <Y>0</Y>
      </Position>
      <Alignment>
        <TopLeft>true</TopLeft>
      </Alignment>
      <TemplateName>ImageArea_Map_Siege_Large</TemplateName>
    </ImageAreaDef>

    <ImageAreaDef>
      <ControlId>1603</ControlId>
      <Position>
        <X>0</X>
        <Y>0</Y>
      </Position>
      <Alignment>
        <TopLeft>true</TopLeft>
      </Alignment>
      <TemplateName>ImageArea_Map_Siege_Large</TemplateName>
    </ImageAreaDef>

    <ImageAreaDef>
      <ControlId>1604</ControlId>
      <Position>
        <X>0</X>
        <Y>0</Y>
      </Position>
      <Alignment>
        <TopLeft>true</TopLeft>
      </Alignment>
      <TemplateName>ImageArea_Map_Siege_Large</TemplateName>
    </ImageAreaDef>

    <ImageAreaDef>
      <ControlId>1605</ControlId>
      <Position>
        <X>0</X>
        <Y>0</Y>
      </Position>
      <Alignment>
        <TopLeft>true</TopLeft>
      </Alignment>
      <TemplateName>ImageArea_Map_Siege_Large</TemplateName>
    </ImageAreaDef>

    <ImageAreaDef>
      <ControlId>1606</ControlId>
      <Position>
        <X>0</X>
        <Y>0</Y>
      </Position>
      <Alignment>
        <TopLeft>true</TopLeft>
      </Alignment>
      <TemplateName>ImageArea_Map_Siege_Large</TemplateName>
    </ImageAreaDef>

    <ImageAreaDef>
      <ControlId>1607</ControlId>
      <Position>
        <X>0</X>
        <Y>0</Y>
      </Position>
      <Alignment>
        <TopLeft>true</TopLeft>
      </Alignment>
      <TemplateName>ImageArea_Map_Siege_Large</TemplateName>
    </ImageAreaDef>

    <ImageAreaDef>
      <ControlId>1608</ControlId>
      <Position>
        <X>0</X>
        <Y>0</Y>
      </Position>
      <Alignment>
        <TopLeft>true</TopLeft>
      </Alignment>
      <TemplateName>ImageArea_Map_Siege_Large</TemplateName>
    </ImageAreaDef>

    <ImageAreaDef>
      <ControlId>1609</ControlId>
      <Position>
        <X>0</X>
        <Y>0</Y>
      </Position>
      <Alignment>
        <TopLeft>true</TopLeft>
      </Alignment>
      <TemplateName>ImageArea_Map_Siege_Large</TemplateName>
    </ImageAreaDef>

    <ImageAreaDef>
      <ControlId>1610</ControlId>
      <Position>
        <X>0</X>
        <Y>0</Y>
      </Position>
      <Alignment>
        <TopLeft>true</TopLeft>
      </Alignment>
      <TemplateName>ImageArea_Map_Siege_Large</TemplateName>
    </ImageAreaDef>

    <ImageAreaDef>
      <ControlId>1611</ControlId>
      <Position>
        <X>0</X>
        <Y>0</Y>
      </Position>
      <Alignment>
        <TopLeft>true</TopLeft>
      </Alignment>
      <TemplateName>ImageArea_Map_Siege_Large</TemplateName>
    </ImageAreaDef>

    <ImageAreaDef>
      <ControlId>1612</ControlId>
      <Position>
        <X>0</X>
        <Y>0</Y>
      </Position>
      <Alignment>
        <TopLeft>true</TopLeft>
      </Alignment>
      <TemplateName>ImageArea_Map_Siege_Large</TemplateName>
    </ImageAreaDef>

    <ImageAreaDef>
      <ControlId>1613</ControlId>
      <Position>
        <X>0</X>
        <Y>0</Y>
      </Position>
      <Alignment>
        <TopLeft>true</TopLeft>
      </Alignment>
      <TemplateName>ImageArea_Map_Siege_Large</TemplateName>
    </ImageAreaDef>

    <ImageAreaDef>
      <ControlId>1614</ControlId>
      <Position>
        <X>0</X>
        <Y>0</Y>
      </Position>
      <Alignment>
        <TopLeft>true</TopLeft>
      </Alignment>
      <TemplateName>ImageArea_Map_Siege_Large</TemplateName>
    </ImageAreaDef>

    <ImageAreaDef>
      <ControlId>1615</ControlId>
      <Position>
        <X>0</X>
        <Y>0</Y>
      </Position>
      <Alignment>
        <TopLeft>true</TopLeft>
      </Alignment>
      <TemplateName>ImageArea_Map_Siege_Large</TemplateName>
    </ImageAreaDef>

    <ImageAreaDef>
      <ControlId>1616</ControlId>
      <Position>
        <X>0</X>
        <Y>0</Y>
      </Position>
      <Alignment>
        <TopLeft>true</TopLeft>
      </Alignment>
      <TemplateName>ImageArea_Map_Siege_Large</TemplateName>
    </ImageAreaDef>

    <ImageAreaDef>
      <ControlId>1617</ControlId>
      <Position>
        <X>0</X>
        <Y>0</Y>
      </Position>
      <Alignment>
        <TopLeft>true</TopLeft>
      </Alignment>
      <TemplateName>ImageArea_Map_Siege_Large</TemplateName>
    </ImageAreaDef>

    <ImageAreaDef>
      <ControlId>1618</ControlId>
      <Position>
        <X>0</X>
        <Y>0</Y>
      </Position>
      <Alignment>
        <TopLeft>true</TopLeft>
      </Alignment>
      <TemplateName>ImageArea_Map_Siege_Large</TemplateName>
    </ImageAreaDef>

    <ImageAreaDef>
      <ControlId>1619</ControlId>
      <Position>
        <X>0</X>
        <Y>0</Y>
      </Position>
      <Alignment>
        <TopLeft>true</TopLeft>
      </Alignment>
      <TemplateName>ImageArea_Map_Siege_Large</TemplateName>
    </ImageAreaDef>

    <ImageAreaDef>
      <ControlId>1620</ControlId>
      <Position>
        <X>0</X>
        <Y>0</Y>
      </Position>
      <Alignment>
        <TopLeft>true</TopLeft>
      </Alignment>
      <TemplateName>ImageArea_Map_Siege_Large</TemplateName>
    </ImageAreaDef>

    <ImageAreaDef>
      <ControlId>1621</ControlId>
      <Position>
        <X>0</X>
        <Y>0</Y>
      </Position>
      <Alignment>
        <TopLeft>true</TopLeft>
      </Alignment>
      <TemplateName>ImageArea_Map_Siege_Large</TemplateName>
    </ImageAreaDef>

    <ImageAreaDef>
      <ControlId>1622</ControlId>
      <Position>
        <X>0</X>
        <Y>0</Y>
      </Position>
      <Alignment>
        <TopLeft>true</TopLeft>
      </Alignment>
      <TemplateName>ImageArea_Map_Siege_Large</TemplateName>
    </ImageAreaDef>

    <ImageAreaDef>
      <ControlId>1623</ControlId>
      <Position>
        <X>0</X>
        <Y>0</Y>
      </Position>
      <Alignment>
        <TopLeft>true</TopLeft>
      </Alignment>
      <TemplateName>ImageArea_Map_Siege_Large</TemplateName>
    </ImageAreaDef>

    <ImageAreaDef>
      <ControlId>1624</ControlId>
      <Position>
        <X>0</X>
        <Y>0</Y>
      </Position>
      <Alignment>
        <TopLeft>true</TopLeft>
      </Alignment>
      <TemplateName>ImageArea_Map_Siege_Large</TemplateName>
    </ImageAreaDef>

    <ImageAreaDef>
      <ControlId>1625</ControlId>
      <Position>
        <X>0</X>
        <Y>0</Y>
      </Position>
      <Alignment>
        <TopLeft>true</TopLeft>
      </Alignment>
      <TemplateName>ImageArea_Map_Siege_Large</TemplateName>
    </ImageAreaDef>

    <ImageAreaDef>
      <ControlId>1626</ControlId>
      <Position>
        <X>0</X>
        <Y>0</Y>
      </Position>
      <Alignment>
        <TopLeft>true</TopLeft>
      </Alignment>
      <TemplateName>ImageArea_Map_Siege_Large</TemplateName>
    </ImageAreaDef>

    <ImageAreaDef>
      <ControlId>1627</ControlId>
      <Position>
        <X>0</X>
        <Y>0</Y>
      </Position>
      <Alignment>
        <TopLeft>true</TopLeft>
      </Alignment>
      <TemplateName>ImageArea_Map_Siege_Large</TemplateName>
    </ImageAreaDef>

    <!--Small Battles-->

    <StatusIconDef>
      <ControlId>1700</ControlId>
      <Position>
        <X>0</X>
        <Y>0</Y>
      </Position>
      <Alignment>
        <TopLeft>true</TopLeft>
      </Alignment>
      <TemplateName>StatusIcon_realmwar_Battle_small</TemplateName>
      <AdapterName></AdapterName>
    </StatusIconDef>

    <StatusIconDef>
      <ControlId>1701</ControlId>
      <Position>
        <X>0</X>
        <Y>0</Y>
      </Position>
      <Alignment>
        <TopLeft>true</TopLeft>
      </Alignment>
      <TemplateName>StatusIcon_realmwar_Battle_small</TemplateName>
      <AdapterName></AdapterName>
    </StatusIconDef>

    <StatusIconDef>
      <ControlId>1702</ControlId>
      <Position>
        <X>0</X>
        <Y>0</Y>
      </Position>
      <Alignment>
        <TopLeft>true</TopLeft>
      </Alignment>
      <TemplateName>StatusIcon_realmwar_Battle_small</TemplateName>
      <AdapterName></AdapterName>
    </StatusIconDef>

    <StatusIconDef>
      <ControlId>1703</ControlId>
      <Position>
        <X>0</X>
        <Y>0</Y>
      </Position>
      <Alignment>
        <TopLeft>true</TopLeft>
      </Alignment>
      <TemplateName>StatusIcon_realmwar_Battle_small</TemplateName>
      <AdapterName></AdapterName>
    </StatusIconDef>

    <StatusIconDef>
      <ControlId>1704</ControlId>
      <Position>
        <X>0</X>
        <Y>0</Y>
      </Position>
      <Alignment>
        <TopLeft>true</TopLeft>
      </Alignment>
      <TemplateName>StatusIcon_realmwar_Battle_small</TemplateName>
      <AdapterName></AdapterName>
    </StatusIconDef>

    <StatusIconDef>
      <ControlId>1705</ControlId>
      <Position>
        <X>0</X>
        <Y>0</Y>
      </Position>
      <Alignment>
        <TopLeft>true</TopLeft>
      </Alignment>
      <TemplateName>StatusIcon_realmwar_Battle_small</TemplateName>
      <AdapterName></AdapterName>
    </StatusIconDef>

    <StatusIconDef>
      <ControlId>1706</ControlId>
      <Position>
        <X>0</X>
        <Y>0</Y>
      </Position>
      <Alignment>
        <TopLeft>true</TopLeft>
      </Alignment>
      <TemplateName>StatusIcon_realmwar_Battle_small</TemplateName>
      <AdapterName></AdapterName>
    </StatusIconDef>

    <StatusIconDef>
      <ControlId>1707</ControlId>
      <Position>
        <X>0</X>
        <Y>0</Y>
      </Position>
      <Alignment>
        <TopLeft>true</TopLeft>
      </Alignment>
      <TemplateName>StatusIcon_realmwar_Battle_small</TemplateName>
      <AdapterName></AdapterName>
    </StatusIconDef>

    <StatusIconDef>
      <ControlId>1708</ControlId>
      <Position>
        <X>0</X>
        <Y>0</Y>
      </Position>
      <Alignment>
        <TopLeft>true</TopLeft>
      </Alignment>
      <TemplateName>StatusIcon_realmwar_Battle_small</TemplateName>
      <AdapterName></AdapterName>
    </StatusIconDef>

    <StatusIconDef>
      <ControlId>1709</ControlId>
      <Position>
        <X>0</X>
        <Y>0</Y>
      </Position>
      <Alignment>
        <TopLeft>true</TopLeft>
      </Alignment>
      <TemplateName>StatusIcon_realmwar_Battle_small</TemplateName>
      <AdapterName></AdapterName>
    </StatusIconDef>

    <!--Medium Battles-->

    <StatusIconDef>
      <ControlId>1710</ControlId>
      <Position>
        <X>0</X>
        <Y>0</Y>
      </Position>
      <Alignment>
        <TopLeft>true</TopLeft>
      </Alignment>
      <TemplateName>StatusIcon_realmwar_Battle_medium</TemplateName>
      <AdapterName></AdapterName>
    </StatusIconDef>

    <StatusIconDef>
      <ControlId>1711</ControlId>
      <Position>
        <X>0</X>
        <Y>0</Y>
      </Position>
      <Alignment>
        <TopLeft>true</TopLeft>
      </Alignment>
      <TemplateName>StatusIcon_realmwar_Battle_medium</TemplateName>
      <AdapterName></AdapterName>
    </StatusIconDef>

    <StatusIconDef>
      <ControlId>1712</ControlId>
      <Position>
        <X>0</X>
        <Y>0</Y>
      </Position>
      <Alignment>
        <TopLeft>true</TopLeft>
      </Alignment>
      <TemplateName>StatusIcon_realmwar_Battle_medium</TemplateName>
      <AdapterName></AdapterName>
    </StatusIconDef>

    <StatusIconDef>
      <ControlId>1713</ControlId>
      <Position>
        <X>0</X>
        <Y>0</Y>
      </Position>
      <Alignment>
        <TopLeft>true</TopLeft>
      </Alignment>
      <TemplateName>StatusIcon_realmwar_Battle_medium</TemplateName>
      <AdapterName></AdapterName>
    </StatusIconDef>

    <StatusIconDef>
      <ControlId>1714</ControlId>
      <Position>
        <X>0</X>
        <Y>0</Y>
      </Position>
      <Alignment>
        <TopLeft>true</TopLeft>
      </Alignment>
      <TemplateName>StatusIcon_realmwar_Battle_medium</TemplateName>
      <AdapterName></AdapterName>
    </StatusIconDef>

    <StatusIconDef>
      <ControlId>1715</ControlId>
      <Position>
        <X>0</X>
        <Y>0</Y>
      </Position>
      <Alignment>
        <TopLeft>true</TopLeft>
      </Alignment>
      <TemplateName>StatusIcon_realmwar_Battle_medium</TemplateName>
      <AdapterName></AdapterName>
    </StatusIconDef>

    <StatusIconDef>
      <ControlId>1716</ControlId>
      <Position>
        <X>0</X>
        <Y>0</Y>
      </Position>
      <Alignment>
        <TopLeft>true</TopLeft>
      </Alignment>
      <TemplateName>StatusIcon_realmwar_Battle_medium</TemplateName>
      <AdapterName></AdapterName>
    </StatusIconDef>

    <StatusIconDef>
      <ControlId>1717</ControlId>
      <Position>
        <X>0</X>
        <Y>0</Y>
      </Position>
      <Alignment>
        <TopLeft>true</TopLeft>
      </Alignment>
      <TemplateName>StatusIcon_realmwar_Battle_medium</TemplateName>
      <AdapterName></AdapterName>
    </StatusIconDef>

    <StatusIconDef>
      <ControlId>1718</ControlId>
      <Position>
        <X>0</X>
        <Y>0</Y>
      </Position>
      <Alignment>
        <TopLeft>true</TopLeft>
      </Alignment>
      <TemplateName>StatusIcon_realmwar_Battle_medium</TemplateName>
      <AdapterName></AdapterName>
    </StatusIconDef>

    <StatusIconDef>
      <ControlId>1719</ControlId>
      <Position>
        <X>0</X>
        <Y>0</Y>
      </Position>
      <Alignment>
        <TopLeft>true</TopLeft>
      </Alignment>
      <TemplateName>StatusIcon_realmwar_Battle_medium</TemplateName>
      <AdapterName></AdapterName>
    </StatusIconDef>

    <!--Large Battles-->

    <StatusIconDef>
      <ControlId>1720</ControlId>
      <Position>
        <X>0</X>
        <Y>0</Y>
      </Position>
      <Alignment>
        <TopLeft>true</TopLeft>
      </Alignment>
      <TemplateName>StatusIcon_realmwar_Battle_large</TemplateName>
      <AdapterName></AdapterName>
    </StatusIconDef>

    <StatusIconDef>
      <ControlId>1721</ControlId>
      <Position>
        <X>0</X>
        <Y>0</Y>
      </Position>
      <Alignment>
        <TopLeft>true</TopLeft>
      </Alignment>
      <TemplateName>StatusIcon_realmwar_Battle_large</TemplateName>
      <AdapterName></AdapterName>
    </StatusIconDef>

    <StatusIconDef>
      <ControlId>1722</ControlId>
      <Position>
        <X>0</X>
        <Y>0</Y>
      </Position>
      <Alignment>
        <TopLeft>true</TopLeft>
      </Alignment>
      <TemplateName>StatusIcon_realmwar_Battle_large</TemplateName>
      <AdapterName></AdapterName>
    </StatusIconDef>

    <StatusIconDef>
      <ControlId>1723</ControlId>
      <Position>
        <X>0</X>
        <Y>0</Y>
      </Position>
      <Alignment>
        <TopLeft>true</TopLeft>
      </Alignment>
      <TemplateName>StatusIcon_realmwar_Battle_large</TemplateName>
      <AdapterName></AdapterName>
    </StatusIconDef>

    <StatusIconDef>
      <ControlId>1724</ControlId>
      <Position>
        <X>0</X>
        <Y>0</Y>
      </Position>
      <Alignment>
        <TopLeft>true</TopLeft>
      </Alignment>
      <TemplateName>StatusIcon_realmwar_Battle_large</TemplateName>
      <AdapterName></AdapterName>
    </StatusIconDef>

    <StatusIconDef>
      <ControlId>1725</ControlId>
      <Position>
        <X>0</X>
        <Y>0</Y>
      </Position>
      <Alignment>
        <TopLeft>true</TopLeft>
      </Alignment>
      <TemplateName>StatusIcon_realmwar_Battle_large</TemplateName>
      <AdapterName></AdapterName>
    </StatusIconDef>

    <StatusIconDef>
      <ControlId>1726</ControlId>
      <Position>
        <X>0</X>
        <Y>0</Y>
      </Position>
      <Alignment>
        <TopLeft>true</TopLeft>
      </Alignment>
      <TemplateName>StatusIcon_realmwar_Battle_large</TemplateName>
      <AdapterName></AdapterName>
    </StatusIconDef>

    <StatusIconDef>
      <ControlId>1727</ControlId>
      <Position>
        <X>0</X>
        <Y>0</Y>
      </Position>
      <Alignment>
        <TopLeft>true</TopLeft>
      </Alignment>
      <TemplateName>StatusIcon_realmwar_Battle_large</TemplateName>
      <AdapterName></AdapterName>
    </StatusIconDef>

    <StatusIconDef>
      <ControlId>1728</ControlId>
      <Position>
        <X>0</X>
        <Y>0</Y>
      </Position>
      <Alignment>
        <TopLeft>true</TopLeft>
      </Alignment>
      <TemplateName>StatusIcon_realmwar_Battle_large</TemplateName>
      <AdapterName></AdapterName>
    </StatusIconDef>

    <StatusIconDef>
      <ControlId>1729</ControlId>
      <Position>
        <X>0</X>
        <Y>0</Y>
      </Position>
      <Alignment>
        <TopLeft>true</TopLeft>
      </Alignment>
      <TemplateName>StatusIcon_realmwar_Battle_large</TemplateName>
      <AdapterName></AdapterName>
    </StatusIconDef>

    <!--Small Reports-->

    <StatusIconDef>
      <ControlId>1800</ControlId>
      <Position>
        <X>0</X>
        <Y>0</Y>
      </Position>
      <Alignment>
        <TopLeft>true</TopLeft>
      </Alignment>
      <TemplateName>StatusIcon_realmwar_Scouting_small</TemplateName>
      <AdapterName></AdapterName>
    </StatusIconDef>

    <StatusIconDef>
      <ControlId>1801</ControlId>
      <Position>
        <X>0</X>
        <Y>0</Y>
      </Position>
      <Alignment>
        <TopLeft>true</TopLeft>
      </Alignment>
      <TemplateName>StatusIcon_realmwar_Scouting_small</TemplateName>
      <AdapterName></AdapterName>
    </StatusIconDef>

    <StatusIconDef>
      <ControlId>1802</ControlId>
      <Position>
        <X>0</X>
        <Y>0</Y>
      </Position>
      <Alignment>
        <TopLeft>true</TopLeft>
      </Alignment>
      <TemplateName>StatusIcon_realmwar_Scouting_small</TemplateName>
      <AdapterName></AdapterName>
    </StatusIconDef>

    <StatusIconDef>
      <ControlId>1803</ControlId>
      <Position>
        <X>0</X>
        <Y>0</Y>
      </Position>
      <Alignment>
        <TopLeft>true</TopLeft>
      </Alignment>
      <TemplateName>StatusIcon_realmwar_Scouting_small</TemplateName>
      <AdapterName></AdapterName>
    </StatusIconDef>

    <StatusIconDef>
      <ControlId>1804</ControlId>
      <Position>
        <X>0</X>
        <Y>0</Y>
      </Position>
      <Alignment>
        <TopLeft>true</TopLeft>
      </Alignment>
      <TemplateName>StatusIcon_realmwar_Scouting_small</TemplateName>
      <AdapterName></AdapterName>
    </StatusIconDef>

    <StatusIconDef>
      <ControlId>1805</ControlId>
      <Position>
        <X>0</X>
        <Y>0</Y>
      </Position>
      <Alignment>
        <TopLeft>true</TopLeft>
      </Alignment>
      <TemplateName>StatusIcon_realmwar_Scouting_small</TemplateName>
      <AdapterName></AdapterName>
    </StatusIconDef>

    <StatusIconDef>
      <ControlId>1806</ControlId>
      <Position>
        <X>0</X>
        <Y>0</Y>
      </Position>
      <Alignment>
        <TopLeft>true</TopLeft>
      </Alignment>
      <TemplateName>StatusIcon_realmwar_Scouting_small</TemplateName>
      <AdapterName></AdapterName>
    </StatusIconDef>

    <StatusIconDef>
      <ControlId>1807</ControlId>
      <Position>
        <X>0</X>
        <Y>0</Y>
      </Position>
      <Alignment>
        <TopLeft>true</TopLeft>
      </Alignment>
      <TemplateName>StatusIcon_realmwar_Scouting_small</TemplateName>
      <AdapterName></AdapterName>
    </StatusIconDef>

    <StatusIconDef>
      <ControlId>1808</ControlId>
      <Position>
        <X>0</X>
        <Y>0</Y>
      </Position>
      <Alignment>
        <TopLeft>true</TopLeft>
      </Alignment>
      <TemplateName>StatusIcon_realmwar_Scouting_small</TemplateName>
      <AdapterName></AdapterName>
    </StatusIconDef>

    <StatusIconDef>
      <ControlId>1809</ControlId>
      <Position>
        <X>0</X>
        <Y>0</Y>
      </Position>
      <Alignment>
        <TopLeft>true</TopLeft>
      </Alignment>
      <TemplateName>StatusIcon_realmwar_Scouting_small</TemplateName>
      <AdapterName></AdapterName>
    </StatusIconDef>

    <!--Medium Reports-->

    <StatusIconDef>
      <ControlId>1810</ControlId>
      <Position>
        <X>0</X>
        <Y>0</Y>
      </Position>
      <Alignment>
        <TopLeft>true</TopLeft>
      </Alignment>
      <TemplateName>StatusIcon_realmwar_Scouting_medium</TemplateName>
      <AdapterName></AdapterName>
    </StatusIconDef>

    <StatusIconDef>
      <ControlId>1811</ControlId>
      <Position>
        <X>0</X>
        <Y>0</Y>
      </Position>
      <Alignment>
        <TopLeft>true</TopLeft>
      </Alignment>
      <TemplateName>StatusIcon_realmwar_Scouting_medium</TemplateName>
      <AdapterName></AdapterName>
    </StatusIconDef>

    <StatusIconDef>
      <ControlId>1812</ControlId>
      <Position>
        <X>0</X>
        <Y>0</Y>
      </Position>
      <Alignment>
        <TopLeft>true</TopLeft>
      </Alignment>
      <TemplateName>StatusIcon_realmwar_Scouting_medium</TemplateName>
      <AdapterName></AdapterName>
    </StatusIconDef>

    <StatusIconDef>
      <ControlId>1813</ControlId>
      <Position>
        <X>0</X>
        <Y>0</Y>
      </Position>
      <Alignment>
        <TopLeft>true</TopLeft>
      </Alignment>
      <TemplateName>StatusIcon_realmwar_Scouting_medium</TemplateName>
      <AdapterName></AdapterName>
    </StatusIconDef>

    <StatusIconDef>
      <ControlId>1814</ControlId>
      <Position>
        <X>0</X>
        <Y>0</Y>
      </Position>
      <Alignment>
        <TopLeft>true</TopLeft>
      </Alignment>
      <TemplateName>StatusIcon_realmwar_Scouting_medium</TemplateName>
      <AdapterName></AdapterName>
    </StatusIconDef>

    <StatusIconDef>
      <ControlId>1815</ControlId>
      <Position>
        <X>0</X>
        <Y>0</Y>
      </Position>
      <Alignment>
        <TopLeft>true</TopLeft>
      </Alignment>
      <TemplateName>StatusIcon_realmwar_Scouting_medium</TemplateName>
      <AdapterName></AdapterName>
    </StatusIconDef>

    <StatusIconDef>
      <ControlId>1816</ControlId>
      <Position>
        <X>0</X>
        <Y>0</Y>
      </Position>
      <Alignment>
        <TopLeft>true</TopLeft>
      </Alignment>
      <TemplateName>StatusIcon_realmwar_Scouting_medium</TemplateName>
      <AdapterName></AdapterName>
    </StatusIconDef>

    <StatusIconDef>
      <ControlId>1817</ControlId>
      <Position>
        <X>0</X>
        <Y>0</Y>
      </Position>
      <Alignment>
        <TopLeft>true</TopLeft>
      </Alignment>
      <TemplateName>StatusIcon_realmwar_Scouting_medium</TemplateName>
      <AdapterName></AdapterName>
    </StatusIconDef>

    <StatusIconDef>
      <ControlId>1818</ControlId>
      <Position>
        <X>0</X>
        <Y>0</Y>
      </Position>
      <Alignment>
        <TopLeft>true</TopLeft>
      </Alignment>
      <TemplateName>StatusIcon_realmwar_Scouting_medium</TemplateName>
      <AdapterName></AdapterName>
    </StatusIconDef>

    <StatusIconDef>
      <ControlId>1819</ControlId>
      <Position>
        <X>0</X>
        <Y>0</Y>
      </Position>
      <Alignment>
        <TopLeft>true</TopLeft>
      </Alignment>
      <TemplateName>StatusIcon_realmwar_Scouting_medium</TemplateName>
      <AdapterName></AdapterName>
    </StatusIconDef>

    <!--Large Reports-->

    <StatusIconDef>
      <ControlId>1820</ControlId>
      <Position>
        <X>0</X>
        <Y>0</Y>
      </Position>
      <Alignment>
        <TopLeft>true</TopLeft>
      </Alignment>
      <TemplateName>StatusIcon_realmwar_Scouting_large</TemplateName>
      <AdapterName></AdapterName>
    </StatusIconDef>

    <StatusIconDef>
      <ControlId>1821</ControlId>
      <Position>
        <X>0</X>
        <Y>0</Y>
      </Position>
      <Alignment>
        <TopLeft>true</TopLeft>
      </Alignment>
      <TemplateName>StatusIcon_realmwar_Scouting_large</TemplateName>
      <AdapterName></AdapterName>
    </StatusIconDef>

    <StatusIconDef>
      <ControlId>1822</ControlId>
      <Position>
        <X>0</X>
        <Y>0</Y>
      </Position>
      <Alignment>
        <TopLeft>true</TopLeft>
      </Alignment>
      <TemplateName>StatusIcon_realmwar_Scouting_large</TemplateName>
      <AdapterName></AdapterName>
    </StatusIconDef>

    <StatusIconDef>
      <ControlId>1823</ControlId>
      <Position>
        <X>0</X>
        <Y>0</Y>
      </Position>
      <Alignment>
        <TopLeft>true</TopLeft>
      </Alignment>
      <TemplateName>StatusIcon_realmwar_Scouting_large</TemplateName>
      <AdapterName></AdapterName>
    </StatusIconDef>

    <StatusIconDef>
      <ControlId>1824</ControlId>
      <Position>
        <X>0</X>
        <Y>0</Y>
      </Position>
      <Alignment>
        <TopLeft>true</TopLeft>
      </Alignment>
      <TemplateName>StatusIcon_realmwar_Scouting_large</TemplateName>
      <AdapterName></AdapterName>
    </StatusIconDef>

    <StatusIconDef>
      <ControlId>1825</ControlId>
      <Position>
        <X>0</X>
        <Y>0</Y>
      </Position>
      <Alignment>
        <TopLeft>true</TopLeft>
      </Alignment>
      <TemplateName>StatusIcon_realmwar_Scouting_large</TemplateName>
      <AdapterName></AdapterName>
    </StatusIconDef>

    <StatusIconDef>
      <ControlId>1826</ControlId>
      <Position>
        <X>0</X>
        <Y>0</Y>
      </Position>
      <Alignment>
        <TopLeft>true</TopLeft>
      </Alignment>
      <TemplateName>StatusIcon_realmwar_Scouting_large</TemplateName>
      <AdapterName></AdapterName>
    </StatusIconDef>

    <StatusIconDef>
      <ControlId>1827</ControlId>
      <Position>
        <X>0</X>
        <Y>0</Y>
      </Position>
      <Alignment>
        <TopLeft>true</TopLeft>
      </Alignment>
      <TemplateName>StatusIcon_realmwar_Scouting_large</TemplateName>
      <AdapterName></AdapterName>
    </StatusIconDef>

    <StatusIconDef>
      <ControlId>1828</ControlId>
      <Position>
        <X>0</X>
        <Y>0</Y>
      </Position>
      <Alignment>
        <TopLeft>true</TopLeft>
      </Alignment>
      <TemplateName>StatusIcon_realmwar_Scouting_large</TemplateName>
      <AdapterName></AdapterName>
    </StatusIconDef>

    <StatusIconDef>
      <ControlId>1829</ControlId>
      <Position>
        <X>0</X>
        <Y>0</Y>
      </Position>
      <Alignment>
        <TopLeft>true</TopLeft>
      </Alignment>
      <TemplateName>StatusIcon_realmwar_Scouting_large</TemplateName>
      <AdapterName></AdapterName>
    </StatusIconDef>

    <!--Towers-->

    <StatusIconDef>
      <ControlId>1300</ControlId>
      <Position>
        <X>0</X>
        <Y>0</Y>
      </Position>
      <Alignment>
        <TopLeft>true</TopLeft>
      </Alignment>
      <TemplateName>StatusIcon_realmwar_Tower</TemplateName>
      <AdapterName></AdapterName>
    </StatusIconDef>

    <StatusIconDef>
      <ControlId>1301</ControlId>
      <Position>
        <X>0</X>
        <Y>0</Y>
      </Position>
      <Alignment>
        <TopLeft>true</TopLeft>
      </Alignment>
      <TemplateName>StatusIcon_realmwar_Tower</TemplateName>
      <AdapterName></AdapterName>
    </StatusIconDef>

    <StatusIconDef>
      <ControlId>1302</ControlId>
      <Position>
        <X>0</X>
        <Y>0</Y>
      </Position>
      <Alignment>
        <TopLeft>true</TopLeft>
      </Alignment>
      <TemplateName>StatusIcon_realmwar_Tower</TemplateName>
      <AdapterName></AdapterName>
    </StatusIconDef>

    <StatusIconDef>
      <ControlId>1303</ControlId>
      <Position>
        <X>0</X>
        <Y>0</Y>
      </Position>
      <Alignment>
        <TopLeft>true</TopLeft>
      </Alignment>
      <TemplateName>StatusIcon_realmwar_Tower</TemplateName>
      <AdapterName></AdapterName>
    </StatusIconDef>

    <StatusIconDef>
      <ControlId>1304</ControlId>
      <Position>
        <X>0</X>
        <Y>0</Y>
      </Position>
      <Alignment>
        <TopLeft>true</TopLeft>
      </Alignment>
      <TemplateName>StatusIcon_realmwar_Tower</TemplateName>
      <AdapterName></AdapterName>
    </StatusIconDef>

    <StatusIconDef>
      <ControlId>1305</ControlId>
      <Position>
        <X>0</X>
        <Y>0</Y>
      </Position>
      <Alignment>
        <TopLeft>true</TopLeft>
      </Alignment>
      <TemplateName>StatusIcon_realmwar_Tower</TemplateName>
      <AdapterName></AdapterName>
    </StatusIconDef>

    <StatusIconDef>
      <ControlId>1306</ControlId>
      <Position>
        <X>0</X>
        <Y>0</Y>
      </Position>
      <Alignment>
        <TopLeft>true</TopLeft>
      </Alignment>
      <TemplateName>StatusIcon_realmwar_Tower</TemplateName>
      <AdapterName></AdapterName>
    </StatusIconDef>

    <StatusIconDef>
      <ControlId>1307</ControlId>
      <Position>
        <X>0</X>
        <Y>0</Y>
      </Position>
      <Alignment>
        <TopLeft>true</TopLeft>
      </Alignment>
      <TemplateName>StatusIcon_realmwar_Tower</TemplateName>
      <AdapterName></AdapterName>
    </StatusIconDef>

    <StatusIconDef>
      <ControlId>1308</ControlId>
      <Position>
        <X>0</X>
        <Y>0</Y>
      </Position>
      <Alignment>
        <TopLeft>true</TopLeft>
      </Alignment>
      <TemplateName>StatusIcon_realmwar_Tower</TemplateName>
      <AdapterName></AdapterName>
    </StatusIconDef>

    <StatusIconDef>
      <ControlId>1309</ControlId>
      <Position>
        <X>0</X>
        <Y>0</Y>
      </Position>
      <Alignment>
        <TopLeft>true</TopLeft>
      </Alignment>
      <TemplateName>StatusIcon_realmwar_Tower</TemplateName>
      <AdapterName></AdapterName>
    </StatusIconDef>

    <StatusIconDef>
      <ControlId>1310</ControlId>
      <Position>
        <X>0</X>
        <Y>0</Y>
      </Position>
      <Alignment>
        <TopLeft>true</TopLeft>
      </Alignment>
      <TemplateName>StatusIcon_realmwar_Tower</TemplateName>
      <AdapterName></AdapterName>
    </StatusIconDef>

    <StatusIconDef>
      <ControlId>1311</ControlId>
      <Position>
        <X>0</X>
        <Y>0</Y>
      </Position>
      <Alignment>
        <TopLeft>true</TopLeft>
      </Alignment>
      <TemplateName>StatusIcon_realmwar_Tower</TemplateName>
      <AdapterName></AdapterName>
    </StatusIconDef>

    <StatusIconDef>
      <ControlId>1312</ControlId>
      <Position>
        <X>0</X>
        <Y>0</Y>
      </Position>
      <Alignment>
        <TopLeft>true</TopLeft>
      </Alignment>
      <TemplateName>StatusIcon_realmwar_Tower</TemplateName>
      <AdapterName></AdapterName>
    </StatusIconDef>

    <StatusIconDef>
      <ControlId>1313</ControlId>
      <Position>
        <X>0</X>
        <Y>0</Y>
      </Position>
      <Alignment>
        <TopLeft>true</TopLeft>
      </Alignment>
      <TemplateName>StatusIcon_realmwar_Tower</TemplateName>
      <AdapterName></AdapterName>
    </StatusIconDef>

    <StatusIconDef>
      <ControlId>1314</ControlId>
      <Position>
        <X>0</X>
        <Y>0</Y>
      </Position>
      <Alignment>
        <TopLeft>true</TopLeft>
      </Alignment>
      <TemplateName>StatusIcon_realmwar_Tower</TemplateName>
      <AdapterName></AdapterName>
    </StatusIconDef>

    <StatusIconDef>
      <ControlId>1315</ControlId>
      <Position>
        <X>0</X>
        <Y>0</Y>
      </Position>
      <Alignment>
        <TopLeft>true</TopLeft>
      </Alignment>
      <TemplateName>StatusIcon_realmwar_Tower</TemplateName>
      <AdapterName></AdapterName>
    </StatusIconDef>

    <StatusIconDef>
      <ControlId>1316</ControlId>
      <Position>
        <X>0</X>
        <Y>0</Y>
      </Position>
      <Alignment>
        <TopLeft>true</TopLeft>
      </Alignment>
      <TemplateName>StatusIcon_realmwar_Tower</TemplateName>
      <AdapterName></AdapterName>
    </StatusIconDef>

    <StatusIconDef>
      <ControlId>1317</ControlId>
      <Position>
        <X>0</X>
        <Y>0</Y>
      </Position>
      <Alignment>
        <TopLeft>true</TopLeft>
      </Alignment>
      <TemplateName>StatusIcon_realmwar_Tower</TemplateName>
      <AdapterName></AdapterName>
    </StatusIconDef>

    <StatusIconDef>
      <ControlId>1318</ControlId>
      <Position>
        <X>0</X>
        <Y>0</Y>
      </Position>
      <Alignment>
        <TopLeft>true</TopLeft>
      </Alignment>
      <TemplateName>StatusIcon_realmwar_Tower</TemplateName>
      <AdapterName></AdapterName>
    </StatusIconDef>

    <StatusIconDef>
      <ControlId>1319</ControlId>
      <Position>
        <X>0</X>
        <Y>0</Y>
      </Position>
      <Alignment>
        <TopLeft>true</TopLeft>
      </Alignment>
      <TemplateName>StatusIcon_realmwar_Tower</TemplateName>
      <AdapterName></AdapterName>
    </StatusIconDef>

    <StatusIconDef>
      <ControlId>1320</ControlId>
      <Position>
        <X>0</X>
        <Y>0</Y>
      </Position>
      <Alignment>
        <TopLeft>true</TopLeft>
      </Alignment>
      <TemplateName>StatusIcon_realmwar_Tower</TemplateName>
      <AdapterName></AdapterName>
    </StatusIconDef>

    <StatusIconDef>
      <ControlId>1321</ControlId>
      <Position>
        <X>0</X>
        <Y>0</Y>
      </Position>
      <Alignment>
        <TopLeft>true</TopLeft>
      </Alignment>
      <TemplateName>StatusIcon_realmwar_Tower</TemplateName>
      <AdapterName></AdapterName>
    </StatusIconDef>

    <StatusIconDef>
      <ControlId>1322</ControlId>
      <Position>
        <X>0</X>
        <Y>0</Y>
      </Position>
      <Alignment>
        <TopLeft>true</TopLeft>
      </Alignment>
      <TemplateName>StatusIcon_realmwar_Tower</TemplateName>
      <AdapterName></AdapterName>
    </StatusIconDef>

    <StatusIconDef>
      <ControlId>1323</ControlId>
      <Position>
        <X>0</X>
        <Y>0</Y>
      </Position>
      <Alignment>
        <TopLeft>true</TopLeft>
      </Alignment>
      <TemplateName>StatusIcon_realmwar_Tower</TemplateName>
      <AdapterName></AdapterName>
    </StatusIconDef>

    <StatusIconDef>
      <ControlId>1324</ControlId>
      <Position>
        <X>0</X>
        <Y>0</Y>
      </Position>
      <Alignment>
        <TopLeft>true</TopLeft>
      </Alignment>
      <TemplateName>StatusIcon_realmwar_Tower</TemplateName>
      <AdapterName></AdapterName>
    </StatusIconDef>

    <StatusIconDef>
      <ControlId>1325</ControlId>
      <Position>
        <X>0</X>
        <Y>0</Y>
      </Position>
      <Alignment>
        <TopLeft>true</TopLeft>
      </Alignment>
      <TemplateName>StatusIcon_realmwar_Tower</TemplateName>
      <AdapterName></AdapterName>
    </StatusIconDef>

    <StatusIconDef>
      <ControlId>1326</ControlId>
      <Position>
        <X>0</X>
        <Y>0</Y>
      </Position>
      <Alignment>
        <TopLeft>true</TopLeft>
      </Alignment>
      <TemplateName>StatusIcon_realmwar_Tower</TemplateName>
      <AdapterName></AdapterName>
    </StatusIconDef>

    <StatusIconDef>
      <ControlId>1327</ControlId>
      <Position>
        <X>0</X>
        <Y>0</Y>
      </Position>
      <Alignment>
        <TopLeft>true</TopLeft>
      </Alignment>
      <TemplateName>StatusIcon_realmwar_Tower</TemplateName>
      <AdapterName></AdapterName>
    </StatusIconDef>

    <!--Keeps-->

    <StatusIconDef>
      <ControlId>1400</ControlId>
      <Position>
        <X>0</X>
        <Y>0</Y>
      </Position>
      <Alignment>
        <TopLeft>true</TopLeft>
      </Alignment>
      <TemplateName>StatusIcon_realmwar_Keep</TemplateName>
      <AdapterName></AdapterName>
    </StatusIconDef>

    <StatusIconDef>
      <ControlId>1401</ControlId>
      <Position>
        <X>0</X>
        <Y>0</Y>
      </Position>
      <Alignment>
        <TopLeft>true</TopLeft>
      </Alignment>
      <TemplateName>StatusIcon_realmwar_Keep</TemplateName>
      <AdapterName></AdapterName>
    </StatusIconDef>

    <StatusIconDef>
      <ControlId>1402</ControlId>
      <Position>
        <X>0</X>
        <Y>0</Y>
      </Position>
      <Alignment>
        <TopLeft>true</TopLeft>
      </Alignment>
      <TemplateName>StatusIcon_realmwar_Keep</TemplateName>
      <AdapterName></AdapterName>
    </StatusIconDef>

    <StatusIconDef>
      <ControlId>1403</ControlId>
      <Position>
        <X>0</X>
        <Y>0</Y>
      </Position>
      <Alignment>
        <TopLeft>true</TopLeft>
      </Alignment>
      <TemplateName>StatusIcon_realmwar_Keep</TemplateName>
      <AdapterName></AdapterName>
    </StatusIconDef>

    <StatusIconDef>
      <ControlId>1404</ControlId>
      <Position>
        <X>0</X>
        <Y>0</Y>
      </Position>
      <Alignment>
        <TopLeft>true</TopLeft>
      </Alignment>
      <TemplateName>StatusIcon_realmwar_Keep</TemplateName>
      <AdapterName></AdapterName>
    </StatusIconDef>

    <StatusIconDef>
      <ControlId>1405</ControlId>
      <Position>
        <X>0</X>
        <Y>0</Y>
      </Position>
      <Alignment>
        <TopLeft>true</TopLeft>
      </Alignment>
      <TemplateName>StatusIcon_realmwar_Keep</TemplateName>
      <AdapterName></AdapterName>
    </StatusIconDef>

    <StatusIconDef>
      <ControlId>1406</ControlId>
      <Position>
        <X>0</X>
        <Y>0</Y>
      </Position>
      <Alignment>
        <TopLeft>true</TopLeft>
      </Alignment>
      <TemplateName>StatusIcon_realmwar_Keep</TemplateName>
      <AdapterName></AdapterName>
    </StatusIconDef>

    <ImageAreaDef>
      <ControlId>1407</ControlId>
      <Position>
        <X>0</X>
        <Y>0</Y>
      </Position>
      <Alignment>
        <TopLeft>true</TopLeft>
      </Alignment>
      <TemplateName>ImageArea_Map_Relic</TemplateName>
    </ImageAreaDef>

    <ImageAreaDef>
      <ControlId>1408</ControlId>
      <Position>
        <X>0</X>
        <Y>0</Y>
      </Position>
      <Alignment>
        <TopLeft>true</TopLeft>
      </Alignment>
      <TemplateName>ImageArea_Map_Relic</TemplateName>
    </ImageAreaDef>

    <StatusIconDef>
      <ControlId>1409</ControlId>
      <Position>
        <X>0</X>
        <Y>0</Y>
      </Position>
      <Alignment>
        <TopLeft>true</TopLeft>
      </Alignment>
      <TemplateName>StatusIcon_realmwar_Keep</TemplateName>
      <AdapterName></AdapterName>
    </StatusIconDef>

    <StatusIconDef>
      <ControlId>1410</ControlId>
      <Position>
        <X>0</X>
        <Y>0</Y>
      </Position>
      <Alignment>
        <TopLeft>true</TopLeft>
      </Alignment>
      <TemplateName>StatusIcon_realmwar_Keep</TemplateName>
      <AdapterName></AdapterName>
    </StatusIconDef>

    <!--Milegates-->

    <StatusIconDef>
      <ControlId>1500</ControlId>
      <Position>
        <X>0</X>
        <Y>0</Y>
      </Position>
      <Alignment>
        <TopLeft>true</TopLeft>
      </Alignment>
      <TemplateName>StatusIcon_realmwar_MileGate</TemplateName>
      <AdapterName></AdapterName>
    </StatusIconDef>

    <StatusIconDef>
      <ControlId>1501</ControlId>
      <Position>
        <X>0</X>
        <Y>0</Y>
      </Position>
      <Alignment>
        <TopLeft>true</TopLeft>
      </Alignment>
      <TemplateName>StatusIcon_realmwar_MileGate</TemplateName>
      <AdapterName></AdapterName>
    </StatusIconDef>

    <StatusIconDef>
      <ControlId>1502</ControlId>
      <Position>
        <X>0</X>
        <Y>0</Y>
      </Position>
      <Alignment>
        <TopLeft>true</TopLeft>
      </Alignment>
      <TemplateName>StatusIcon_realmwar_MileGate</TemplateName>
      <AdapterName></AdapterName>
    </StatusIconDef>

    <StatusIconDef>
      <ControlId>1503</ControlId>
      <Position>
        <X>0</X>
        <Y>0</Y>
      </Position>
      <Alignment>
        <TopLeft>true</TopLeft>
      </Alignment>
      <TemplateName>StatusIcon_realmwar_MileGate</TemplateName>
      <AdapterName></AdapterName>
    </StatusIconDef>

    <!--Player Position-->

    <ImageAreaDef>
      <ControlId>2013</ControlId>
      <Position>
        <X>0</X>
        <Y>0</Y>
      </Position>
      <Alignment>
        <TopLeft>true</TopLeft>
      </Alignment>
      <TemplateName>ImageArea_Map_Player</TemplateName>
    </ImageAreaDef>

    <!--Tower Hotspots-->

    <InvisibleButtonDef>
      <ControlId>3300</ControlId>
      <Position>
        <X>0</X>
        <Y>0</Y>
      </Position>
      <Alignment>
        <TopLeft>true</TopLeft>
      </Alignment>
      <Label></Label>
      <OnClickEvent>WarmapTowerSelect0</OnClickEvent>
      <Width>16</Width>
      <Height>16</Height>
    </InvisibleButtonDef>

    <InvisibleButtonDef>
      <ControlId>3301</ControlId>
      <Position>
        <X>0</X>
        <Y>0</Y>
      </Position>
      <Alignment>
        <TopLeft>true</TopLeft>
      </Alignment>
      <Label></Label>
      <OnClickEvent>WarmapTowerSelect1</OnClickEvent>
      <Width>16</Width>
      <Height>16</Height>
    </InvisibleButtonDef>

    <InvisibleButtonDef>
      <ControlId>3302</ControlId>
      <Position>
        <X>0</X>
        <Y>0</Y>
      </Position>
      <Alignment>
        <TopLeft>true</TopLeft>
      </Alignment>
      <Label></Label>
      <OnClickEvent>WarmapTowerSelect2</OnClickEvent>
      <Width>16</Width>
      <Height>16</Height>
    </InvisibleButtonDef>

    <InvisibleButtonDef>
      <ControlId>3303</ControlId>
      <Position>
        <X>0</X>
        <Y>0</Y>
      </Position>
      <Alignment>
        <TopLeft>true</TopLeft>
      </Alignment>
      <Label></Label>
      <OnClickEvent>WarmapTowerSelect3</OnClickEvent>
      <Width>16</Width>
      <Height>16</Height>
    </InvisibleButtonDef>

    <InvisibleButtonDef>
      <ControlId>3304</ControlId>
      <Position>
        <X>0</X>
        <Y>0</Y>
      </Position>
      <Alignment>
        <TopLeft>true</TopLeft>
      </Alignment>
      <Label></Label>
      <OnClickEvent>WarmapTowerSelect4</OnClickEvent>
      <Width>16</Width>
      <Height>16</Height>
    </InvisibleButtonDef>

    <InvisibleButtonDef>
      <ControlId>3305</ControlId>
      <Position>
        <X>0</X>
        <Y>0</Y>
      </Position>
      <Alignment>
        <TopLeft>true</TopLeft>
      </Alignment>
      <Label></Label>
      <OnClickEvent>WarmapTowerSelect5</OnClickEvent>
      <Width>16</Width>
      <Height>16</Height>
    </InvisibleButtonDef>

    <InvisibleButtonDef>
      <ControlId>3306</ControlId>
      <Position>
        <X>0</X>
        <Y>0</Y>
      </Position>
      <Alignment>
        <TopLeft>true</TopLeft>
      </Alignment>
      <Label></Label>
      <OnClickEvent>WarmapTowerSelect6</OnClickEvent>
      <Width>16</Width>
      <Height>16</Height>
    </InvisibleButtonDef>

    <InvisibleButtonDef>
      <ControlId>3307</ControlId>
      <Position>
        <X>0</X>
        <Y>0</Y>
      </Position>
      <Alignment>
        <TopLeft>true</TopLeft>
      </Alignment>
      <Label></Label>
      <OnClickEvent>WarmapTowerSelect7</OnClickEvent>
      <Width>16</Width>
      <Height>16</Height>
    </InvisibleButtonDef>

    <InvisibleButtonDef>
      <ControlId>3308</ControlId>
      <Position>
        <X>0</X>
        <Y>0</Y>
      </Position>
      <Alignment>
        <TopLeft>true</TopLeft>
      </Alignment>
      <Label></Label>
      <OnClickEvent>WarmapTowerSelect8</OnClickEvent>
      <Width>16</Width>
      <Height>16</Height>
    </InvisibleButtonDef>

    <InvisibleButtonDef>
      <ControlId>3309</ControlId>
      <Position>
        <X>0</X>
        <Y>0</Y>
      </Position>
      <Alignment>
        <TopLeft>true</TopLeft>
      </Alignment>
      <Label></Label>
      <OnClickEvent>WarmapTowerSelect9</OnClickEvent>
      <Width>16</Width>
      <Height>16</Height>
    </InvisibleButtonDef>

    <InvisibleButtonDef>
      <ControlId>3310</ControlId>
      <Position>
        <X>0</X>
        <Y>0</Y>
      </Position>
      <Alignment>
        <TopLeft>true</TopLeft>
      </Alignment>
      <Label></Label>
      <OnClickEvent>WarmapTowerSelect10</OnClickEvent>
      <Width>16</Width>
      <Height>16</Height>
    </InvisibleButtonDef>

    <InvisibleButtonDef>
      <ControlId>3311</ControlId>
      <Position>
        <X>0</X>
        <Y>0</Y>
      </Position>
      <Alignment>
        <TopLeft>true</TopLeft>
      </Alignment>
      <Label></Label>
      <OnClickEvent>WarmapTowerSelect11</OnClickEvent>
      <Width>16</Width>
      <Height>16</Height>
    </InvisibleButtonDef>

    <InvisibleButtonDef>
      <ControlId>3312</ControlId>
      <Position>
        <X>0</X>
        <Y>0</Y>
      </Position>
      <Alignment>
        <TopLeft>true</TopLeft>
      </Alignment>
      <Label></Label>
      <OnClickEvent>WarmapTowerSelect12</OnClickEvent>
      <Width>16</Width>
      <Height>16</Height>
    </InvisibleButtonDef>

    <InvisibleButtonDef>
      <ControlId>3313</ControlId>
      <Position>
        <X>0</X>
        <Y>0</Y>
      </Position>
      <Alignment>
        <TopLeft>true</TopLeft>
      </Alignment>
      <Label></Label>
      <OnClickEvent>WarmapTowerSelect13</OnClickEvent>
      <Width>16</Width>
      <Height>16</Height>
    </InvisibleButtonDef>

    <InvisibleButtonDef>
      <ControlId>3314</ControlId>
      <Position>
        <X>0</X>
        <Y>0</Y>
      </Position>
      <Alignment>
        <TopLeft>true</TopLeft>
      </Alignment>
      <Label></Label>
      <OnClickEvent>WarmapTowerSelect14</OnClickEvent>
      <Width>16</Width>
      <Height>16</Height>
    </InvisibleButtonDef>

    <InvisibleButtonDef>
      <ControlId>3315</ControlId>
      <Position>
        <X>0</X>
        <Y>0</Y>
      </Position>
      <Alignment>
        <TopLeft>true</TopLeft>
      </Alignment>
      <Label></Label>
      <OnClickEvent>WarmapTowerSelect15</OnClickEvent>
      <Width>16</Width>
      <Height>16</Height>
    </InvisibleButtonDef>

    <InvisibleButtonDef>
      <ControlId>3316</ControlId>
      <Position>
        <X>0</X>
        <Y>0</Y>
      </Position>
      <Alignment>
        <TopLeft>true</TopLeft>
      </Alignment>
      <Label></Label>
      <OnClickEvent>WarmapTowerSelect16</OnClickEvent>
      <Width>16</Width>
      <Height>16</Height>
    </InvisibleButtonDef>

    <InvisibleButtonDef>
      <ControlId>3317</ControlId>
      <Position>
        <X>0</X>
        <Y>0</Y>
      </Position>
      <Alignment>
        <TopLeft>true</TopLeft>
      </Alignment>
      <Label></Label>
      <OnClickEvent>WarmapTowerSelect17</OnClickEvent>
      <Width>16</Width>
      <Height>16</Height>
    </InvisibleButtonDef>

    <InvisibleButtonDef>
      <ControlId>3318</ControlId>
      <Position>
        <X>0</X>
        <Y>0</Y>
      </Position>
      <Alignment>
        <TopLeft>true</TopLeft>
      </Alignment>
      <Label></Label>
      <OnClickEvent>WarmapTowerSelect18</OnClickEvent>
      <Width>16</Width>
      <Height>16</Height>
    </InvisibleButtonDef>

    <InvisibleButtonDef>
      <ControlId>3319</ControlId>
      <Position>
        <X>0</X>
        <Y>0</Y>
      </Position>
      <Alignment>
        <TopLeft>true</TopLeft>
      </Alignment>
      <Label></Label>
      <OnClickEvent>WarmapTowerSelect19</OnClickEvent>
      <Width>16</Width>
      <Height>16</Height>
    </InvisibleButtonDef>

    <InvisibleButtonDef>
      <ControlId>3320</ControlId>
      <Position>
        <X>0</X>
        <Y>0</Y>
      </Position>
      <Alignment>
        <TopLeft>true</TopLeft>
      </Alignment>
      <Label></Label>
      <OnClickEvent>WarmapTowerSelect20</OnClickEvent>
      <Width>16</Width>
      <Height>16</Height>
    </InvisibleButtonDef>

    <InvisibleButtonDef>
      <ControlId>3321</ControlId>
      <Position>
        <X>0</X>
        <Y>0</Y>
      </Position>
      <Alignment>
        <TopLeft>true</TopLeft>
      </Alignment>
      <Label></Label>
      <OnClickEvent>WarmapTowerSelect21</OnClickEvent>
      <Width>16</Width>
      <Height>16</Height>
    </InvisibleButtonDef>

    <InvisibleButtonDef>
      <ControlId>3322</ControlId>
      <Position>
        <X>0</X>
        <Y>0</Y>
      </Position>
      <Alignment>
        <TopLeft>true</TopLeft>
      </Alignment>
      <Label></Label>
      <OnClickEvent>WarmapTowerSelect22</OnClickEvent>
      <Width>16</Width>
      <Height>16</Height>
    </InvisibleButtonDef>

    <InvisibleButtonDef>
      <ControlId>3323</ControlId>
      <Position>
        <X>0</X>
        <Y>0</Y>
      </Position>
      <Alignment>
        <TopLeft>true</TopLeft>
      </Alignment>
      <Label></Label>
      <OnClickEvent>WarmapTowerSelect23</OnClickEvent>
      <Width>16</Width>
      <Height>16</Height>
    </InvisibleButtonDef>

    <InvisibleButtonDef>
      <ControlId>3324</ControlId>
      <Position>
        <X>0</X>
        <Y>0</Y>
      </Position>
      <Alignment>
        <TopLeft>true</TopLeft>
      </Alignment>
      <Label></Label>
      <OnClickEvent>WarmapTowerSelect24</OnClickEvent>
      <Width>16</Width>
      <Height>16</Height>
    </InvisibleButtonDef>

    <InvisibleButtonDef>
      <ControlId>3325</ControlId>
      <Position>
        <X>0</X>
        <Y>0</Y>
      </Position>
      <Alignment>
        <TopLeft>true</TopLeft>
      </Alignment>
      <Label></Label>
      <OnClickEvent>WarmapTowerSelect25</OnClickEvent>
      <Width>16</Width>
      <Height>16</Height>
    </InvisibleButtonDef>

    <InvisibleButtonDef>
      <ControlId>3326</ControlId>
      <Position>
        <X>0</X>
        <Y>0</Y>
      </Position>
      <Alignment>
        <TopLeft>true</TopLeft>
      </Alignment>
      <Label></Label>
      <OnClickEvent>WarmapTowerSelect26</OnClickEvent>
      <Width>16</Width>
      <Height>16</Height>
    </InvisibleButtonDef>

    <InvisibleButtonDef>
      <ControlId>3327</ControlId>
      <Position>
        <X>0</X>
        <Y>0</Y>
      </Position>
      <Alignment>
        <TopLeft>true</TopLeft>
      </Alignment>
      <Label></Label>
      <OnClickEvent>WarmapTowerSelect27</OnClickEvent>
      <Width>16</Width>
      <Height>16</Height>
    </InvisibleButtonDef>

    <!--Keep Hotspots-->

    <InvisibleButtonDef>
      <ControlId>3400</ControlId>
      <Position>
        <X>0</X>
        <Y>0</Y>
      </Position>
      <Alignment>
        <TopLeft>true</TopLeft>
      </Alignment>
      <Label></Label>
      <OnClickEvent>WarmapKeepSelect0</OnClickEvent>
      <Width>16</Width>
      <Height>16</Height>
    </InvisibleButtonDef>

    <InvisibleButtonDef>
      <ControlId>3401</ControlId>
      <Position>
        <X>0</X>
        <Y>0</Y>
      </Position>
      <Alignment>
        <TopLeft>true</TopLeft>
      </Alignment>
      <Label></Label>
      <OnClickEvent>WarmapKeepSelect1</OnClickEvent>
      <Width>16</Width>
      <Height>16</Height>
    </InvisibleButtonDef>

    <InvisibleButtonDef>
      <ControlId>3402</ControlId>
      <Position>
        <X>0</X>
        <Y>0</Y>
      </Position>
      <Alignment>
        <TopLeft>true</TopLeft>
      </Alignment>
      <Label></Label>
      <OnClickEvent>WarmapKeepSelect2</OnClickEvent>
      <Width>16</Width>
      <Height>16</Height>
    </InvisibleButtonDef>

    <InvisibleButtonDef>
      <ControlId>3403</ControlId>
      <Position>
        <X>0</X>
        <Y>0</Y>
      </Position>
      <Alignment>
        <TopLeft>true</TopLeft>
      </Alignment>
      <Label></Label>
      <OnClickEvent>WarmapKeepSelect3</OnClickEvent>
      <Width>16</Width>
      <Height>16</Height>
    </InvisibleButtonDef>

    <InvisibleButtonDef>
      <ControlId>3404</ControlId>
      <Position>
        <X>0</X>
        <Y>0</Y>
      </Position>
      <Alignment>
        <TopLeft>true</TopLeft>
      </Alignment>
      <Label></Label>
      <OnClickEvent>WarmapKeepSelect4</OnClickEvent>
      <Width>16</Width>
      <Height>16</Height>
    </InvisibleButtonDef>

    <InvisibleButtonDef>
      <ControlId>3405</ControlId>
      <Position>
        <X>0</X>
        <Y>0</Y>
      </Position>
      <Alignment>
        <TopLeft>true</TopLeft>
      </Alignment>
      <Label></Label>
      <OnClickEvent>WarmapKeepSelect5</OnClickEvent>
      <Width>16</Width>
      <Height>16</Height>
    </InvisibleButtonDef>

    <InvisibleButtonDef>
      <ControlId>3406</ControlId>
      <Position>
        <X>0</X>
        <Y>0</Y>
      </Position>
      <Alignment>
        <TopLeft>true</TopLeft>
      </Alignment>
      <Label></Label>
      <OnClickEvent>WarmapKeepSelect6</OnClickEvent>
      <Width>16</Width>
      <Height>16</Height>
    </InvisibleButtonDef>

    <InvisibleButtonDef>
      <ControlId>3407</ControlId>
      <Position>
        <X>0</X>
        <Y>0</Y>
      </Position>
      <Alignment>
        <TopLeft>true</TopLeft>
      </Alignment>
      <Label></Label>
      <OnClickEvent>WarmapPowerRelicSelect</OnClickEvent>
      <Width>16</Width>
      <Height>16</Height>
    </InvisibleButtonDef>

    <InvisibleButtonDef>
      <ControlId>3408</ControlId>
      <Position>
        <X>0</X>
        <Y>0</Y>
      </Position>
      <Alignment>
        <TopLeft>true</TopLeft>
      </Alignment>
      <Label></Label>
      <OnClickEvent>WarmapStrengthRelicSelect</OnClickEvent>
      <Width>16</Width>
      <Height>16</Height>
    </InvisibleButtonDef>

    <InvisibleButtonDef>
      <ControlId>3409</ControlId>
      <Position>
        <X>0</X>
        <Y>0</Y>
      </Position>
      <Alignment>
        <TopLeft>true</TopLeft>
      </Alignment>
      <Label></Label>
      <OnClickEvent>WarmapPowerBorderSelect</OnClickEvent>
      <Width>16</Width>
      <Height>16</Height>
    </InvisibleButtonDef>

    <InvisibleButtonDef>
      <ControlId>3410</ControlId>
      <Position>
        <X>0</X>
        <Y>0</Y>
      </Position>
      <Alignment>
        <TopLeft>true</TopLeft>
      </Alignment>
      <Label></Label>
      <OnClickEvent>WarmapStrengthBorderSelect</OnClickEvent>
      <Width>16</Width>
      <Height>16</Height>
    </InvisibleButtonDef>

  </WindowTemplate>

</Root_Element>
