<?xml version="1.0" encoding="ISO-8859-1"?>
<Root_Element ID="DAOCUi">

<!-- @@ Edited with the DAoC User Interface Editor v1.79 -->
<!-- @@ Free download available at http://www.bradtownsend.com/daoced -->

  <WindowTemplate>
    <Name>realmwar_key</Name>
    <WindowId></WindowId>
    <CloseButton>true</CloseButton>
    <MoveButton>true</MoveButton>
    <TopRightResizeButton>false</TopRightResizeButton>
    <BottomRightResizeButton>false</BottomRightResizeButton>
    <BottomLeftResizeButton>false</BottomLeftResizeButton>
    <ResizeButtonOffsetX>0</ResizeButtonOffsetX>
    <ResizeButtonOffsetY>0</ResizeButtonOffsetY>
    <TitleWidth>170</TitleWidth>
    <TitleHeight>318</TitleHeight>
    <Width>170</Width>
    <Height>318</Height>
    <ResizeableWidth>0</ResizeableWidth>
    <ResizeableHeight>0</ResizeableHeight>
    <ResizeableTwoWayWidth>0</ResizeableTwoWayWidth>
    <ResizeableTwoWayHeight>0</ResizeableTwoWayHeight>
    <MinWidth>170</MinWidth>
    <MinHeight>318</MinHeight>

    <!-- Background Image -->

    <FullResizeImageDef>
      <ControlId></ControlId>
      <Position>
        <X>0</X>
        <Y>0</Y>
      </Position>
      <Alignment>
        <GrowWidth>true</GrowWidth>
        <GrowHeight>true</GrowHeight>
      </Alignment>
      <TemplateName>fresizeimage_dlg_bg</TemplateName>
      <Width>170</Width>
      <Height>318</Height>
    </FullResizeImageDef>

    <!-- Interior Image -->

    <FullResizeImageDef>
      <ControlId></ControlId>
      <Position>
        <X>10</X>
        <Y>27</Y>
      </Position>
      <Alignment>
      </Alignment>
      <TemplateName>fresizeimage_dlg_interior</TemplateName>
      <Width>150</Width>
      <Height>281</Height>
    </FullResizeImageDef>

    <!-- Title -->

    <LabelDef>
      <ControlId></ControlId>
      <Position>
        <X>0</X>
        <Y>11</Y>
      </Position>
      <Alignment>
      </Alignment>
      <Color>
        <R>255</R>
        <G>192</G>
        <B>0</B>
        <A>255</A>
      </Color>
      <FontName>font_titles</FontName>
      <Width>170</Width>
      <Height>18</Height>
      <ColorAdapter></ColorAdapter>
      <MaxCharacters>128</MaxCharacters>
      <Data>Map Key</Data>
      <EndAligned>false</EndAligned>
      <TextCentered>true</TextCentered>
      <Adapter></Adapter>
    </LabelDef>

    <!-- Symbols/Keys -->

    <ImageAreaDef>
      <ControlId></ControlId>
      <Position>
        <X>18</X>
        <Y>30</Y>
      </Position>
      <Alignment>
      </Alignment>
      <TemplateName>imagearea_map_dock</TemplateName>
    </ImageAreaDef>

    <LabelDef>
      <ControlId></ControlId>
      <Position>
        <X>39</X>
        <Y>32</Y>
      </Position>
      <Alignment>
      </Alignment>
      <Color>
        <R>192</R>
        <G>192</G>
        <B>192</B>
        <A>255</A>
      </Color>
      <FontName>font_headings_small</FontName>
      <Width>45</Width>
      <Height>16</Height>
      <ColorAdapter></ColorAdapter>
      <MaxCharacters>25</MaxCharacters>
      <Data>Dock</Data>
      <EndAligned>false</EndAligned>
      <TextCentered>false</TextCentered>
      <Adapter></Adapter>
    </LabelDef>

    <ImageAreaDef>
      <ControlId></ControlId>
      <Position>
        <X>18</X>
        <Y>46</Y>
      </Position>
      <Alignment>
      </Alignment>
      <TemplateName>imagearea_map_bridge</TemplateName>
    </ImageAreaDef>

    <LabelDef>
      <ControlId></ControlId>
      <Position>
        <X>39</X>
        <Y>48</Y>
      </Position>
      <Alignment>
      </Alignment>
      <Color>
        <R>192</R>
        <G>192</G>
        <B>192</B>
        <A>255</A>
      </Color>
      <FontName>font_headings_small</FontName>
      <Width>45</Width>
      <Height>16</Height>
      <ColorAdapter></ColorAdapter>
      <MaxCharacters>25</MaxCharacters>
      <Data>Bridge</Data>
      <EndAligned>false</EndAligned>
      <TextCentered>false</TextCentered>
      <Adapter></Adapter>
    </LabelDef>

    <ImageAreaDef>
      <ControlId></ControlId>
      <Position>
        <X>18</X>
        <Y>62</Y>
      </Position>
      <Alignment>
      </Alignment>
      <TemplateName>imagearea_map_impasse</TemplateName>
    </ImageAreaDef>

    <LabelDef>
      <ControlId></ControlId>
      <Position>
        <X>39</X>
        <Y>64</Y>
      </Position>
      <Alignment>
      </Alignment>
      <Color>
        <R>192</R>
        <G>192</G>
        <B>192</B>
        <A>255</A>
      </Color>
      <FontName>font_headings_small</FontName>
      <Width>45</Width>
      <Height>16</Height>
      <ColorAdapter></ColorAdapter>
      <MaxCharacters>25</MaxCharacters>
      <Data>Impasse</Data>
      <EndAligned>false</EndAligned>
      <TextCentered>false</TextCentered>
      <Adapter></Adapter>
    </LabelDef>

    <ImageAreaDef>
      <ControlId></ControlId>
      <Position>
        <X>18</X>
        <Y>76</Y>
      </Position>
      <Alignment>
      </Alignment>
      <TemplateName>imagearea_map_dungeon</TemplateName>
    </ImageAreaDef>

    <LabelDef>
      <ControlId></ControlId>
      <Position>
        <X>39</X>
        <Y>80</Y>
      </Position>
      <Alignment>
      </Alignment>
      <Color>
        <R>192</R>
        <G>192</G>
        <B>192</B>
        <A>255</A>
      </Color>
      <FontName>font_headings_small</FontName>
      <Width>45</Width>
      <Height>16</Height>
      <ColorAdapter></ColorAdapter>
      <MaxCharacters>25</MaxCharacters>
      <Data>Dungeon</Data>
      <EndAligned>false</EndAligned>
      <TextCentered>false</TextCentered>
      <Adapter></Adapter>
    </LabelDef>

    <ImageAreaDef>
      <ControlId></ControlId>
      <Position>
        <X>18</X>
        <Y>108</Y>
      </Position>
      <Alignment>
      </Alignment>
      <TemplateName>imagearea_map_keep</TemplateName>
    </ImageAreaDef>

    <LabelDef>
      <ControlId></ControlId>
      <Position>
        <X>39</X>
        <Y>112</Y>
      </Position>
      <Alignment>
      </Alignment>
      <Color>
        <R>192</R>
        <G>192</G>
        <B>192</B>
        <A>255</A>
      </Color>
      <FontName>font_headings_small</FontName>
      <Width>100</Width>
      <Height>16</Height>
      <ColorAdapter></ColorAdapter>
      <MaxCharacters>25</MaxCharacters>
      <Data>Keep</Data>
      <EndAligned>false</EndAligned>
      <TextCentered>false</TextCentered>
      <Adapter></Adapter>
    </LabelDef>

    <ImageAreaDef>
      <ControlId></ControlId>
      <Position>
        <X>18</X>
        <Y>124</Y>
      </Position>
      <Alignment>
      </Alignment>
      <TemplateName>imagearea_map_tower</TemplateName>
    </ImageAreaDef>

    <LabelDef>
      <ControlId></ControlId>
      <Position>
        <X>39</X>
        <Y>128</Y>
      </Position>
      <Alignment>
      </Alignment>
      <Color>
        <R>192</R>
        <G>192</G>
        <B>192</B>
        <A>255</A>
      </Color>
      <FontName>font_headings_small</FontName>
      <Width>100</Width>
      <Height>16</Height>
      <ColorAdapter></ColorAdapter>
      <MaxCharacters>25</MaxCharacters>
      <Data>Tower</Data>
      <EndAligned>false</EndAligned>
      <TextCentered>false</TextCentered>
      <Adapter></Adapter>
    </LabelDef>

    <ImageAreaDef>
      <ControlId></ControlId>
      <Position>
        <X>18</X>
        <Y>141</Y>
      </Position>
      <Alignment>
      </Alignment>
      <TemplateName>imagearea_map_relic</TemplateName>
    </ImageAreaDef>

    <LabelDef>
      <ControlId></ControlId>
      <Position>
        <X>39</X>
        <Y>144</Y>
      </Position>
      <Alignment>
      </Alignment>
      <Color>
        <R>192</R>
        <G>192</G>
        <B>192</B>
        <A>255</A>
      </Color>
      <FontName>font_headings_small</FontName>
      <Width>100</Width>
      <Height>16</Height>
      <ColorAdapter></ColorAdapter>
      <MaxCharacters>25</MaxCharacters>
      <Data>Relic Keep</Data>
      <EndAligned>false</EndAligned>
      <TextCentered>false</TextCentered>
      <Adapter></Adapter>
    </LabelDef>

    <ImageAreaDef>
      <ControlId></ControlId>
      <Position>
        <X>18</X>
        <Y>173</Y>
      </Position>
      <Alignment>
      </Alignment>
      <TemplateName>imagearea_map_siege</TemplateName>
    </ImageAreaDef>

    <LabelDef>
      <ControlId></ControlId>
      <Position>
        <X>39</X>
        <Y>176</Y>
      </Position>
      <Alignment>
      </Alignment>
      <Color>
        <R>192</R>
        <G>192</G>
        <B>192</B>
        <A>255</A>
      </Color>
      <FontName>font_headings_small</FontName>
      <Width>100</Width>
      <Height>16</Height>
      <ColorAdapter></ColorAdapter>
      <MaxCharacters>25</MaxCharacters>
      <Data>Under Siege</Data>
      <EndAligned>false</EndAligned>
      <TextCentered>false</TextCentered>
      <Adapter></Adapter>
    </LabelDef>

    <ImageAreaDef>
      <ControlId></ControlId>
      <Position>
        <X>18</X>
        <Y>190</Y>
      </Position>
      <Alignment>
      </Alignment>
      <TemplateName>imagearea_map_battle</TemplateName>
    </ImageAreaDef>

    <LabelDef>
      <ControlId></ControlId>
      <Position>
        <X>39</X>
        <Y>192</Y>
      </Position>
      <Alignment>
      </Alignment>
      <Color>
        <R>192</R>
        <G>192</G>
        <B>192</B>
        <A>255</A>
      </Color>
      <FontName>font_headings_small</FontName>
      <Width>100</Width>
      <Height>16</Height>
      <ColorAdapter></ColorAdapter>
      <MaxCharacters>25</MaxCharacters>
      <Data>Active Battle</Data>
      <EndAligned>false</EndAligned>
      <TextCentered>false</TextCentered>
      <Adapter></Adapter>
    </LabelDef>

    <ImageAreaDef>
      <ControlId></ControlId>
      <Position>
        <X>18</X>
        <Y>220</Y>
      </Position>
      <Alignment>
      </Alignment>
      <TemplateName>imagearea_map_milegate_open</TemplateName>
    </ImageAreaDef>

    <LabelDef>
      <ControlId></ControlId>
      <Position>
        <X>39</X>
        <Y>224</Y>
      </Position>
      <Alignment>
      </Alignment>
      <Color>
        <R>192</R>
        <G>192</G>
        <B>192</B>
        <A>255</A>
      </Color>
      <FontName>font_headings_small</FontName>
      <Width>100</Width>
      <Height>16</Height>
      <ColorAdapter></ColorAdapter>
      <MaxCharacters>25</MaxCharacters>
      <Data>Open Mile Gate</Data>
      <EndAligned>false</EndAligned>
      <TextCentered>false</TextCentered>
      <Adapter></Adapter>
    </LabelDef>

    <ImageAreaDef>
      <ControlId></ControlId>
      <Position>
        <X>18</X>
        <Y>237</Y>
      </Position>
      <Alignment>
      </Alignment>
      <TemplateName>imagearea_map_milegate_closed</TemplateName>
    </ImageAreaDef>

    <LabelDef>
      <ControlId></ControlId>
      <Position>
        <X>39</X>
        <Y>240</Y>
      </Position>
      <Alignment>
      </Alignment>
      <Color>
        <R>192</R>
        <G>192</G>
        <B>192</B>
        <A>255</A>
      </Color>
      <FontName>font_headings_small</FontName>
      <Width>100</Width>
      <Height>16</Height>
      <ColorAdapter></ColorAdapter>
      <MaxCharacters>25</MaxCharacters>
      <Data>Closed Mile Gate</Data>
      <EndAligned>false</EndAligned>
      <TextCentered>false</TextCentered>
      <Adapter></Adapter>
    </LabelDef>

    <ImageAreaDef>
      <ControlId></ControlId>
      <Position>
        <X>18</X>
        <Y>270</Y>
      </Position>
      <Alignment>
      </Alignment>
      <TemplateName>imagearea_map_selection</TemplateName>
    </ImageAreaDef>

    <LabelDef>
      <ControlId></ControlId>
      <Position>
        <X>39</X>
        <Y>272</Y>
      </Position>
      <Alignment>
      </Alignment>
      <Color>
        <R>192</R>
        <G>192</G>
        <B>192</B>
        <A>255</A>
      </Color>
      <FontName>font_headings_small</FontName>
      <Width>100</Width>
      <Height>16</Height>
      <ColorAdapter></ColorAdapter>
      <MaxCharacters>25</MaxCharacters>
      <Data>Current Selection</Data>
      <EndAligned>false</EndAligned>
      <TextCentered>false</TextCentered>
      <Adapter></Adapter>
    </LabelDef>

    <ImageAreaDef>
      <ControlId></ControlId>
      <Position>
        <X>18</X>
        <Y>286</Y>
      </Position>
      <Alignment>
      </Alignment>
      <TemplateName>imagearea_map_destination</TemplateName>
    </ImageAreaDef>

    <LabelDef>
      <ControlId></ControlId>
      <Position>
        <X>39</X>
        <Y>288</Y>
      </Position>
      <Alignment>
      </Alignment>
      <Color>
        <R>192</R>
        <G>192</G>
        <B>192</B>
        <A>255</A>
      </Color>
      <FontName>font_headings_small</FontName>
      <Width>100</Width>
      <Height>16</Height>
      <ColorAdapter></ColorAdapter>
      <MaxCharacters>25</MaxCharacters>
      <Data>Teleport Destination</Data>
      <EndAligned>false</EndAligned>
      <TextCentered>false</TextCentered>
      <Adapter></Adapter>
    </LabelDef>

    <ImageAreaDef>
      <ControlId></ControlId>
      <Position>
        <X>87</X>
        <Y>30</Y>
      </Position>
      <Alignment>
      </Alignment>
      <TemplateName>mino_relic_1</TemplateName>
    </ImageAreaDef>

    <LabelDef>
      <ControlId></ControlId>
      <Position>
        <X>105</X>
        <Y>32</Y>
      </Position>
      <Alignment>
      </Alignment>
      <Color>
        <R>192</R>
        <G>192</G>
        <B>192</B>
        <A>255</A>
      </Color>
      <FontName>font_headings_small</FontName>
      <Width>50</Width>
      <Height>16</Height>
      <ColorAdapter></ColorAdapter>
      <MaxCharacters>25</MaxCharacters>
      <Data>Mino T1</Data>
      <EndAligned>false</EndAligned>
      <TextCentered>false</TextCentered>
      <Adapter></Adapter>
    </LabelDef>

    <ImageAreaDef>
      <ControlId></ControlId>
      <Position>
        <X>87</X>
        <Y>46</Y>
      </Position>
      <Alignment>
      </Alignment>
      <TemplateName>mino_relic_2</TemplateName>
    </ImageAreaDef>

    <LabelDef>
      <ControlId></ControlId>
      <Position>
        <X>105</X>
        <Y>48</Y>
      </Position>
      <Alignment>
      </Alignment>
      <Color>
        <R>192</R>
        <G>192</G>
        <B>192</B>
        <A>255</A>
      </Color>
      <FontName>font_headings_small</FontName>
      <Width>50</Width>
      <Height>16</Height>
      <ColorAdapter></ColorAdapter>
      <MaxCharacters>25</MaxCharacters>
      <Data>Mino T2</Data>
      <EndAligned>false</EndAligned>
      <TextCentered>false</TextCentered>
      <Adapter></Adapter>
    </LabelDef>

    <ImageAreaDef>
      <ControlId></ControlId>
      <Position>
        <X>87</X>
        <Y>62</Y>
      </Position>
      <Alignment>
      </Alignment>
      <TemplateName>mino_relic_3</TemplateName>
    </ImageAreaDef>

    <LabelDef>
      <ControlId></ControlId>
      <Position>
        <X>105</X>
        <Y>64</Y>
      </Position>
      <Alignment>
      </Alignment>
      <Color>
        <R>192</R>
        <G>192</G>
        <B>192</B>
        <A>255</A>
      </Color>
      <FontName>font_headings_small</FontName>
      <Width>50</Width>
      <Height>16</Height>
      <ColorAdapter></ColorAdapter>
      <MaxCharacters>25</MaxCharacters>
      <Data>Mino T3</Data>
      <EndAligned>false</EndAligned>
      <TextCentered>false</TextCentered>
      <Adapter></Adapter>
    </LabelDef>

    <ImageAreaDef>
      <ControlId></ControlId>
      <Position>
        <X>87</X>
        <Y>79</Y>
      </Position>
      <Alignment>
      </Alignment>
      <TemplateName>imagearea_map_labyrinth</TemplateName>
    </ImageAreaDef>

    <LabelDef>
      <ControlId></ControlId>
      <Position>
        <X>105</X>
        <Y>80</Y>
      </Position>
      <Alignment>
      </Alignment>
      <Color>
        <R>192</R>
        <G>192</G>
        <B>192</B>
        <A>255</A>
      </Color>
      <FontName>font_headings_small</FontName>
      <Width>50</Width>
      <Height>16</Height>
      <ColorAdapter></ColorAdapter>
      <MaxCharacters>25</MaxCharacters>
      <Data>Labyrinth</Data>
      <EndAligned>false</EndAligned>
      <TextCentered>false</TextCentered>
      <Adapter></Adapter>
    </LabelDef>

  </WindowTemplate>

</Root_Element>
