<?xml version="1.0" encoding="ISO-8859-1"?>
<Root_Element ID="DAOCUi">

<!-- @@ Edited with the DAoC User Interface Editor v1.80 -->
<!-- @@ Free download available at http://www.bradtownsend.com/daoced -->

  <WindowTemplate>
    <Name>release_window</Name>
    <WindowId>Release</WindowId>
    <CloseButton>true</CloseButton>
    <MoveButton>true</MoveButton>
    <TopRightResizeButton>false</TopRightResizeButton>
    <BottomRightResizeButton>false</BottomRightResizeButton>
    <BottomLeftResizeButton>false</BottomLeftResizeButton>
    <ResizeButtonOffsetX>0</ResizeButtonOffsetX>
    <ResizeButtonOffsetY>0</ResizeButtonOffsetY>
    <TitleWidth>275</TitleWidth>
    <TitleHeight>27</TitleHeight>
    <Width>275</Width>
    <Height>97</Height>
    <ResizeableWidth>0</ResizeableWidth>
    <ResizeableHeight>0</ResizeableHeight>
    <ResizeableTwoWayWidth>0</ResizeableTwoWayWidth>
    <ResizeableTwoWayHeight>0</ResizeableTwoWayHeight>
    <MinWidth>0</MinWidth>
    <MinHeight>0</MinHeight>
    <ContextTemplateName></ContextTemplateName>

    <FullResizeImageDef>
      <ControlId>Background</ControlId>
      <Position>
        <X>0</X>
        <Y>0</Y>
      </Position>
      <Alignment>
      </Alignment>
      <TemplateName>fresizeimage_dlg_bg</TemplateName>
      <Width>275</Width>
      <Height>97</Height>
    </FullResizeImageDef>

    <LabelDef>
      <ControlId></ControlId>
      <Position>
        <X>0</X>
        <Y>11</Y>
      </Position>
      <Alignment>
      </Alignment>
      <Color>
        <R>255</R>
        <G>192</G>
        <B>0</B>
        <A>255</A>
      </Color>
      <FontName>font_titles</FontName>
      <Width>275</Width>
      <Height>16</Height>
      <ColorAdapter></ColorAdapter>
      <MaxCharacters>128</MaxCharacters>
      <Data></Data>
      <EndAligned>false</EndAligned>
      <TextCentered>true</TextCentered>
      <Adapter>release_timer_text</Adapter>
    </LabelDef>

    <FullResizeImageDef>
      <ControlId></ControlId>
      <Position>
        <X>10</X>
        <Y>27</Y>
      </Position>
      <Alignment>
      </Alignment>
      <TemplateName>fresizeimage_dlg_interior_small</TemplateName>
      <Width>255</Width>
      <Height>22</Height>
    </FullResizeImageDef>

    <StatusIconDef>
      <ControlId></ControlId>
      <Position>
        <X>57</X>
        <Y>33</Y>
      </Position>
      <Alignment>
      </Alignment>
      <TemplateName>statusicon_bar_blue</TemplateName>
      <AdapterName>release_timer_time</AdapterName>
    </StatusIconDef>

    <ScalarLabelDef>
      <ControlId></ControlId>
      <Position>
        <X>186</X>
        <Y>30</Y>
      </Position>
      <Alignment>
      </Alignment>
      <FontName>font_buttons</FontName>
      <Adapter>release_timer_time</Adapter>
      <ColorAdapter></ColorAdapter>
      <Width>32</Width>
      <Height>16</Height>
      <MaxCharacters>10</MaxCharacters>
      <Color>
        <R>100</R>
        <G>100</G>
        <B>255</B>
        <A>255</A>
      </Color>
      <Data></Data>
      <EndAligned>false</EndAligned>
      <TextCentered>true</TextCentered>
      <DontDrawWhenZero>false</DontDrawWhenZero>
      <DontDrawWhenNegOne>true</DontDrawWhenNegOne>    
	</ScalarLabelDef>

    <InvisibleButtonDef>
      <ControlId>Release</ControlId>
      <Position>
        <X>57</X>
        <Y>31</Y>
      </Position>
      <Alignment>
      </Alignment>
      <Label></Label>
      <OnClickEvent>Release</OnClickEvent>
      <Width>161</Width>
      <Height>14</Height>
    </InvisibleButtonDef>

    <HorizontalResizeButtonDef>
      <ControlId></ControlId>
      <Position>
        <X>10</X>
        <Y>27</Y>
      </Position>
      <Alignment>
        <OffsetBottom>true</OffsetBottom>
      </Alignment>
      <TemplateName>hresizebutton_generic</TemplateName>
      <Label>Release</Label>
      <Width>120</Width>
      <onClickEvent>Release</onClickEvent>
    </HorizontalResizeButtonDef>

    <HorizontalResizeButtonDef>
      <ControlId></ControlId>
      <Position>
        <X>10</X>
        <Y>27</Y>
      </Position>
      <Alignment>
        <OffsetBottom>true</OffsetBottom>
        <OffsetRight>true</OffsetRight>
      </Alignment>
      <TemplateName>hresizebutton_generic</TemplateName>
      <Label>Release to City</Label>
      <Width>120</Width>
      <onClickEvent>ReleaseToCity</onClickEvent>
    </HorizontalResizeButtonDef>

    <HorizontalResizeButtonDef>
      <ControlId></ControlId>
      <Position>
        <X>10</X>
        <Y>10</Y>
      </Position>
      <Alignment>
        <OffsetBottom>true</OffsetBottom>
      </Alignment>
      <TemplateName>hresizebutton_generic</TemplateName>
      <Label>Release to House</Label>
      <Width>120</Width>
      <onClickEvent>ReleaseToHouse</onClickEvent>
    </HorizontalResizeButtonDef>

    <HorizontalResizeButtonDef>
      <ControlId></ControlId>
      <Position>
        <X>10</X>
        <Y>10</Y>
      </Position>
      <Alignment>
        <OffsetBottom>true</OffsetBottom>
        <OffsetRight>true</OffsetRight>
      </Alignment>
      <TemplateName>hresizebutton_generic</TemplateName>
      <Label>Release to Bind</Label>
      <Width>120</Width>
      <onClickEvent>ReleaseToBind</onClickEvent>
    </HorizontalResizeButtonDef>

  </WindowTemplate>

</Root_Element>
