<?xml version="1.0" encoding="ISO-8859-1"?>
<Root_Element ID="DAOCUi">

<!-- @@ Edited with the DAoC User Interface Editor v1.78 -->
<!-- @@ Free download available at http://www.bradtownsend.com/daoced -->

  <!-- Relic Gate Link Images -->

  <Texture>
    <Name>warmap_reliclinks_alb</Name>
    <File>custom/assets/realmwar/albionrelicgatelinks.tga</File>
  </Texture>

  <Texture>
    <Name>warmap_reliclinks_hib</Name>
    <File>custom/assets/realmwar/hiberniarelicgatelinks.tga</File>
  </Texture>

  <Texture>
    <Name>warmap_reliclinks_mid</Name>
    <File>custom/assets/realmwar/midgardrelicgatelinks.tga</File>
  </Texture>

  <!-- Relic Gate Checkbox Templates -->

  <CheckBoxTemplate>
    <Name>CheckBox_WarMap_RelicLinks_Alb</Name>
    <Size>
      <X>256</X>
      <Y>384</Y>
    </Size>
    <Font>
      <Name></Name>
      <ColorNormal>
        <R>255</R>
        <G>255</G>
        <B>255</B>
        <A>255</A>
      </ColorNormal>
      <ColorPressed>
        <R>255</R>
        <G>255</G>
        <B>255</B>
        <A>255</A>
      </ColorPressed>
      <ColorHighlit>
        <R>255</R>
        <G>255</G>
        <B>255</B>
        <A>255</A>
      </ColorHighlit>
      <ColorDisabled>
        <R>255</R>
        <G>255</G>
        <B>255</B>
        <A>255</A>
      </ColorDisabled>
      <TextOffset>
        <X>0</X>
        <Y>0</Y>
      </TextOffset>
      <TextAlignment>
        <TopLeft>true</TopLeft>
      </TextAlignment>
      <ChangeFontColor>false</ChangeFontColor>
    </Font>
    <Texture>
      <TextureName>warmap_reliclinks_alb</TextureName>
      <Normal>
        <X>0</X>
        <Y>0</Y>
      </Normal>
      <Pressed>
        <X>256</X>
        <Y>4</Y>
      </Pressed>
      <NormalHighlit>
        <X>0</X>
        <Y>0</Y>
      </NormalHighlit>
      <PressedHighlit>
        <X>256</X>
        <Y>4</Y>
      </PressedHighlit>
      <Disabled>
        <X>0</X>
        <Y>0</Y>
      </Disabled>
    </Texture>
  </CheckBoxTemplate>

  <CheckBoxTemplate>
    <Name>CheckBox_WarMap_Mask</Name>
    <Size>
      <X>128</X>
      <Y>128</Y>
    </Size>
    <Font>
      <Name></Name>
      <ColorNormal>
        <R>255</R>
        <G>255</G>
        <B>255</B>
        <A>255</A>
      </ColorNormal>
      <ColorPressed>
        <R>255</R>
        <G>255</G>
        <B>255</B>
        <A>255</A>
      </ColorPressed>
      <ColorHighlit>
        <R>255</R>
        <G>255</G>
        <B>255</B>
        <A>255</A>
      </ColorHighlit>
      <ColorDisabled>
        <R>255</R>
        <G>255</G>
        <B>255</B>
        <A>255</A>
      </ColorDisabled>
      <TextOffset>
        <X>0</X>
        <Y>0</Y>
      </TextOffset>
      <TextAlignment>
        <TopLeft>true</TopLeft>
      </TextAlignment>
      <ChangeFontColor>false</ChangeFontColor>
    </Font>
    <Texture>
      <TextureName>warmap_reliclinks_alb</TextureName>
      <Normal>
        <X>0</X>
        <Y>0</Y>
      </Normal>
      <Pressed>
        <X>0</X>
        <Y>0</Y>
      </Pressed>
      <NormalHighlit>
        <X>0</X>
        <Y>0</Y>
      </NormalHighlit>
      <PressedHighlit>
        <X>0</X>
        <Y>0</Y>
      </PressedHighlit>
      <Disabled>
        <X>0</X>
        <Y>0</Y>
      </Disabled>
    </Texture>
  </CheckBoxTemplate>

  <CheckBoxTemplate>
    <Name>CheckBox_WarMap_RelicLinks_Hib</Name>
    <Size>
      <X>256</X>
      <Y>384</Y>
    </Size>
    <Font>
      <Name></Name>
      <ColorNormal>
        <R>255</R>
        <G>255</G>
        <B>255</B>
        <A>255</A>
      </ColorNormal>
      <ColorPressed>
        <R>255</R>
        <G>255</G>
        <B>255</B>
        <A>255</A>
      </ColorPressed>
      <ColorHighlit>
        <R>255</R>
        <G>255</G>
        <B>255</B>
        <A>255</A>
      </ColorHighlit>
      <ColorDisabled>
        <R>255</R>
        <G>255</G>
        <B>255</B>
        <A>255</A>
      </ColorDisabled>
      <TextOffset>
        <X>0</X>
        <Y>0</Y>
      </TextOffset>
      <TextAlignment>
        <TopLeft>true</TopLeft>
      </TextAlignment>
      <ChangeFontColor>false</ChangeFontColor>
    </Font>
    <Texture>
      <TextureName>warmap_reliclinks_hib</TextureName>
      <Normal>
        <X>0</X>
        <Y>0</Y>
      </Normal>
      <Pressed>
        <X>256</X>
        <Y>4</Y>
      </Pressed>
      <NormalHighlit>
        <X>0</X>
        <Y>0</Y>
      </NormalHighlit>
      <PressedHighlit>
        <X>256</X>
        <Y>4</Y>
      </PressedHighlit>
      <Disabled>
        <X>0</X>
        <Y>0</Y>
      </Disabled>
    </Texture>
  </CheckBoxTemplate>

  <CheckBoxTemplate>
    <Name>CheckBox_WarMap_RelicLinks_Mid</Name>
    <Size>
      <X>384</X>
      <Y>256</Y>
    </Size>
    <Font>
      <Name></Name>
      <ColorNormal>
        <R>255</R>
        <G>255</G>
        <B>255</B>
        <A>255</A>
      </ColorNormal>
      <ColorPressed>
        <R>255</R>
        <G>255</G>
        <B>255</B>
        <A>255</A>
      </ColorPressed>
      <ColorHighlit>
        <R>255</R>
        <G>255</G>
        <B>255</B>
        <A>255</A>
      </ColorHighlit>
      <ColorDisabled>
        <R>255</R>
        <G>255</G>
        <B>255</B>
        <A>255</A>
      </ColorDisabled>
      <TextOffset>
        <X>0</X>
        <Y>0</Y>
      </TextOffset>
      <TextAlignment>
        <TopLeft>true</TopLeft>
      </TextAlignment>
      <ChangeFontColor>false</ChangeFontColor>
    </Font>
    <Texture>
      <TextureName>warmap_reliclinks_mid</TextureName>
      <Normal>
        <X>0</X>
        <Y>0</Y>
      </Normal>
      <Pressed>
        <X>0</X>
        <Y>256</Y>
      </Pressed>
      <NormalHighlit>
        <X>0</X>
        <Y>0</Y>
      </NormalHighlit>
      <PressedHighlit>
        <X>0</X>
        <Y>256</Y>
      </PressedHighlit>
      <Disabled>
        <X>0</X>
        <Y>0</Y>
      </Disabled>
    </Texture>
  </CheckBoxTemplate>

</Root_Element>
