<?xml version="1.0" encoding="ISO-8859-1"?>
<Root_Element ID="DAOCUi">

<!-- @@ Edited with the DAoC User Interface Editor v1.80 -->
<!-- @@ Free download available at http://www.bradtownsend.com/daoced -->

  <WindowTemplate>
    <Name>stats_group</Name>
    <WindowId>Status Group</WindowId>
    <CloseButton>false</CloseButton>
    <MoveButton>false</MoveButton>
    <TopRightResizeButton>false</TopRightResizeButton>
    <BottomRightResizeButton>false</BottomRightResizeButton>
    <BottomLeftResizeButton>false</BottomLeftResizeButton>
    <ResizeButtonOffsetX>0</ResizeButtonOffsetX>
    <ResizeButtonOffsetY>0</ResizeButtonOffsetY>
    <TitleWidth>0</TitleWidth>
    <TitleHeight>0</TitleHeight>
    <Width>210</Width>
    <Height>444</Height>
    <ResizeableWidth>0</ResizeableWidth>
    <ResizeableHeight>10</ResizeableHeight>
    <ResizeableTwoWayWidth>0</ResizeableTwoWayWidth>
    <ResizeableTwoWayHeight>0</ResizeableTwoWayHeight>
    <MinWidth>210</MinWidth>
    <MinHeight>180</MinHeight>
    <ContextTemplateName></ContextTemplateName>

    <!-- Background Image -->

    <FullResizeImageDef>
      <ControlId>BackgroundImage</ControlId>
      <Position>
        <X>0</X>
        <Y>0</Y>
      </Position>
      <Alignment>
        <GrowWidth>true</GrowWidth>
        <GrowHeight>true</GrowHeight>
      </Alignment>
      <TemplateName>fresizeimage_dlg_bg</TemplateName>
      <Width>210</Width>
      <Height>444</Height>
    </FullResizeImageDef>

    <!-- Group controls -->

    <HorizontalResizeImageDef>
      <ControlId></ControlId>
      <Position>
        <X>10</X>
        <Y>4</Y>
      </Position>
      <Alignment>
        <GrowWidth>true</GrowWidth>
      </Alignment>
      <TemplateName>hresizeimage_listbox_row_bg</TemplateName>
      <Width>190</Width>
    </HorizontalResizeImageDef>

    <LabelDef>
      <ControlId></ControlId>
      <Position>
        <X>12</X>
        <Y>5</Y>
      </Position>
      <Alignment>
      </Alignment>
      <Color>
        <R>255</R>
        <G>192</G>
        <B>0</B>
        <A>255</A>
      </Color>
      <FontName>font_headings</FontName>
      <Width>100</Width>
      <Height>16</Height>
      <ColorAdapter></ColorAdapter>
      <MaxCharacters>6</MaxCharacters>
      <Data>Group</Data>
      <EndAligned>false</EndAligned>
      <TextCentered>false</TextCentered>
      <Adapter></Adapter>
    </LabelDef>

    <!--Invite/Disband Buttons-->

    <ButtonDef>
      <ControlId></ControlId>
      <Position>
        <X>10</X>
        <Y>20</Y>
      </Position>
      <Alignment>
      </Alignment>
      <TemplateName>button_size_62</TemplateName>
      <Label>Invite</Label>
      <onClickEvent>GroupInvite</onClickEvent>
    </ButtonDef>

    <ButtonDef>
      <ControlId></ControlId>
      <Position>
        <X>10</X>
        <Y>38</Y>
      </Position>
      <Alignment>
      </Alignment>
      <TemplateName>button_size_62</TemplateName>
      <Label>Disband</Label>
      <onClickEvent>GroupDisband</onClickEvent>
    </ButtonDef>

    <!-- SetLFG/ShowLFG Buttons-->

    <ButtonDef>
      <ControlId>1004</ControlId>
      <Position>
        <X>74</X>
        <Y>20</Y>
      </Position>
      <Alignment>
      </Alignment>
      <TemplateName>button_size_62</TemplateName>
      <Label>Set LFG</Label>
      <onClickEvent>GroupFind</onClickEvent>
    </ButtonDef>

    <ButtonDef>
      <ControlId>1003</ControlId>
      <Position>
        <X>74</X>
        <Y>38</Y>
      </Position>
      <Alignment>
      </Alignment>
      <TemplateName>button_size_62</TemplateName>
      <Label>Show LFG</Label>
      <onClickEvent>GroupFind</onClickEvent>
    </ButtonDef>

    <!--MiniGroup/ShowAllBuffs Buttons-->

    <ButtonDef>
      <ControlId></ControlId>
      <Position>
        <X>138</X>
        <Y>20</Y>
      </Position>
      <Alignment>
      </Alignment>
      <TemplateName>button_size_62</TemplateName>
      <Label>All Buffs</Label>
      <onClickEvent>ToggleGroupBuffs</onClickEvent>
    </ButtonDef>

    <ButtonDef>
      <ControlId>1002</ControlId>
      <Position>
        <X>138</X>
        <Y>38</Y>
      </Position>
      <Alignment>
      </Alignment>
      <TemplateName>button_size_62</TemplateName>
      <Label>Mini Grp</Label>
      <onClickEvent>ToggleMiniGroup</onClickEvent>
    </ButtonDef>

    <!-- Background Image for each group member -->

    <StatusIconDef>
      <ControlId></ControlId>
      <Position>
        <X>0</X>
        <Y>59</Y>
      </Position>
      <Alignment>
      </Alignment>
      <TemplateName>statusicon_stats_group_first</TemplateName>
      <AdapterName>group_health0</AdapterName>
    </StatusIconDef>

    <StatusIconDef>
      <ControlId></ControlId>
      <Position>
        <X>0</X>
        <Y>89</Y>
      </Position>
      <Alignment>
      </Alignment>
      <TemplateName>statusicon_stats_group_last</TemplateName>
      <AdapterName>group_health1</AdapterName>
    </StatusIconDef>

    <StatusIconDef>
      <ControlId></ControlId>
      <Position>
        <X>0</X>
        <Y>133</Y>
      </Position>
      <Alignment>
      </Alignment>
      <TemplateName>statusicon_stats_group_last</TemplateName>
      <AdapterName>group_health2</AdapterName>
    </StatusIconDef>

    <StatusIconDef>
      <ControlId></ControlId>
      <Position>
        <X>0</X>
        <Y>177</Y>
      </Position>
      <Alignment>
      </Alignment>
      <TemplateName>statusicon_stats_group_last</TemplateName>
      <AdapterName>group_health3</AdapterName>
    </StatusIconDef>

    <StatusIconDef>
      <ControlId></ControlId>
      <Position>
        <X>0</X>
        <Y>221</Y>
      </Position>
      <Alignment>
      </Alignment>
      <TemplateName>statusicon_stats_group_last</TemplateName>
      <AdapterName>group_health4</AdapterName>
    </StatusIconDef>

    <StatusIconDef>
      <ControlId></ControlId>
      <Position>
        <X>0</X>
        <Y>265</Y>
      </Position>
      <Alignment>
      </Alignment>
      <TemplateName>statusicon_stats_group_last</TemplateName>
      <AdapterName>group_health5</AdapterName>
    </StatusIconDef>

    <StatusIconDef>
      <ControlId></ControlId>
      <Position>
        <X>0</X>
        <Y>309</Y>
      </Position>
      <Alignment>
      </Alignment>
      <TemplateName>statusicon_stats_group_last</TemplateName>
      <AdapterName>group_health6</AdapterName>
    </StatusIconDef>

    <StatusIconDef>
      <ControlId></ControlId>
      <Position>
        <X>0</X>
        <Y>353</Y>
      </Position>
      <Alignment>
      </Alignment>
      <TemplateName>statusicon_stats_group_last</TemplateName>
      <AdapterName>group_health7</AdapterName>
    </StatusIconDef>

    <!--Group Member 0-->

    <LabelDef>
      <ControlId></ControlId>
      <Position>
        <X>17</X>
        <Y>64</Y>
      </Position>
      <Alignment>
      </Alignment>
      <Color>
        <R>200</R>
        <G>200</G>
        <B>200</B>
        <A>255</A>
      </Color>
      <FontName>font_headings</FontName>
      <Width>150</Width>
      <Height>16</Height>
      <ColorAdapter>group_color0</ColorAdapter>
      <MaxCharacters>32</MaxCharacters>
      <Data></Data>
      <EndAligned>false</EndAligned>
      <TextCentered>false</TextCentered>
      <Adapter>group_name0</Adapter>
    </LabelDef>

    <LabelDef>
      <ControlId></ControlId>
      <Position>
        <X>20</X>
        <Y>75</Y>
      </Position>
      <Alignment>
      </Alignment>
      <Color>
        <R>255</R>
        <G>255</G>
        <B>255</B>
        <A>255</A>
      </Color>
      <FontName>font_headings_small</FontName>
      <Width>150</Width>
      <Height>16</Height>
      <ColorAdapter>group_color0</ColorAdapter>
      <MaxCharacters>32</MaxCharacters>
      <Data></Data>
      <EndAligned>false</EndAligned>
      <TextCentered>false</TextCentered>
      <Adapter>group_class0</Adapter>
    </LabelDef>

    <ScalarLabelDef>
      <ControlId></ControlId>
      <Position>
        <X>180</X>
        <Y>75</Y>
      </Position>
      <Alignment>
      </Alignment>
      <FontName>font_buttons_small</FontName>
      <Adapter>group_level0</Adapter>
      <ColorAdapter>group_color0</ColorAdapter>
      <Width>15</Width>
      <Height>16</Height>
      <MaxCharacters>3</MaxCharacters>
      <Color>
        <R>255</R>
        <G>255</G>
        <B>255</B>
        <A>255</A>
      </Color>
      <Data></Data>
      <EndAligned>false</EndAligned>
      <TextCentered>false</TextCentered>
      <DontDrawWhenZero>true</DontDrawWhenZero>
    </ScalarLabelDef>

    <StatusBarDef>
      <ControlId></ControlId>
      <Position>
        <X>17</X>
        <Y>88</Y>
      </Position>
      <Alignment>
      </Alignment>
      <TemplateName>statusbar_red</TemplateName>
      <AdapterName>group_health0</AdapterName>
      <Width>72</Width>
    </StatusBarDef>

    <StatusBarDef>
      <ControlId></ControlId>
      <Position>
        <X>17</X>
        <Y>95</Y>
      </Position>
      <Alignment>
      </Alignment>
      <TemplateName>statusbar_green_small</TemplateName>
      <AdapterName>group_endurance0</AdapterName>
      <Width>72</Width>
    </StatusBarDef>

    <StatusBarDef>
      <ControlId></ControlId>
      <Position>
        <X>17</X>
        <Y>99</Y>
      </Position>
      <Alignment>
      </Alignment>
      <TemplateName>statusbar_yellow_small</TemplateName>
      <AdapterName>group_power0</AdapterName>
      <Width>72</Width>
    </StatusBarDef>

    <IconDef>
      <ControlId></ControlId>
      <Position>
        <X>92</X>
        <Y>87</Y>
      </Position>
      <Alignment>
      </Alignment>
      <TemplateName>icon_generic_small</TemplateName>
      <AdapterName>group_0icon0</AdapterName>
      <IconId>-1</IconId>
      <Data></Data>
    </IconDef>

    <IconDef>
      <ControlId></ControlId>
      <Position>
        <X>109</X>
        <Y>87</Y>
      </Position>
      <Alignment>
      </Alignment>
      <TemplateName>icon_generic_small</TemplateName>
      <AdapterName>group_0icon1</AdapterName>
      <IconId>-1</IconId>
      <Data></Data>
    </IconDef>

    <IconDef>
      <ControlId></ControlId>
      <Position>
        <X>126</X>
        <Y>87</Y>
      </Position>
      <Alignment>
      </Alignment>
      <TemplateName>icon_generic_small</TemplateName>
      <AdapterName>group_0icon2</AdapterName>
      <IconId>-1</IconId>
      <Data></Data>
    </IconDef>

    <IconDef>
      <ControlId></ControlId>
      <Position>
        <X>143</X>
        <Y>87</Y>
      </Position>
      <Alignment>
      </Alignment>
      <TemplateName>icon_generic_small</TemplateName>
      <AdapterName>group_0icon3</AdapterName>
      <IconId>-1</IconId>
      <Data></Data>
    </IconDef>

    <IconDef>
      <ControlId></ControlId>
      <Position>
        <X>160</X>
        <Y>87</Y>
      </Position>
      <Alignment>
      </Alignment>
      <TemplateName>icon_generic_small</TemplateName>
      <AdapterName>group_0icon4</AdapterName>
      <IconId>-1</IconId>
      <Data></Data>
    </IconDef>

    <IconDef>
      <ControlId></ControlId>
      <Position>
        <X>177</X>
        <Y>87</Y>
      </Position>
      <Alignment>
      </Alignment>
      <TemplateName>icon_generic_small</TemplateName>
      <AdapterName>group_0icon5</AdapterName>
      <IconId>-1</IconId>
      <Data></Data>
    </IconDef>

    <InvisibleButtonDef>
      <ControlId></ControlId>
      <Position>
        <X>15</X>
        <Y>67</Y>
      </Position>
      <Alignment>
      </Alignment>
      <Label></Label>
      <OnClickEvent>SelectGroupMember0</OnClickEvent>
      <Width>90</Width>
      <Height>35</Height>
    </InvisibleButtonDef>

    <!--Group Member 1-->

    <LabelDef>
      <ControlId></ControlId>
      <Position>
        <X>17</X>
        <Y>108</Y>
      </Position>
      <Alignment>
      </Alignment>
      <Color>
        <R>200</R>
        <G>200</G>
        <B>200</B>
        <A>200</A>
      </Color>
      <FontName>font_headings</FontName>
      <Width>150</Width>
      <Height>16</Height>
      <ColorAdapter>group_color1</ColorAdapter>
      <MaxCharacters>32</MaxCharacters>
      <Data></Data>
      <EndAligned>false</EndAligned>
      <TextCentered>false</TextCentered>
      <Adapter>group_name1</Adapter>
    </LabelDef>

    <LabelDef>
      <ControlId></ControlId>
      <Position>
        <X>20</X>
        <Y>119</Y>
      </Position>
      <Alignment>
      </Alignment>
      <Color>
        <R>255</R>
        <G>255</G>
        <B>255</B>
        <A>255</A>
      </Color>
      <FontName>font_headings_small</FontName>
      <Width>150</Width>
      <Height>16</Height>
      <ColorAdapter>group_color1</ColorAdapter>
      <MaxCharacters>32</MaxCharacters>
      <Data></Data>
      <EndAligned>false</EndAligned>
      <TextCentered>false</TextCentered>
      <Adapter>group_class1</Adapter>
    </LabelDef>

    <ScalarLabelDef>
      <ControlId></ControlId>
      <Position>
        <X>180</X>
        <Y>119</Y>
      </Position>
      <Alignment>
      </Alignment>
      <FontName>font_buttons_small</FontName>
      <Adapter>group_level1</Adapter>
      <ColorAdapter>group_color1</ColorAdapter>
      <Width>15</Width>
      <Height>16</Height>
      <MaxCharacters>3</MaxCharacters>
      <Color>
        <R>255</R>
        <G>255</G>
        <B>255</B>
        <A>255</A>
      </Color>
      <Data></Data>
      <EndAligned>false</EndAligned>
      <TextCentered>false</TextCentered>
      <DontDrawWhenZero>true</DontDrawWhenZero>
    </ScalarLabelDef>

    <StatusBarDef>
      <ControlId></ControlId>
      <Position>
        <X>17</X>
        <Y>132</Y>
      </Position>
      <Alignment>
      </Alignment>
      <TemplateName>statusbar_red</TemplateName>
      <AdapterName>group_health1</AdapterName>
      <Width>72</Width>
    </StatusBarDef>

    <StatusBarDef>
      <ControlId></ControlId>
      <Position>
        <X>17</X>
        <Y>139</Y>
      </Position>
      <Alignment>
      </Alignment>
      <TemplateName>statusbar_green_small</TemplateName>
      <AdapterName>group_endurance1</AdapterName>
      <Width>72</Width>
    </StatusBarDef>

    <StatusBarDef>
      <ControlId></ControlId>
      <Position>
        <X>17</X>
        <Y>143</Y>
      </Position>
      <Alignment>
      </Alignment>
      <TemplateName>statusbar_yellow_small</TemplateName>
      <AdapterName>group_power1</AdapterName>
      <Width>72</Width>
    </StatusBarDef>

    <IconDef>
      <ControlId></ControlId>
      <Position>
        <X>92</X>
        <Y>131</Y>
      </Position>
      <Alignment>
      </Alignment>
      <TemplateName>icon_generic_small</TemplateName>
      <AdapterName>group_1icon0</AdapterName>
      <IconId>-1</IconId>
      <Data></Data>
    </IconDef>

    <IconDef>
      <ControlId></ControlId>
      <Position>
        <X>109</X>
        <Y>131</Y>
      </Position>
      <Alignment>
      </Alignment>
      <TemplateName>icon_generic_small</TemplateName>
      <AdapterName>group_1icon1</AdapterName>
      <IconId>-1</IconId>
      <Data></Data>
    </IconDef>

    <IconDef>
      <ControlId></ControlId>
      <Position>
        <X>126</X>
        <Y>131</Y>
      </Position>
      <Alignment>
      </Alignment>
      <TemplateName>icon_generic_small</TemplateName>
      <AdapterName>group_1icon2</AdapterName>
      <IconId>-1</IconId>
      <Data></Data>
    </IconDef>

    <IconDef>
      <ControlId></ControlId>
      <Position>
        <X>143</X>
        <Y>131</Y>
      </Position>
      <Alignment>
      </Alignment>
      <TemplateName>icon_generic_small</TemplateName>
      <AdapterName>group_1icon3</AdapterName>
      <IconId>-1</IconId>
      <Data></Data>
    </IconDef>

    <IconDef>
      <ControlId></ControlId>
      <Position>
        <X>160</X>
        <Y>131</Y>
      </Position>
      <Alignment>
      </Alignment>
      <TemplateName>icon_generic_small</TemplateName>
      <AdapterName>group_1icon4</AdapterName>
      <IconId>-1</IconId>
      <Data></Data>
    </IconDef>

    <IconDef>
      <ControlId></ControlId>
      <Position>
        <X>177</X>
        <Y>131</Y>
      </Position>
      <Alignment>
      </Alignment>
      <TemplateName>icon_generic_small</TemplateName>
      <AdapterName>group_1icon5</AdapterName>
      <IconId>-1</IconId>
      <Data></Data>
    </IconDef>

    <InvisibleButtonDef>
      <ControlId></ControlId>
      <Position>
        <X>15</X>
        <Y>111</Y>
      </Position>
      <Alignment>
      </Alignment>
      <Label></Label>
      <OnClickEvent>SelectGroupMember1</OnClickEvent>
      <Width>90</Width>
      <Height>35</Height>
    </InvisibleButtonDef>

    <!--Group Member 2-->

    <LabelDef>
      <ControlId></ControlId>
      <Position>
        <X>17</X>
        <Y>152</Y>
      </Position>
      <Alignment>
      </Alignment>
      <Color>
        <R>200</R>
        <G>200</G>
        <B>200</B>
        <A>200</A>
      </Color>
      <FontName>font_headings</FontName>
      <Width>150</Width>
      <Height>16</Height>
      <ColorAdapter>group_color2</ColorAdapter>
      <MaxCharacters>32</MaxCharacters>
      <Data></Data>
      <EndAligned>false</EndAligned>
      <TextCentered>false</TextCentered>
      <Adapter>group_name2</Adapter>
    </LabelDef>

    <LabelDef>
      <ControlId></ControlId>
      <Position>
        <X>20</X>
        <Y>163</Y>
      </Position>
      <Alignment>
      </Alignment>
      <Color>
        <R>255</R>
        <G>255</G>
        <B>255</B>
        <A>255</A>
      </Color>
      <FontName>font_headings_small</FontName>
      <Width>150</Width>
      <Height>16</Height>
      <ColorAdapter>group_color2</ColorAdapter>
      <MaxCharacters>32</MaxCharacters>
      <Data></Data>
      <EndAligned>false</EndAligned>
      <TextCentered>false</TextCentered>
      <Adapter>group_class2</Adapter>
    </LabelDef>

    <ScalarLabelDef>
      <ControlId></ControlId>
      <Position>
        <X>180</X>
        <Y>163</Y>
      </Position>
      <Alignment>
      </Alignment>
      <FontName>font_buttons_small</FontName>
      <Adapter>group_level2</Adapter>
      <ColorAdapter>group_color2</ColorAdapter>
      <Width>15</Width>
      <Height>16</Height>
      <MaxCharacters>3</MaxCharacters>
      <Color>
        <R>255</R>
        <G>255</G>
        <B>255</B>
        <A>255</A>
      </Color>
      <Data></Data>
      <EndAligned>false</EndAligned>
      <TextCentered>false</TextCentered>
      <DontDrawWhenZero>true</DontDrawWhenZero>
    </ScalarLabelDef>

    <StatusBarDef>
      <ControlId></ControlId>
      <Position>
        <X>17</X>
        <Y>176</Y>
      </Position>
      <Alignment>
      </Alignment>
      <TemplateName>statusbar_red</TemplateName>
      <AdapterName>group_health2</AdapterName>
      <Width>72</Width>
    </StatusBarDef>

    <StatusBarDef>
      <ControlId></ControlId>
      <Position>
        <X>17</X>
        <Y>183</Y>
      </Position>
      <Alignment>
      </Alignment>
      <TemplateName>statusbar_green_small</TemplateName>
      <AdapterName>group_endurance2</AdapterName>
      <Width>72</Width>
    </StatusBarDef>

    <StatusBarDef>
      <ControlId></ControlId>
      <Position>
        <X>17</X>
        <Y>187</Y>
      </Position>
      <Alignment>
      </Alignment>
      <TemplateName>statusbar_yellow_small</TemplateName>
      <AdapterName>group_power2</AdapterName>
      <Width>72</Width>
    </StatusBarDef>

    <IconDef>
      <ControlId></ControlId>
      <Position>
        <X>92</X>
        <Y>175</Y>
      </Position>
      <Alignment>
      </Alignment>
      <TemplateName>icon_generic_small</TemplateName>
      <AdapterName>group_2icon0</AdapterName>
      <IconId>-1</IconId>
      <Data></Data>
    </IconDef>

    <IconDef>
      <ControlId></ControlId>
      <Position>
        <X>109</X>
        <Y>175</Y>
      </Position>
      <Alignment>
      </Alignment>
      <TemplateName>icon_generic_small</TemplateName>
      <AdapterName>group_2icon1</AdapterName>
      <IconId>-1</IconId>
      <Data></Data>
    </IconDef>

    <IconDef>
      <ControlId></ControlId>
      <Position>
        <X>126</X>
        <Y>175</Y>
      </Position>
      <Alignment>
      </Alignment>
      <TemplateName>icon_generic_small</TemplateName>
      <AdapterName>group_2icon2</AdapterName>
      <IconId>-1</IconId>
      <Data></Data>
    </IconDef>

    <IconDef>
      <ControlId></ControlId>
      <Position>
        <X>143</X>
        <Y>175</Y>
      </Position>
      <Alignment>
      </Alignment>
      <TemplateName>icon_generic_small</TemplateName>
      <AdapterName>group_2icon3</AdapterName>
      <IconId>-1</IconId>
      <Data></Data>
    </IconDef>

    <IconDef>
      <ControlId></ControlId>
      <Position>
        <X>160</X>
        <Y>175</Y>
      </Position>
      <Alignment>
      </Alignment>
      <TemplateName>icon_generic_small</TemplateName>
      <AdapterName>group_2icon4</AdapterName>
      <IconId>-1</IconId>
      <Data></Data>
    </IconDef>

    <IconDef>
      <ControlId></ControlId>
      <Position>
        <X>177</X>
        <Y>175</Y>
      </Position>
      <Alignment>
      </Alignment>
      <TemplateName>icon_generic_small</TemplateName>
      <AdapterName>group_2icon5</AdapterName>
      <IconId>-1</IconId>
      <Data></Data>
    </IconDef>

    <InvisibleButtonDef>
      <ControlId></ControlId>
      <Position>
        <X>15</X>
        <Y>155</Y>
      </Position>
      <Alignment>
      </Alignment>
      <Label></Label>
      <OnClickEvent>SelectGroupMember2</OnClickEvent>
      <Width>90</Width>
      <Height>35</Height>
    </InvisibleButtonDef>

    <!--Group Member 3-->

    <LabelDef>
      <ControlId></ControlId>
      <Position>
        <X>17</X>
        <Y>196</Y>
      </Position>
      <Alignment>
      </Alignment>
      <Color>
        <R>200</R>
        <G>200</G>
        <B>200</B>
        <A>200</A>
      </Color>
      <FontName>font_headings</FontName>
      <Width>150</Width>
      <Height>16</Height>
      <ColorAdapter>group_color3</ColorAdapter>
      <MaxCharacters>32</MaxCharacters>
      <Data></Data>
      <EndAligned>false</EndAligned>
      <TextCentered>false</TextCentered>
      <Adapter>group_name3</Adapter>
    </LabelDef>

    <LabelDef>
      <ControlId></ControlId>
      <Position>
        <X>20</X>
        <Y>207</Y>
      </Position>
      <Alignment>
      </Alignment>
      <Color>
        <R>255</R>
        <G>255</G>
        <B>255</B>
        <A>255</A>
      </Color>
      <FontName>font_headings_small</FontName>
      <Width>150</Width>
      <Height>16</Height>
      <ColorAdapter>group_color3</ColorAdapter>
      <MaxCharacters>32</MaxCharacters>
      <Data></Data>
      <EndAligned>false</EndAligned>
      <TextCentered>false</TextCentered>
      <Adapter>group_class3</Adapter>
    </LabelDef>

    <ScalarLabelDef>
      <ControlId></ControlId>
      <Position>
        <X>180</X>
        <Y>207</Y>
      </Position>
      <Alignment>
      </Alignment>
      <FontName>font_buttons_small</FontName>
      <Adapter>group_level3</Adapter>
      <ColorAdapter>group_color3</ColorAdapter>
      <Width>15</Width>
      <Height>16</Height>
      <MaxCharacters>3</MaxCharacters>
      <Color>
        <R>255</R>
        <G>255</G>
        <B>255</B>
        <A>255</A>
      </Color>
      <Data></Data>
      <EndAligned>false</EndAligned>
      <TextCentered>false</TextCentered>
      <DontDrawWhenZero>true</DontDrawWhenZero>
    </ScalarLabelDef>

    <StatusBarDef>
      <ControlId></ControlId>
      <Position>
        <X>17</X>
        <Y>220</Y>
      </Position>
      <Alignment>
      </Alignment>
      <TemplateName>statusbar_red</TemplateName>
      <AdapterName>group_health3</AdapterName>
      <Width>72</Width>
    </StatusBarDef>

    <StatusBarDef>
      <ControlId></ControlId>
      <Position>
        <X>17</X>
        <Y>227</Y>
      </Position>
      <Alignment>
      </Alignment>
      <TemplateName>statusbar_green_small</TemplateName>
      <AdapterName>group_endurance3</AdapterName>
      <Width>72</Width>
    </StatusBarDef>

    <StatusBarDef>
      <ControlId></ControlId>
      <Position>
        <X>17</X>
        <Y>231</Y>
      </Position>
      <Alignment>
      </Alignment>
      <TemplateName>statusbar_yellow_small</TemplateName>
      <AdapterName>group_power3</AdapterName>
      <Width>72</Width>
    </StatusBarDef>

    <IconDef>
      <ControlId></ControlId>
      <Position>
        <X>92</X>
        <Y>219</Y>
      </Position>
      <Alignment>
      </Alignment>
      <TemplateName>icon_generic_small</TemplateName>
      <AdapterName>group_3icon0</AdapterName>
      <IconId>-1</IconId>
      <Data></Data>
    </IconDef>

    <IconDef>
      <ControlId></ControlId>
      <Position>
        <X>109</X>
        <Y>219</Y>
      </Position>
      <Alignment>
      </Alignment>
      <TemplateName>icon_generic_small</TemplateName>
      <AdapterName>group_3icon1</AdapterName>
      <IconId>-1</IconId>
      <Data></Data>
    </IconDef>

    <IconDef>
      <ControlId></ControlId>
      <Position>
        <X>126</X>
        <Y>219</Y>
      </Position>
      <Alignment>
      </Alignment>
      <TemplateName>icon_generic_small</TemplateName>
      <AdapterName>group_3icon2</AdapterName>
      <IconId>-1</IconId>
      <Data></Data>
    </IconDef>

    <IconDef>
      <ControlId></ControlId>
      <Position>
        <X>143</X>
        <Y>219</Y>
      </Position>
      <Alignment>
      </Alignment>
      <TemplateName>icon_generic_small</TemplateName>
      <AdapterName>group_3icon3</AdapterName>
      <IconId>-1</IconId>
      <Data></Data>
    </IconDef>

    <IconDef>
      <ControlId></ControlId>
      <Position>
        <X>160</X>
        <Y>219</Y>
      </Position>
      <Alignment>
      </Alignment>
      <TemplateName>icon_generic_small</TemplateName>
      <AdapterName>group_3icon4</AdapterName>
      <IconId>-1</IconId>
      <Data></Data>
    </IconDef>

    <IconDef>
      <ControlId></ControlId>
      <Position>
        <X>177</X>
        <Y>219</Y>
      </Position>
      <Alignment>
      </Alignment>
      <TemplateName>icon_generic_small</TemplateName>
      <AdapterName>group_3icon5</AdapterName>
      <IconId>-1</IconId>
      <Data></Data>
    </IconDef>

    <InvisibleButtonDef>
      <ControlId></ControlId>
      <Position>
        <X>15</X>
        <Y>199</Y>
      </Position>
      <Alignment>
      </Alignment>
      <Label></Label>
      <OnClickEvent>SelectGroupMember3</OnClickEvent>
      <Width>90</Width>
      <Height>35</Height>
    </InvisibleButtonDef>

    <!--Group Member 4-->

    <LabelDef>
      <ControlId></ControlId>
      <Position>
        <X>17</X>
        <Y>240</Y>
      </Position>
      <Alignment>
      </Alignment>
      <Color>
        <R>200</R>
        <G>200</G>
        <B>200</B>
        <A>200</A>
      </Color>
      <FontName>font_headings</FontName>
      <Width>150</Width>
      <Height>16</Height>
      <ColorAdapter>group_color4</ColorAdapter>
      <MaxCharacters>32</MaxCharacters>
      <Data></Data>
      <EndAligned>false</EndAligned>
      <TextCentered>false</TextCentered>
      <Adapter>group_name4</Adapter>
    </LabelDef>

    <LabelDef>
      <ControlId></ControlId>
      <Position>
        <X>20</X>
        <Y>251</Y>
      </Position>
      <Alignment>
      </Alignment>
      <Color>
        <R>255</R>
        <G>255</G>
        <B>255</B>
        <A>255</A>
      </Color>
      <FontName>font_headings_small</FontName>
      <Width>150</Width>
      <Height>16</Height>
      <ColorAdapter>group_color4</ColorAdapter>
      <MaxCharacters>32</MaxCharacters>
      <Data></Data>
      <EndAligned>false</EndAligned>
      <TextCentered>false</TextCentered>
      <Adapter>group_class4</Adapter>
    </LabelDef>

    <ScalarLabelDef>
      <ControlId></ControlId>
      <Position>
        <X>180</X>
        <Y>251</Y>
      </Position>
      <Alignment>
      </Alignment>
      <FontName>font_buttons_small</FontName>
      <Adapter>group_level4</Adapter>
      <ColorAdapter>group_color4</ColorAdapter>
      <Width>15</Width>
      <Height>16</Height>
      <MaxCharacters>3</MaxCharacters>
      <Color>
        <R>255</R>
        <G>255</G>
        <B>255</B>
        <A>255</A>
      </Color>
      <Data></Data>
      <EndAligned>false</EndAligned>
      <TextCentered>false</TextCentered>
      <DontDrawWhenZero>true</DontDrawWhenZero>
    </ScalarLabelDef>

    <StatusBarDef>
      <ControlId></ControlId>
      <Position>
        <X>17</X>
        <Y>264</Y>
      </Position>
      <Alignment>
      </Alignment>
      <TemplateName>statusbar_red</TemplateName>
      <AdapterName>group_health4</AdapterName>
      <Width>72</Width>
    </StatusBarDef>

    <StatusBarDef>
      <ControlId></ControlId>
      <Position>
        <X>17</X>
        <Y>271</Y>
      </Position>
      <Alignment>
      </Alignment>
      <TemplateName>statusbar_green_small</TemplateName>
      <AdapterName>group_endurance4</AdapterName>
      <Width>72</Width>
    </StatusBarDef>

    <StatusBarDef>
      <ControlId></ControlId>
      <Position>
        <X>17</X>
        <Y>275</Y>
      </Position>
      <Alignment>
      </Alignment>
      <TemplateName>statusbar_yellow_small</TemplateName>
      <AdapterName>group_power4</AdapterName>
      <Width>72</Width>
    </StatusBarDef>

    <IconDef>
      <ControlId></ControlId>
      <Position>
        <X>92</X>
        <Y>263</Y>
      </Position>
      <Alignment>
      </Alignment>
      <TemplateName>icon_generic_small</TemplateName>
      <AdapterName>group_4icon0</AdapterName>
      <IconId>-1</IconId>
      <Data></Data>
    </IconDef>

    <IconDef>
      <ControlId></ControlId>
      <Position>
        <X>109</X>
        <Y>263</Y>
      </Position>
      <Alignment>
      </Alignment>
      <TemplateName>icon_generic_small</TemplateName>
      <AdapterName>group_4icon1</AdapterName>
      <IconId>-1</IconId>
      <Data></Data>
    </IconDef>

    <IconDef>
      <ControlId></ControlId>
      <Position>
        <X>126</X>
        <Y>263</Y>
      </Position>
      <Alignment>
      </Alignment>
      <TemplateName>icon_generic_small</TemplateName>
      <AdapterName>group_4icon2</AdapterName>
      <IconId>-1</IconId>
      <Data></Data>
    </IconDef>

    <IconDef>
      <ControlId></ControlId>
      <Position>
        <X>143</X>
        <Y>263</Y>
      </Position>
      <Alignment>
      </Alignment>
      <TemplateName>icon_generic_small</TemplateName>
      <AdapterName>group_4icon3</AdapterName>
      <IconId>-1</IconId>
      <Data></Data>
    </IconDef>

    <IconDef>
      <ControlId></ControlId>
      <Position>
        <X>160</X>
        <Y>263</Y>
      </Position>
      <Alignment>
      </Alignment>
      <TemplateName>icon_generic_small</TemplateName>
      <AdapterName>group_4icon4</AdapterName>
      <IconId>-1</IconId>
      <Data></Data>
    </IconDef>

    <IconDef>
      <ControlId></ControlId>
      <Position>
        <X>177</X>
        <Y>263</Y>
      </Position>
      <Alignment>
      </Alignment>
      <TemplateName>icon_generic_small</TemplateName>
      <AdapterName>group_4icon5</AdapterName>
      <IconId>-1</IconId>
      <Data></Data>
    </IconDef>

    <InvisibleButtonDef>
      <ControlId></ControlId>
      <Position>
        <X>15</X>
        <Y>243</Y>
      </Position>
      <Alignment>
      </Alignment>
      <Label></Label>
      <OnClickEvent>SelectGroupMember4</OnClickEvent>
      <Width>90</Width>
      <Height>35</Height>
    </InvisibleButtonDef>

    <!--Group Member 5-->

    <LabelDef>
      <ControlId></ControlId>
      <Position>
        <X>17</X>
        <Y>284</Y>
      </Position>
      <Alignment>
      </Alignment>
      <Color>
        <R>200</R>
        <G>200</G>
        <B>200</B>
        <A>200</A>
      </Color>
      <FontName>font_headings</FontName>
      <Width>150</Width>
      <Height>16</Height>
      <ColorAdapter>group_color5</ColorAdapter>
      <MaxCharacters>32</MaxCharacters>
      <Data></Data>
      <EndAligned>false</EndAligned>
      <TextCentered>false</TextCentered>
      <Adapter>group_name5</Adapter>
    </LabelDef>

    <LabelDef>
      <ControlId></ControlId>
      <Position>
        <X>20</X>
        <Y>295</Y>
      </Position>
      <Alignment>
      </Alignment>
      <Color>
        <R>255</R>
        <G>255</G>
        <B>255</B>
        <A>255</A>
      </Color>
      <FontName>font_headings_small</FontName>
      <Width>150</Width>
      <Height>16</Height>
      <ColorAdapter>group_color5</ColorAdapter>
      <MaxCharacters>32</MaxCharacters>
      <Data></Data>
      <EndAligned>false</EndAligned>
      <TextCentered>false</TextCentered>
      <Adapter>group_class5</Adapter>
    </LabelDef>

    <ScalarLabelDef>
      <ControlId></ControlId>
      <Position>
        <X>180</X>
        <Y>295</Y>
      </Position>
      <Alignment>
      </Alignment>
      <FontName>font_buttons_small</FontName>
      <Adapter>group_level5</Adapter>
      <ColorAdapter>group_color5</ColorAdapter>
      <Width>15</Width>
      <Height>16</Height>
      <MaxCharacters>3</MaxCharacters>
      <Color>
        <R>255</R>
        <G>255</G>
        <B>255</B>
        <A>255</A>
      </Color>
      <Data></Data>
      <EndAligned>false</EndAligned>
      <TextCentered>false</TextCentered>
      <DontDrawWhenZero>true</DontDrawWhenZero>
    </ScalarLabelDef>

    <StatusBarDef>
      <ControlId></ControlId>
      <Position>
        <X>17</X>
        <Y>308</Y>
      </Position>
      <Alignment>
      </Alignment>
      <TemplateName>statusbar_red</TemplateName>
      <AdapterName>group_health5</AdapterName>
      <Width>72</Width>
    </StatusBarDef>

    <StatusBarDef>
      <ControlId></ControlId>
      <Position>
        <X>17</X>
        <Y>315</Y>
      </Position>
      <Alignment>
      </Alignment>
      <TemplateName>statusbar_green_small</TemplateName>
      <AdapterName>group_endurance5</AdapterName>
      <Width>72</Width>
    </StatusBarDef>

    <StatusBarDef>
      <ControlId></ControlId>
      <Position>
        <X>17</X>
        <Y>319</Y>
      </Position>
      <Alignment>
      </Alignment>
      <TemplateName>statusbar_yellow_small</TemplateName>
      <AdapterName>group_power5</AdapterName>
      <Width>72</Width>
    </StatusBarDef>

    <IconDef>
      <ControlId></ControlId>
      <Position>
        <X>92</X>
        <Y>307</Y>
      </Position>
      <Alignment>
      </Alignment>
      <TemplateName>icon_generic_small</TemplateName>
      <AdapterName>group_5icon0</AdapterName>
      <IconId>-1</IconId>
      <Data></Data>
    </IconDef>

    <IconDef>
      <ControlId></ControlId>
      <Position>
        <X>109</X>
        <Y>307</Y>
      </Position>
      <Alignment>
      </Alignment>
      <TemplateName>icon_generic_small</TemplateName>
      <AdapterName>group_5icon1</AdapterName>
      <IconId>-1</IconId>
      <Data></Data>
    </IconDef>

    <IconDef>
      <ControlId></ControlId>
      <Position>
        <X>126</X>
        <Y>307</Y>
      </Position>
      <Alignment>
      </Alignment>
      <TemplateName>icon_generic_small</TemplateName>
      <AdapterName>group_5icon2</AdapterName>
      <IconId>-1</IconId>
      <Data></Data>
    </IconDef>

    <IconDef>
      <ControlId></ControlId>
      <Position>
        <X>143</X>
        <Y>307</Y>
      </Position>
      <Alignment>
      </Alignment>
      <TemplateName>icon_generic_small</TemplateName>
      <AdapterName>group_5icon3</AdapterName>
      <IconId>-1</IconId>
      <Data></Data>
    </IconDef>

    <IconDef>
      <ControlId></ControlId>
      <Position>
        <X>160</X>
        <Y>307</Y>
      </Position>
      <Alignment>
      </Alignment>
      <TemplateName>icon_generic_small</TemplateName>
      <AdapterName>group_5icon4</AdapterName>
      <IconId>-1</IconId>
      <Data></Data>
    </IconDef>

    <IconDef>
      <ControlId></ControlId>
      <Position>
        <X>177</X>
        <Y>307</Y>
      </Position>
      <Alignment>
      </Alignment>
      <TemplateName>icon_generic_small</TemplateName>
      <AdapterName>group_5icon5</AdapterName>
      <IconId>-1</IconId>
      <Data></Data>
    </IconDef>

    <InvisibleButtonDef>
      <ControlId></ControlId>
      <Position>
        <X>15</X>
        <Y>287</Y>
      </Position>
      <Alignment>
      </Alignment>
      <Label></Label>
      <OnClickEvent>SelectGroupMember5</OnClickEvent>
      <Width>90</Width>
      <Height>35</Height>
    </InvisibleButtonDef>

    <!--Group Member 6-->

    <LabelDef>
      <ControlId></ControlId>
      <Position>
        <X>17</X>
        <Y>328</Y>
      </Position>
      <Alignment>
      </Alignment>
      <Color>
        <R>200</R>
        <G>200</G>
        <B>200</B>
        <A>200</A>
      </Color>
      <FontName>font_headings</FontName>
      <Width>150</Width>
      <Height>16</Height>
      <ColorAdapter>group_color6</ColorAdapter>
      <MaxCharacters>32</MaxCharacters>
      <Data></Data>
      <EndAligned>false</EndAligned>
      <TextCentered>false</TextCentered>
      <Adapter>group_name6</Adapter>
    </LabelDef>

    <LabelDef>
      <ControlId></ControlId>
      <Position>
        <X>20</X>
        <Y>339</Y>
      </Position>
      <Alignment>
      </Alignment>
      <Color>
        <R>255</R>
        <G>255</G>
        <B>255</B>
        <A>255</A>
      </Color>
      <FontName>font_headings_small</FontName>
      <Width>150</Width>
      <Height>16</Height>
      <ColorAdapter>group_color6</ColorAdapter>
      <MaxCharacters>32</MaxCharacters>
      <Data></Data>
      <EndAligned>false</EndAligned>
      <TextCentered>false</TextCentered>
      <Adapter>group_class6</Adapter>
    </LabelDef>

    <ScalarLabelDef>
      <ControlId></ControlId>
      <Position>
        <X>180</X>
        <Y>339</Y>
      </Position>
      <Alignment>
      </Alignment>
      <FontName>font_buttons_small</FontName>
      <Adapter>group_level6</Adapter>
      <ColorAdapter>group_color6</ColorAdapter>
      <Width>15</Width>
      <Height>16</Height>
      <MaxCharacters>3</MaxCharacters>
      <Color>
        <R>255</R>
        <G>255</G>
        <B>255</B>
        <A>255</A>
      </Color>
      <Data></Data>
      <EndAligned>false</EndAligned>
      <TextCentered>false</TextCentered>
      <DontDrawWhenZero>true</DontDrawWhenZero>
    </ScalarLabelDef>

    <StatusBarDef>
      <ControlId></ControlId>
      <Position>
        <X>17</X>
        <Y>352</Y>
      </Position>
      <Alignment>
      </Alignment>
      <TemplateName>statusbar_red</TemplateName>
      <AdapterName>group_health6</AdapterName>
      <Width>72</Width>
    </StatusBarDef>

    <StatusBarDef>
      <ControlId></ControlId>
      <Position>
        <X>17</X>
        <Y>359</Y>
      </Position>
      <Alignment>
      </Alignment>
      <TemplateName>statusbar_green_small</TemplateName>
      <AdapterName>group_endurance6</AdapterName>
      <Width>72</Width>
    </StatusBarDef>

    <StatusBarDef>
      <ControlId></ControlId>
      <Position>
        <X>17</X>
        <Y>363</Y>
      </Position>
      <Alignment>
      </Alignment>
      <TemplateName>statusbar_yellow_small</TemplateName>
      <AdapterName>group_power6</AdapterName>
      <Width>72</Width>
    </StatusBarDef>

    <IconDef>
      <ControlId></ControlId>
      <Position>
        <X>92</X>
        <Y>351</Y>
      </Position>
      <Alignment>
      </Alignment>
      <TemplateName>icon_generic_small</TemplateName>
      <AdapterName>group_6icon0</AdapterName>
      <IconId>-1</IconId>
      <Data></Data>
    </IconDef>

    <IconDef>
      <ControlId></ControlId>
      <Position>
        <X>109</X>
        <Y>351</Y>
      </Position>
      <Alignment>
      </Alignment>
      <TemplateName>icon_generic_small</TemplateName>
      <AdapterName>group_6icon1</AdapterName>
      <IconId>-1</IconId>
      <Data></Data>
    </IconDef>

    <IconDef>
      <ControlId></ControlId>
      <Position>
        <X>126</X>
        <Y>351</Y>
      </Position>
      <Alignment>
      </Alignment>
      <TemplateName>icon_generic_small</TemplateName>
      <AdapterName>group_6icon2</AdapterName>
      <IconId>-1</IconId>
      <Data></Data>
    </IconDef>

    <IconDef>
      <ControlId></ControlId>
      <Position>
        <X>143</X>
        <Y>351</Y>
      </Position>
      <Alignment>
      </Alignment>
      <TemplateName>icon_generic_small</TemplateName>
      <AdapterName>group_6icon3</AdapterName>
      <IconId>-1</IconId>
      <Data></Data>
    </IconDef>

    <IconDef>
      <ControlId></ControlId>
      <Position>
        <X>160</X>
        <Y>351</Y>
      </Position>
      <Alignment>
      </Alignment>
      <TemplateName>icon_generic_small</TemplateName>
      <AdapterName>group_6icon4</AdapterName>
      <IconId>-1</IconId>
      <Data></Data>
    </IconDef>

    <IconDef>
      <ControlId></ControlId>
      <Position>
        <X>177</X>
        <Y>351</Y>
      </Position>
      <Alignment>
      </Alignment>
      <TemplateName>icon_generic_small</TemplateName>
      <AdapterName>group_6icon5</AdapterName>
      <IconId>-1</IconId>
      <Data></Data>
    </IconDef>

    <InvisibleButtonDef>
      <ControlId></ControlId>
      <Position>
        <X>15</X>
        <Y>331</Y>
      </Position>
      <Alignment>
      </Alignment>
      <Label></Label>
      <OnClickEvent>SelectGroupMember6</OnClickEvent>
      <Width>90</Width>
      <Height>35</Height>
    </InvisibleButtonDef>

    <!--Group Member 7-->

    <LabelDef>
      <ControlId></ControlId>
      <Position>
        <X>17</X>
        <Y>372</Y>
      </Position>
      <Alignment>
      </Alignment>
      <Color>
        <R>200</R>
        <G>200</G>
        <B>200</B>
        <A>200</A>
      </Color>
      <FontName>font_headings</FontName>
      <Width>150</Width>
      <Height>16</Height>
      <ColorAdapter>group_color7</ColorAdapter>
      <MaxCharacters>32</MaxCharacters>
      <Data></Data>
      <EndAligned>false</EndAligned>
      <TextCentered>false</TextCentered>
      <Adapter>group_name7</Adapter>
    </LabelDef>

    <LabelDef>
      <ControlId></ControlId>
      <Position>
        <X>20</X>
        <Y>383</Y>
      </Position>
      <Alignment>
      </Alignment>
      <Color>
        <R>255</R>
        <G>255</G>
        <B>255</B>
        <A>255</A>
      </Color>
      <FontName>font_headings_small</FontName>
      <Width>150</Width>
      <Height>16</Height>
      <ColorAdapter>group_color7</ColorAdapter>
      <MaxCharacters>32</MaxCharacters>
      <Data></Data>
      <EndAligned>false</EndAligned>
      <TextCentered>false</TextCentered>
      <Adapter>group_class7</Adapter>
    </LabelDef>

    <ScalarLabelDef>
      <ControlId></ControlId>
      <Position>
        <X>180</X>
        <Y>383</Y>
      </Position>
      <Alignment>
      </Alignment>
      <FontName>font_buttons_small</FontName>
      <Adapter>group_level7</Adapter>
      <ColorAdapter>group_color7</ColorAdapter>
      <Width>15</Width>
      <Height>16</Height>
      <MaxCharacters>3</MaxCharacters>
      <Color>
        <R>255</R>
        <G>255</G>
        <B>255</B>
        <A>255</A>
      </Color>
      <Data></Data>
      <EndAligned>false</EndAligned>
      <TextCentered>false</TextCentered>
      <DontDrawWhenZero>true</DontDrawWhenZero>
    </ScalarLabelDef>

    <StatusBarDef>
      <ControlId></ControlId>
      <Position>
        <X>17</X>
        <Y>396</Y>
      </Position>
      <Alignment>
      </Alignment>
      <TemplateName>statusbar_red</TemplateName>
      <AdapterName>group_health7</AdapterName>
      <Width>72</Width>
    </StatusBarDef>

    <StatusBarDef>
      <ControlId></ControlId>
      <Position>
        <X>17</X>
        <Y>403</Y>
      </Position>
      <Alignment>
      </Alignment>
      <TemplateName>statusbar_green_small</TemplateName>
      <AdapterName>group_endurance7</AdapterName>
      <Width>72</Width>
    </StatusBarDef>

    <StatusBarDef>
      <ControlId></ControlId>
      <Position>
        <X>17</X>
        <Y>407</Y>
      </Position>
      <Alignment>
      </Alignment>
      <TemplateName>statusbar_yellow_small</TemplateName>
      <AdapterName>group_power7</AdapterName>
      <Width>72</Width>
    </StatusBarDef>

    <IconDef>
      <ControlId></ControlId>
      <Position>
        <X>92</X>
        <Y>395</Y>
      </Position>
      <Alignment>
      </Alignment>
      <TemplateName>icon_generic_small</TemplateName>
      <AdapterName>group_7icon0</AdapterName>
      <IconId>-1</IconId>
      <Data></Data>
    </IconDef>

    <IconDef>
      <ControlId></ControlId>
      <Position>
        <X>109</X>
        <Y>395</Y>
      </Position>
      <Alignment>
      </Alignment>
      <TemplateName>icon_generic_small</TemplateName>
      <AdapterName>group_7icon1</AdapterName>
      <IconId>-1</IconId>
      <Data></Data>
    </IconDef>

    <IconDef>
      <ControlId></ControlId>
      <Position>
        <X>126</X>
        <Y>395</Y>
      </Position>
      <Alignment>
      </Alignment>
      <TemplateName>icon_generic_small</TemplateName>
      <AdapterName>group_7icon2</AdapterName>
      <IconId>-1</IconId>
      <Data></Data>
    </IconDef>

    <IconDef>
      <ControlId></ControlId>
      <Position>
        <X>143</X>
        <Y>395</Y>
      </Position>
      <Alignment>
      </Alignment>
      <TemplateName>icon_generic_small</TemplateName>
      <AdapterName>group_7icon3</AdapterName>
      <IconId>-1</IconId>
      <Data></Data>
    </IconDef>

    <IconDef>
      <ControlId></ControlId>
      <Position>
        <X>160</X>
        <Y>395</Y>
      </Position>
      <Alignment>
      </Alignment>
      <TemplateName>icon_generic_small</TemplateName>
      <AdapterName>group_7icon4</AdapterName>
      <IconId>-1</IconId>
      <Data></Data>
    </IconDef>

    <IconDef>
      <ControlId></ControlId>
      <Position>
        <X>177</X>
        <Y>395</Y>
      </Position>
      <Alignment>
      </Alignment>
      <TemplateName>icon_generic_small</TemplateName>
      <AdapterName>group_7icon5</AdapterName>
      <IconId>-1</IconId>
      <Data></Data>
    </IconDef>

    <InvisibleButtonDef>
      <ControlId></ControlId>
      <Position>
        <X>15</X>
        <Y>375</Y>
      </Position>
      <Alignment>
      </Alignment>
      <Label></Label>
      <OnClickEvent>SelectGroupMember7</OnClickEvent>
      <Width>90</Width>
      <Height>35</Height>
    </InvisibleButtonDef>

    <!-- Face Button-->

    <InvisibleButtonDef>
      <ControlId></ControlId>
      <Position>
        <X>12</X>
        <Y>65</Y>
      </Position>
      <Alignment>
        <OffsetRight>true</OffsetRight>
      </Alignment>
      <Label></Label>
      <OnClickEvent>Face</OnClickEvent>
      <Width>85</Width>
      <Height>345</Height>
    </InvisibleButtonDef>

    <!--Follow, Stick, Face Buttons-->

    <ButtonDef>
      <ControlId></ControlId>
      <Position>
        <X>10</X>
        <Y>10</Y>
      </Position>
      <Alignment>
        <OffsetBottom>true</OffsetBottom>
      </Alignment>
      <TemplateName>button_size_62</TemplateName>
      <Label>Follow</Label>
      <onClickEvent>follow</onClickEvent>
    </ButtonDef>

    <ButtonDef>
      <ControlId></ControlId>
      <Position>
        <X>74</X>
        <Y>10</Y>
      </Position>
      <Alignment>
        <OffsetBottom>true</OffsetBottom>
      </Alignment>
      <TemplateName>button_size_62</TemplateName>
      <Label>Stick</Label>
      <onClickEvent>stick</onClickEvent>
    </ButtonDef>

    <ButtonDef>
      <ControlId></ControlId>
      <Position>
        <X>10</X>
        <Y>10</Y>
      </Position>
      <Alignment>
        <OffsetBottom>true</OffsetBottom>
        <OffsetRight>true</OffsetRight>
      </Alignment>
      <TemplateName>button_size_62</TemplateName>
      <Label>Face</Label>
      <onClickEvent>face</onClickEvent>
    </ButtonDef>

  </WindowTemplate>

</Root_Element>
