<?xml version="1.0" encoding="ISO-8859-1"?>
<Root_Element ID="DAOCUi">

<!-- @@ Edited with the DAoC User Interface Editor v1.80 -->
<!-- @@ Free download available at http://www.bradtownsend.com/daoced -->

  <!-- Define StatusIndex Background Template -->

  <ImageAreaTemplate>
    <Name>ImageArea_StatusIndex_BG</Name>
    <TextureName>dialogimages_02</TextureName>
    <Size>
      <X>210</X>
      <Y>32</Y>
    </Size>
    <TopLeft>
      <X>1</X>
      <Y>1</Y>
    </TopLeft>
  </ImageAreaTemplate>

</Root_Element>
