<?xml version="1.0" encoding="ISO-8859-1"?>
<Root_Element ID="DAOCUi">

<!-- @@ Edited with the DAoC User Interface Editor v1.79 -->
<!-- @@ Free download available at http://www.bradtownsend.com/daoced -->

  <WindowTemplate>
    <Name>stats_attributes</Name>
    <WindowId>Stats Attributes</WindowId>
    <CloseButton>false</CloseButton>
    <MoveButton>false</MoveButton>
    <TopRightResizeButton>false</TopRightResizeButton>
    <BottomRightResizeButton>false</BottomRightResizeButton>
    <BottomLeftResizeButton>false</BottomLeftResizeButton>
    <ResizeButtonOffsetX>0</ResizeButtonOffsetX>
    <ResizeButtonOffsetY>0</ResizeButtonOffsetY>
    <TitleWidth>0</TitleWidth>
    <TitleHeight>0</TitleHeight>
    <Width>210</Width>
    <Height>423</Height>
    <ResizeableWidth>0</ResizeableWidth>
    <ResizeableHeight>10</ResizeableHeight>
    <ResizeableTwoWayWidth>0</ResizeableTwoWayWidth>
    <ResizeableTwoWayHeight>0</ResizeableTwoWayHeight>
    <MinWidth>210</MinWidth>
    <MinHeight>423</MinHeight>

    <!--Background Image-->

    <FullResizeImageDef>
      <ControlId>BackgroundImage</ControlId>
      <Position>
        <X>0</X>
        <Y>0</Y>
      </Position>
      <Alignment>
        <GrowWidth>false</GrowWidth>
        <GrowHeight>true</GrowHeight>
      </Alignment>
      <TemplateName>fresizeimage_dlg_bg</TemplateName>
      <Width>210</Width>
      <Height>423</Height>
    </FullResizeImageDef>

    <!--name, level, realm points-->

    <HorizontalResizeImageDef>
      <ControlId></ControlId>
      <Position>
        <X>10</X>
        <Y>4</Y>
      </Position>
      <Alignment>
        <GrowWidth>true</GrowWidth>
      </Alignment>
      <TemplateName>hresizeimage_listbox_row_bg</TemplateName>
      <Width>190</Width>
    </HorizontalResizeImageDef>

    <LabelDef>
      <ControlId></ControlId>
      <Position>
        <X>12</X>
        <Y>5</Y>
      </Position>
      <Alignment>
      </Alignment>
      <Color>
        <R>255</R>
        <G>192</G>
        <B>0</B>
        <A>255</A>
      </Color>
      <FontName>font_headings</FontName>
      <Width>120</Width>
      <Height>16</Height>
      <ColorAdapter></ColorAdapter>
      <MaxCharacters>32</MaxCharacters>
      <Data></Data>
      <EndAligned>false</EndAligned>
      <TextCentered>false</TextCentered>
      <Adapter>stats_name</Adapter>
    </LabelDef>

    <LabelDef>
      <ControlId></ControlId>
      <Position>
        <X>35</X>
        <Y>5</Y>
      </Position>
      <Alignment>
        <OffsetRight>true</OffsetRight>
      </Alignment>
      <Color>
        <R>255</R>
        <G>192</G>
        <B>0</B>
        <A>200</A>
      </Color>
      <FontName>font_headings</FontName>
      <Width>33</Width>
      <Height>16</Height>
      <ColorAdapter></ColorAdapter>
      <MaxCharacters>7</MaxCharacters>
      <Data>Level:</Data>
      <EndAligned>false</EndAligned>
      <TextCentered>false</TextCentered>
      <Adapter></Adapter>
    </LabelDef>

    <ScalarLabelDef>
      <ControlId></ControlId>
      <Position>
        <X>12</X>
        <Y>4</Y>
      </Position>
      <Alignment>
        <OffsetRight>true</OffsetRight>
      </Alignment>
      <FontName>font_buttons</FontName>
      <Adapter>stats_level</Adapter>
      <ColorAdapter></ColorAdapter>
      <Width>20</Width>
      <Height>16</Height>
      <MaxCharacters>3</MaxCharacters>
      <Color>
        <R>255</R>
        <G>192</G>
        <B>0</B>
        <A>255</A>
      </Color>
      <Data></Data>
      <EndAligned>false</EndAligned>
      <TextCentered>true</TextCentered>
      <DontDrawWhenZero>false</DontDrawWhenZero>
    </ScalarLabelDef>

    <!--weapskill, hits, weapdam, AF-->

    <FullResizeImageDef>
      <ControlId></ControlId>
      <Position>
        <X>10</X>
        <Y>20</Y>
      </Position>
      <Alignment>
        <GrowWidth>true</GrowWidth>
      </Alignment>
      <TemplateName>fresizeimage_dlg_interior_small</TemplateName>
      <Width>190</Width>
      <Height>34</Height>
    </FullResizeImageDef>

    <LabelDef>
      <ControlId></ControlId>
      <Position>
        <X>17</X>
        <Y>25</Y>
      </Position>
      <Alignment>
      </Alignment>
      <Color>
        <R>200</R>
        <G>200</G>
        <B>200</B>
        <A>200</A>
      </Color>
      <FontName>font_headings_small</FontName>
      <Width>64</Width>
      <Height>14</Height>
      <ColorAdapter></ColorAdapter>
      <MaxCharacters>20</MaxCharacters>
      <Data>WeapSkill</Data>
      <EndAligned>false</EndAligned>
      <TextCentered>false</TextCentered>
      <Adapter></Adapter>
    </LabelDef>

    <ScalarLabelDef>
      <ControlId></ControlId>
      <Position>
        <X>75</X>
        <Y>25</Y>
      </Position>
      <Alignment>
      </Alignment>
      <FontName>font_buttons_small</FontName>
      <Adapter>stats_weapon_skill</Adapter>
      <ColorAdapter></ColorAdapter>
      <Width>30</Width>
      <Height>14</Height>
      <MaxCharacters>128</MaxCharacters>
      <Color>
        <R>255</R>
        <G>255</G>
        <B>255</B>
        <A>255</A>
      </Color>
      <Data></Data>
      <EndAligned>false</EndAligned>
      <TextCentered>false</TextCentered>
      <DontDrawWhenZero>false</DontDrawWhenZero>
    </ScalarLabelDef>

    <LabelDef>
      <ControlId></ControlId>
      <Position>
        <X>36</X>
        <Y>25</Y>
      </Position>
      <Alignment>
        <OffsetRight>true</OffsetRight>
      </Alignment>
      <Color>
        <R>200</R>
        <G>200</G>
        <B>200</B>
        <A>200</A>
      </Color>
      <FontName>font_headings_small</FontName>
      <Width>64</Width>
      <Height>14</Height>
      <ColorAdapter></ColorAdapter>
      <MaxCharacters>20</MaxCharacters>
      <Data>Hit Points</Data>
      <EndAligned>false</EndAligned>
      <TextCentered>false</TextCentered>
      <Adapter></Adapter>
    </LabelDef>

    <ScalarLabelDef>
      <ControlId></ControlId>
      <Position>
        <X>12</X>
        <Y>25</Y>
      </Position>
      <Alignment>
        <OffsetRight>true</OffsetRight>
      </Alignment>
      <FontName>font_buttons_small</FontName>
      <Adapter>stats_hitpoints</Adapter>
      <ColorAdapter></ColorAdapter>
      <Width>30</Width>
      <Height>14</Height>
      <MaxCharacters>128</MaxCharacters>
      <Color>
        <R>255</R>
        <G>255</G>
        <B>255</B>
        <A>255</A>
      </Color>
      <Data></Data>
      <EndAligned>false</EndAligned>
      <TextCentered>false</TextCentered>
      <DontDrawWhenZero>false</DontDrawWhenZero>
    </ScalarLabelDef>

    <LabelDef>
      <ControlId></ControlId>
      <Position>
        <X>17</X>
        <Y>37</Y>
      </Position>
      <Alignment>
      </Alignment>
      <Color>
        <R>200</R>
        <G>200</G>
        <B>200</B>
        <A>200</A>
      </Color>
      <FontName>font_headings_small</FontName>
      <Width>64</Width>
      <Height>14</Height>
      <ColorAdapter></ColorAdapter>
      <MaxCharacters>20</MaxCharacters>
      <Data>WeapDmg</Data>
      <EndAligned>false</EndAligned>
      <TextCentered>false</TextCentered>
      <Adapter></Adapter>
    </LabelDef>

    <ScalarLabelDef>
      <ControlId></ControlId>
      <Position>
        <X>75</X>
        <Y>37</Y>
      </Position>
      <Alignment>
      </Alignment>
      <FontName>font_buttons_small</FontName>
      <Adapter>stats_weapon_damage</Adapter>
      <ColorAdapter></ColorAdapter>
      <Width>30</Width>
      <Height>14</Height>
      <MaxCharacters>128</MaxCharacters>
      <Color>
        <R>255</R>
        <G>255</G>
        <B>255</B>
        <A>255</A>
      </Color>
      <Data></Data>
      <EndAligned>false</EndAligned>
      <TextCentered>false</TextCentered>
      <DontDrawWhenZero>false</DontDrawWhenZero>
    </ScalarLabelDef>

    <LabelDef>
      <ControlId></ControlId>
      <Position>
        <X>36</X>
        <Y>37</Y>
      </Position>
      <Alignment>
        <OffsetRight>true</OffsetRight>
      </Alignment>
      <Color>
        <R>200</R>
        <G>200</G>
        <B>200</B>
        <A>200</A>
      </Color>
      <FontName>font_headings_small</FontName>
      <Width>64</Width>
      <Height>14</Height>
      <ColorAdapter></ColorAdapter>
      <MaxCharacters>20</MaxCharacters>
      <Data>ArmorFact</Data>
      <EndAligned>false</EndAligned>
      <TextCentered>false</TextCentered>
      <Adapter></Adapter>
    </LabelDef>

    <ScalarLabelDef>
      <ControlId></ControlId>
      <Position>
        <X>12</X>
        <Y>37</Y>
      </Position>
      <Alignment>
        <OffsetRight>true</OffsetRight>
      </Alignment>
      <FontName>font_buttons_small</FontName>
      <Adapter>stats_armor_factor</Adapter>
      <ColorAdapter></ColorAdapter>
      <Width>30</Width>
      <Height>14</Height>
      <MaxCharacters>128</MaxCharacters>
      <Color>
        <R>255</R>
        <G>255</G>
        <B>255</B>
        <A>255</A>
      </Color>
      <Data></Data>
      <EndAligned>false</EndAligned>
      <TextCentered>false</TextCentered>
      <DontDrawWhenZero>false</DontDrawWhenZero>
    </ScalarLabelDef>

    <!--Attributes controls-->

    <HorizontalResizeImageDef>
      <ControlId></ControlId>
      <Position>
        <X>10</X>
        <Y>58</Y>
      </Position>
      <Alignment>
        <GrowWidth>true</GrowWidth>
      </Alignment>
      <TemplateName>hresizeimage_listbox_row_bg</TemplateName>
      <Width>190</Width>
    </HorizontalResizeImageDef>

    <LabelDef>
      <ControlId></ControlId>
      <Position>
        <X>12</X>
        <Y>59</Y>
      </Position>
      <Alignment>
      </Alignment>
      <Color>
        <R>255</R>
        <G>192</G>
        <B>0</B>
        <A>255</A>
      </Color>
      <FontName>font_headings</FontName>
      <Width>90</Width>
      <Height>16</Height>
      <ColorAdapter></ColorAdapter>
      <MaxCharacters>90</MaxCharacters>
      <Data>Attributes</Data>
      <EndAligned>false</EndAligned>
      <TextCentered>false</TextCentered>
      <Adapter></Adapter>
    </LabelDef>

    <FullResizeImageDef>
      <ControlId></ControlId>
      <Position>
        <X>10</X>
        <Y>74</Y>
      </Position>
      <Alignment>
      </Alignment>
      <TemplateName>fresizeimage_dlg_interior</TemplateName>
      <Width>94</Width>
      <Height>142</Height>
    </FullResizeImageDef>

    <LabelDef>
      <ControlId>1019</ControlId>
      <Position>
        <X>16</X>
        <Y>79</Y>
      </Position>
      <Alignment>
      </Alignment>
      <ToolTipID>24</ToolTipID>
      <Color>
        <R>153</R>
        <G>204</G>
        <B>0</B>
        <A>255</A>
      </Color>
      <FontName>font_headings_small</FontName>
      <Width>60</Width>
      <Height>14</Height>
      <ColorAdapter></ColorAdapter>
      <MaxCharacters>20</MaxCharacters>
      <Data>Strength</Data>
      <EndAligned>false</EndAligned>
      <TextCentered>false</TextCentered>
      <Adapter></Adapter>
    </LabelDef>

    <ScalarLabelDef>
      <ControlId></ControlId>
      <Position>
        <X>80</X>
        <Y>79</Y>
      </Position>
      <Alignment>
      </Alignment>
      <ToolTipID>1</ToolTipID>
      <FontName>font_buttons_small</FontName>
      <Adapter>stats_strength</Adapter>
      <ColorAdapter>stats_strength_color</ColorAdapter>
      <Width>30</Width>
      <Height>14</Height>
      <MaxCharacters>4</MaxCharacters>
      <Color>
        <R>255</R>
        <G>255</G>
        <B>255</B>
        <A>255</A>
      </Color>
      <Data></Data>
      <EndAligned>false</EndAligned>
      <TextCentered>false</TextCentered>
      <DontDrawWhenZero>false</DontDrawWhenZero>
    </ScalarLabelDef>

    <LabelDef>
      <ControlId>1020</ControlId>
      <Position>
        <X>16</X>
        <Y>91</Y>
      </Position>
      <Alignment>
      </Alignment>
      <ToolTipID>25</ToolTipID>
      <Color>
        <R>153</R>
        <G>204</G>
        <B>0</B>
        <A>255</A>
      </Color>
      <FontName>font_headings_small</FontName>
      <Width>60</Width>
      <Height>14</Height>
      <ColorAdapter></ColorAdapter>
      <MaxCharacters>20</MaxCharacters>
      <Data>Constitution</Data>
      <EndAligned>false</EndAligned>
      <TextCentered>false</TextCentered>
      <Adapter></Adapter>
    </LabelDef>

    <ScalarLabelDef>
      <ControlId></ControlId>
      <Position>
        <X>80</X>
        <Y>91</Y>
      </Position>
      <Alignment>
      </Alignment>
      <ToolTipID>3</ToolTipID>
      <FontName>font_buttons_small</FontName>
      <Adapter>stats_constitution</Adapter>
      <ColorAdapter>stats_constitution_color</ColorAdapter>
      <Width>30</Width>
      <Height>14</Height>
      <MaxCharacters>4</MaxCharacters>
      <Color>
        <R>255</R>
        <G>255</G>
        <B>255</B>
        <A>255</A>
      </Color>
      <Data></Data>
      <EndAligned>false</EndAligned>
      <TextCentered>false</TextCentered>
      <DontDrawWhenZero>false</DontDrawWhenZero>
    </ScalarLabelDef>

    <LabelDef>
      <ControlId>1021</ControlId>
      <Position>
        <X>16</X>
        <Y>121</Y>
      </Position>
      <Alignment>
      </Alignment>
      <ToolTipID>26</ToolTipID>
      <Color>
        <R>153</R>
        <G>204</G>
        <B>0</B>
        <A>255</A>
      </Color>
      <FontName>font_headings_small</FontName>
      <Width>60</Width>
      <Height>14</Height>
      <ColorAdapter></ColorAdapter>
      <MaxCharacters>20</MaxCharacters>
      <Data>Dexterity</Data>
      <EndAligned>false</EndAligned>
      <TextCentered>false</TextCentered>
      <Adapter></Adapter>
    </LabelDef>

    <ScalarLabelDef>
      <ControlId></ControlId>
      <Position>
        <X>80</X>
        <Y>121</Y>
      </Position>
      <Alignment>
      </Alignment>
      <ToolTipID>2</ToolTipID>
      <FontName>font_buttons_small</FontName>
      <Adapter>stats_dexterity</Adapter>
      <ColorAdapter>stats_dexterity_color</ColorAdapter>
      <Width>30</Width>
      <Height>14</Height>
      <MaxCharacters>4</MaxCharacters>
      <Color>
        <R>255</R>
        <G>255</G>
        <B>255</B>
        <A>255</A>
      </Color>
      <Data></Data>
      <EndAligned>false</EndAligned>
      <TextCentered>false</TextCentered>
      <DontDrawWhenZero>false</DontDrawWhenZero>
    </ScalarLabelDef>

    <LabelDef>
      <ControlId>1022</ControlId>
      <Position>
        <X>16</X>
        <Y>133</Y>
      </Position>
      <Alignment>
      </Alignment>
      <ToolTipID>27</ToolTipID>
      <Color>
        <R>153</R>
        <G>204</G>
        <B>0</B>
        <A>255</A>
      </Color>
      <FontName>font_headings_small</FontName>
      <Width>60</Width>
      <Height>14</Height>
      <ColorAdapter></ColorAdapter>
      <MaxCharacters>20</MaxCharacters>
      <Data>Quickness</Data>
      <EndAligned>false</EndAligned>
      <TextCentered>false</TextCentered>
      <Adapter></Adapter>
    </LabelDef>

    <ScalarLabelDef>
      <ControlId></ControlId>
      <Position>
        <X>80</X>
        <Y>133</Y>
      </Position>
      <Alignment>
      </Alignment>
      <ToolTipID>4</ToolTipID>
      <FontName>font_buttons_small</FontName>
      <Adapter>stats_quickness</Adapter>
      <ColorAdapter>stats_quickness_color</ColorAdapter>
      <Width>30</Width>
      <Height>14</Height>
      <MaxCharacters>4</MaxCharacters>
      <Color>
        <R>255</R>
        <G>255</G>
        <B>255</B>
        <A>255</A>
      </Color>
      <Data></Data>
      <EndAligned>false</EndAligned>
      <TextCentered>false</TextCentered>
      <DontDrawWhenZero>false</DontDrawWhenZero>
    </ScalarLabelDef>

    <LabelDef>
      <ControlId>1025</ControlId>
      <Position>
        <X>16</X>
        <Y>163</Y>
      </Position>
      <Alignment>
      </Alignment>
      <ToolTipID>30</ToolTipID>
      <Color>
        <R>153</R>
        <G>204</G>
        <B>0</B>
        <A>255</A>
      </Color>
      <FontName>font_headings_small</FontName>
      <Width>60</Width>
      <Height>14</Height>
      <ColorAdapter></ColorAdapter>
      <MaxCharacters>20</MaxCharacters>
      <Data>Piety</Data>
      <EndAligned>false</EndAligned>
      <TextCentered>false</TextCentered>
      <Adapter></Adapter>
    </LabelDef>

    <ScalarLabelDef>
      <ControlId></ControlId>
      <Position>
        <X>80</X>
        <Y>163</Y>
      </Position>
      <Alignment>
      </Alignment>
      <ToolTipID>6</ToolTipID>
      <FontName>font_buttons_small</FontName>
      <Adapter>stats_piety</Adapter>
      <ColorAdapter>stats_piety_color</ColorAdapter>
      <Width>30</Width>
      <Height>14</Height>
      <MaxCharacters>4</MaxCharacters>
      <Color>
        <R>255</R>
        <G>255</G>
        <B>255</B>
        <A>255</A>
      </Color>
      <Data></Data>
      <EndAligned>false</EndAligned>
      <TextCentered>false</TextCentered>
      <DontDrawWhenZero>false</DontDrawWhenZero>
    </ScalarLabelDef>

    <LabelDef>
      <ControlId>1024</ControlId>
      <Position>
        <X>16</X>
        <Y>175</Y>
      </Position>
      <Alignment>
      </Alignment>
      <ToolTipID>29</ToolTipID>
      <Color>
        <R>153</R>
        <G>204</G>
        <B>0</B>
        <A>255</A>
      </Color>
      <FontName>font_headings_small</FontName>
      <Width>60</Width>
      <Height>14</Height>
      <ColorAdapter></ColorAdapter>
      <MaxCharacters>20</MaxCharacters>
      <Data>Empathy</Data>
      <EndAligned>false</EndAligned>
      <TextCentered>false</TextCentered>
      <Adapter></Adapter>
    </LabelDef>

    <ScalarLabelDef>
      <ControlId></ControlId>
      <Position>
        <X>80</X>
        <Y>175</Y>
      </Position>
      <Alignment>
      </Alignment>
      <ToolTipID>7</ToolTipID>
      <FontName>font_buttons_small</FontName>
      <Adapter>stats_empathy</Adapter>
      <ColorAdapter>stats_empathy_color</ColorAdapter>
      <Width>30</Width>
      <Height>14</Height>
      <MaxCharacters>4</MaxCharacters>
      <Color>
        <R>255</R>
        <G>255</G>
        <B>255</B>
        <A>255</A>
      </Color>
      <Data></Data>
      <EndAligned>false</EndAligned>
      <TextCentered>false</TextCentered>
      <DontDrawWhenZero>false</DontDrawWhenZero>
    </ScalarLabelDef>

    <LabelDef>
      <ControlId>1026</ControlId>
      <Position>
        <X>16</X>
        <Y>187</Y>
      </Position>
      <Alignment>
      </Alignment>
      <ToolTipID>31</ToolTipID>
      <Color>
        <R>153</R>
        <G>204</G>
        <B>0</B>
        <A>200</A>
      </Color>
      <FontName>font_headings_small</FontName>
      <Width>60</Width>
      <Height>14</Height>
      <ColorAdapter></ColorAdapter>
      <MaxCharacters>20</MaxCharacters>
      <Data>Charisma</Data>
      <EndAligned>false</EndAligned>
      <TextCentered>false</TextCentered>
      <Adapter></Adapter>
    </LabelDef>

    <ScalarLabelDef>
      <ControlId></ControlId>
      <Position>
        <X>80</X>
        <Y>187</Y>
      </Position>
      <Alignment>
      </Alignment>
      <ToolTipID>8</ToolTipID>
      <FontName>font_buttons_small</FontName>
      <Adapter>stats_charisma</Adapter>
      <ColorAdapter>stats_charisma_color</ColorAdapter>
      <Width>30</Width>
      <Height>14</Height>
      <MaxCharacters>4</MaxCharacters>
      <Color>
        <R>255</R>
        <G>255</G>
        <B>255</B>
        <A>255</A>
      </Color>
      <Data></Data>
      <EndAligned>false</EndAligned>
      <TextCentered>false</TextCentered>
      <DontDrawWhenZero>false</DontDrawWhenZero>
    </ScalarLabelDef>

    <LabelDef>
      <ControlId>1023</ControlId>
      <Position>
        <X>16</X>
        <Y>199</Y>
      </Position>
      <Alignment>
      </Alignment>
      <ToolTipID>28</ToolTipID>
      <Color>
        <R>153</R>
        <G>204</G>
        <B>0</B>
        <A>255</A>
      </Color>
      <FontName>font_headings_small</FontName>
      <Width>60</Width>
      <Height>14</Height>
      <ColorAdapter></ColorAdapter>
      <MaxCharacters>20</MaxCharacters>
      <Data>Intelligence</Data>
      <EndAligned>false</EndAligned>
      <TextCentered>false</TextCentered>
      <Adapter></Adapter>
    </LabelDef>

    <ScalarLabelDef>
      <ControlId></ControlId>
      <Position>
        <X>80</X>
        <Y>199</Y>
      </Position>
      <Alignment>
      </Alignment>
      <ToolTipID>5</ToolTipID>
      <FontName>font_buttons_small</FontName>
      <Adapter>stats_intelligence</Adapter>
      <ColorAdapter>stats_intelligence_color</ColorAdapter>
      <Width>30</Width>
      <Height>14</Height>
      <MaxCharacters>4</MaxCharacters>
      <Color>
        <R>255</R>
        <G>255</G>
        <B>255</B>
        <A>255</A>
      </Color>
      <Data></Data>
      <EndAligned>false</EndAligned>
      <TextCentered>false</TextCentered>
      <DontDrawWhenZero>false</DontDrawWhenZero>
    </ScalarLabelDef>

    <!-- Resists controls-->

    <LabelDef>
      <ControlId></ControlId>
      <Position>
        <X>13</X>
        <Y>59</Y>
      </Position>
      <Alignment>
        <OffsetRight>true</OffsetRight>
      </Alignment>
      <Color>
        <R>255</R>
        <G>204</G>
        <B>51</B>
        <A>255</A>
      </Color>
      <FontName>font_headings</FontName>
      <Width>90</Width>
      <Height>16</Height>
      <ColorAdapter></ColorAdapter>
      <MaxCharacters>90</MaxCharacters>
      <Data>Resists</Data>
      <EndAligned>false</EndAligned>
      <TextCentered>false</TextCentered>
      <Adapter></Adapter>
    </LabelDef>

    <FullResizeImageDef>
      <ControlId></ControlId>
      <Position>
        <X>10</X>
        <Y>74</Y>
      </Position>
      <Alignment>
        <OffsetRight>true</OffsetRight>
      </Alignment>
      <TemplateName>fresizeimage_dlg_interior</TemplateName>
      <Width>94</Width>
      <Height>142</Height>
    </FullResizeImageDef>

    <LabelDef>
      <ControlId></ControlId>
      <Position>
        <X>38</X>
        <Y>79</Y>
      </Position>
      <Alignment>
        <OffsetRight>true</OffsetRight>
      </Alignment>
      <Color>
        <R>153</R>
        <G>204</G>
        <B>0</B>
        <A>255</A>
      </Color>
      <FontName>font_headings_small</FontName>
      <Width>60</Width>
      <Height>14</Height>
      <ColorAdapter></ColorAdapter>
      <MaxCharacters>20</MaxCharacters>
      <Data>Crush</Data>
      <EndAligned>false</EndAligned>
      <TextCentered>false</TextCentered>
      <Adapter></Adapter>
    </LabelDef>

    <LabelDef>
      <ControlId></ControlId>
      <Position>
        <X>14</X>
        <Y>79</Y>
      </Position>
      <Alignment>
        <OffsetRight>true</OffsetRight>
      </Alignment>
      <ToolTipID>9</ToolTipID>
      <Color>
        <R>255</R>
        <G>255</G>
        <B>255</B>
        <A>255</A>
      </Color>
      <FontName>font_buttons_small</FontName>
      <Width>30</Width>
      <Height>14</Height>
      <ColorAdapter>stats_crush_color</ColorAdapter>
      <MaxCharacters>5</MaxCharacters>
      <Data></Data>
      <EndAligned>true</EndAligned>
      <TextCentered>false</TextCentered>
      <Adapter>stats_crush</Adapter>
    </LabelDef>

    <LabelDef>
      <ControlId></ControlId>
      <Position>
        <X>38</X>
        <Y>91</Y>
      </Position>
      <Alignment>
        <OffsetRight>true</OffsetRight>
      </Alignment>
      <Color>
        <R>153</R>
        <G>204</G>
        <B>0</B>
        <A>255</A>
      </Color>
      <FontName>font_headings_small</FontName>
      <Width>60</Width>
      <Height>14</Height>
      <ColorAdapter></ColorAdapter>
      <MaxCharacters>20</MaxCharacters>
      <Data>Slash</Data>
      <EndAligned>false</EndAligned>
      <TextCentered>false</TextCentered>
      <Adapter></Adapter>
    </LabelDef>

    <LabelDef>
      <ControlId></ControlId>
      <Position>
        <X>14</X>
        <Y>91</Y>
      </Position>
      <Alignment>
        <OffsetRight>true</OffsetRight>
      </Alignment>
      <ToolTipID>10</ToolTipID>
      <Color>
        <R>255</R>
        <G>255</G>
        <B>255</B>
        <A>255</A>
      </Color>
      <FontName>font_buttons_small</FontName>
      <Width>30</Width>
      <Height>14</Height>
      <ColorAdapter>stats_slash_color</ColorAdapter>
      <MaxCharacters>5</MaxCharacters>
      <Data></Data>
      <EndAligned>true</EndAligned>
      <TextCentered>false</TextCentered>
      <Adapter>stats_slash</Adapter>
    </LabelDef>

    <LabelDef>
      <ControlId></ControlId>
      <Position>
        <X>38</X>
        <Y>103</Y>
      </Position>
      <Alignment>
        <OffsetRight>true</OffsetRight>
      </Alignment>
      <Color>
        <R>153</R>
        <G>204</G>
        <B>0</B>
        <A>255</A>
      </Color>
      <FontName>font_headings_small</FontName>
      <Width>60</Width>
      <Height>14</Height>
      <ColorAdapter></ColorAdapter>
      <MaxCharacters>20</MaxCharacters>
      <Data>Thrust</Data>
      <EndAligned>false</EndAligned>
      <TextCentered>false</TextCentered>
      <Adapter></Adapter>
    </LabelDef>

    <LabelDef>
      <ControlId></ControlId>
      <Position>
        <X>14</X>
        <Y>103</Y>
      </Position>
      <Alignment>
        <OffsetRight>true</OffsetRight>
      </Alignment>
      <ToolTipID>11</ToolTipID>
      <Color>
        <R>255</R>
        <G>255</G>
        <B>255</B>
        <A>255</A>
      </Color>
      <FontName>font_buttons_small</FontName>
      <Width>30</Width>
      <Height>14</Height>
      <ColorAdapter>stats_thrust_color</ColorAdapter>
      <MaxCharacters>5</MaxCharacters>
      <Data></Data>
      <EndAligned>true</EndAligned>
      <TextCentered>false</TextCentered>
      <Adapter>stats_thrust</Adapter>
    </LabelDef>

    <LabelDef>
      <ControlId></ControlId>
      <Position>
        <X>38</X>
        <Y>121</Y>
      </Position>
      <Alignment>
        <OffsetRight>true</OffsetRight>
      </Alignment>
      <Color>
        <R>153</R>
        <G>204</G>
        <B>0</B>
        <A>255</A>
      </Color>
      <FontName>font_headings_small</FontName>
      <Width>60</Width>
      <Height>14</Height>
      <ColorAdapter></ColorAdapter>
      <MaxCharacters>20</MaxCharacters>
      <Data>Cold</Data>
      <EndAligned>false</EndAligned>
      <TextCentered>false</TextCentered>
      <Adapter></Adapter>
    </LabelDef>

    <LabelDef>
      <ControlId></ControlId>
      <Position>
        <X>14</X>
        <Y>121</Y>
      </Position>
      <Alignment>
        <OffsetRight>true</OffsetRight>
      </Alignment>
      <ToolTipID>13</ToolTipID>
      <Color>
        <R>255</R>
        <G>255</G>
        <B>255</B>
        <A>255</A>
      </Color>
      <FontName>font_buttons_small</FontName>
      <Width>30</Width>
      <Height>14</Height>
      <ColorAdapter>stats_cold_color</ColorAdapter>
      <MaxCharacters>5</MaxCharacters>
      <Data></Data>
      <EndAligned>true</EndAligned>
      <TextCentered>false</TextCentered>
      <Adapter>stats_cold</Adapter>
    </LabelDef>

    <LabelDef>
      <ControlId></ControlId>
      <Position>
        <X>38</X>
        <Y>133</Y>
      </Position>
      <Alignment>
        <OffsetRight>true</OffsetRight>
      </Alignment>
      <Color>
        <R>153</R>
        <G>204</G>
        <B>0</B>
        <A>255</A>
      </Color>
      <FontName>font_headings_small</FontName>
      <Width>60</Width>
      <Height>14</Height>
      <ColorAdapter></ColorAdapter>
      <MaxCharacters>20</MaxCharacters>
      <Data>Heat</Data>
      <EndAligned>false</EndAligned>
      <TextCentered>false</TextCentered>
      <Adapter></Adapter>
    </LabelDef>

    <LabelDef>
      <ControlId></ControlId>
      <Position>
        <X>14</X>
        <Y>133</Y>
      </Position>
      <Alignment>
        <OffsetRight>true</OffsetRight>
      </Alignment>
      <ToolTipID>12</ToolTipID>
      <Color>
        <R>255</R>
        <G>255</G>
        <B>255</B>
        <A>255</A>
      </Color>
      <FontName>font_buttons_small</FontName>
      <Width>30</Width>
      <Height>14</Height>
      <ColorAdapter>stats_heat_color</ColorAdapter>
      <MaxCharacters>5</MaxCharacters>
      <Data></Data>
      <EndAligned>true</EndAligned>
      <TextCentered>false</TextCentered>
      <Adapter>stats_heat</Adapter>
    </LabelDef>

    <LabelDef>
      <ControlId></ControlId>
      <Position>
        <X>38</X>
        <Y>145</Y>
      </Position>
      <Alignment>
        <OffsetRight>true</OffsetRight>
      </Alignment>
      <Color>
        <R>153</R>
        <G>204</G>
        <B>0</B>
        <A>255</A>
      </Color>
      <FontName>font_headings_small</FontName>
      <Width>60</Width>
      <Height>14</Height>
      <ColorAdapter></ColorAdapter>
      <MaxCharacters>20</MaxCharacters>
      <Data>Matter</Data>
      <EndAligned>false</EndAligned>
      <TextCentered>false</TextCentered>
      <Adapter></Adapter>
    </LabelDef>

    <LabelDef>
      <ControlId></ControlId>
      <Position>
        <X>14</X>
        <Y>145</Y>
      </Position>
      <Alignment>
        <OffsetRight>true</OffsetRight>
      </Alignment>
      <ToolTipID>14</ToolTipID>
      <Color>
        <R>255</R>
        <G>255</G>
        <B>255</B>
        <A>255</A>
      </Color>
      <FontName>font_buttons_small</FontName>
      <Width>30</Width>
      <Height>14</Height>
      <ColorAdapter>stats_matter_color</ColorAdapter>
      <MaxCharacters>5</MaxCharacters>
      <Data></Data>
      <EndAligned>true</EndAligned>
      <TextCentered>false</TextCentered>
      <Adapter>stats_matter</Adapter>
    </LabelDef>

    <LabelDef>
      <ControlId></ControlId>
      <Position>
        <X>38</X>
        <Y>163</Y>
      </Position>
      <Alignment>
        <OffsetRight>true</OffsetRight>
      </Alignment>
      <Color>
        <R>153</R>
        <G>204</G>
        <B>0</B>
        <A>255</A>
      </Color>
      <FontName>font_headings_small</FontName>
      <Width>60</Width>
      <Height>14</Height>
      <ColorAdapter></ColorAdapter>
      <MaxCharacters>20</MaxCharacters>
      <Data>Body</Data>
      <EndAligned>false</EndAligned>
      <TextCentered>false</TextCentered>
      <Adapter></Adapter>
    </LabelDef>

    <LabelDef>
      <ControlId></ControlId>
      <Position>
        <X>14</X>
        <Y>163</Y>
      </Position>
      <Alignment>
        <OffsetRight>true</OffsetRight>
      </Alignment>
      <ToolTipID>15</ToolTipID>
      <Color>
        <R>255</R>
        <G>255</G>
        <B>255</B>
        <A>255</A>
      </Color>
      <FontName>font_buttons_small</FontName>
      <Width>30</Width>
      <Height>14</Height>
      <ColorAdapter>stats_body_color</ColorAdapter>
      <MaxCharacters>5</MaxCharacters>
      <Data></Data>
      <EndAligned>true</EndAligned>
      <TextCentered>false</TextCentered>
      <Adapter>stats_body</Adapter>
    </LabelDef>

    <LabelDef>
      <ControlId></ControlId>
      <Position>
        <X>38</X>
        <Y>175</Y>
      </Position>
      <Alignment>
        <OffsetRight>true</OffsetRight>
      </Alignment>
      <Color>
        <R>153</R>
        <G>204</G>
        <B>0</B>
        <A>255</A>
      </Color>
      <FontName>font_headings_small</FontName>
      <Width>60</Width>
      <Height>14</Height>
      <ColorAdapter></ColorAdapter>
      <MaxCharacters>20</MaxCharacters>
      <Data>Spirit</Data>
      <EndAligned>false</EndAligned>
      <TextCentered>false</TextCentered>
      <Adapter></Adapter>
    </LabelDef>

    <LabelDef>
      <ControlId></ControlId>
      <Position>
        <X>14</X>
        <Y>175</Y>
      </Position>
      <Alignment>
        <OffsetRight>true</OffsetRight>
      </Alignment>
      <ToolTipID>16</ToolTipID>
      <Color>
        <R>255</R>
        <G>255</G>
        <B>255</B>
        <A>255</A>
      </Color>
      <FontName>font_buttons_small</FontName>
      <Width>30</Width>
      <Height>14</Height>
      <ColorAdapter>stats_spirit_color</ColorAdapter>
      <MaxCharacters>5</MaxCharacters>
      <Data></Data>
      <EndAligned>true</EndAligned>
      <TextCentered>false</TextCentered>
      <Adapter>stats_spirit</Adapter>
    </LabelDef>

    <LabelDef>
      <ControlId></ControlId>
      <Position>
        <X>38</X>
        <Y>187</Y>
      </Position>
      <Alignment>
        <OffsetRight>true</OffsetRight>
      </Alignment>
      <Color>
        <R>153</R>
        <G>204</G>
        <B>0</B>
        <A>255</A>
      </Color>
      <FontName>font_headings_small</FontName>
      <Width>60</Width>
      <Height>14</Height>
      <ColorAdapter></ColorAdapter>
      <MaxCharacters>20</MaxCharacters>
      <Data>Energy</Data>
      <EndAligned>false</EndAligned>
      <TextCentered>false</TextCentered>
      <Adapter></Adapter>
    </LabelDef>

    <LabelDef>
      <ControlId></ControlId>
      <Position>
        <X>14</X>
        <Y>187</Y>
      </Position>
      <Alignment>
        <OffsetRight>true</OffsetRight>
      </Alignment>
      <ToolTipID>17</ToolTipID>
      <Color>
        <R>255</R>
        <G>255</G>
        <B>255</B>
        <A>255</A>
      </Color>
      <FontName>font_buttons_small</FontName>
      <Width>30</Width>
      <Height>14</Height>
      <ColorAdapter>stats_energy_color</ColorAdapter>
      <MaxCharacters>5</MaxCharacters>
      <Data></Data>
      <EndAligned>true</EndAligned>
      <TextCentered>false</TextCentered>
      <Adapter>stats_energy</Adapter>
    </LabelDef>

    <!--Additional Info-->

    <HorizontalResizeImageDef>
      <ControlId></ControlId>
      <Position>
        <X>10</X>
        <Y>220</Y>
      </Position>
      <Alignment>
        <GrowWidth>true</GrowWidth>
      </Alignment>
      <TemplateName>hresizeimage_listbox_row_bg</TemplateName>
      <Width>190</Width>
    </HorizontalResizeImageDef>

    <LabelDef>
      <ControlId></ControlId>
      <Position>
        <X>12</X>
        <Y>221</Y>
      </Position>
      <Alignment>
        <TopLeft>true</TopLeft>
      </Alignment>
      <Color>
        <R>255</R>
        <G>192</G>
        <B>0</B>
        <A>200</A>
      </Color>
      <FontName>font_headings</FontName>
      <Width>100</Width>
      <Height>16</Height>
      <ColorAdapter></ColorAdapter>
      <MaxCharacters>32</MaxCharacters>
      <Data>Realm Points</Data>
      <EndAligned>false</EndAligned>
      <TextCentered>false</TextCentered>
      <Adapter></Adapter>
    </LabelDef>

    <ScalarLabelDef>
      <ControlId></ControlId>
      <Position>
        <X>9</X>
        <Y>220</Y>
      </Position>
      <Alignment>
        <OffsetRight>true</OffsetRight>
      </Alignment>
      <FontName>font_buttons</FontName>
      <Adapter>stats_realm_points</Adapter>
      <ColorAdapter></ColorAdapter>
      <Width>60</Width>
      <Height>16</Height>
      <MaxCharacters>32</MaxCharacters>
      <Color>
        <R>255</R>
        <G>192</G>
        <B>0</B>
        <A>255</A>
      </Color>
      <Data></Data>
      <EndAligned>false</EndAligned>
      <TextCentered>true</TextCentered>
      <DontDrawWhenZero>false</DontDrawWhenZero>
    </ScalarLabelDef>

    <ListBoxDef>
      <ControlId>1100</ControlId>
      <Position>
        <X>10</X>
        <Y>236</Y>
      </Position>
      <Alignment>
        <GrowWidth>true</GrowWidth>
        <GrowHeight>true</GrowHeight>
      </Alignment>
      <Width>190</Width>
      <Height>136</Height>
      <TemplateName>listbox_generic</TemplateName>
      <AdapterName>stats_additional_info</AdapterName>
      <Sorting>false</Sorting>
      <Columns>2</Columns>
      <IconTemplate>plain_icon_small</IconTemplate>
      <ShowIndicator>false</ShowIndicator>
      <ShowDefaultToolTips>true</ShowDefaultToolTips>
      <OnHeaderClickEvent></OnHeaderClickEvent>
      <OnClickEvent></OnClickEvent>
    </ListBoxDef>

    <!--Buttons-->

    <ButtonDef>
      <ControlId>1029</ControlId>
      <Position>
        <X>10</X>
        <Y>28</Y>
      </Position>
      <Alignment>
        <OffsetBottom>true</OffsetBottom>
      </Alignment>
      <TemplateName>button_size_62</TemplateName>
      <Label>Social</Label>
      <onClickEvent>Community</onClickEvent>
    </ButtonDef>

    <ButtonDef>
      <ControlId>1030</ControlId>
      <Position>
        <X>74</X>
        <Y>28</Y>
      </Position>
      <Alignment>
        <OffsetBottom>true</OffsetBottom>        
      </Alignment>
      <TemplateName>button_size_62</TemplateName>
      <Label>Mount</Label>
      <onClickEvent>Mount</onClickEvent>
    </ButtonDef>

    <ButtonDef>
      <ControlId></ControlId>
      <Position>
        <X>10</X>
        <Y>28</Y>
      </Position>
      <Alignment>
        <OffsetBottom>true</OffsetBottom>
        <OffsetRight>true</OffsetRight>
      </Alignment>
      <TemplateName>button_size_62</TemplateName>
      <Label>Pray</Label>
      <onClickEvent>Pray</onClickEvent>
    </ButtonDef>

    <ButtonDef>
      <ControlId>1000</ControlId>
      <Position>
        <X>10</X>
        <Y>10</Y>
      </Position>
      <Alignment>
        <OffsetBottom>true</OffsetBottom>
      </Alignment>
      <TemplateName>button_size_62</TemplateName>
      <Label>Command</Label>
      <onClickEvent></onClickEvent>
    </ButtonDef>

    <ButtonDef>
      <ControlId>1001</ControlId>
      <Position>
        <X>74</X>
        <Y>10</Y>
      </Position>
      <Alignment>
        <OffsetBottom>true</OffsetBottom>        
      </Alignment>
      <TemplateName>button_size_62</TemplateName>
      <Label>Options</Label>
      <onClickEvent></onClickEvent>
    </ButtonDef>

    <ButtonDef>
      <ControlId></ControlId>
      <Position>
        <X>10</X>
        <Y>10</Y>
      </Position>
      <Alignment>
        <OffsetBottom>true</OffsetBottom>
        <OffsetRight>true</OffsetRight>
      </Alignment>
      <TemplateName>button_size_62</TemplateName>
      <Label>Bind</Label>
      <onClickEvent>Bind</onClickEvent>
    </ButtonDef>

    <!--Buttons for Mini Attr/Resists-->

    <InvisibleButtonDef>
      <ControlId></ControlId>
      <Position>
        <X>10</X>
        <Y>20</Y>
      </Position>
      <Alignment>
      </Alignment>
      <Label></Label>
      <OnClickEvent>ToggleCustom8</OnClickEvent>
      <Width>190</Width>
      <Height>34</Height>
    </InvisibleButtonDef>

    <InvisibleButtonDef>
      <ControlId></ControlId>
      <Position>
        <X>10</X>
        <Y>59</Y>
      </Position>
      <Alignment>
      </Alignment>
      <Label></Label>
      <OnClickEvent>ToggleCustom8</OnClickEvent>
      <Width>94</Width>
      <Height>158</Height>
    </InvisibleButtonDef>

    <InvisibleButtonDef>
      <ControlId></ControlId>
      <Position>
        <X>10</X>
        <Y>59</Y>
      </Position>
      <Alignment>
        <OffsetRight>true</OffsetRight>
      </Alignment>
      <Label></Label>
      <OnClickEvent>ToggleCustom9</OnClickEvent>
      <Width>94</Width>
      <Height>158</Height>
    </InvisibleButtonDef>

    <InvisibleButtonDef>
      <ControlId></ControlId>
      <Position>
        <X>10</X>
        <Y>221</Y>
      </Position>
      <Alignment>
      </Alignment>
      <Label></Label>
      <OnClickEvent>ToggleCustom17</OnClickEvent>
      <Width>190</Width>
      <Height>15</Height>
    </InvisibleButtonDef>

  </WindowTemplate>

</Root_Element>
