<?xml version="1.0" encoding="ISO-8859-1"?>
<Root_Element ID="DAOCUi">

<!-- @@ Edited with the DAoC User Interface Editor v1.80 -->
<!-- @@ Free download available at http://www.bradtownsend.com/daoced -->

  <!--Load StatusIndex Button Images-->

  <Texture>
    <Name>StatusIndexImages_01</Name>
    <File>custom/assets/textures/StatusIndexImages_01.tga</File>
  </Texture>

  <!--Define StatusIndex Background Template-->

  <Include>StatusIndexBackground.xml</Include>

  <!--Define StatusIndex Button Templates-->

  <CheckBoxTemplate>
    <Name>Checkbox_StatusIndex_Attributes</Name>
    <Size>
      <X>28</X>
      <Y>28</Y>
    </Size>
    <Font>
      <Name></Name>
      <ColorNormal>
        <R>255</R>
        <G>255</G>
        <B>255</B>
        <A>255</A>
      </ColorNormal>
      <ColorPressed>
        <R>255</R>
        <G>255</G>
        <B>255</B>
        <A>255</A>
      </ColorPressed>
      <ColorHighlit>
        <R>255</R>
        <G>255</G>
        <B>255</B>
        <A>255</A>
      </ColorHighlit>
      <ColorDisabled>
        <R>255</R>
        <G>255</G>
        <B>255</B>
        <A>255</A>
      </ColorDisabled>
      <TextOffset>
        <X>0</X>
        <Y>0</Y>
      </TextOffset>
      <TextAlignment>
        <TopLeft>true</TopLeft>
      </TextAlignment>
      <ChangeFontColor>false</ChangeFontColor>
    </Font>
    <Texture>
      <TextureName>statusindeximages_01</TextureName>
      <Normal>
        <X>1</X>
        <Y>1</Y>
      </Normal>
      <Pressed>
        <X>1</X>
        <Y>30</Y>
      </Pressed>
      <NormalHighlit>
        <X>1</X>
        <Y>1</Y>
      </NormalHighlit>
      <PressedHighlit>
        <X>1</X>
        <Y>30</Y>
      </PressedHighlit>
      <Disabled>
        <X>1</X>
        <Y>1</Y>
      </Disabled>
    </Texture>
  </CheckBoxTemplate>

  <CheckBoxTemplate>
    <Name>Checkbox_StatusIndex_Inventory</Name>
    <Size>
      <X>28</X>
      <Y>28</Y>
    </Size>
    <Font>
      <Name></Name>
      <ColorNormal>
        <R>255</R>
        <G>255</G>
        <B>255</B>
        <A>255</A>
      </ColorNormal>
      <ColorPressed>
        <R>255</R>
        <G>255</G>
        <B>255</B>
        <A>255</A>
      </ColorPressed>
      <ColorHighlit>
        <R>255</R>
        <G>255</G>
        <B>255</B>
        <A>255</A>
      </ColorHighlit>
      <ColorDisabled>
        <R>255</R>
        <G>255</G>
        <B>255</B>
        <A>255</A>
      </ColorDisabled>
      <TextOffset>
        <X>0</X>
        <Y>0</Y>
      </TextOffset>
      <TextAlignment>
        <TopLeft>true</TopLeft>
      </TextAlignment>
      <ChangeFontColor>false</ChangeFontColor>
    </Font>
    <Texture>
      <TextureName>statusindeximages_01</TextureName>
      <Normal>
        <X>30</X>
        <Y>1</Y>
      </Normal>
      <Pressed>
        <X>30</X>
        <Y>30</Y>
      </Pressed>
      <NormalHighlit>
        <X>30</X>
        <Y>1</Y>
      </NormalHighlit>
      <PressedHighlit>
        <X>30</X>
        <Y>30</Y>
      </PressedHighlit>
      <Disabled>
        <X>30</X>
        <Y>1</Y>
      </Disabled>
    </Texture>
  </CheckBoxTemplate>

  <CheckBoxTemplate>
    <Name>Checkbox_StatusIndex_Skills</Name>
    <Size>
      <X>28</X>
      <Y>28</Y>
    </Size>
    <Font>
      <Name></Name>
      <ColorNormal>
        <R>255</R>
        <G>255</G>
        <B>255</B>
        <A>255</A>
      </ColorNormal>
      <ColorPressed>
        <R>255</R>
        <G>255</G>
        <B>255</B>
        <A>255</A>
      </ColorPressed>
      <ColorHighlit>
        <R>255</R>
        <G>255</G>
        <B>255</B>
        <A>255</A>
      </ColorHighlit>
      <ColorDisabled>
        <R>255</R>
        <G>255</G>
        <B>255</B>
        <A>255</A>
      </ColorDisabled>
      <TextOffset>
        <X>0</X>
        <Y>0</Y>
      </TextOffset>
      <TextAlignment>
        <TopLeft>true</TopLeft>
      </TextAlignment>
      <ChangeFontColor>false</ChangeFontColor>
    </Font>
    <Texture>
      <TextureName>statusindeximages_01</TextureName>
      <Normal>
        <X>59</X>
        <Y>1</Y>
      </Normal>
      <Pressed>
        <X>59</X>
        <Y>30</Y>
      </Pressed>
      <NormalHighlit>
        <X>59</X>
        <Y>1</Y>
      </NormalHighlit>
      <PressedHighlit>
        <X>59</X>
        <Y>30</Y>
      </PressedHighlit>
      <Disabled>
        <X>59</X>
        <Y>1</Y>
      </Disabled>
    </Texture>
  </CheckBoxTemplate>

  <CheckBoxTemplate>
    <Name>Checkbox_StatusIndex_Combat</Name>
    <Size>
      <X>28</X>
      <Y>28</Y>
    </Size>
    <Font>
      <Name></Name>
      <ColorNormal>
        <R>255</R>
        <G>255</G>
        <B>255</B>
        <A>255</A>
      </ColorNormal>
      <ColorPressed>
        <R>255</R>
        <G>255</G>
        <B>255</B>
        <A>255</A>
      </ColorPressed>
      <ColorHighlit>
        <R>255</R>
        <G>255</G>
        <B>255</B>
        <A>255</A>
      </ColorHighlit>
      <ColorDisabled>
        <R>255</R>
        <G>255</G>
        <B>255</B>
        <A>255</A>
      </ColorDisabled>
      <TextOffset>
        <X>0</X>
        <Y>0</Y>
      </TextOffset>
      <TextAlignment>
        <TopLeft>true</TopLeft>
      </TextAlignment>
      <ChangeFontColor>false</ChangeFontColor>
    </Font>
    <Texture>
      <TextureName>statusindeximages_01</TextureName>
      <Normal>
        <X>88</X>
        <Y>1</Y>
      </Normal>
      <Pressed>
        <X>88</X>
        <Y>30</Y>
      </Pressed>
      <NormalHighlit>
        <X>88</X>
        <Y>1</Y>
      </NormalHighlit>
      <PressedHighlit>
        <X>88</X>
        <Y>30</Y>
      </PressedHighlit>
      <Disabled>
        <X>88</X>
        <Y>1</Y>
      </Disabled>
    </Texture>
  </CheckBoxTemplate>

  <CheckBoxTemplate>
    <Name>Checkbox_StatusIndex_Spells</Name>
    <Size>
      <X>28</X>
      <Y>28</Y>
    </Size>
    <Font>
      <Name></Name>
      <ColorNormal>
        <R>255</R>
        <G>255</G>
        <B>255</B>
        <A>255</A>
      </ColorNormal>
      <ColorPressed>
        <R>255</R>
        <G>255</G>
        <B>255</B>
        <A>255</A>
      </ColorPressed>
      <ColorHighlit>
        <R>255</R>
        <G>255</G>
        <B>255</B>
        <A>255</A>
      </ColorHighlit>
      <ColorDisabled>
        <R>255</R>
        <G>255</G>
        <B>255</B>
        <A>255</A>
      </ColorDisabled>
      <TextOffset>
        <X>0</X>
        <Y>0</Y>
      </TextOffset>
      <TextAlignment>
        <TopLeft>true</TopLeft>
      </TextAlignment>
      <ChangeFontColor>false</ChangeFontColor>
    </Font>
    <Texture>
      <TextureName>statusindeximages_01</TextureName>
      <Normal>
        <X>117</X>
        <Y>1</Y>
      </Normal>
      <Pressed>
        <X>117</X>
        <Y>30</Y>
      </Pressed>
      <NormalHighlit>
        <X>117</X>
        <Y>1</Y>
      </NormalHighlit>
      <PressedHighlit>
        <X>117</X>
        <Y>30</Y>
      </PressedHighlit>
      <Disabled>
        <X>117</X>
        <Y>1</Y>
      </Disabled>
    </Texture>
  </CheckBoxTemplate>

  <CheckBoxTemplate>
    <Name>Checkbox_StatusIndex_Group</Name>
    <Size>
      <X>28</X>
      <Y>28</Y>
    </Size>
    <Font>
      <Name></Name>
      <ColorNormal>
        <R>255</R>
        <G>255</G>
        <B>255</B>
        <A>255</A>
      </ColorNormal>
      <ColorPressed>
        <R>255</R>
        <G>255</G>
        <B>255</B>
        <A>255</A>
      </ColorPressed>
      <ColorHighlit>
        <R>255</R>
        <G>255</G>
        <B>255</B>
        <A>255</A>
      </ColorHighlit>
      <ColorDisabled>
        <R>255</R>
        <G>255</G>
        <B>255</B>
        <A>255</A>
      </ColorDisabled>
      <TextOffset>
        <X>0</X>
        <Y>0</Y>
      </TextOffset>
      <TextAlignment>
        <TopLeft>true</TopLeft>
      </TextAlignment>
      <ChangeFontColor>false</ChangeFontColor>
    </Font>
    <Texture>
      <TextureName>statusindeximages_01</TextureName>
      <Normal>
        <X>146</X>
        <Y>1</Y>
      </Normal>
      <Pressed>
        <X>146</X>
        <Y>30</Y>
      </Pressed>
      <NormalHighlit>
        <X>146</X>
        <Y>1</Y>
      </NormalHighlit>
      <PressedHighlit>
        <X>146</X>
        <Y>30</Y>
      </PressedHighlit>
      <Disabled>
        <X>146</X>
        <Y>1</Y>
      </Disabled>
    </Texture>
  </CheckBoxTemplate>

  <ButtonTemplate>
    <Name>Button_StatusIndex_MainMenu</Name>
    <Size>
      <X>28</X>
      <Y>28</Y>
    </Size>
    <Font>
      <Name></Name>
      <ColorNormal>
        <R>255</R>
        <G>255</G>
        <B>255</B>
        <A>255</A>
      </ColorNormal>
      <ColorPressed>
        <R>255</R>
        <G>255</G>
        <B>255</B>
        <A>255</A>
      </ColorPressed>
      <ColorHighlit>
        <R>255</R>
        <G>255</G>
        <B>255</B>
        <A>255</A>
      </ColorHighlit>
      <ColorDisabled>
        <R>255</R>
        <G>255</G>
        <B>255</B>
        <A>255</A>
      </ColorDisabled>
    </Font>
    <Texture>
      <TextureName>statusindeximages_01</TextureName>
      <Normal>
        <X>175</X>
        <Y>1</Y>
      </Normal>
      <Pressed>
        <X>175</X>
        <Y>30</Y>
      </Pressed>
      <NormalHighlit>
        <X>175</X>
        <Y>1</Y>
      </NormalHighlit>
      <PressedHighlit>
        <X>175</X>
        <Y>30</Y>
      </PressedHighlit>
      <Disabled>
        <X>175</X>
        <Y>1</Y>
      </Disabled>
    </Texture>
  </ButtonTemplate>

  <ButtonTemplate>
    <Name>Button_StatusIndex_MainMenu2</Name>
    <Size>
      <X>28</X>
      <Y>28</Y>
    </Size>
    <Font>
      <Name></Name>
      <ColorNormal>
        <R>255</R>
        <G>255</G>
        <B>255</B>
        <A>255</A>
      </ColorNormal>
      <ColorPressed>
        <R>255</R>
        <G>255</G>
        <B>255</B>
        <A>255</A>
      </ColorPressed>
      <ColorHighlit>
        <R>255</R>
        <G>255</G>
        <B>255</B>
        <A>255</A>
      </ColorHighlit>
      <ColorDisabled>
        <R>255</R>
        <G>255</G>
        <B>255</B>
        <A>255</A>
      </ColorDisabled>
    </Font>
    <Texture>
      <TextureName>statusindeximages_01</TextureName>
      <Normal>
        <X>204</X>
        <Y>1</Y>
      </Normal>
      <Pressed>
        <X>204</X>
        <Y>30</Y>
      </Pressed>
      <NormalHighlit>
        <X>204</X>
        <Y>1</Y>
      </NormalHighlit>
      <PressedHighlit>
        <X>204</X>
        <Y>30</Y>
      </PressedHighlit>
      <Disabled>
        <X>204</X>
        <Y>1</Y>
      </Disabled>
    </Texture>
  </ButtonTemplate>

  <!--Load Status Index Window-->

  <WindowTemplate>
    <Name>stats_index</Name>
    <WindowId>Status Index</WindowId>
    <CloseButton>false</CloseButton>
    <MoveButton>false</MoveButton>
    <TopRightResizeButton>false</TopRightResizeButton>
    <BottomRightResizeButton>false</BottomRightResizeButton>
    <BottomLeftResizeButton>false</BottomLeftResizeButton>
    <ResizeButtonOffsetX>0</ResizeButtonOffsetX>
    <ResizeButtonOffsetY>0</ResizeButtonOffsetY>
    <TitleWidth>0</TitleWidth>
    <TitleHeight>0</TitleHeight>
    <Width>210</Width>
    <Height>32</Height>
    <ResizeableWidth>0</ResizeableWidth>
    <ResizeableHeight>0</ResizeableHeight>
    <ResizeableTwoWayWidth>0</ResizeableTwoWayWidth>
    <ResizeableTwoWayHeight>0</ResizeableTwoWayHeight>
    <MinWidth>210</MinWidth>
    <MinHeight>32</MinHeight>
    <ContextTemplateName></ContextTemplateName>

    <!--Background Image-->

    <ImageAreaDef>
      <ControlId>Stats Background</ControlId>
      <Position>
        <X>0</X>
        <Y>0</Y>
      </Position>
      <Alignment>
      </Alignment>
      <TemplateName>imagearea_statusindex_bg</TemplateName>
    </ImageAreaDef>

    <!--Status Buttons-->

    <CheckBoxDef>
      <ControlId>1000 - Status Attributes</ControlId>
      <Position>
        <X>4</X>
        <Y>2</Y>
      </Position>
      <Alignment>
      </Alignment>
      <ToolTipID>18</ToolTipID>
      <TemplateName>checkbox_statusindex_attributes</TemplateName>
      <AdapterName>none</AdapterName>
      <TextAdapterName></TextAdapterName>
      <Data></Data>
      <LabelWidth>0</LabelWidth>
      <OnClickEvent></OnClickEvent>
    </CheckBoxDef>

    <CheckBoxDef>
      <ControlId>1001 - Status Inventory</ControlId>
      <Position>
        <X>33</X>
        <Y>2</Y>
      </Position>
      <Alignment>
      </Alignment>
      <ToolTipID>19</ToolTipID>
      <TemplateName>checkbox_statusindex_inventory</TemplateName>
      <AdapterName>none</AdapterName>
      <TextAdapterName></TextAdapterName>
      <Data></Data>
      <LabelWidth>0</LabelWidth>
      <OnClickEvent></OnClickEvent>
    </CheckBoxDef>

    <CheckBoxDef>
      <ControlId>1002 - Status Skills</ControlId>
      <Position>
        <X>62</X>
        <Y>2</Y>
      </Position>
      <Alignment>
      </Alignment>
      <ToolTipID>20</ToolTipID>
      <TemplateName>checkbox_statusindex_skills</TemplateName>
      <AdapterName>none</AdapterName>
      <TextAdapterName></TextAdapterName>
      <Data></Data>
      <LabelWidth>0</LabelWidth>
      <OnClickEvent></OnClickEvent>
    </CheckBoxDef>

    <CheckBoxDef>
      <ControlId>1003 - Status Combat</ControlId>
      <Position>
        <X>91</X>
        <Y>2</Y>
      </Position>
      <Alignment>
      </Alignment>
      <ToolTipID>21</ToolTipID>
      <TemplateName>checkbox_statusindex_combat</TemplateName>
      <AdapterName>none</AdapterName>
      <TextAdapterName></TextAdapterName>
      <Data></Data>
      <LabelWidth>0</LabelWidth>
      <OnClickEvent></OnClickEvent>
    </CheckBoxDef>

    <CheckBoxDef>
      <ControlId>1004 - Status Spells</ControlId>
      <Position>
        <X>120</X>
        <Y>2</Y>
      </Position>
      <Alignment>
      </Alignment>
      <ToolTipID>22</ToolTipID>
      <TemplateName>checkbox_statusindex_spells</TemplateName>
      <AdapterName>none</AdapterName>
      <TextAdapterName></TextAdapterName>
      <Data></Data>
      <LabelWidth>0</LabelWidth>
      <OnClickEvent></OnClickEvent>
    </CheckBoxDef>

    <CheckBoxDef>
      <ControlId>1005 - Status Group</ControlId>
      <Position>
        <X>149</X>
        <Y>2</Y>
      </Position>
      <Alignment>
      </Alignment>
      <ToolTipID>23</ToolTipID>
      <TemplateName>checkbox_statusindex_group</TemplateName>
      <AdapterName>none</AdapterName>
      <TextAdapterName></TextAdapterName>
      <Data></Data>
      <LabelWidth>0</LabelWidth>
      <OnClickEvent></OnClickEvent>
    </CheckBoxDef>

    <!--Main Menu Button-->

    <ButtonDef>
      <ControlId>1007 - Main Menu</ControlId>
      <Position>
        <X>178</X>
        <Y>2</Y>
      </Position>
      <Alignment>
      </Alignment>
      <TemplateName>button_statusindex_mainmenu</TemplateName>
      <Label></Label>
      <onClickEvent>ToggleCustom0</onClickEvent>
    </ButtonDef>

  </WindowTemplate>

</Root_Element>
