<?xml version="1.0" encoding="ISO-8859-1"?>
<Root_Element ID="DAOCUi">

<!-- @@ Edited with the DAoC User Interface Editor v1.79 -->
<!-- @@ Free download available at http://www.bradtownsend.com/daoced -->

  <WindowTemplate>
    <Name>stats_combat</Name>
    <WindowId>Status Combat</WindowId>
    <CloseButton>false</CloseButton>
    <MoveButton>false</MoveButton>
    <TopRightResizeButton>false</TopRightResizeButton>
    <BottomRightResizeButton>false</BottomRightResizeButton>
    <BottomLeftResizeButton>false</BottomLeftResizeButton>
    <ResizeButtonOffsetX>0</ResizeButtonOffsetX>
    <ResizeButtonOffsetY>0</ResizeButtonOffsetY>
    <TitleWidth>0</TitleWidth>
    <TitleHeight>0</TitleHeight>
    <Width>210</Width>
    <Height>423</Height>
    <ResizeableWidth>0</ResizeableWidth>
    <ResizeableHeight>10</ResizeableHeight>
    <ResizeableTwoWayWidth>0</ResizeableTwoWayWidth>
    <ResizeableTwoWayHeight>0</ResizeableTwoWayHeight>
    <MinWidth>210</MinWidth>
    <MinHeight>423</MinHeight>

    <!-- Background Image -->

    <FullResizeImageDef>
      <ControlId>Background</ControlId>
      <Position>
        <X>0</X>
        <Y>0</Y>
      </Position>
      <Alignment>
        <GrowWidth>true</GrowWidth>
        <GrowHeight>true</GrowHeight>
      </Alignment>
      <TemplateName>fresizeimage_dlg_bg</TemplateName>
      <Width>210</Width>
      <Height>423</Height>
    </FullResizeImageDef>

    <!-- Comat Style controls -->

    <HorizontalResizeImageDef>
      <ControlId></ControlId>
      <Position>
        <X>10</X>
        <Y>4</Y>
      </Position>
      <Alignment>
        <GrowWidth>true</GrowWidth>
      </Alignment>
      <TemplateName>hresizeimage_listbox_row_bg</TemplateName>
      <Width>190</Width>
    </HorizontalResizeImageDef>

    <LabelDef>
      <ControlId></ControlId>
      <Position>
        <X>12</X>
        <Y>5</Y>
      </Position>
      <Alignment>
      </Alignment>
      <Color>
        <R>255</R>
        <G>192</G>
        <B>0</B>
        <A>255</A>
      </Color>
      <FontName>font_headings</FontName>
      <Width>100</Width>
      <Height>16</Height>
      <ColorAdapter></ColorAdapter>
      <MaxCharacters>14</MaxCharacters>
      <Data>Combat Styles</Data>
      <EndAligned>false</EndAligned>
      <TextCentered>false</TextCentered>
      <Adapter></Adapter>
    </LabelDef>

    <FullResizeImageDef>
      <ControlId></ControlId>
      <Position>
        <X>10</X>
        <Y>20</Y>
      </Position>
      <Alignment>
        <GrowWidth>true</GrowWidth>
        <GrowHeight>true</GrowHeight>
      </Alignment>
      <TemplateName>fresizeimage_dlg_interior_small</TemplateName>
      <Width>190</Width>
      <Height>372</Height>
    </FullResizeImageDef>

    <TreeControlDef>
      <ControlId>1000 -</ControlId>
      <Position>
        <X>10</X>
        <Y>20</Y>
      </Position>
      <Alignment>
        <GrowWidth>true</GrowWidth>
        <GrowHeight>true</GrowHeight>
      </Alignment>
      <TemplateName>treecontrol_generic</TemplateName>
      <AdapterName>stats_combat</AdapterName>
      <Width>190</Width>
      <Height>372</Height>
      <Column1Width>125</Column1Width>
      <Column1Offset>5</Column1Offset>
      <Column2Width>15</Column2Width>
      <Column2Offset>138</Column2Offset>
    </TreeControlDef>

    <!-- Quiver/WarMap Buttons -->

    <ButtonDef>
      <ControlId></ControlId>
      <Position>
        <X>10</X>
        <Y>10</Y>
      </Position>
      <Alignment>
        <OffsetBottom>true</OffsetBottom>
      </Alignment>
      <TemplateName>button_generic</TemplateName>
      <Label>War Map</Label>
      <onClickEvent>ShowWarMap</onClickEvent>
    </ButtonDef>

    <ButtonDef>
      <ControlId></ControlId>
      <Position>
        <X>10</X>
        <Y>10</Y>
      </Position>
      <Alignment>
        <OffsetBottom>true</OffsetBottom>
        <OffsetRight>true</OffsetRight>
      </Alignment>
      <TemplateName>button_generic</TemplateName>
      <Label>Quiver</Label>
      <onClickEvent>ToggleQuiver</onClickEvent>
    </ButtonDef>

  </WindowTemplate>

</Root_Element>
