<?xml version="1.0" encoding="ISO-8859-1"?>
<Root_Element ID="DAOCUi">

<!-- @@ Edited with the DAoC User Interface Editor v1.79 -->
<!-- @@ Free download available at http://www.bradtownsend.com/daoced -->

  <!-- Load Summary Combat Frame -->

  <Texture>
    <Name>MoewenCombatFrame_01</Name>
    <File>custom/Assets/Textures/MoewenCombatFrame_01.tga</File>
  </Texture>

  <StatusIconTemplate>
    <Name>StatusIcon_Moewen_CombatFrame</Name>
    <TextureName>moewencombatframe_01</TextureName>
    <TextureStart>
      <X>1</X>
      <Y>1</Y>
    </TextureStart>
    <Width>96</Width>
    <Height>77</Height>
    <MaxLevels>2</MaxLevels>
    <Horizontal>true</Horizontal>
  </StatusIconTemplate>

</Root_Element>
