<?xml version="1.0" encoding="ISO-8859-1"?>
<Root_Element ID="DAOCUi">

<!-- @@ Edited with the DAoC User Interface Editor v1.79 -->
<!-- @@ Free download available at http://www.bradtownsend.com/daoced -->

  <Include>SummaryCombatImages1s.xml</Include>

  <WindowTemplate>
    <Name>summary</Name>
    <WindowId></WindowId>
    <CloseButton>true</CloseButton>
    <MoveButton>true</MoveButton>
    <TopRightResizeButton>false</TopRightResizeButton>
    <BottomRightResizeButton>false</BottomRightResizeButton>
    <BottomLeftResizeButton>false</BottomLeftResizeButton>
    <ResizeButtonOffsetX>0</ResizeButtonOffsetX>
    <ResizeButtonOffsetY>0</ResizeButtonOffsetY>
    <TitleWidth>210</TitleWidth>
    <TitleHeight>10</TitleHeight>
    <Width>210</Width>
    <Height>88</Height>
    <ResizeableWidth>0</ResizeableWidth>
    <ResizeableHeight>0</ResizeableHeight>
    <ResizeableTwoWayWidth>0</ResizeableTwoWayWidth>
    <ResizeableTwoWayHeight>0</ResizeableTwoWayHeight>
    <MinWidth>210</MinWidth>
    <MinHeight>88</MinHeight>

    <!-- Background Image -->

    <FullResizeImageDef>
      <ControlId>Background</ControlId>
      <Position>
        <X>0</X>
        <Y>0</Y>
      </Position>
      <Alignment>
      </Alignment>
      <TemplateName>fresizeimage_dlg_bg_small</TemplateName>
      <Width>210</Width>
      <Height>88</Height>
    </FullResizeImageDef>

    <StatusIconDef>
      <ControlId></ControlId>
      <Position>
        <X>0</X>
        <Y>0</Y>
      </Position>
      <Alignment>
      </Alignment>
      <TemplateName>statusicon_summarycombatframe</TemplateName>
      <AdapterName>combat_mode</AdapterName>
    </StatusIconDef>

    <!-- Player Name -->

    <LabelDef>
      <ControlId></ControlId>
      <Position>
        <X>0</X>
        <Y>11</Y>
      </Position>
      <Alignment>
      </Alignment>
      <Color>
        <R>255</R>
        <G>192</G>
        <B>0</B>
        <A>255</A>
      </Color>
      <FontName>font_titles</FontName>
      <Width>210</Width>
      <Height>17</Height>
      <ColorAdapter></ColorAdapter>
      <MaxCharacters>64</MaxCharacters>
      <Data></Data>
      <EndAligned>false</EndAligned>
      <TextCentered>true</TextCentered>
      <Adapter>summary_title</Adapter>
    </LabelDef>

    <InvisibleButtonDef>
      <ControlId></ControlId>
      <Position>
        <X>50</X>
        <Y>11</Y>
      </Position>
      <Alignment>
      </Alignment>
      <Label></Label>
      <OnClickEvent>ToggleCustom11</OnClickEvent>
      <Width>110</Width>
      <Height>16</Height>
    </InvisibleButtonDef>

    <!-- Buttons for Health/Target/End/Pwr windows -->

    <CheckBoxDef>
      <ControlId>Target</ControlId>
      <Position>
        <X>10</X>
        <Y>15</Y>
      </Position>
      <Alignment>
      </Alignment>
      <TemplateName>checkbox_summary_target</TemplateName>
      <AdapterName></AdapterName>
      <TextAdapterName></TextAdapterName>
      <Data></Data>
      <LabelWidth>0</LabelWidth>
      <OnClickEvent>ToggleCustom4</OnClickEvent>
    </CheckBoxDef>

    <CheckBoxDef>
      <ControlId>Health</ControlId>
      <Position>
        <X>23</X>
        <Y>15</Y>
      </Position>
      <Alignment>
      </Alignment>
      <TemplateName>checkbox_summary_health</TemplateName>
      <AdapterName></AdapterName>
      <TextAdapterName></TextAdapterName>
      <Data></Data>
      <LabelWidth>0</LabelWidth>
      <OnClickEvent>ToggleCustom1</OnClickEvent>
    </CheckBoxDef>

    <CheckBoxDef>
      <ControlId>End</ControlId>
      <Position>
        <X>23</X>
        <Y>15</Y>
      </Position>
      <Alignment>
        <OffsetRight>true</OffsetRight>
      </Alignment>
      <TemplateName>checkbox_summary_endurance</TemplateName>
      <AdapterName></AdapterName>
      <TextAdapterName></TextAdapterName>
      <Data></Data>
      <LabelWidth>0</LabelWidth>
      <OnClickEvent>ToggleCustom2</OnClickEvent>
    </CheckBoxDef>

    <CheckBoxDef>
      <ControlId>Pwr</ControlId>
      <Position>
        <X>10</X>
        <Y>15</Y>
      </Position>
      <Alignment>
        <OffsetRight>true</OffsetRight>
      </Alignment>
      <TemplateName>checkbox_summary_power</TemplateName>
      <AdapterName></AdapterName>
      <TextAdapterName></TextAdapterName>
      <Data></Data>
      <LabelWidth>0</LabelWidth>
      <OnClickEvent>ToggleCustom3</OnClickEvent>
    </CheckBoxDef>

    <!-- Interior Image -->

    <FullResizeImageDef>
      <ControlId></ControlId>
      <Position>
        <X>10</X>
        <Y>27</Y>
      </Position>
      <Alignment>
      </Alignment>
      <TemplateName>fresizeimage_dlg_interior_small</TemplateName>
      <Width>190</Width>
      <Height>51</Height>
    </FullResizeImageDef>

    <!-- Player Health Controls -->

    <LabelDef>
      <ControlId></ControlId>
      <Position>
        <X>13</X>
        <Y>31</Y>
      </Position>
      <Alignment>
      </Alignment>
      <Color>
        <R>255</R>
        <G>64</G>
        <B>64</B>
        <A>255</A>
      </Color>
      <FontName>font_buttons_small</FontName>
      <Width>25</Width>
      <Height>16</Height>
      <ColorAdapter></ColorAdapter>
      <MaxCharacters>4</MaxCharacters>
      <Data>Hit</Data>
      <EndAligned>false</EndAligned>
      <TextCentered>true</TextCentered>
      <Adapter></Adapter>
    </LabelDef>

    <StatusIconDef>
      <ControlId></ControlId>
      <Position>
        <X>38</X>
        <Y>33</Y>
      </Position>
      <Alignment>
      </Alignment>
      <TemplateName>statusicon_bar_red</TemplateName>
      <AdapterName>summary_player_hits</AdapterName>
    </StatusIconDef>

    <ScalarLabelDef>
      <ControlId></ControlId>
      <Position>
        <X>166</X>
        <Y>31</Y>
      </Position>
      <Alignment>
      </Alignment>
      <FontName>font_buttons_small</FontName>
      <Adapter>summary_player_hits</Adapter>
      <ColorAdapter></ColorAdapter>
      <Width>20</Width>
      <Height>16</Height>
      <MaxCharacters>4</MaxCharacters>
      <Color>
        <R>255</R>
        <G>64</G>
        <B>64</B>
        <A>255</A>
      </Color>
      <Data></Data>
      <EndAligned>false</EndAligned>
      <TextCentered>true</TextCentered>
      <DontDrawWhenZero>false</DontDrawWhenZero>
      <DontDrawWhenNegOne>true</DontDrawWhenNegOne>    
	</ScalarLabelDef>

    <LabelDef>
      <ControlId></ControlId>
      <Position>
        <X>186</X>
        <Y>31</Y>
      </Position>
      <Alignment>
      </Alignment>
      <Color>
        <R>255</R>
        <G>64</G>
        <B>64</B>
        <A>255</A>
      </Color>
      <FontName>font_buttons_small</FontName>
      <Width>25</Width>
      <Height>16</Height>
      <ColorAdapter></ColorAdapter>
      <MaxCharacters>2</MaxCharacters>
      <Data>%</Data>
      <EndAligned>false</EndAligned>
      <TextCentered>false</TextCentered>
      <Adapter></Adapter>
    </LabelDef>

    <!-- Player Endurance Controls -->

    <LabelDef>
      <ControlId></ControlId>
      <Position>
        <X>13</X>
        <Y>46</Y>
      </Position>
      <Alignment>
      </Alignment>
      <Color>
        <R>92</R>
        <G>230</G>
        <B>127</B>
        <A>255</A>
      </Color>
      <FontName>font_buttons_small</FontName>
      <Width>25</Width>
      <Height>16</Height>
      <ColorAdapter></ColorAdapter>
      <MaxCharacters>4</MaxCharacters>
      <Data>End</Data>
      <EndAligned>false</EndAligned>
      <TextCentered>true</TextCentered>
      <Adapter></Adapter>
    </LabelDef>

    <StatusIconDef>
      <ControlId></ControlId>
      <Position>
        <X>38</X>
        <Y>48</Y>
      </Position>
      <Alignment>
      </Alignment>
      <TemplateName>statusicon_bar_green</TemplateName>
      <AdapterName>summary_player_end</AdapterName>
    </StatusIconDef>

    <ScalarLabelDef>
      <ControlId></ControlId>
      <Position>
        <X>166</X>
        <Y>46</Y>
      </Position>
      <Alignment>
      </Alignment>
      <FontName>font_buttons_small</FontName>
      <Adapter>summary_player_end</Adapter>
      <ColorAdapter></ColorAdapter>
      <Width>20</Width>
      <Height>16</Height>
      <MaxCharacters>4</MaxCharacters>
      <Color>
        <R>92</R>
        <G>230</G>
        <B>127</B>
        <A>255</A>
      </Color>
      <Data></Data>
      <EndAligned>false</EndAligned>
      <TextCentered>true</TextCentered>
      <DontDrawWhenZero>false</DontDrawWhenZero>
      <DontDrawWhenNegOne>true</DontDrawWhenNegOne>    
	</ScalarLabelDef>

    <LabelDef>
      <ControlId></ControlId>
      <Position>
        <X>186</X>
        <Y>46</Y>
      </Position>
      <Alignment>
      </Alignment>
      <Color>
        <R>92</R>
        <G>230</G>
        <B>127</B>
        <A>255</A>
      </Color>
      <FontName>font_buttons_small</FontName>
      <Width>25</Width>
      <Height>16</Height>
      <ColorAdapter></ColorAdapter>
      <MaxCharacters>2</MaxCharacters>
      <Data>%</Data>
      <EndAligned>false</EndAligned>
      <TextCentered>false</TextCentered>
      <Adapter></Adapter>
    </LabelDef>

    <!-- Player Power Controls -->

    <LabelDef>
      <ControlId></ControlId>
      <Position>
        <X>13</X>
        <Y>61</Y>
      </Position>
      <Alignment>
      </Alignment>
      <Color>
        <R>255</R>
        <G>255</G>
        <B>99</B>
        <A>255</A>
      </Color>
      <FontName>font_buttons_small</FontName>
      <Width>25</Width>
      <Height>16</Height>
      <ColorAdapter></ColorAdapter>
      <MaxCharacters>4</MaxCharacters>
      <Data>Pow</Data>
      <EndAligned>false</EndAligned>
      <TextCentered>true</TextCentered>
      <Adapter></Adapter>
    </LabelDef>

    <StatusIconDef>
      <ControlId></ControlId>
      <Position>
        <X>38</X>
        <Y>63</Y>
      </Position>
      <Alignment>
      </Alignment>
      <TemplateName>statusicon_bar_yellow</TemplateName>
      <AdapterName>summary_player_power</AdapterName>
    </StatusIconDef>

    <ScalarLabelDef>
      <ControlId></ControlId>
      <Position>
        <X>166</X>
        <Y>61</Y>
      </Position>
      <Alignment>
      </Alignment>
      <FontName>font_buttons_small</FontName>
      <Adapter>summary_player_power</Adapter>
      <ColorAdapter></ColorAdapter>
      <Width>20</Width>
      <Height>16</Height>
      <MaxCharacters>4</MaxCharacters>
      <Color>
        <R>255</R>
        <G>255</G>
        <B>99</B>
        <A>255</A>
      </Color>
      <Data></Data>
      <EndAligned>false</EndAligned>
      <TextCentered>true</TextCentered>
      <DontDrawWhenZero>false</DontDrawWhenZero>
      <DontDrawWhenNegOne>true</DontDrawWhenNegOne>    
	</ScalarLabelDef>

    <LabelDef>
      <ControlId></ControlId>
      <Position>
        <X>186</X>
        <Y>61</Y>
      </Position>
      <Alignment>
        <TopLeft>true</TopLeft>
      </Alignment>
      <Color>
        <R>255</R>
        <G>255</G>
        <B>99</B>
        <A>255</A>
      </Color>
      <FontName>font_buttons_small</FontName>
      <Width>25</Width>
      <Height>16</Height>
      <ColorAdapter></ColorAdapter>
      <MaxCharacters>2</MaxCharacters>
      <Data>%</Data>
      <EndAligned>false</EndAligned>
      <TextCentered>false</TextCentered>
      <Adapter></Adapter>
    </LabelDef>

    <CheckBoxDef>
      <ControlId>TogglePwr</ControlId>
      <Position>
        <X>14</X>
        <Y>62</Y>
      </Position>
      <Alignment>
        <TopLeft>true</TopLeft>
      </Alignment>
      <TemplateName>checkbox_summary_togglepower</TemplateName>
      <AdapterName></AdapterName>
      <TextAdapterName></TextAdapterName>
      <Data></Data>
      <LabelWidth>0</LabelWidth>
      <OnClickEvent></OnClickEvent>
    </CheckBoxDef>

  </WindowTemplate>

</Root_Element>
