<?xml version="1.0" encoding="ISO-8859-1"?>
<Root_Element ID="DAOCUi">

<!-- @@ Edited with the DAoC User Interface Editor v1.77b -->
<!-- @@ Free download available at http://www.bradtownsend.com/daoced -->

  <!-- Define Target Bar Images -->

  <StatusIconTemplate>
    <Name>StatusIcon_Bar_Target_Hit</Name>
    <TextureName>statusicons_07</TextureName>
    <TextureStart>
      <X>0</X>
      <Y>0</Y>
    </TextureStart>
    <Width>128</Width>
    <Height>10</Height>
    <MaxLevels>101</MaxLevels>
    <Horizontal>false</Horizontal>
  </StatusIconTemplate>

  <StatusIconTemplate>
    <Name>StatusIcon_Bar_Target_Hit_BG</Name>
    <TextureName>statusicons_07</TextureName>
    <TextureStart>
      <X>0</X>
      <Y>0</Y>
    </TextureStart>
    <Width>128</Width>
    <Height>10</Height>
    <MaxLevels>1</MaxLevels>
    <Horizontal>false</Horizontal>
  </StatusIconTemplate>

</Root_Element>
