<?xml version="1.0" encoding="ISO-8859-1"?>
<Root_Element ID="DAOCUi">

<!-- @@ Edited with the DAoC User Interface Editor v1.79 -->
<!-- @@ Free download available at http://www.bradtownsend.com/daoced -->

  <!-- Define Target Bar Images -->

  <!-- Ghost Purple -->

  <HorizontalResizeImageTemplate>
    <Name>HResizeImage_Ghost_TargetBarFG</Name>
    <Height>18</Height>
    <LeftWidth>1</LeftWidth>
    <RepeatWidth>50</RepeatWidth>
    <RightWidth>1</RightWidth>
    <Texture>
      <TextureName>floatingimages_ghost_01</TextureName>
      <Left>
        <X>0</X>
        <Y>0</Y>
      </Left>
      <Repeat>
        <X>52</X>
        <Y>1</Y>
      </Repeat>
      <Right>
        <X>0</X>
        <Y>0</Y>
      </Right>
    </Texture>
  </HorizontalResizeImageTemplate>

  <HorizontalResizeImageTemplate>
    <Name>HResizeImage_Ghost_TargetBar2FG</Name>
    <Height>11</Height>
    <LeftWidth>1</LeftWidth>
    <RepeatWidth>50</RepeatWidth>
    <RightWidth>1</RightWidth>
    <Texture>
      <TextureName>floatingimages_ghost_01</TextureName>
      <Left>
        <X>0</X>
        <Y>0</Y>
      </Left>
      <Repeat>
        <X>155</X>
        <Y>1</Y>
      </Repeat>
      <Right>
        <X>0</X>
        <Y>0</Y>
      </Right>
    </Texture>
  </HorizontalResizeImageTemplate>

</Root_Element>
