<?xml version="1.0" encoding="ISO-8859-1"?>
<Root_Element ID="DAOCUi">

<!-- @@ Edited with the DAoC User Interface Editor v1.79 -->
<!-- @@ Free download available at http://www.bradtownsend.com/daoced -->

  <WindowTemplate>
    <Name>value_chooser</Name>
    <WindowId>Value Chooser</WindowId>
    <CloseButton>true</CloseButton>
    <MoveButton>true</MoveButton>
    <TopRightResizeButton>false</TopRightResizeButton>
    <BottomRightResizeButton>false</BottomRightResizeButton>
    <BottomLeftResizeButton>false</BottomLeftResizeButton>
    <ResizeButtonOffsetX>0</ResizeButtonOffsetX>
    <ResizeButtonOffsetY>0</ResizeButtonOffsetY>
    <TitleWidth>185</TitleWidth>
    <TitleHeight>27</TitleHeight>
    <Width>185</Width>
    <Height>105</Height>
    <ResizeableWidth>0</ResizeableWidth>
    <ResizeableHeight>0</ResizeableHeight>
    <ResizeableTwoWayWidth>0</ResizeableTwoWayWidth>
    <ResizeableTwoWayHeight>0</ResizeableTwoWayHeight>
    <MinWidth>185</MinWidth>
    <MinHeight>105</MinHeight>

    <!-- Background Image -->

    <FullResizeImageDef>
      <ControlId>Background</ControlId>
      <Position>
        <X>0</X>
        <Y>0</Y>
      </Position>
      <Alignment>
      </Alignment>
      <TemplateName>fresizeimage_dlg_bg</TemplateName>
      <Width>185</Width>
      <Height>105</Height>
    </FullResizeImageDef>

    <!-- Title -->

    <LabelDef>
      <ControlId></ControlId>
      <Position>
        <X>0</X>
        <Y>11</Y>
      </Position>
      <Alignment>
      </Alignment>
      <Color>
        <R>255</R>
        <G>192</G>
        <B>0</B>
        <A>255</A>
      </Color>
      <FontName>font_titles</FontName>
      <Width>185</Width>
      <Height>17</Height>
      <ColorAdapter></ColorAdapter>
      <MaxCharacters>16</MaxCharacters>
      <Data>Value Chooser</Data>
      <EndAligned>false</EndAligned>
      <TextCentered>true</TextCentered>
      <Adapter></Adapter>
    </LabelDef>

    <!-- Interior Image -->

    <FullResizeImageDef>
      <ControlId>Interior</ControlId>
      <Position>
        <X>10</X>
        <Y>27</Y>
      </Position>
      <Alignment>
      </Alignment>
      <TemplateName>fresizeimage_dlg_interior_small</TemplateName>
      <Width>165</Width>
      <Height>47</Height>
    </FullResizeImageDef>

    <!-- Item -->

    <LabelDef>
      <ControlId></ControlId>
      <Position>
        <X>15</X>
        <Y>32</Y>
      </Position>
      <Alignment>
      </Alignment>
      <Color>
        <R>255</R>
        <G>255</G>
        <B>255</B>
        <A>255</A>
      </Color>
      <FontName>font_buttons_small</FontName>
      <Width>155</Width>
      <Height>16</Height>
      <ColorAdapter></ColorAdapter>
      <MaxCharacters>64</MaxCharacters>
      <Data></Data>
      <EndAligned>false</EndAligned>
      <TextCentered>true</TextCentered>
      <Adapter>value_item_title</Adapter>
    </LabelDef>

    <!--Value Adjust controls -->

    <ButtonDef>
      <ControlId>Shift Left</ControlId>
      <Position>
        <X>20</X>
        <Y>53</Y>
      </Position>
      <Alignment>
      </Alignment>
      <TemplateName>button_arrow_shift_left</TemplateName>
      <Label></Label>
      <onClickEvent>ValueChooserShiftDecrease</onClickEvent>
    </ButtonDef>

    <ButtonDef>
      <ControlId>Left</ControlId>
      <Position>
        <X>38</X>
        <Y>53</Y>
      </Position>
      <Alignment>
      </Alignment>
      <TemplateName>button_arrow_left</TemplateName>
      <Label></Label>
      <onClickEvent>ValueChooserDecrease</onClickEvent>
    </ButtonDef>

    <ScalarLabelDef>
      <ControlId></ControlId>
      <Position>
        <X>70</X>
        <Y>53</Y>
      </Position>
      <Alignment>
      </Alignment>
      <FontName>font_buttons</FontName>
      <Adapter>value_chooser_qty</Adapter>
      <ColorAdapter></ColorAdapter>
      <Width>45</Width>
      <Height>16</Height>
      <MaxCharacters>4</MaxCharacters>
      <Color>
        <R>192</R>
        <G>192</G>
        <B>192</B>
        <A>255</A>
      </Color>
      <Data></Data>
      <EndAligned>false</EndAligned>
      <TextCentered>true</TextCentered>
      <DontDrawWhenZero>false</DontDrawWhenZero>
      <DontDrawWhenNegOne>true</DontDrawWhenNegOne>    
	</ScalarLabelDef>

    <ButtonDef>
      <ControlId>Right</ControlId>
      <Position>
        <X>38</X>
        <Y>53</Y>
      </Position>
      <Alignment>
        <OffsetRight>true</OffsetRight>
      </Alignment>
      <TemplateName>button_arrow_right</TemplateName>
      <Label></Label>
      <onClickEvent>ValueChooserIncrease</onClickEvent>
    </ButtonDef>

    <ButtonDef>
      <ControlId>Shift Right</ControlId>
      <Position>
        <X>20</X>
        <Y>53</Y>
      </Position>
      <Alignment>
        <OffsetRight>true</OffsetRight>
      </Alignment>
      <TemplateName>button_arrow_shift_right</TemplateName>
      <Label></Label>
      <onClickEvent>ValueChooserShiftIncrease</onClickEvent>
    </ButtonDef>

    <!--Accept/CancelButtons-->

    <ButtonDef>
      <ControlId></ControlId>
      <Position>
        <X>10</X>
        <Y>10</Y>
      </Position>
      <Alignment>
        <OffsetBottom>true</OffsetBottom>
      </Alignment>
      <TemplateName>button_generic</TemplateName>
      <Label>Accept</Label>
      <onClickEvent>ValueChooserAccept</onClickEvent>
    </ButtonDef>

    <ButtonDef>
      <ControlId></ControlId>
      <Position>
        <X>10</X>
        <Y>10</Y>
      </Position>
      <Alignment>
        <OffsetBottom>true</OffsetBottom>
        <OffsetRight>true</OffsetRight>
      </Alignment>
      <TemplateName>button_generic</TemplateName>
      <Label>Cancel</Label>
      <onClickEvent>ValueChooserCancel</onClickEvent>
    </ButtonDef>

  </WindowTemplate>

</Root_Element>
