<?xml version="1.0" encoding="ISO-8859-1"?>
<Root_Element ID="DAOCUi">

<!-- @@ Edited with the DAoC User Interface Editor v1.77a -->
<!-- @@ Free download available at http://www.bradtownsend.com/daoced -->

  <WindowTemplate>
    <Name>quiver</Name>
    <WindowId>WindowQuiver</WindowId>
    <CloseButton>true</CloseButton>
    <MoveButton>true</MoveButton>
    <TopRightResizeButton>false</TopRightResizeButton>
    <BottomRightResizeButton>true</BottomRightResizeButton>
    <BottomLeftResizeButton>false</BottomLeftResizeButton>
    <ResizeButtonOffsetX>0</ResizeButtonOffsetX>
    <ResizeButtonOffsetY>0</ResizeButtonOffsetY>
    <TitleWidth>50</TitleWidth>
    <TitleHeight>7</TitleHeight>
    <Width>62</Width>
    <Height>144</Height>
    <ResizeableWidth>0</ResizeableWidth>
    <ResizeableHeight>0</ResizeableHeight>
    <ResizeableTwoWayWidth>0</ResizeableTwoWayWidth>
    <ResizeableTwoWayHeight>0</ResizeableTwoWayHeight>
    <MinWidth>62</MinWidth>
    <MinHeight>144</MinHeight>

    <FullResizeImageDef>
      <ControlId></ControlId>
      <Position>
        <X>0</X>
        <Y>0</Y>
      </Position>
      <Alignment>
        <TopLeft>true</TopLeft>
        <GrowWidth>true</GrowWidth>
        <GrowHeight>true</GrowHeight>
      </Alignment>
      <TemplateName>valmer_box</TemplateName>
      <Width>62</Width>
      <Height>144</Height>
    </FullResizeImageDef>

    <FullResizeImageDef>
      <ControlId>5000</ControlId>
      <Position>
        <X>3</X>
        <Y>8</Y>
      </Position>
      <Alignment>
        <TopLeft>true</TopLeft>
      </Alignment>
      <TemplateName>selection_box</TemplateName>
      <Width>56</Width>
      <Height>33</Height>
    </FullResizeImageDef>

    <!--                                                                    Slot 0                                                                    -->

    <IconDef>
      <ControlId>1000</ControlId>
      <Position>
        <X>4</X>
        <Y>9</Y>
      </Position>
      <Alignment>
        <TopLeft>true</TopLeft>
      </Alignment>
      <TemplateName>plain_icon_large</TemplateName>
      <AdapterName>quiver_icon0</AdapterName>
      <IconId>234</IconId>
      <Data></Data>
    </IconDef>

    <LabelDef>
      <ControlId></ControlId>
      <Position>
        <X>37</X>
        <Y>20</Y>
      </Position>
      <Alignment>
        <GrowWidth>true</GrowWidth>
      </Alignment>
      <Color>
        <R>192</R>
        <G>192</G>
        <B>192</B>
        <A>192</A>
      </Color>
      <FontName>barb10</FontName>
      <Width>20</Width>
      <Height>16</Height>
      <ColorAdapter></ColorAdapter>
      <MaxCharacters>4</MaxCharacters>
      <Data></Data>
      <EndAligned>false</EndAligned>
      <TextCentered>false</TextCentered>
      <Adapter>quiver_count_string0</Adapter>
    </LabelDef>

    <InvisibleButtonDef>
      <ControlId></ControlId>
      <Position>
        <X>36</X>
        <Y>9</Y>
      </Position>
      <Alignment>
        <GrowWidth>true</GrowWidth>
      </Alignment>
      <Label></Label>
      <OnClickEvent>QuiverSelect0</OnClickEvent>
      <Width>23</Width>
      <Height>32</Height>
    </InvisibleButtonDef>

    <InvisibleButtonDef>
      <ControlId></ControlId>
      <Position>
        <X>4</X>
        <Y>9</Y>
      </Position>
      <Alignment>
        <TopLeft>true</TopLeft>
      </Alignment>
      <Label></Label>
      <OnClickEvent>QuiverAdd0</OnClickEvent>
      <Width>30</Width>
      <Height>32</Height>
    </InvisibleButtonDef>

    <!--                                                                    Slot 1                                                                    -->

    <IconDef>
      <ControlId>1001</ControlId>
      <Position>
        <X>4</X>
        <Y>42</Y>
      </Position>
      <Alignment>
        <TopLeft>true</TopLeft>
      </Alignment>
      <TemplateName>plain_icon_large</TemplateName>
      <AdapterName>quiver_icon1</AdapterName>
      <IconId>235</IconId>
      <Data></Data>
    </IconDef>

    <LabelDef>
      <ControlId></ControlId>
      <Position>
        <X>37</X>
        <Y>53</Y>
      </Position>
      <Alignment>
        <GrowWidth>true</GrowWidth>
      </Alignment>
      <Color>
        <R>192</R>
        <G>192</G>
        <B>192</B>
        <A>255</A>
      </Color>
      <FontName>barb10</FontName>
      <Width>20</Width>
      <Height>16</Height>
      <ColorAdapter></ColorAdapter>
      <MaxCharacters>4</MaxCharacters>
      <Data></Data>
      <EndAligned>false</EndAligned>
      <TextCentered>false</TextCentered>
      <Adapter>quiver_count_string1</Adapter>
    </LabelDef>

    <InvisibleButtonDef>
      <ControlId></ControlId>
      <Position>
        <X>36</X>
        <Y>42</Y>
      </Position>
      <Alignment>
        <GrowWidth>true</GrowWidth>
      </Alignment>
      <Label></Label>
      <OnClickEvent>QuiverSelect1</OnClickEvent>
      <Width>23</Width>
      <Height>32</Height>
    </InvisibleButtonDef>

    <InvisibleButtonDef>
      <ControlId></ControlId>
      <Position>
        <X>4</X>
        <Y>42</Y>
      </Position>
      <Alignment>
        <TopLeft>true</TopLeft>
      </Alignment>
      <Label></Label>
      <OnClickEvent>QuiverAdd1</OnClickEvent>
      <Width>30</Width>
      <Height>32</Height>
    </InvisibleButtonDef>

    <!--                                                                    Slot 2                                                                    -->

    <IconDef>
      <ControlId>1002</ControlId>
      <Position>
        <X>4</X>
        <Y>75</Y>
      </Position>
      <Alignment>
        <TopLeft>true</TopLeft>
      </Alignment>
      <TemplateName>plain_icon_large</TemplateName>
      <AdapterName>quiver_icon2</AdapterName>
      <IconId>236</IconId>
      <Data></Data>
    </IconDef>

    <LabelDef>
      <ControlId></ControlId>
      <Position>
        <X>37</X>
        <Y>86</Y>
      </Position>
      <Alignment>
        <GrowWidth>true</GrowWidth>
      </Alignment>
      <Color>
        <R>192</R>
        <G>192</G>
        <B>192</B>
        <A>255</A>
      </Color>
      <FontName>barb10</FontName>
      <Width>20</Width>
      <Height>16</Height>
      <ColorAdapter></ColorAdapter>
      <MaxCharacters>4</MaxCharacters>
      <Data></Data>
      <EndAligned>false</EndAligned>
      <TextCentered>false</TextCentered>
      <Adapter>quiver_count_string2</Adapter>
    </LabelDef>

    <InvisibleButtonDef>
      <ControlId></ControlId>
      <Position>
        <X>36</X>
        <Y>75</Y>
      </Position>
      <Alignment>
        <GrowWidth>true</GrowWidth>
      </Alignment>
      <Label></Label>
      <OnClickEvent>QuiverSelect2</OnClickEvent>
      <Width>23</Width>
      <Height>32</Height>
    </InvisibleButtonDef>

    <InvisibleButtonDef>
      <ControlId></ControlId>
      <Position>
        <X>4</X>
        <Y>75</Y>
      </Position>
      <Alignment>
        <TopLeft>true</TopLeft>
      </Alignment>
      <Label></Label>
      <OnClickEvent>QuiverAdd2</OnClickEvent>
      <Width>30</Width>
      <Height>32</Height>
    </InvisibleButtonDef>

    <!--                                                                    Slot 3                                                                    -->

    <IconDef>
      <ControlId>1003</ControlId>
      <Position>
        <X>4</X>
        <Y>108</Y>
      </Position>
      <Alignment>
        <TopLeft>true</TopLeft>
      </Alignment>
      <TemplateName>plain_icon_large</TemplateName>
      <AdapterName>quiver_icon3</AdapterName>
      <IconId>237</IconId>
      <Data></Data>
    </IconDef>

    <LabelDef>
      <ControlId></ControlId>
      <Position>
        <X>37</X>
        <Y>119</Y>
      </Position>
      <Alignment>
        <GrowWidth>true</GrowWidth>
      </Alignment>
      <Color>
        <R>192</R>
        <G>192</G>
        <B>192</B>
        <A>255</A>
      </Color>
      <FontName>barb10</FontName>
      <Width>20</Width>
      <Height>16</Height>
      <ColorAdapter></ColorAdapter>
      <MaxCharacters>4</MaxCharacters>
      <Data></Data>
      <EndAligned>false</EndAligned>
      <TextCentered>false</TextCentered>
      <Adapter>quiver_count_string3</Adapter>
    </LabelDef>

    <InvisibleButtonDef>
      <ControlId></ControlId>
      <Position>
        <X>36</X>
        <Y>108</Y>
      </Position>
      <Alignment>
        <GrowWidth>true</GrowWidth>
      </Alignment>
      <Label></Label>
      <OnClickEvent>QuiverSelect3</OnClickEvent>
      <Width>23</Width>
      <Height>32</Height>
    </InvisibleButtonDef>

    <InvisibleButtonDef>
      <ControlId></ControlId>
      <Position>
        <X>4</X>
        <Y>108</Y>
      </Position>
      <Alignment>
        <TopLeft>true</TopLeft>
      </Alignment>
      <Label></Label>
      <OnClickEvent>QuiverAdd3</OnClickEvent>
      <Width>30</Width>
      <Height>32</Height>
    </InvisibleButtonDef>

  </WindowTemplate>

</Root_Element>
