<Root_Element ID="DAOCUi">

<!-- Vantage's Custom Minimal UI -->

<!-- Auto-Generated using DAoC User Interface Editor v0.4 - BETA -->
<!-- Free download available at http://fire.prohosting.com/~daoced -->


    <Texture>
        <Name>vcompbord</Name>
        <File>custom/vcompass0.dds</File>
    </Texture>

    <Texture>
        <Name>vcompicon</Name>
        <File>custom/vcompass1.dds</File>
    </Texture>

    <StatusIconTemplate>
        <Name>compass_status_icon</Name>
        <TextureName>vcompicon</TextureName>
        <TextureStart>
            <X>0</X>
            <Y>64</Y>
        </TextureStart>
        <Width>64</Width>
        <Height>64</Height>
        <MaxLevels>16</MaxLevels>
        <Horizontal>true</Horizontal>
    </StatusIconTemplate>

    <StatusIconTemplate>
        <Name>compass_outer</Name>
        <TextureName>vcompbord</TextureName>
        <TextureStart>
            <X>0</X>
            <Y>105</Y>
        </TextureStart>
        <Width>23</Width>
        <Height>23</Height>
        <MaxLevels>2</MaxLevels>
        <Horizontal>true</Horizontal>
    </StatusIconTemplate>


    <WindowTemplate>
        <Name>compass</Name>
        <WindowId>Compass</WindowId>
        <CloseButton>false</CloseButton>
        <MoveButton>false</MoveButton>
        <TopRightResizeButton>false</TopRightResizeButton>
        <BottomRightResizeButton>false</BottomRightResizeButton>
        <BottomLeftResizeButton>false</BottomLeftResizeButton>
        <ResizeButtonOffsetX>0</ResizeButtonOffsetX>
        <ResizeButtonOffsetY>0</ResizeButtonOffsetY>
        <TitleWidth>68</TitleWidth>
        <TitleHeight>15</TitleHeight>
        <Width>68</Width>
        <Height>68</Height>
        <ResizeableWidth>0</ResizeableWidth>
        <ResizeableHeight>0</ResizeableHeight>
        <ResizeableTwoWayWidth>0</ResizeableTwoWayWidth>
        <ResizeableTwoWayHeight>0</ResizeableTwoWayHeight>
        <MinWidth>68</MinWidth>
        <MinHeight>68</MinHeight>

    <FullResizeImageDef>
      <ControlId>BackgroundImage</ControlId>
      <Position>
        <X>0</X>
        <Y>0</Y>
      </Position>
      <Alignment>
        <GrowWidth>true</GrowWidth>
        <GrowHeight>true</GrowHeight>
      </Alignment>
      <TemplateName>valmer_box</TemplateName>
      <Width>68</Width>
      <Height>68</Height>
    </FullResizeImageDef>

        <StatusIconDef>
            <ControlId></ControlId>
            <Position>
                <X>2</X>
                <Y>2</Y>
            </Position>
            <Alignment>
                <TopLeft>false</TopLeft>
            </Alignment>
            <templateName>compass_status_icon</templateName>
            <adapterName>compass_heading</adapterName>
        </StatusIconDef>

        <StatusIconDef>
            <ControlId></ControlId>
            <Position>
                <X>22</X>
                <Y>22</Y>
            </Position>
            <Alignment>
                <TopLeft>true</TopLeft>
            </Alignment>
            <templateName>compass_outer</templateName>
            <adapterName>combat_mode</adapterName>
        </StatusIconDef>

    <InvisibleButtonDef>
      <ControlId>1</ControlId>
      <Position>
        <X>22</X>
        <Y>22</Y>
      </Position>
      <Alignment>
        <TopLeft>true</TopLeft>
      </Alignment>
      <Label></Label>
      <OnClickEvent>ToggleAttackMode</OnClickEvent>
      <Width>22</Width>
      <Height>22</Height>
    </InvisibleButtonDef>

    </WindowTemplate>

</Root_Element>
