<?xml version="1.0" encoding="ISO-8859-1"?>
<Root_Element ID="DAOCUi">

<!-- @@ Edited with the DAoC User Interface Editor v1.77a -->
<!-- @@ Free download available at http://www.bradtownsend.com/daoced -->

  <WindowTemplate>
    <Name>quiver</Name>
    <WindowId>WindowQuiver</WindowId>
    <CloseButton>true</CloseButton>
    <MoveButton>true</MoveButton>
    <TopRightResizeButton>false</TopRightResizeButton>
    <BottomRightResizeButton>true</BottomRightResizeButton>
    <BottomLeftResizeButton>false</BottomLeftResizeButton>
    <ResizeButtonOffsetX>0</ResizeButtonOffsetX>
    <ResizeButtonOffsetY>0</ResizeButtonOffsetY>
    <TitleWidth>140</TitleWidth>
    <TitleHeight>7</TitleHeight>
    <Width>156</Width>
    <Height>60</Height>
    <ResizeableWidth>0</ResizeableWidth>
    <ResizeableHeight>0</ResizeableHeight>
    <ResizeableTwoWayWidth>0</ResizeableTwoWayWidth>
    <ResizeableTwoWayHeight>0</ResizeableTwoWayHeight>
    <MinWidth>156</MinWidth>
    <MinHeight>60</MinHeight>

    <FullResizeImageDef>
      <ControlId></ControlId>
      <Position>
        <X>0</X>
        <Y>0</Y>
      </Position>
      <Alignment>
        <TopLeft>true</TopLeft>
        <GrowWidth>true</GrowWidth>
        <GrowHeight>true</GrowHeight>
      </Alignment>
      <TemplateName>valmer_box</TemplateName>
      <Width>156</Width>
      <Height>60</Height>
    </FullResizeImageDef>

    <FullResizeImageDef>
      <ControlId>5000</ControlId>
      <Position>
        <X>7</X>
        <Y>7</Y>
      </Position>
      <Alignment>
        <TopLeft>true</TopLeft>
      </Alignment>
      <TemplateName>selection_box</TemplateName>
      <Width>34</Width>
      <Height>49</Height>
    </FullResizeImageDef>

    <!--                                                                    Slot 0                                                                    -->

    <IconDef>
      <ControlId>1000</ControlId>
      <Position>
        <X>8</X>
        <Y>9</Y>
      </Position>
      <Alignment>
        <TopLeft>true</TopLeft>
      </Alignment>
      <TemplateName>plain_icon_large</TemplateName>
      <AdapterName>quiver_icon0</AdapterName>
      <IconId>234</IconId>
      <Data></Data>
    </IconDef>

    <LabelDef>
      <ControlId></ControlId>
      <Position>
        <X>15</X>
        <Y>42</Y>
      </Position>
      <Alignment>
        <GrowWidth>true</GrowWidth>
      </Alignment>
      <Color>
        <R>192</R>
        <G>192</G>
        <B>192</B>
        <A>192</A>
      </Color>
      <FontName>barb10</FontName>
      <Width>20</Width>
      <Height>16</Height>
      <ColorAdapter></ColorAdapter>
      <MaxCharacters>4</MaxCharacters>
      <Data></Data>
      <EndAligned>false</EndAligned>
      <TextCentered>true</TextCentered>
      <Adapter>quiver_count_string0</Adapter>
    </LabelDef>

    <InvisibleButtonDef>
      <ControlId></ControlId>
      <Position>
        <X>8</X>
        <Y>38</Y>
      </Position>
      <Alignment>
        <GrowWidth>true</GrowWidth>
      </Alignment>
      <Label></Label>
      <OnClickEvent>QuiverSelect0</OnClickEvent>
      <Width>32</Width>
      <Height>20</Height>
    </InvisibleButtonDef>

    <InvisibleButtonDef>
      <ControlId></ControlId>
      <Position>
        <X>8</X>
        <Y>9</Y>
      </Position>
      <Alignment>
        <TopLeft>true</TopLeft>
      </Alignment>
      <Label></Label>
      <OnClickEvent>QuiverAdd0</OnClickEvent>
      <Width>32</Width>
      <Height>30</Height>
    </InvisibleButtonDef>

    <!--                                                                    Slot 1                                                                    -->

    <IconDef>
      <ControlId>1001</ControlId>
      <Position>
        <X>44</X>
        <Y>9</Y>
      </Position>
      <Alignment>
        <TopLeft>true</TopLeft>
      </Alignment>
      <TemplateName>plain_icon_large</TemplateName>
      <AdapterName>quiver_icon1</AdapterName>
      <IconId>235</IconId>
      <Data></Data>
    </IconDef>

    <LabelDef>
      <ControlId></ControlId>
      <Position>
        <X>51</X>
        <Y>42</Y>
      </Position>
      <Alignment>
        <GrowWidth>true</GrowWidth>
      </Alignment>
      <Color>
        <R>192</R>
        <G>192</G>
        <B>192</B>
        <A>255</A>
      </Color>
      <FontName>barb10</FontName>
      <Width>20</Width>
      <Height>16</Height>
      <ColorAdapter></ColorAdapter>
      <MaxCharacters>4</MaxCharacters>
      <Data></Data>
      <EndAligned>false</EndAligned>
      <TextCentered>true</TextCentered>
      <Adapter>quiver_count_string1</Adapter>
    </LabelDef>

    <InvisibleButtonDef>
      <ControlId></ControlId>
      <Position>
        <X>44</X>
        <Y>38</Y>
      </Position>
      <Alignment>
        <GrowWidth>true</GrowWidth>
      </Alignment>
      <Label></Label>
      <OnClickEvent>QuiverSelect1</OnClickEvent>
      <Width>32</Width>
      <Height>20</Height>
    </InvisibleButtonDef>

    <InvisibleButtonDef>
      <ControlId></ControlId>
      <Position>
        <X>44</X>
        <Y>9</Y>
      </Position>
      <Alignment>
        <TopLeft>true</TopLeft>
      </Alignment>
      <Label></Label>
      <OnClickEvent>QuiverAdd1</OnClickEvent>
      <Width>32</Width>
      <Height>30</Height>
    </InvisibleButtonDef>

    <!--                                                                    Slot 2                                                                    -->

    <IconDef>
      <ControlId>1002</ControlId>
      <Position>
        <X>80</X>
        <Y>9</Y>
      </Position>
      <Alignment>
        <TopLeft>true</TopLeft>
      </Alignment>
      <TemplateName>plain_icon_large</TemplateName>
      <AdapterName>quiver_icon2</AdapterName>
      <IconId>236</IconId>
      <Data></Data>
    </IconDef>

    <LabelDef>
      <ControlId></ControlId>
      <Position>
        <X>87</X>
        <Y>42</Y>
      </Position>
      <Alignment>
        <GrowWidth>true</GrowWidth>
      </Alignment>
      <Color>
        <R>192</R>
        <G>192</G>
        <B>192</B>
        <A>255</A>
      </Color>
      <FontName>barb10</FontName>
      <Width>20</Width>
      <Height>16</Height>
      <ColorAdapter></ColorAdapter>
      <MaxCharacters>4</MaxCharacters>
      <Data></Data>
      <EndAligned>false</EndAligned>
      <TextCentered>true</TextCentered>
      <Adapter>quiver_count_string2</Adapter>
    </LabelDef>

    <InvisibleButtonDef>
      <ControlId></ControlId>
      <Position>
        <X>80</X>
        <Y>38</Y>
      </Position>
      <Alignment>
        <GrowWidth>true</GrowWidth>
      </Alignment>
      <Label></Label>
      <OnClickEvent>QuiverSelect2</OnClickEvent>
      <Width>32</Width>
      <Height>20</Height>
    </InvisibleButtonDef>

    <InvisibleButtonDef>
      <ControlId></ControlId>
      <Position>
        <X>80</X>
        <Y>9</Y>
      </Position>
      <Alignment>
        <TopLeft>true</TopLeft>
      </Alignment>
      <Label></Label>
      <OnClickEvent>QuiverAdd2</OnClickEvent>
      <Width>32</Width>
      <Height>30</Height>
    </InvisibleButtonDef>

    <!--                                                                    Slot 3                                                                    -->

    <IconDef>
      <ControlId>1003</ControlId>
      <Position>
        <X>116</X>
        <Y>9</Y>
      </Position>
      <Alignment>
        <TopLeft>true</TopLeft>
      </Alignment>
      <TemplateName>plain_icon_large</TemplateName>
      <AdapterName>quiver_icon3</AdapterName>
      <IconId>237</IconId>
      <Data></Data>
    </IconDef>

    <LabelDef>
      <ControlId></ControlId>
      <Position>
        <X>121</X>
        <Y>42</Y>
      </Position>
      <Alignment>
        <GrowWidth>true</GrowWidth>
      </Alignment>
      <Color>
        <R>192</R>
        <G>192</G>
        <B>192</B>
        <A>255</A>
      </Color>
      <FontName>barb10</FontName>
      <Width>20</Width>
      <Height>16</Height>
      <ColorAdapter></ColorAdapter>
      <MaxCharacters>4</MaxCharacters>
      <Data>87</Data>
      <EndAligned>false</EndAligned>
      <TextCentered>true</TextCentered>
      <Adapter>quiver_count_string3</Adapter>
    </LabelDef>

    <InvisibleButtonDef>
      <ControlId></ControlId>
      <Position>
        <X>116</X>
        <Y>38</Y>
      </Position>
      <Alignment>
        <GrowWidth>true</GrowWidth>
      </Alignment>
      <Label></Label>
      <OnClickEvent>QuiverSelect3</OnClickEvent>
      <Width>32</Width>
      <Height>20</Height>
    </InvisibleButtonDef>

    <InvisibleButtonDef>
      <ControlId></ControlId>
      <Position>
        <X>116</X>
        <Y>9</Y>
      </Position>
      <Alignment>
        <TopLeft>true</TopLeft>
      </Alignment>
      <Label></Label>
      <OnClickEvent>QuiverAdd3</OnClickEvent>
      <Width>32</Width>
      <Height>30</Height>
    </InvisibleButtonDef>

  </WindowTemplate>

</Root_Element>
