<?xml version="1.0" encoding="ISO-8859-1"?>
<Root_Element ID="DAOCUi">

<!-- @@ Edited with the DAoC User Interface Editor v1.76b -->
<!-- @@ Free download available at http://www.bradtownsend.com/daoced -->

  <Include>custom7_window.xml</Include>
  <Include>custom8_window.xml</Include>
  <Include>custom9_window.xml</Include>
  <Include>custom11_window.xml</Include>
  <Include>custom12_window.xml</Include>
  <Include>custom13_window.xml</Include>
  <Include>custom14_window.xml</Include>
  <Include>custom15_window.xml</Include>
  <Include>custom16_window.xml</Include>
  <Include>custom17_window.xml</Include>
  <Include>custom18_window.xml</Include>
  <Include>custom19_window.xml</Include>

  <ButtonTemplate>
    <Name>button_sela</Name>
    <Size>
      <X>22</X>
      <Y>22</Y>
    </Size>
    <Font>
      <Name>brit9</Name>
      <ColorNormal>
        <R>255</R>
        <G>255</G>
        <B>255</B>
        <A>255</A>
      </ColorNormal>
      <ColorPressed>
        <R>153</R>
        <G>0</G>
        <B>51</B>
        <A>255</A>
      </ColorPressed>
      <ColorHighlit>
        <R>255</R>
        <G>204</G>
        <B>0</B>
        <A>255</A>
      </ColorHighlit>
      <ColorDisabled>
        <R>255</R>
        <G>255</G>
        <B>255</B>
        <A>255</A>
      </ColorDisabled>
    </Font>
    <Texture>
      <TextureName>valmer_01</TextureName>
      <Normal>
        <X>80</X>
        <Y>342</Y>
      </Normal>
      <Pressed>
        <X>102</X>
        <Y>342</Y>
      </Pressed>
      <NormalHighlit>
        <X>80</X>
        <Y>342</Y>
      </NormalHighlit>
      <PressedHighlit>
        <X>102</X>
        <Y>342</Y>
      </PressedHighlit>
      <Disabled>
        <X>102</X>
        <Y>342</Y>
      </Disabled>
    </Texture>
  </ButtonTemplate>

  <ButtonTemplate>
    <Name>button_housea</Name>
    <Size>
      <X>22</X>
      <Y>22</Y>
    </Size>
    <Font>
      <Name></Name>
      <ColorNormal>
        <R>255</R>
        <G>255</G>
        <B>255</B>
        <A>255</A>
      </ColorNormal>
      <ColorPressed>
        <R>255</R>
        <G>255</G>
        <B>255</B>
        <A>255</A>
      </ColorPressed>
      <ColorHighlit>
        <R>255</R>
        <G>255</G>
        <B>255</B>
        <A>255</A>
      </ColorHighlit>
      <ColorDisabled>
        <R>255</R>
        <G>255</G>
        <B>255</B>
        <A>255</A>
      </ColorDisabled>
    </Font>
    <Texture>
      <TextureName>valmer_01</TextureName>
      <Normal>
        <X>124</X>
        <Y>342</Y>
      </Normal>
      <Pressed>
        <X>102</X>
        <Y>342</Y>
      </Pressed>
      <NormalHighlit>
        <X>124</X>
        <Y>342</Y>
      </NormalHighlit>
      <PressedHighlit>
        <X>124</X>
        <Y>342</Y>
      </PressedHighlit>
      <Disabled>
        <X>102</X>
        <Y>342</Y>
      </Disabled>
    </Texture>
  </ButtonTemplate>

  <ButtonTemplate>
    <Name>button_selh</Name>
    <Size>
      <X>22</X>
      <Y>22</Y>
    </Size>
    <Font>
      <Name>brit9</Name>
      <ColorNormal>
        <R>255</R>
        <G>255</G>
        <B>255</B>
        <A>255</A>
      </ColorNormal>
      <ColorPressed>
        <R>0</R>
        <G>102</G>
        <B>51</B>
        <A>255</A>
      </ColorPressed>
      <ColorHighlit>
        <R>255</R>
        <G>204</G>
        <B>0</B>
        <A>255</A>
      </ColorHighlit>
      <ColorDisabled>
        <R>255</R>
        <G>255</G>
        <B>255</B>
        <A>255</A>
      </ColorDisabled>
    </Font>
    <Texture>
      <TextureName>valmer_01</TextureName>
      <Normal>
        <X>80</X>
        <Y>364</Y>
      </Normal>
      <Pressed>
        <X>102</X>
        <Y>364</Y>
      </Pressed>
      <NormalHighlit>
        <X>80</X>
        <Y>364</Y>
      </NormalHighlit>
      <PressedHighlit>
        <X>102</X>
        <Y>364</Y>
      </PressedHighlit>
      <Disabled>
        <X>102</X>
        <Y>364</Y>
      </Disabled>
    </Texture>
  </ButtonTemplate>

 <ButtonTemplate>
    <Name>button_househ</Name>
    <Size>
      <X>22</X>
      <Y>22</Y>
    </Size>
    <Font>
      <Name></Name>
      <ColorNormal>
        <R>255</R>
        <G>255</G>
        <B>255</B>
        <A>255</A>
      </ColorNormal>
      <ColorPressed>
        <R>255</R>
        <G>255</G>
        <B>255</B>
        <A>255</A>
      </ColorPressed>
      <ColorHighlit>
        <R>255</R>
        <G>255</G>
        <B>255</B>
        <A>255</A>
      </ColorHighlit>
      <ColorDisabled>
        <R>255</R>
        <G>255</G>
        <B>255</B>
        <A>255</A>
      </ColorDisabled>
    </Font>
    <Texture>
      <TextureName>valmer_01</TextureName>
      <Normal>
        <X>124</X>
        <Y>364</Y>
      </Normal>
      <Pressed>
        <X>102</X>
        <Y>364</Y>
      </Pressed>
      <NormalHighlit>
        <X>124</X>
        <Y>364</Y>
      </NormalHighlit>
      <PressedHighlit>
        <X>124</X>
        <Y>364</Y>
      </PressedHighlit>
      <Disabled>
        <X>102</X>
        <Y>364</Y>
      </Disabled>
    </Texture>
  </ButtonTemplate>

  <ButtonTemplate>
    <Name>button_selm</Name>
    <Size>
      <X>22</X>
      <Y>22</Y>
    </Size>
    <Font>
      <Name>brit9</Name>
      <ColorNormal>
        <R>255</R>
        <G>255</G>
        <B>255</B>
        <A>255</A>
      </ColorNormal>
      <ColorPressed>
        <R>0</R>
        <G>0</G>
        <B>102</B>
        <A>255</A>
      </ColorPressed>
      <ColorHighlit>
        <R>255</R>
        <G>204</G>
        <B>0</B>
        <A>255</A>
      </ColorHighlit>
      <ColorDisabled>
        <R>255</R>
        <G>255</G>
        <B>255</B>
        <A>255</A>
      </ColorDisabled>
    </Font>
    <Texture>
      <TextureName>valmer_01</TextureName>
      <Normal>
        <X>80</X>
        <Y>386</Y>
      </Normal>
      <Pressed>
        <X>102</X>
        <Y>386</Y>
      </Pressed>
      <NormalHighlit>
        <X>80</X>
        <Y>386</Y>
      </NormalHighlit>
      <PressedHighlit>
        <X>102</X>
        <Y>386</Y>
      </PressedHighlit>
      <Disabled>
        <X>102</X>
        <Y>386</Y>
      </Disabled>
    </Texture>
  </ButtonTemplate>

  <ButtonTemplate>
    <Name>button_housem</Name>
    <Size>
      <X>22</X>
      <Y>22</Y>
    </Size>
    <Font>
      <Name></Name>
      <ColorNormal>
        <R>255</R>
        <G>255</G>
        <B>255</B>
        <A>255</A>
      </ColorNormal>
      <ColorPressed>
        <R>255</R>
        <G>255</G>
        <B>255</B>
        <A>255</A>
      </ColorPressed>
      <ColorHighlit>
        <R>255</R>
        <G>255</G>
        <B>255</B>
        <A>255</A>
      </ColorHighlit>
      <ColorDisabled>
        <R>255</R>
        <G>255</G>
        <B>255</B>
        <A>255</A>
      </ColorDisabled>
    </Font>
    <Texture>
      <TextureName>valmer_01</TextureName>
      <Normal>
        <X>124</X>
        <Y>386</Y>
      </Normal>
      <Pressed>
        <X>102</X>
        <Y>386</Y>
      </Pressed>
      <NormalHighlit>
        <X>124</X>
        <Y>386</Y>
      </NormalHighlit>
      <PressedHighlit>
        <X>124</X>
        <Y>386</Y>
      </PressedHighlit>
      <Disabled>
        <X>102</X>
        <Y>386</Y>
      </Disabled>
    </Texture>
  </ButtonTemplate>

  <ButtonTemplate>
    <Name>button_broken</Name>
    <Size>
      <X>22</X>
      <Y>22</Y>
    </Size>
    <Font>
      <Name></Name>
      <ColorNormal>
        <R>255</R>
        <G>255</G>
        <B>255</B>
        <A>255</A>
      </ColorNormal>
      <ColorPressed>
        <R>255</R>
        <G>255</G>
        <B>255</B>
        <A>255</A>
      </ColorPressed>
      <ColorHighlit>
        <R>255</R>
        <G>255</G>
        <B>255</B>
        <A>255</A>
      </ColorHighlit>
      <ColorDisabled>
        <R>255</R>
        <G>255</G>
        <B>255</B>
        <A>255</A>
      </ColorDisabled>
    </Font>
    <Texture>
      <TextureName>valmer_01</TextureName>
      <Normal>
        <X>124</X>
        <Y>122</Y>
      </Normal>
      <Pressed>
        <X>124</X>
        <Y>122</Y>
      </Pressed>
      <NormalHighlit>
        <X>124</X>
        <Y>122</Y>
      </NormalHighlit>
      <PressedHighlit>
        <X>124</X>
        <Y>122</Y>
      </PressedHighlit>
      <Disabled>
        <X>124</X>
        <Y>122</Y>
      </Disabled>
    </Texture>
  </ButtonTemplate>

  <ButtonTemplate>
    <Name>button_sel</Name>
    <Size>
      <X>22</X>
      <Y>22</Y>
    </Size>
    <Font>
      <Name>brit9</Name>
      <ColorNormal>
        <R>255</R>
        <G>255</G>
        <B>255</B>
        <A>255</A>
      </ColorNormal>
      <ColorPressed>
        <R>255</R>
        <G>204</G>
        <B>0</B>
        <A>255</A>
      </ColorPressed>
      <ColorHighlit>
        <R>255</R>
        <G>204</G>
        <B>0</B>
        <A>255</A>
      </ColorHighlit>
      <ColorDisabled>
        <R>255</R>
        <G>255</G>
        <B>255</B>
        <A>255</A>
      </ColorDisabled>
    </Font>
    <Texture>
      <TextureName>page2</TextureName>
      <Normal>
        <X>185</X>
        <Y>75</Y>
      </Normal>
      <Pressed>
        <X>185</X>
        <Y>96</Y>
      </Pressed>
      <NormalHighlit>
        <X>210</X>
        <Y>100</Y>
      </NormalHighlit>
      <PressedHighlit>
        <X>185</X>
        <Y>96</Y>
      </PressedHighlit>
      <Disabled>
        <X>210</X>
        <Y>100</Y>
      </Disabled>
    </Texture>
  </ButtonTemplate>

  <WindowTemplate>
    <Name>custom10_window</Name>
    <WindowId>Custom10</WindowId>
    <CloseButton>true</CloseButton>
    <MoveButton>true</MoveButton>
    <TopRightResizeButton>false</TopRightResizeButton>
    <BottomRightResizeButton>false</BottomRightResizeButton>
    <BottomLeftResizeButton>false</BottomLeftResizeButton>
    <ResizeButtonOffsetX>0</ResizeButtonOffsetX>
    <ResizeButtonOffsetY>0</ResizeButtonOffsetY>
    <TitleWidth>0</TitleWidth>
    <TitleHeight>0</TitleHeight>
    <Width>300</Width>
    <Height>29</Height>
    <ResizeableWidth>0</ResizeableWidth>
    <ResizeableHeight>0</ResizeableHeight>
    <ResizeableTwoWayWidth>0</ResizeableTwoWayWidth>
    <ResizeableTwoWayHeight>0</ResizeableTwoWayHeight>
    <MinWidth>0</MinWidth>
    <MinHeight>0</MinHeight>
      <FullResizeImageDef>
         <ControlId>ImageBackground</ControlId>
         <Position>
            <X>0</X>
            <Y>0</Y>
         </Position>
         <Alignment>
         </Alignment>
         <TemplateName>valmer_box</TemplateName>
         <Width>300</Width>
         <Height>29</Height>
      </FullResizeImageDef>

    <ButtonDef>
      <ControlId></ControlId>
      <Position>
        <X>7</X>
        <Y>4</Y>
      </Position>
      <Alignment>
        <TopLeft>true</TopLeft>
      </Alignment>
      <TemplateName>button_selh</TemplateName>
      <Label>H</Label>
      <onClickEvent>ToggleCustom13</onClickEvent>
    </ButtonDef>

    <ButtonDef>
      <ControlId></ControlId>
      <Position>
        <X>30</X>
        <Y>4</Y>
      </Position>
      <Alignment>
        <TopLeft>true</TopLeft>
      </Alignment>
      <TemplateName>button_selh</TemplateName>
      <Label>si</Label>
      <onClickEvent>ToggleCustom14</onClickEvent>
    </ButtonDef>

    <ButtonDef>
      <ControlId></ControlId>
      <Position>
        <X>53</X>
        <Y>4</Y>
      </Position>
      <Alignment>
        <TopLeft>true</TopLeft>
      </Alignment>
      <TemplateName>button_househ</TemplateName>
      <Label></Label>
      <onClickEvent>ToggleCustom7</onClickEvent>
    </ButtonDef>

    <ButtonDef>
      <ControlId></ControlId>
      <Position>
        <X>79</X>
        <Y>4</Y>
      </Position>
      <Alignment>
        <TopLeft>true</TopLeft>
      </Alignment>
      <TemplateName>button_sela</TemplateName>
      <Label>A</Label>
      <onClickEvent>ToggleCustom15</onClickEvent>
    </ButtonDef>

    <ButtonDef>
      <ControlId></ControlId>
      <Position>
        <X>102</X>
        <Y>4</Y>
      </Position>
      <Alignment>
        <TopLeft>true</TopLeft>
      </Alignment>
      <TemplateName>button_sela</TemplateName>
      <Label>si</Label>
      <onClickEvent>ToggleCustom16</onClickEvent>
    </ButtonDef>

    <ButtonDef>
      <ControlId></ControlId>
      <Position>
        <X>125</X>
        <Y>4</Y>
      </Position>
      <Alignment>
        <TopLeft>true</TopLeft>
      </Alignment>
      <TemplateName>button_housea</TemplateName>
      <Label></Label>
      <onClickEvent>ToggleCustom8</onClickEvent>
    </ButtonDef>

    <ButtonDef>
      <ControlId></ControlId>
      <Position>
        <X>151</X>
        <Y>4</Y>
      </Position>
      <Alignment>
        <TopLeft>true</TopLeft>
      </Alignment>
      <TemplateName>button_selm</TemplateName>
      <Label>M</Label>
      <onClickEvent>ToggleCustom17</onClickEvent>
    </ButtonDef>

    <ButtonDef>
      <ControlId></ControlId>
      <Position>
        <X>174</X>
        <Y>4</Y>
      </Position>
      <Alignment>
        <TopLeft>true</TopLeft>
      </Alignment>
      <TemplateName>button_selm</TemplateName>
      <Label>si</Label>
      <onClickEvent>ToggleCustom18</onClickEvent>
    </ButtonDef>

    <ButtonDef>
      <ControlId></ControlId>
      <Position>
        <X>197</X>
        <Y>4</Y>
      </Position>
      <Alignment>
        <TopLeft>true</TopLeft>
      </Alignment>
      <TemplateName>button_housem</TemplateName>
      <Label></Label>
      <onClickEvent>ToggleCustom9</onClickEvent>
    </ButtonDef>

    <ButtonDef>
      <ControlId></ControlId>
      <Position>
        <X>223</X>
        <Y>4</Y>
      </Position>
      <Alignment>
        <TopLeft>true</TopLeft>
      </Alignment>
      <TemplateName>button_gold</TemplateName>
      <Label>ToA</Label>
      <onClickEvent>ToggleCustom11</onClickEvent>
    </ButtonDef>

    <ButtonDef>
      <ControlId></ControlId>
      <Position>
        <X>246</X>
        <Y>4</Y>
      </Position>
      <Alignment>
        <TopLeft>true</TopLeft>
      </Alignment>
      <TemplateName>button_gold</TemplateName>
      <Label>Fr</Label>
      <onClickEvent>ToggleCustom12</onClickEvent>
    </ButtonDef>

    <ButtonDef>
      <ControlId></ControlId>
      <Position>
        <X>269</X>
        <Y>4</Y>
      </Position>
      <Alignment>
        <TopLeft>true</TopLeft>
      </Alignment>
      <TemplateName>button_gold</TemplateName>
      <Label>Dun</Label>
      <onClickEvent>ToggleCustom19</onClickEvent>
    </ButtonDef>
<!--
-->
  </WindowTemplate>
</Root_Element>
