<Root_Element ID="DAOCUi">

<!-- Vantage's Custom Minimal UI -->

    <Texture>
        <Name>vcompbord</Name>
        <File>custom/vcompass0.dds</File>
    </Texture>

    <Texture>
        <Name>vcompicon</Name>
        <File>custom/vcompass1.dds</File>
    </Texture>

    <StatusIconTemplate>
        <Name>compass_status_icon</Name>
        <TextureName>vcompicon</TextureName>
        <TextureStart>
            <X>0</X>
            <Y>0</Y>
        </TextureStart>
        <Width>64</Width>
        <Height>64</Height>
        <MaxLevels>16</MaxLevels>
        <Horizontal>true</Horizontal>
    </StatusIconTemplate>

    <StatusIconTemplate>
        <Name>compass_outer</Name>
        <TextureName>vcompbord</TextureName>
        <TextureStart>
            <X>0</X>
            <Y>0</Y>
        </TextureStart>
        <Width>88</Width>
        <Height>88</Height>
        <MaxLevels>2</MaxLevels>
        <Horizontal>true</Horizontal>
    </StatusIconTemplate>


    <WindowTemplate>
        <Name>compass</Name>
        <WindowId>Compass</WindowId>
        <CloseButton>false</CloseButton>
        <MoveButton>false</MoveButton>
        <TopRightResizeButton>false</TopRightResizeButton>
        <BottomRightResizeButton>false</BottomRightResizeButton>
        <BottomLeftResizeButton>false</BottomLeftResizeButton>
        <ResizeButtonOffsetX>0</ResizeButtonOffsetX>
        <ResizeButtonOffsetY>0</ResizeButtonOffsetY>
        <TitleWidth>88</TitleWidth>
        <TitleHeight>88</TitleHeight>
        <Width>88</Width>
        <Height>88</Height>
        <ResizeableWidth>0</ResizeableWidth>
        <ResizeableHeight>0</ResizeableHeight>
        <ResizeableTwoWayWidth>0</ResizeableTwoWayWidth>
        <ResizeableTwoWayHeight>0</ResizeableTwoWayHeight>
        <MinWidth>88</MinWidth>
        <MinHeight>88</MinHeight>

        <StatusIconDef>
            <ControlId></ControlId>
            <Position>
                <X>0</X>
                <Y>0</Y>
            </Position>
            <Alignment>
                <TopLeft>true</TopLeft>
            </Alignment>
            <templateName>compass_outer</templateName>
            <adapterName>combat_mode</adapterName>
        </StatusIconDef>

        <StatusIconDef>
            <ControlId></ControlId>
            <Position>
                <X>12</X>
                <Y>12</Y>
            </Position>
            <Alignment>
                <TopLeft>false</TopLeft>
            </Alignment>
            <templateName>compass_status_icon</templateName>
            <adapterName>compass_heading</adapterName>
        </StatusIconDef>

    </WindowTemplate>

</Root_Element>
