<?xml version="1.0" encoding="ISO-8859-1"?>
<Root_Element ID="DAOCUi">

<!-- @@ Edited with the DAoC User Interface Editor v1.71 -->
<!-- @@ Free download available at http://www.bradtownsend.com/daoced -->

  <StatusIconTemplate>
    <Name>mini_grp_power</Name>
    <TextureName>valmer_01</TextureName>
    <TextureStart>
      <X>0</X>
      <Y>38</Y>
    </TextureStart>
    <Width>78</Width>
    <Height>38</Height>
    <MaxLevels>11</MaxLevels>
    <Horizontal>false</Horizontal>
  </StatusIconTemplate>

  <WindowTemplate>
    <Name>mini_group</Name>
    <WindowId>MiniGroup</WindowId>
    <CloseButton>false</CloseButton>
    <MoveButton>false</MoveButton>
    <TopRightResizeButton>false</TopRightResizeButton>
    <BottomRightResizeButton>false</BottomRightResizeButton>
    <BottomLeftResizeButton>false</BottomLeftResizeButton>
    <ResizeButtonOffsetX>0</ResizeButtonOffsetX>
    <ResizeButtonOffsetY>0</ResizeButtonOffsetY>
    <TitleWidth>0</TitleWidth>
    <TitleHeight>0</TitleHeight>
    <Width>156</Width>
    <Height>152</Height>
    <ResizeableWidth>0</ResizeableWidth>
    <ResizeableHeight>0</ResizeableHeight>
    <ResizeableTwoWayWidth>0</ResizeableTwoWayWidth>
    <ResizeableTwoWayHeight>0</ResizeableTwoWayHeight>
    <MinWidth>0</MinWidth>
    <MinHeight>0</MinHeight>

    <!--                           FRAMES                           -->

    <StatusIconDef>
      <ControlId></ControlId>
      <Position>
        <X>0</X>
        <Y>0</Y>
      </Position>
      <Alignment>
        <TopLeft>true</TopLeft>
      </Alignment>
      <TemplateName>mini_grp_power</TemplateName>
      <AdapterName>group_health7</AdapterName>
    </StatusIconDef>

    <StatusIconDef>
      <ControlId></ControlId>
      <Position>
        <X>78</X>
        <Y>0</Y>
      </Position>
      <Alignment>
        <TopLeft>true</TopLeft>
      </Alignment>
      <TemplateName>mini_grp_power</TemplateName>
      <AdapterName>group_health6</AdapterName>
    </StatusIconDef>

    <StatusIconDef>
      <ControlId></ControlId>
      <Position>
        <X>0</X>
        <Y>38</Y>
      </Position>
      <Alignment>
        <TopLeft>true</TopLeft>
      </Alignment>
      <TemplateName>mini_grp_power</TemplateName>
      <AdapterName>group_health5</AdapterName>
    </StatusIconDef>

    <StatusIconDef>
      <ControlId></ControlId>
      <Position>
        <X>78</X>
        <Y>38</Y>
      </Position>
      <Alignment>
        <TopLeft>true</TopLeft>
      </Alignment>
      <TemplateName>mini_grp_power</TemplateName>
      <AdapterName>group_health4</AdapterName>
    </StatusIconDef>

    <StatusIconDef>
      <ControlId></ControlId>
      <Position>
        <X>0</X>
        <Y>76</Y>
      </Position>
      <Alignment>
        <TopLeft>true</TopLeft>
      </Alignment>
      <TemplateName>mini_grp_power</TemplateName>
      <AdapterName>group_health3</AdapterName>
    </StatusIconDef>

    <StatusIconDef>
      <ControlId></ControlId>
      <Position>
        <X>78</X>
        <Y>76</Y>
      </Position>
      <Alignment>
        <TopLeft>true</TopLeft>
      </Alignment>
      <TemplateName>mini_grp_power</TemplateName>
      <AdapterName>group_health2</AdapterName>
    </StatusIconDef>

    <StatusIconDef>
      <ControlId></ControlId>
      <Position>
        <X>0</X>
        <Y>114</Y>
      </Position>
      <Alignment>
        <TopLeft>true</TopLeft>
      </Alignment>
      <TemplateName>mini_grp_power</TemplateName>
      <AdapterName>group_health1</AdapterName>
    </StatusIconDef>

    <StatusIconDef>
      <ControlId></ControlId>
      <Position>
        <X>78</X>
        <Y>114</Y>
      </Position>
      <Alignment>
        <TopLeft>true</TopLeft>
      </Alignment>
      <TemplateName>mini_grp_power</TemplateName>
      <AdapterName>group_health0</AdapterName>
    </StatusIconDef>

    <!--                                Group Member 7                              -->

    <LabelDef>
      <ControlId></ControlId>
      <Position>
        <X>4</X>
        <Y>2</Y>
      </Position>
      <Alignment>
        <TopLeft>true</TopLeft>
      </Alignment>
      <FontName>arial11</FontName>
      <Adapter>group_name7</Adapter>
      <ColorAdapter>group_color7</ColorAdapter>
      <Width>72</Width>
      <Height>18</Height>
      <MaxCharacters>16</MaxCharacters>
      <Color>
        <R>255</R>
        <G>255</G>
        <B>255</B>
        <A>255</A>
      </Color>
      <Data>Merchant</Data>
      <EndAligned>false</EndAligned>
      <TextCentered>false</TextCentered>
    </LabelDef>

    <StatusBarDef>
      <ControlId></ControlId>
      <Position>
        <X>4</X>
        <Y>15</Y>
      </Position>
      <Alignment>
        <TopLeft>true</TopLeft>
      </Alignment>
      <TemplateName>red_status</TemplateName>
      <AdapterName>group_health7</AdapterName>
      <Width>50</Width>
    </StatusBarDef>

    <ScalarLabelDef>
      <ControlId></ControlId>
      <Position>
        <X>57</X>
        <Y>13</Y>
      </Position>
      <Alignment>
        <TopLeft>true</TopLeft>
      </Alignment>
      <FontName>arial11</FontName>
      <Adapter>group_health7</Adapter>
      <ColorAdapter></ColorAdapter>
      <Width>19</Width>
      <Height>12</Height>
      <MaxCharacters>8</MaxCharacters>
      <Color>
        <R>255</R>
        <G>255</G>
        <B>255</B>
        <A>255</A>
      </Color>
      <Data></Data>
      <EndAligned>false</EndAligned>
      <TextCentered>false</TextCentered>
      <DontDrawWhenZero>true</DontDrawWhenZero>
      <DontDrawWhenNegOne>true</DontDrawWhenNegOne>
    </ScalarLabelDef>

    <StatusBarDef>
      <ControlId></ControlId>
      <Position>
        <X>4</X>
        <Y>24</Y>
      </Position>
      <Alignment>
        <TopLeft>true</TopLeft>
      </Alignment>
      <TemplateName>green_status_small</TemplateName>
      <AdapterName>group_endurance7</AdapterName>
      <Width>50</Width>
    </StatusBarDef>

    <StatusBarDef>
      <ControlId></ControlId>
      <Position>
        <X>4</X>
        <Y>29</Y>
      </Position>
      <Alignment>
        <TopLeft>true</TopLeft>
      </Alignment>
      <TemplateName>yellow_status_small</TemplateName>
      <AdapterName>group_power7</AdapterName>
      <Width>50</Width>
    </StatusBarDef>

    <LabelDef>
      <ControlId></ControlId>
      <Position>
        <X>57</X>
        <Y>24</Y>
      </Position>
      <Alignment>
        <TopLeft>true</TopLeft>
      </Alignment>
      <FontName>arial9</FontName>
      <Adapter>group_class7</Adapter>
      <ColorAdapter></ColorAdapter>
      <Width>32</Width>
      <Height>16</Height>
      <MaxCharacters>4</MaxCharacters>
      <Color>
        <R>255</R>
        <G>255</G>
        <B>255</B>
        <A>255</A>
      </Color>
      <Data></Data>
      <EndAligned>false</EndAligned>
      <TextCentered>false</TextCentered>
    </LabelDef>

    <InvisibleButtonDef>
      <ControlId>4000</ControlId>
      <Position>
        <X>2</X>
        <Y>2</Y>
      </Position>
      <Alignment>
        <TopLeft>true</TopLeft>
      </Alignment>
      <Label></Label>
      <OnClickEvent>SelectGroupMember7</OnClickEvent>
      <Width>74</Width>
      <Height>34</Height>
    </InvisibleButtonDef>

    <!--                                END Group Member7                                -->

    <!--                                Group Member 6                                -->

    <LabelDef>
      <ControlId></ControlId>
      <Position>
        <X>83</X>
        <Y>2</Y>
      </Position>
      <Alignment>
        <TopLeft>true</TopLeft>
      </Alignment>
      <FontName>arial11</FontName>
      <Adapter>group_name6</Adapter>
      <ColorAdapter>group_color6</ColorAdapter>
      <Width>72</Width>
      <Height>18</Height>
      <MaxCharacters>16</MaxCharacters>
      <Color>
        <R>255</R>
        <G>255</G>
        <B>255</B>
        <A>255</A>
      </Color>
      <Data>Merchant</Data>
      <EndAligned>false</EndAligned>
      <TextCentered>false</TextCentered>
    </LabelDef>

    <StatusBarDef>
      <ControlId></ControlId>
      <Position>
        <X>82</X>
        <Y>15</Y>
      </Position>
      <Alignment>
        <TopLeft>true</TopLeft>
      </Alignment>
      <TemplateName>red_status</TemplateName>
      <AdapterName>group_health6</AdapterName>
      <Width>50</Width>
    </StatusBarDef>

    <ScalarLabelDef>
      <ControlId></ControlId>
      <Position>
        <X>135</X>
        <Y>13</Y>
      </Position>
      <Alignment>
        <TopLeft>true</TopLeft>
      </Alignment>
      <FontName>arial11</FontName>
      <Adapter>group_health6</Adapter>
      <ColorAdapter></ColorAdapter>
      <Width>19</Width>
      <Height>12</Height>
      <MaxCharacters>8</MaxCharacters>
      <Color>
        <R>255</R>
        <G>255</G>
        <B>255</B>
        <A>255</A>
      </Color>
      <Data></Data>
      <EndAligned>false</EndAligned>
      <TextCentered>false</TextCentered>
      <DontDrawWhenZero>true</DontDrawWhenZero>
      <DontDrawWhenNegOne>true</DontDrawWhenNegOne>
    </ScalarLabelDef>

    <StatusBarDef>
      <ControlId></ControlId>
      <Position>
        <X>82</X>
        <Y>24</Y>
      </Position>
      <Alignment>
        <TopLeft>true</TopLeft>
      </Alignment>
      <TemplateName>green_status_small</TemplateName>
      <AdapterName>group_endurance6</AdapterName>
      <Width>50</Width>
    </StatusBarDef>

    <StatusBarDef>
      <ControlId></ControlId>
      <Position>
        <X>82</X>
        <Y>29</Y>
      </Position>
      <Alignment>
        <TopLeft>true</TopLeft>
      </Alignment>
      <TemplateName>yellow_status_small</TemplateName>
      <AdapterName>group_power6</AdapterName>
      <Width>50</Width>
    </StatusBarDef>

    <LabelDef>
      <ControlId></ControlId>
      <Position>
        <X>135</X>
        <Y>24</Y>
      </Position>
      <Alignment>
        <TopLeft>true</TopLeft>
      </Alignment>
      <FontName>arial9</FontName>
      <Adapter>group_class6</Adapter>
      <ColorAdapter></ColorAdapter>
      <Width>32</Width>
      <Height>16</Height>
      <MaxCharacters>4</MaxCharacters>
      <Color>
        <R>255</R>
        <G>255</G>
        <B>255</B>
        <A>255</A>
      </Color>
      <Data></Data>
      <EndAligned>false</EndAligned>
      <TextCentered>false</TextCentered>
    </LabelDef>

    <InvisibleButtonDef>
      <ControlId>4000</ControlId>
      <Position>
        <X>80</X>
        <Y>2</Y>
      </Position>
      <Alignment>
        <TopLeft>true</TopLeft>
      </Alignment>
      <Label></Label>
      <OnClickEvent>SelectGroupMember6</OnClickEvent>
      <Width>74</Width>
      <Height>34</Height>
    </InvisibleButtonDef>

    <!--                                END Group Member 6                                -->

    <!--                                Group Member 5                                -->

    <LabelDef>
      <ControlId></ControlId>
      <Position>
        <X>4</X>
        <Y>40</Y>
      </Position>
      <Alignment>
        <TopLeft>true</TopLeft>
      </Alignment>
      <FontName>arial11</FontName>
      <Adapter>group_name5</Adapter>
      <ColorAdapter>group_color5</ColorAdapter>
      <Width>72</Width>
      <Height>18</Height>
      <MaxCharacters>16</MaxCharacters>
      <Color>
        <R>255</R>
        <G>255</G>
        <B>255</B>
        <A>255</A>
      </Color>
      <Data>Merchant</Data>
      <EndAligned>false</EndAligned>
      <TextCentered>false</TextCentered>
    </LabelDef>

    <StatusBarDef>
      <ControlId></ControlId>
      <Position>
        <X>4</X>
        <Y>53</Y>
      </Position>
      <Alignment>
        <TopLeft>true</TopLeft>
      </Alignment>
      <TemplateName>red_status</TemplateName>
      <AdapterName>group_health5</AdapterName>
      <Width>50</Width>
    </StatusBarDef>

    <ScalarLabelDef>
      <ControlId></ControlId>
      <Position>
        <X>57</X>
        <Y>51</Y>
      </Position>
      <Alignment>
        <TopLeft>true</TopLeft>
      </Alignment>
      <FontName>arial11</FontName>
      <Adapter>group_health5</Adapter>
      <ColorAdapter></ColorAdapter>
      <Width>19</Width>
      <Height>12</Height>
      <MaxCharacters>8</MaxCharacters>
      <Color>
        <R>255</R>
        <G>255</G>
        <B>255</B>
        <A>255</A>
      </Color>
      <Data></Data>
      <EndAligned>false</EndAligned>
      <TextCentered>false</TextCentered>
      <DontDrawWhenZero>true</DontDrawWhenZero>
      <DontDrawWhenNegOne>true</DontDrawWhenNegOne>
    </ScalarLabelDef>

    <StatusBarDef>
      <ControlId></ControlId>
      <Position>
        <X>4</X>
        <Y>62</Y>
      </Position>
      <Alignment>
        <TopLeft>true</TopLeft>
      </Alignment>
      <TemplateName>green_status_small</TemplateName>
      <AdapterName>group_endurance5</AdapterName>
      <Width>50</Width>
    </StatusBarDef>

    <StatusBarDef>
      <ControlId></ControlId>
      <Position>
        <X>4</X>
        <Y>67</Y>
      </Position>
      <Alignment>
        <TopLeft>true</TopLeft>
      </Alignment>
      <TemplateName>yellow_status_small</TemplateName>
      <AdapterName>group_power5</AdapterName>
      <Width>50</Width>
    </StatusBarDef>

    <LabelDef>
      <ControlId></ControlId>
      <Position>
        <X>57</X>
        <Y>62</Y>
      </Position>
      <Alignment>
        <TopLeft>true</TopLeft>
      </Alignment>
      <FontName>arial9</FontName>
      <Adapter>group_class5</Adapter>
      <ColorAdapter></ColorAdapter>
      <Width>32</Width>
      <Height>16</Height>
      <MaxCharacters>4</MaxCharacters>
      <Color>
        <R>255</R>
        <G>255</G>
        <B>255</B>
        <A>255</A>
      </Color>
      <Data></Data>
      <EndAligned>false</EndAligned>
      <TextCentered>false</TextCentered>
    </LabelDef>

    <InvisibleButtonDef>
      <ControlId>4000</ControlId>
      <Position>
        <X>2</X>
        <Y>40</Y>
      </Position>
      <Alignment>
        <TopLeft>true</TopLeft>
      </Alignment>
      <Label></Label>
      <OnClickEvent>SelectGroupMember5</OnClickEvent>
      <Width>74</Width>
      <Height>34</Height>
    </InvisibleButtonDef>

    <!--                                END Group Member 5                                -->

    <!--                                Group Member 4                                -->

    <LabelDef>
      <ControlId></ControlId>
      <Position>
        <X>83</X>
        <Y>40</Y>
      </Position>
      <Alignment>
        <TopLeft>true</TopLeft>
      </Alignment>
      <FontName>arial11</FontName>
      <Adapter>group_name4</Adapter>
      <ColorAdapter>group_color4</ColorAdapter>
      <Width>72</Width>
      <Height>18</Height>
      <MaxCharacters>16</MaxCharacters>
      <Color>
        <R>255</R>
        <G>255</G>
        <B>255</B>
        <A>255</A>
      </Color>
      <Data>Merchant</Data>
      <EndAligned>false</EndAligned>
      <TextCentered>false</TextCentered>
    </LabelDef>

    <StatusBarDef>
      <ControlId></ControlId>
      <Position>
        <X>82</X>
        <Y>53</Y>
      </Position>
      <Alignment>
        <TopLeft>true</TopLeft>
      </Alignment>
      <TemplateName>red_status</TemplateName>
      <AdapterName>group_health4</AdapterName>
      <Width>50</Width>
    </StatusBarDef>

    <ScalarLabelDef>
      <ControlId></ControlId>
      <Position>
        <X>135</X>
        <Y>51</Y>
      </Position>
      <Alignment>
        <TopLeft>true</TopLeft>
      </Alignment>
      <FontName>arial11</FontName>
      <Adapter>group_health4</Adapter>
      <ColorAdapter></ColorAdapter>
      <Width>19</Width>
      <Height>12</Height>
      <MaxCharacters>8</MaxCharacters>
      <Color>
        <R>255</R>
        <G>255</G>
        <B>255</B>
        <A>255</A>
      </Color>
      <Data></Data>
      <EndAligned>false</EndAligned>
      <TextCentered>false</TextCentered>
      <DontDrawWhenZero>true</DontDrawWhenZero>
      <DontDrawWhenNegOne>true</DontDrawWhenNegOne>
    </ScalarLabelDef>

    <StatusBarDef>
      <ControlId></ControlId>
      <Position>
        <X>82</X>
        <Y>62</Y>
      </Position>
      <Alignment>
        <TopLeft>true</TopLeft>
      </Alignment>
      <TemplateName>green_status_small</TemplateName>
      <AdapterName>group_endurance4</AdapterName>
      <Width>50</Width>
    </StatusBarDef>

    <StatusBarDef>
      <ControlId></ControlId>
      <Position>
        <X>82</X>
        <Y>67</Y>
      </Position>
      <Alignment>
        <TopLeft>true</TopLeft>
      </Alignment>
      <TemplateName>yellow_status_small</TemplateName>
      <AdapterName>group_power4</AdapterName>
      <Width>50</Width>
    </StatusBarDef>

    <LabelDef>
      <ControlId></ControlId>
      <Position>
        <X>135</X>
        <Y>62</Y>
      </Position>
      <Alignment>
        <TopLeft>true</TopLeft>
      </Alignment>
      <FontName>arial9</FontName>
      <Adapter>group_class4</Adapter>
      <ColorAdapter></ColorAdapter>
      <Width>32</Width>
      <Height>16</Height>
      <MaxCharacters>4</MaxCharacters>
      <Color>
        <R>204</R>
        <G>204</G>
        <B>204</B>
        <A>255</A>
      </Color>
      <Data></Data>
      <EndAligned>false</EndAligned>
      <TextCentered>false</TextCentered>
    </LabelDef>

    <InvisibleButtonDef>
      <ControlId>4000</ControlId>
      <Position>
        <X>80</X>
        <Y>40</Y>
      </Position>
      <Alignment>
        <TopLeft>true</TopLeft>
      </Alignment>
      <Label></Label>
      <OnClickEvent>SelectGroupMember4</OnClickEvent>
      <Width>74</Width>
      <Height>34</Height>
    </InvisibleButtonDef>

    <!--                                END Group Member 4                                -->

    <!--                                Group Member 3                               -->

    <LabelDef>
      <ControlId></ControlId>
      <Position>
        <X>4</X>
        <Y>78</Y>
      </Position>
      <Alignment>
        <TopLeft>true</TopLeft>
      </Alignment>
      <FontName>arial11</FontName>
      <Adapter>group_name3</Adapter>
      <ColorAdapter>group_color3</ColorAdapter>
      <Width>72</Width>
      <Height>18</Height>
      <MaxCharacters>16</MaxCharacters>
      <Color>
        <R>255</R>
        <G>255</G>
        <B>255</B>
        <A>255</A>
      </Color>
      <Data>Merchant</Data>
      <EndAligned>false</EndAligned>
      <TextCentered>false</TextCentered>
    </LabelDef>

    <StatusBarDef>
      <ControlId></ControlId>
      <Position>
        <X>4</X>
        <Y>91</Y>
      </Position>
      <Alignment>
        <TopLeft>true</TopLeft>
      </Alignment>
      <TemplateName>red_status</TemplateName>
      <AdapterName>group_health3</AdapterName>
      <Width>50</Width>
    </StatusBarDef>

    <ScalarLabelDef>
      <ControlId></ControlId>
      <Position>
        <X>57</X>
        <Y>89</Y>
      </Position>
      <Alignment>
        <TopLeft>true</TopLeft>
      </Alignment>
      <FontName>arial11</FontName>
      <Adapter>group_health3</Adapter>
      <ColorAdapter></ColorAdapter>
      <Width>19</Width>
      <Height>12</Height>
      <MaxCharacters>8</MaxCharacters>
      <Color>
        <R>255</R>
        <G>255</G>
        <B>255</B>
        <A>255</A>
      </Color>
      <Data></Data>
      <EndAligned>false</EndAligned>
      <TextCentered>false</TextCentered>
      <DontDrawWhenZero>true</DontDrawWhenZero>
      <DontDrawWhenNegOne>true</DontDrawWhenNegOne>
    </ScalarLabelDef>

    <StatusBarDef>
      <ControlId></ControlId>
      <Position>
        <X>4</X>
        <Y>100</Y>
      </Position>
      <Alignment>
        <TopLeft>true</TopLeft>
      </Alignment>
      <TemplateName>green_status_small</TemplateName>
      <AdapterName>group_endurance3</AdapterName>
      <Width>50</Width>
    </StatusBarDef>

    <StatusBarDef>
      <ControlId></ControlId>
      <Position>
        <X>4</X>
        <Y>105</Y>
      </Position>
      <Alignment>
        <TopLeft>true</TopLeft>
      </Alignment>
      <TemplateName>yellow_status_small</TemplateName>
      <AdapterName>group_power3</AdapterName>
      <Width>50</Width>
    </StatusBarDef>

    <LabelDef>
      <ControlId></ControlId>
      <Position>
        <X>57</X>
        <Y>100</Y>
      </Position>
      <Alignment>
        <TopLeft>true</TopLeft>
      </Alignment>
      <FontName>arial9</FontName>
      <Adapter>group_class3</Adapter>
      <ColorAdapter></ColorAdapter>
      <Width>32</Width>
      <Height>16</Height>
      <MaxCharacters>4</MaxCharacters>
      <Color>
        <R>204</R>
        <G>204</G>
        <B>204</B>
        <A>255</A>
      </Color>
      <Data></Data>
      <EndAligned>false</EndAligned>
      <TextCentered>false</TextCentered>
    </LabelDef>

    <InvisibleButtonDef>
      <ControlId>4000</ControlId>
      <Position>
        <X>2</X>
        <Y>78</Y>
      </Position>
      <Alignment>
        <TopLeft>true</TopLeft>
      </Alignment>
      <Label></Label>
      <OnClickEvent>SelectGroupMember3</OnClickEvent>
      <Width>74</Width>
      <Height>34</Height>
    </InvisibleButtonDef>

    <!--                                END Group Member 3                                -->

    <!--                                Group Member 2                                -->

    <LabelDef>
      <ControlId></ControlId>
      <Position>
        <X>83</X>
        <Y>78</Y>
      </Position>
      <Alignment>
        <TopLeft>true</TopLeft>
      </Alignment>
      <FontName>arial11</FontName>
      <Adapter>group_name2</Adapter>
      <ColorAdapter>group_color2</ColorAdapter>
      <Width>72</Width>
      <Height>18</Height>
      <MaxCharacters>16</MaxCharacters>
      <Color>
        <R>255</R>
        <G>255</G>
        <B>255</B>
        <A>255</A>
      </Color>
      <Data>Merchant</Data>
      <EndAligned>false</EndAligned>
      <TextCentered>false</TextCentered>
    </LabelDef>

    <StatusBarDef>
      <ControlId></ControlId>
      <Position>
        <X>82</X>
        <Y>91</Y>
      </Position>
      <Alignment>
        <TopLeft>true</TopLeft>
      </Alignment>
      <TemplateName>red_status</TemplateName>
      <AdapterName>group_health2</AdapterName>
      <Width>50</Width>
    </StatusBarDef>

    <ScalarLabelDef>
      <ControlId></ControlId>
      <Position>
        <X>135</X>
        <Y>89</Y>
      </Position>
      <Alignment>
        <TopLeft>true</TopLeft>
      </Alignment>
      <FontName>arial11</FontName>
      <Adapter>group_health2</Adapter>
      <ColorAdapter></ColorAdapter>
      <Width>19</Width>
      <Height>12</Height>
      <MaxCharacters>8</MaxCharacters>
      <Color>
        <R>255</R>
        <G>255</G>
        <B>255</B>
        <A>255</A>
      </Color>
      <Data></Data>
      <EndAligned>false</EndAligned>
      <TextCentered>false</TextCentered>
      <DontDrawWhenZero>true</DontDrawWhenZero>
      <DontDrawWhenNegOne>true</DontDrawWhenNegOne>
    </ScalarLabelDef>

    <StatusBarDef>
      <ControlId></ControlId>
      <Position>
        <X>82</X>
        <Y>100</Y>
      </Position>
      <Alignment>
        <TopLeft>true</TopLeft>
      </Alignment>
      <TemplateName>green_status_small</TemplateName>
      <AdapterName>group_endurance2</AdapterName>
      <Width>50</Width>
    </StatusBarDef>

    <StatusBarDef>
      <ControlId></ControlId>
      <Position>
        <X>82</X>
        <Y>105</Y>
      </Position>
      <Alignment>
        <TopLeft>true</TopLeft>
      </Alignment>
      <TemplateName>yellow_status_small</TemplateName>
      <AdapterName>group_power2</AdapterName>
      <Width>50</Width>
    </StatusBarDef>

    <LabelDef>
      <ControlId></ControlId>
      <Position>
        <X>135</X>
        <Y>100</Y>
      </Position>
      <Alignment>
        <TopLeft>true</TopLeft>
      </Alignment>
      <FontName>arial9</FontName>
      <Adapter>group_class2</Adapter>
      <ColorAdapter></ColorAdapter>
      <Width>32</Width>
      <Height>16</Height>
      <MaxCharacters>4</MaxCharacters>
      <Color>
        <R>255</R>
        <G>255</G>
        <B>255</B>
        <A>255</A>
      </Color>
      <Data></Data>
      <EndAligned>false</EndAligned>
      <TextCentered>false</TextCentered>
    </LabelDef>

    <InvisibleButtonDef>
      <ControlId>4000</ControlId>
      <Position>
        <X>80</X>
        <Y>78</Y>
      </Position>
      <Alignment>
        <TopLeft>true</TopLeft>
      </Alignment>
      <Label></Label>
      <OnClickEvent>SelectGroupMember2</OnClickEvent>
      <Width>74</Width>
      <Height>34</Height>
    </InvisibleButtonDef>

    <!--                                END Group Member 2                                -->

    <!--                                Group Member 1                                -->

    <LabelDef>
      <ControlId></ControlId>
      <Position>
        <X>4</X>
        <Y>116</Y>
      </Position>
      <Alignment>
        <TopLeft>true</TopLeft>
      </Alignment>
      <FontName>arial11</FontName>
      <Adapter>group_name1</Adapter>
      <ColorAdapter>group_color1</ColorAdapter>
      <Width>72</Width>
      <Height>18</Height>
      <MaxCharacters>16</MaxCharacters>
      <Color>
        <R>255</R>
        <G>255</G>
        <B>255</B>
        <A>255</A>
      </Color>
      <Data>Merchant</Data>
      <EndAligned>false</EndAligned>
      <TextCentered>false</TextCentered>
    </LabelDef>

    <StatusBarDef>
      <ControlId></ControlId>
      <Position>
        <X>4</X>
        <Y>129</Y>
      </Position>
      <Alignment>
        <TopLeft>true</TopLeft>
      </Alignment>
      <TemplateName>red_status</TemplateName>
      <AdapterName>group_health1</AdapterName>
      <Width>50</Width>
    </StatusBarDef>

    <ScalarLabelDef>
      <ControlId></ControlId>
      <Position>
        <X>57</X>
        <Y>127</Y>
      </Position>
      <Alignment>
        <TopLeft>true</TopLeft>
      </Alignment>
      <FontName>arial11</FontName>
      <Adapter>group_health1</Adapter>
      <ColorAdapter></ColorAdapter>
      <Width>19</Width>
      <Height>12</Height>
      <MaxCharacters>8</MaxCharacters>
      <Color>
        <R>255</R>
        <G>255</G>
        <B>255</B>
        <A>255</A>
      </Color>
      <Data></Data>
      <EndAligned>false</EndAligned>
      <TextCentered>false</TextCentered>
      <DontDrawWhenZero>true</DontDrawWhenZero>
      <DontDrawWhenNegOne>true</DontDrawWhenNegOne>
    </ScalarLabelDef>

    <StatusBarDef>
      <ControlId></ControlId>
      <Position>
        <X>4</X>
        <Y>138</Y>
      </Position>
      <Alignment>
        <TopLeft>true</TopLeft>
      </Alignment>
      <TemplateName>green_status_small</TemplateName>
      <AdapterName>group_endurance1</AdapterName>
      <Width>50</Width>
    </StatusBarDef>

    <StatusBarDef>
      <ControlId></ControlId>
      <Position>
        <X>4</X>
        <Y>143</Y>
      </Position>
      <Alignment>
        <TopLeft>true</TopLeft>
      </Alignment>
      <TemplateName>yellow_status_small</TemplateName>
      <AdapterName>group_power1</AdapterName>
      <Width>50</Width>
    </StatusBarDef>

    <LabelDef>
      <ControlId></ControlId>
      <Position>
        <X>57</X>
        <Y>138</Y>
      </Position>
      <Alignment>
        <TopLeft>true</TopLeft>
      </Alignment>
      <FontName>arial9</FontName>
      <Adapter>group_class1</Adapter>
      <ColorAdapter></ColorAdapter>
      <Width>32</Width>
      <Height>16</Height>
      <MaxCharacters>4</MaxCharacters>
      <Color>
        <R>255</R>
        <G>255</G>
        <B>255</B>
        <A>255</A>
      </Color>
      <Data></Data>
      <EndAligned>false</EndAligned>
      <TextCentered>false</TextCentered>
    </LabelDef>

    <InvisibleButtonDef>
      <ControlId>4000</ControlId>
      <Position>
        <X>2</X>
        <Y>116</Y>
      </Position>
      <Alignment>
        <TopLeft>true</TopLeft>
      </Alignment>
      <Label></Label>
      <OnClickEvent>SelectGroupMember1</OnClickEvent>
      <Width>74</Width>
      <Height>34</Height>
    </InvisibleButtonDef>

    <!--                                END Group Member 1                                -->

    <!--                                Group Member 0                                -->

    <LabelDef>
      <ControlId></ControlId>
      <Position>
        <X>83</X>
        <Y>116</Y>
      </Position>
      <Alignment>
        <TopLeft>true</TopLeft>
      </Alignment>
      <FontName>arial11</FontName>
      <Adapter>group_name0</Adapter>
      <ColorAdapter>group_color0</ColorAdapter>
      <Width>72</Width>
      <Height>18</Height>
      <MaxCharacters>16</MaxCharacters>
      <Color>
        <R>255</R>
        <G>255</G>
        <B>255</B>
        <A>255</A>
      </Color>
      <Data>Merchant</Data>
      <EndAligned>false</EndAligned>
      <TextCentered>false</TextCentered>
    </LabelDef>

    <StatusBarDef>
      <ControlId></ControlId>
      <Position>
        <X>82</X>
        <Y>129</Y>
      </Position>
      <Alignment>
        <TopLeft>true</TopLeft>
        <GrowWidth>true</GrowWidth>
      </Alignment>
      <TemplateName>red_status</TemplateName>
      <AdapterName>group_health0</AdapterName>
      <Width>50</Width>
    </StatusBarDef>

    <ScalarLabelDef>
      <ControlId></ControlId>
      <Position>
        <X>135</X>
        <Y>127</Y>
      </Position>
      <Alignment>
        <TopLeft>true</TopLeft>
      </Alignment>
      <FontName>arial11</FontName>
      <Adapter>group_health0</Adapter>
      <ColorAdapter></ColorAdapter>
      <Width>19</Width>
      <Height>12</Height>
      <MaxCharacters>8</MaxCharacters>
      <Color>
        <R>255</R>
        <G>255</G>
        <B>255</B>
        <A>255</A>
      </Color>
      <Data></Data>
      <EndAligned>false</EndAligned>
      <TextCentered>false</TextCentered>
      <DontDrawWhenZero>true</DontDrawWhenZero>
      <DontDrawWhenNegOne>true</DontDrawWhenNegOne>
    </ScalarLabelDef>

    <StatusBarDef>
      <ControlId></ControlId>
      <Position>
        <X>82</X>
        <Y>138</Y>
      </Position>
      <Alignment>
        <TopLeft>true</TopLeft>
      </Alignment>
      <TemplateName>green_status_small</TemplateName>
      <AdapterName>group_endurance0</AdapterName>
      <Width>50</Width>
    </StatusBarDef>

    <StatusBarDef>
      <ControlId></ControlId>
      <Position>
        <X>82</X>
        <Y>143</Y>
      </Position>
      <Alignment>
        <TopLeft>true</TopLeft>
      </Alignment>
      <TemplateName>yellow_status_small</TemplateName>
      <AdapterName>group_power0</AdapterName>
      <Width>50</Width>
    </StatusBarDef>

    <LabelDef>
      <ControlId></ControlId>
      <Position>
        <X>135</X>
        <Y>138</Y>
      </Position>
      <Alignment>
        <TopLeft>true</TopLeft>
      </Alignment>
      <FontName>arial9</FontName>
      <Adapter>group_class0</Adapter>
      <ColorAdapter></ColorAdapter>
      <Width>32</Width>
      <Height>16</Height>
      <MaxCharacters>4</MaxCharacters>
      <Color>
        <R>255</R>
        <G>255</G>
        <B>255</B>
        <A>255</A>
      </Color>
      <Data></Data>
      <EndAligned>false</EndAligned>
      <TextCentered>false</TextCentered>
    </LabelDef>

    <InvisibleButtonDef>
      <ControlId>4000</ControlId>
      <Position>
        <X>78</X>
        <Y>116</Y>
      </Position>
      <Alignment>
        <TopLeft>true</TopLeft>
      </Alignment>
      <Label></Label>
      <OnClickEvent>SelectGroupMember0</OnClickEvent>
      <Width>74</Width>
      <Height>34</Height>
    </InvisibleButtonDef>

    <!--                                END Group Member 0                                -->

  </WindowTemplate>

</Root_Element>
