<?xml version="1.0" encoding="ISO-8859-1"?>
<Root_Element ID="DAOCUi">
	<IconSetTemplate>
		<Name>group_buffs_iconset</Name>
		<CellPadding>0</CellPadding>
		<LinePadding>0</LinePadding>
		<IconTemplate>plain_icon_small</IconTemplate>
	</IconSetTemplate>
	<WindowTemplate>
		<Name>group_buffs</Name>
		<CloseButton>true</CloseButton>
		<MoveButton>true</MoveButton>
		<Width>280</Width>
		<Height>370</Height>
		<TitleWidth>280</TitleWidth>
		<TitleHeight>18</TitleHeight>
		<ResizeableWidth>0</ResizeableWidth>
		<ResizeableHeight>0</ResizeableHeight>
		<ResizeableTwoWayWidth>0</ResizeableTwoWayWidth>
		<ResizeableTwoWayHeight>0</ResizeableTwoWayHeight>
		<MinWidth>0</MinWidth>
		<MinHeight>0</MinHeight>
		<FullResizeImageDef>
			<Width>280</Width>
			<Height>370</Height>
			<Position>
				<X>0</X>
				<Y>0</Y>
			</Position>
			<TemplateName>valmer_box</TemplateName>
			<Alignment>
				<GrowWidth>true</GrowWidth>
				<GrowHeight>true</GrowHeight>
			</Alignment>
		</FullResizeImageDef>
		<LabelDef>
			<Color>
		                <R>255</R>
                		<G>192</G>
		                <B>0</B>
				<A>255</A>
			</Color>
			<FontName>arial11</FontName>
			<Width>280</Width>
			<Height>16</Height>
			<MaxCharacters>50</MaxCharacters>
			<Data>Benefici di Gruppo</Data>
			<Position>
				<X>0</X>
				<Y>4</Y>
			</Position>
			<Alignment>
				<CenterHorizontally>true</CenterHorizontally>
			</Alignment>
		</LabelDef>
		<LabelDef>
			<Color>
				<R>255</R>
				<G>255</G>
				<B>255</B>
				<A>255</A>
			</Color>
			<FontName>arial11</FontName>
			<Width>128</Width>
			<Height>16</Height>
			<MaxCharacters>128</MaxCharacters>
			<Data>Group member 0</Data>
			<Position>
				<X>7</X>
				<Y>25</Y>
			</Position>
			<Adapter>group_name0</Adapter>
			<ColorAdapter>group_color0</ColorAdapter>
		</LabelDef>
		<LabelDef>
			<Color>
				<R>192</R>
				<G>192</G>
				<B>192</B>
				<A>255</A>
			</Color>
			<FontName>arial9</FontName>
			<Width>128</Width>
			<Height>16</Height>
			<MaxCharacters>128</MaxCharacters>
			<Data>Group class 0</Data>
			<Position>
				<X>7</X>
				<Y>37</Y>
			</Position>
			<Adapter>group_class0</Adapter>
		</LabelDef>
		<ScalarLabelDef>
			<Color>
				<R>192</R>
				<G>192</G>
				<B>192</B>
				<A>255</A>
			</Color>
			<FontName>arial9</FontName>
			<Width>128</Width>
			<Height>16</Height>
			<MaxCharacters>128</MaxCharacters>
			<Position>
				<X>119</X>
				<Y>37</Y>
			</Position>
			<Adapter>group_level0</Adapter>
			<DontDrawWhenZero>true</DontDrawWhenZero>
		</ScalarLabelDef>
		<IconSetDef>
			<Rows>3</Rows>
			<Columns>8</Columns>
			<BaseAdapterName>group_0icon</BaseAdapterName>
			<TemplateName>group_buffs_iconset</TemplateName>
			<Position>
				<X>7</X>
				<Y>50</Y>
			</Position>
		</IconSetDef>
		<InvisibleButtonDef>
			<OnClickEvent>SelectGroupMember0</OnClickEvent>
			<Width>128</Width>
			<Height>73</Height>
			<Position>
				<X>7</X>
				<Y>25</Y>
			</Position>
		</InvisibleButtonDef>
		<LabelDef>
			<Color>
				<R>255</R>
				<G>255</G>
				<B>255</B>
				<A>255</A>
			</Color>
			<FontName>arial11</FontName>
			<Width>128</Width>
			<Height>16</Height>
			<MaxCharacters>128</MaxCharacters>
			<Data>Group member 1</Data>
			<Position>
				<X>145</X>
				<Y>25</Y>
			</Position>
			<Adapter>group_name1</Adapter>
			<ColorAdapter>group_color1</ColorAdapter>
		</LabelDef>
		<LabelDef>
			<Color>
				<R>192</R>
				<G>192</G>
				<B>192</B>
				<A>255</A>
			</Color>
			<FontName>arial9</FontName>
			<Width>128</Width>
			<Height>16</Height>
			<MaxCharacters>128</MaxCharacters>
			<Data>Group class 1</Data>
			<Position>
				<X>145</X>
				<Y>37</Y>
			</Position>
			<Adapter>group_class1</Adapter>
		</LabelDef>
		<ScalarLabelDef>
			<Color>
				<R>192</R>
				<G>192</G>
				<B>192</B>
				<A>255</A>
			</Color>
			<FontName>arial9</FontName>
			<Width>128</Width>
			<Height>16</Height>
			<MaxCharacters>128</MaxCharacters>
			<Position>
				<X>257</X>
				<Y>37</Y>
			</Position>
			<Adapter>group_level1</Adapter>
			<DontDrawWhenZero>true</DontDrawWhenZero>
		</ScalarLabelDef>
		<IconSetDef>
			<Rows>3</Rows>
			<Columns>8</Columns>
			<BaseAdapterName>group_1icon</BaseAdapterName>
			<TemplateName>group_buffs_iconset</TemplateName>
			<Position>
				<X>145</X>
				<Y>50</Y>
			</Position>
		</IconSetDef>
		<InvisibleButtonDef>
			<OnClickEvent>SelectGroupMember1</OnClickEvent>
			<Width>128</Width>
			<Height>73</Height>
			<Position>
				<X>145</X>
				<Y>25</Y>
			</Position>
		</InvisibleButtonDef>
		<LabelDef>
			<Color>
				<R>255</R>
				<G>255</G>
				<B>255</B>
				<A>255</A>
			</Color>
			<FontName>arial11</FontName>
			<Width>128</Width>
			<Height>16</Height>
			<MaxCharacters>128</MaxCharacters>
			<Data>Group member 2</Data>
			<Position>
				<X>7</X>
				<Y>108</Y>
			</Position>
			<Adapter>group_name2</Adapter>
			<ColorAdapter>group_color2</ColorAdapter>
		</LabelDef>
		<LabelDef>
			<Color>
				<R>192</R>
				<G>192</G>
				<B>192</B>
				<A>255</A>
			</Color>
			<FontName>arial9</FontName>
			<Width>128</Width>
			<Height>16</Height>
			<MaxCharacters>128</MaxCharacters>
			<Data>Group class 2</Data>
			<Position>
				<X>7</X>
				<Y>120</Y>
			</Position>
			<Adapter>group_class2</Adapter>
		</LabelDef>
		<ScalarLabelDef>
			<Color>
				<R>192</R>
				<G>192</G>
				<B>192</B>
				<A>255</A>
			</Color>
			<FontName>arial9</FontName>
			<Width>128</Width>
			<Height>16</Height>
			<MaxCharacters>128</MaxCharacters>
			<Position>
				<X>119</X>
				<Y>120</Y>
			</Position>
			<Adapter>group_level2</Adapter>
			<DontDrawWhenZero>true</DontDrawWhenZero>
		</ScalarLabelDef>
		<IconSetDef>
			<Rows>3</Rows>
			<Columns>8</Columns>
			<BaseAdapterName>group_2icon</BaseAdapterName>
			<TemplateName>group_buffs_iconset</TemplateName>
			<Position>
				<X>7</X>
				<Y>133</Y>
			</Position>
		</IconSetDef>
		<InvisibleButtonDef>
			<OnClickEvent>SelectGroupMember2</OnClickEvent>
			<Width>128</Width>
			<Height>73</Height>
			<Position>
				<X>7</X>
				<Y>108</Y>
			</Position>
		</InvisibleButtonDef>
		<LabelDef>
			<Color>
				<R>255</R>
				<G>255</G>
				<B>255</B>
				<A>255</A>
			</Color>
			<FontName>arial11</FontName>
			<Width>128</Width>
			<Height>16</Height>
			<MaxCharacters>128</MaxCharacters>
			<Data>Group member 3</Data>
			<Position>
				<X>145</X>
				<Y>108</Y>
			</Position>
			<Adapter>group_name3</Adapter>
			<ColorAdapter>group_color3</ColorAdapter>
		</LabelDef>
		<LabelDef>
			<Color>
				<R>192</R>
				<G>192</G>
				<B>192</B>
				<A>255</A>
			</Color>
			<FontName>arial9</FontName>
			<Width>128</Width>
			<Height>16</Height>
			<MaxCharacters>128</MaxCharacters>
			<Data>Group class 3</Data>
			<Position>
				<X>145</X>
				<Y>120</Y>
			</Position>
			<Adapter>group_class3</Adapter>
		</LabelDef>
		<ScalarLabelDef>
			<Color>
				<R>192</R>
				<G>192</G>
				<B>192</B>
				<A>255</A>
			</Color>
			<FontName>arial9</FontName>
			<Width>128</Width>
			<Height>16</Height>
			<MaxCharacters>128</MaxCharacters>
			<Position>
				<X>257</X>
				<Y>120</Y>
			</Position>
			<Adapter>group_level3</Adapter>
			<DontDrawWhenZero>true</DontDrawWhenZero>
		</ScalarLabelDef>
		<IconSetDef>
			<Rows>3</Rows>
			<Columns>8</Columns>
			<BaseAdapterName>group_3icon</BaseAdapterName>
			<TemplateName>group_buffs_iconset</TemplateName>
			<Position>
				<X>145</X>
				<Y>133</Y>
			</Position>
		</IconSetDef>
		<InvisibleButtonDef>
			<OnClickEvent>SelectGroupMember3</OnClickEvent>
			<Width>128</Width>
			<Height>73</Height>
			<Position>
				<X>145</X>
				<Y>108</Y>
			</Position>
		</InvisibleButtonDef>
		<LabelDef>
			<Color>
				<R>255</R>
				<G>255</G>
				<B>255</B>
				<A>255</A>
			</Color>
			<FontName>arial11</FontName>
			<Width>128</Width>
			<Height>16</Height>
			<MaxCharacters>128</MaxCharacters>
			<Data>Group member 4</Data>
			<Position>
				<X>7</X>
				<Y>191</Y>
			</Position>
			<Adapter>group_name4</Adapter>
			<ColorAdapter>group_color4</ColorAdapter>
		</LabelDef>
		<LabelDef>
			<Color>
				<R>192</R>
				<G>192</G>
				<B>192</B>
				<A>255</A>
			</Color>
			<FontName>arial9</FontName>
			<Width>128</Width>
			<Height>16</Height>
			<MaxCharacters>128</MaxCharacters>
			<Data>Group class 4</Data>
			<Position>
				<X>7</X>
				<Y>203</Y>
			</Position>
			<Adapter>group_class4</Adapter>
		</LabelDef>
		<ScalarLabelDef>
			<Color>
				<R>192</R>
				<G>192</G>
				<B>192</B>
				<A>255</A>
			</Color>
			<FontName>arial9</FontName>
			<Width>128</Width>
			<Height>16</Height>
			<MaxCharacters>128</MaxCharacters>
			<Position>
				<X>119</X>
				<Y>203</Y>
			</Position>
			<Adapter>group_level4</Adapter>
			<DontDrawWhenZero>true</DontDrawWhenZero>
		</ScalarLabelDef>
		<IconSetDef>
			<Rows>3</Rows>
			<Columns>8</Columns>
			<BaseAdapterName>group_4icon</BaseAdapterName>
			<TemplateName>group_buffs_iconset</TemplateName>
			<Position>
				<X>7</X>
				<Y>216</Y>
			</Position>
		</IconSetDef>
		<InvisibleButtonDef>
			<OnClickEvent>SelectGroupMember4</OnClickEvent>
			<Width>128</Width>
			<Height>73</Height>
			<Position>
				<X>7</X>
				<Y>191</Y>
			</Position>
		</InvisibleButtonDef>
		<LabelDef>
			<Color>
				<R>255</R>
				<G>255</G>
				<B>255</B>
				<A>255</A>
			</Color>
			<FontName>arial11</FontName>
			<Width>128</Width>
			<Height>16</Height>
			<MaxCharacters>128</MaxCharacters>
			<Data>Group member 5</Data>
			<Position>
				<X>145</X>
				<Y>191</Y>
			</Position>
			<Adapter>group_name5</Adapter>
			<ColorAdapter>group_color5</ColorAdapter>
		</LabelDef>
		<LabelDef>
			<Color>
				<R>192</R>
				<G>192</G>
				<B>192</B>
				<A>255</A>
			</Color>
			<FontName>arial9</FontName>
			<Width>128</Width>
			<Height>16</Height>
			<MaxCharacters>128</MaxCharacters>
			<Data>Group class 5</Data>
			<Position>
				<X>145</X>
				<Y>203</Y>
			</Position>
			<Adapter>group_class5</Adapter>
		</LabelDef>
		<ScalarLabelDef>
			<Color>
				<R>192</R>
				<G>192</G>
				<B>192</B>
				<A>255</A>
			</Color>
			<FontName>arial9</FontName>
			<Width>128</Width>
			<Height>16</Height>
			<MaxCharacters>128</MaxCharacters>
			<Position>
				<X>257</X>
				<Y>203</Y>
			</Position>
			<Adapter>group_level5</Adapter>
			<DontDrawWhenZero>true</DontDrawWhenZero>
		</ScalarLabelDef>
		<IconSetDef>
			<Rows>3</Rows>
			<Columns>8</Columns>
			<BaseAdapterName>group_5icon</BaseAdapterName>
			<TemplateName>group_buffs_iconset</TemplateName>
			<Position>
				<X>145</X>
				<Y>216</Y>
			</Position>
		</IconSetDef>
		<InvisibleButtonDef>
			<OnClickEvent>SelectGroupMember5</OnClickEvent>
			<Width>128</Width>
			<Height>73</Height>
			<Position>
				<X>145</X>
				<Y>191</Y>
			</Position>
		</InvisibleButtonDef>
		<LabelDef>
			<Color>
				<R>255</R>
				<G>255</G>
				<B>255</B>
				<A>255</A>
			</Color>
			<FontName>arial11</FontName>
			<Width>128</Width>
			<Height>16</Height>
			<MaxCharacters>128</MaxCharacters>
			<Data>Group member 6</Data>
			<Position>
				<X>7</X>
				<Y>274</Y>
			</Position>
			<Adapter>group_name6</Adapter>
			<ColorAdapter>group_color6</ColorAdapter>
		</LabelDef>
		<LabelDef>
			<Color>
				<R>192</R>
				<G>192</G>
				<B>192</B>
				<A>255</A>
			</Color>
			<FontName>arial9</FontName>
			<Width>128</Width>
			<Height>16</Height>
			<MaxCharacters>128</MaxCharacters>
			<Data>Group class 6</Data>
			<Position>
				<X>7</X>
				<Y>286</Y>
			</Position>
			<Adapter>group_class6</Adapter>
		</LabelDef>
		<ScalarLabelDef>
			<Color>
				<R>192</R>
				<G>192</G>
				<B>192</B>
				<A>255</A>
			</Color>
			<FontName>arial9</FontName>
			<Width>128</Width>
			<Height>16</Height>
			<MaxCharacters>128</MaxCharacters>
			<Position>
				<X>119</X>
				<Y>286</Y>
			</Position>
			<Adapter>group_level6</Adapter>
			<DontDrawWhenZero>true</DontDrawWhenZero>
		</ScalarLabelDef>
		<IconSetDef>
			<Rows>3</Rows>
			<Columns>8</Columns>
			<BaseAdapterName>group_6icon</BaseAdapterName>
			<TemplateName>group_buffs_iconset</TemplateName>
			<Position>
				<X>7</X>
				<Y>299</Y>
			</Position>
		</IconSetDef>
		<InvisibleButtonDef>
			<OnClickEvent>SelectGroupMember6</OnClickEvent>
			<Width>128</Width>
			<Height>73</Height>
			<Position>
				<X>7</X>
				<Y>274</Y>
			</Position>
		</InvisibleButtonDef>
		<LabelDef>
			<Color>
				<R>255</R>
				<G>255</G>
				<B>255</B>
				<A>255</A>
			</Color>
			<FontName>arial11</FontName>
			<Width>128</Width>
			<Height>16</Height>
			<MaxCharacters>128</MaxCharacters>
			<Data>Group member 7</Data>
			<Position>
				<X>145</X>
				<Y>274</Y>
			</Position>
			<Adapter>group_name7</Adapter>
			<ColorAdapter>group_color7</ColorAdapter>
		</LabelDef>
		<LabelDef>
			<Color>
				<R>192</R>
				<G>192</G>
				<B>192</B>
				<A>255</A>
			</Color>
			<FontName>arial9</FontName>
			<Width>128</Width>
			<Height>16</Height>
			<MaxCharacters>128</MaxCharacters>
			<Data>Group class 7</Data>
			<Position>
				<X>145</X>
				<Y>286</Y>
			</Position>
			<Adapter>group_class7</Adapter>
		</LabelDef>
		<ScalarLabelDef>
			<Color>
				<R>192</R>
				<G>192</G>
				<B>192</B>
				<A>255</A>
			</Color>
			<FontName>arial9</FontName>
			<Width>128</Width>
			<Height>16</Height>
			<MaxCharacters>128</MaxCharacters>
			<Position>
				<X>257</X>
				<Y>286</Y>
			</Position>
			<Adapter>group_level7</Adapter>
			<DontDrawWhenZero>true</DontDrawWhenZero>
		</ScalarLabelDef>
		<IconSetDef>
			<Rows>3</Rows>
			<Columns>8</Columns>
			<BaseAdapterName>group_7icon</BaseAdapterName>
			<TemplateName>group_buffs_iconset</TemplateName>
			<Position>
				<X>145</X>
				<Y>299</Y>
			</Position>
		</IconSetDef>
		<InvisibleButtonDef>
			<OnClickEvent>SelectGroupMember7</OnClickEvent>
			<Width>128</Width>
			<Height>73</Height>
			<Position>
				<X>145</X>
				<Y>274</Y>
			</Position>
		</InvisibleButtonDef>
	</WindowTemplate>
</Root_Element>
