<?xml version="1.0" encoding="ISO-8859-1"?>
<Root_Element ID="DAOCUi">

<!-- @@ Edited with the DAoC User Interface Editor v1.76b -->
<!-- @@ Free download available at http://www.bradtownsend.com/daoced -->

  <WindowTemplate>
    <Name>mini_pet</Name>
    <WindowId>MiniPet</WindowId>
    <CloseButton>true</CloseButton>
    <MoveButton>true</MoveButton>
    <TopRightResizeButton>false</TopRightResizeButton>
    <BottomRightResizeButton>false</BottomRightResizeButton>
    <BottomLeftResizeButton>false</BottomLeftResizeButton>
    <ResizeButtonOffsetX>0</ResizeButtonOffsetX>
    <ResizeButtonOffsetY>0</ResizeButtonOffsetY>
    <TitleWidth>0</TitleWidth>
    <TitleHeight>0</TitleHeight>
    <Width>78</Width>
    <Height>200</Height>
    <ResizeableWidth>0</ResizeableWidth>
    <ResizeableHeight>0</ResizeableHeight>
    <ResizeableTwoWayWidth>0</ResizeableTwoWayWidth>
    <ResizeableTwoWayHeight>0</ResizeableTwoWayHeight>
    <MinWidth>0</MinWidth>
    <MinHeight>0</MinHeight>

    <FullResizeImageDef>
      <ControlId>Background</ControlId>
      <Position>
        <X>0</X>
        <Y>0</Y>
      </Position>
      <Alignment>
        <GrowWidth>true</GrowWidth>
        <GrowHeight>true</GrowHeight>
      </Alignment>
      <TemplateName>valmer_tranbox</TemplateName>
      <Width>78</Width>
      <Height>200</Height>
    </FullResizeImageDef>

    <LabelDef>
      <ControlId></ControlId>
      <Position>
        <X>0</X>
        <Y>4</Y>
      </Position>
      <Alignment>
        <CenterHorizontally>true</CenterHorizontally>
      </Alignment>
      <Color>
        <R>255</R>
        <G>255</G>
        <B>255</B>
        <A>255</A>
      </Color>
      <FontName>arial9</FontName>
      <Width>78</Width>
      <Height>16</Height>
      <ColorAdapter></ColorAdapter>
      <MaxCharacters>64</MaxCharacters>
      <Data></Data>
      <EndAligned>false</EndAligned>
      <TextCentered>false</TextCentered>
      <Adapter>mini_pet_title</Adapter>
    </LabelDef>

    <StatusBarDef>
      <ControlId></ControlId>
      <Position>
        <X>4</X>
        <Y>17</Y>
      </Position>
      <Alignment>
        <CenterHorizontally>true</CenterHorizontally>
      </Alignment>
      <TemplateName>red_status</TemplateName>
      <AdapterName>mini_pet_life</AdapterName>
      <Width>68</Width>
    </StatusBarDef>

    <ImageAreaDef>
      <ControlId></ControlId>
      <Position>
        <X>3</X>
        <Y>17</Y>
      </Position>
      <Alignment>
        <TopLeft>true</TopLeft>
      </Alignment>
      <TemplateName>sm_horiz_endcap_left_thin</TemplateName>
    </ImageAreaDef>

    <ImageAreaDef>
      <ControlId></ControlId>
      <Position>
        <X>3</X>
        <Y>17</Y>
      </Position>
      <Alignment>
        <OffsetRight>true</OffsetRight>
      </Alignment>
      <TemplateName>sm_horiz_endcap_right_thin</TemplateName>
    </ImageAreaDef>

    <ScalarLabelDef>
      <ControlId></ControlId>
      <Position>
        <X>57</X>
        <Y>26</Y>
      </Position>
      <Alignment>
        <TopLeft>true</TopLeft>
      </Alignment>
      <FontName>arial9</FontName>
      <Adapter>mini_pet_life</Adapter>
      <ColorAdapter></ColorAdapter>
      <Width>18</Width>
      <Height>16</Height>
      <MaxCharacters>32</MaxCharacters>
      <Color>
        <R>255</R>
        <G>255</G>
        <B>255</B>
        <A>255</A>
      </Color>
      <Data></Data>
      <EndAligned>true</EndAligned>
      <TextCentered>false</TextCentered>
      <DontDrawWhenZero>false</DontDrawWhenZero>
    </ScalarLabelDef>

    <InvisibleButtonDef>
      <ControlId>1009</ControlId>
      <Position>
        <X>4</X>
        <Y>0</Y>
      </Position>
      <Alignment>
        <TopLeft>true</TopLeft>
      </Alignment>
      <Label></Label>
      <OnClickEvent>PetTarget</OnClickEvent>
      <Width>72</Width>
      <Height>24</Height>
    </InvisibleButtonDef>

    <CheckBoxDef>
      <ControlId>1000</ControlId>
      <Position>
        <X>4</X>
        <Y>31</Y>
      </Position>
      <Alignment>
        <TopLeft>true</TopLeft>
      </Alignment>
      <TemplateName>small_font_check</TemplateName>
      <AdapterName>mini_pet_combat0</AdapterName>
      <TextAdapterName></TextAdapterName>
      <Data>Aggr.</Data>
      <LabelWidth>40</LabelWidth>
      <OnClickEvent></OnClickEvent>
    </CheckBoxDef>

    <CheckBoxDef>
      <ControlId>1001</ControlId>
      <Position>
        <X>4</X>
        <Y>47</Y>
      </Position>
      <Alignment>
        <TopLeft>true</TopLeft>
      </Alignment>
      <TemplateName>small_font_check</TemplateName>
      <AdapterName>mini_pet_combat1</AdapterName>
      <TextAdapterName></TextAdapterName>
      <Data>Difesa</Data>
      <LabelWidth>40</LabelWidth>
      <OnClickEvent></OnClickEvent>
    </CheckBoxDef>

    <CheckBoxDef>
      <ControlId>1002</ControlId>
      <Position>
        <X>4</X>
        <Y>64</Y>
      </Position>
      <Alignment>
        <TopLeft>true</TopLeft>
      </Alignment>
      <TemplateName>small_font_check</TemplateName>
      <AdapterName>mini_pet_combat2</AdapterName>
      <TextAdapterName></TextAdapterName>
      <Data>Passivo</Data>
      <LabelWidth>40</LabelWidth>
      <OnClickEvent></OnClickEvent>
    </CheckBoxDef>

    <CheckBoxDef>
      <ControlId>1003</ControlId>
      <Position>
        <X>4</X>
        <Y>90</Y>
      </Position>
      <Alignment>
        <TopLeft>true</TopLeft>
      </Alignment>
      <TemplateName>small_font_check</TemplateName>
      <AdapterName>mini_pet_movement0</AdapterName>
      <TextAdapterName></TextAdapterName>
      <Data>Segui</Data>
      <LabelWidth>40</LabelWidth>
      <OnClickEvent></OnClickEvent>
    </CheckBoxDef>

    <CheckBoxDef>
      <ControlId>1004</ControlId>
      <Position>
        <X>4</X>
        <Y>107</Y>
      </Position>
      <Alignment>
        <TopLeft>true</TopLeft>
      </Alignment>
      <TemplateName>small_font_check</TemplateName>
      <AdapterName>mini_pet_movement1</AdapterName>
      <TextAdapterName></TextAdapterName>
      <Data>Fermo</Data>
      <LabelWidth>40</LabelWidth>
      <OnClickEvent></OnClickEvent>
    </CheckBoxDef>

    <CheckBoxDef>
      <ControlId>1005</ControlId>
      <Position>
        <X>4</X>
        <Y>124</Y>
      </Position>
      <Alignment>
        <TopLeft>true</TopLeft>
      </Alignment>
      <TemplateName>small_font_check</TemplateName>
      <AdapterName>mini_pet_movement2</AdapterName>
      <TextAdapterName></TextAdapterName>
      <Data>Va Ob.</Data>
      <LabelWidth>40</LabelWidth>
      <OnClickEvent></OnClickEvent>
    </CheckBoxDef>

    <CheckBoxDef>
      <ControlId>1006</ControlId>
      <Position>
        <X>4</X>
        <Y>141</Y>
      </Position>
      <Alignment>
        <TopLeft>true</TopLeft>
      </Alignment>
      <TemplateName>small_font_check</TemplateName>
      <AdapterName>mini_pet_movement3</AdapterName>
      <TextAdapterName></TextAdapterName>
      <Data>Qui</Data>
      <LabelWidth>40</LabelWidth>
      <OnClickEvent></OnClickEvent>
    </CheckBoxDef>

    <ButtonDef>
      <ControlId>1007</ControlId>
      <Position>
        <X>9</X>
        <Y>160</Y>
      </Position>
      <Alignment>
        <TopLeft>true</TopLeft>
      </Alignment>
      <TemplateName>button_large_new</TemplateName>
      <Label>ATTACCA</Label>
      <onClickEvent>PetAttack</onClickEvent>
    </ButtonDef>

    <ButtonDef>
      <ControlId>1008</ControlId>
      <Position>
        <X>9</X>
        <Y>180</Y>
      </Position>
      <Alignment>
        <TopLeft>true</TopLeft>
      </Alignment>
      <TemplateName>button_large_new</TemplateName>
      <Label>Rilascia</Label>
      <onClickEvent>PetRelease</onClickEvent>
    </ButtonDef>

    <IconDef>
      <ControlId></ControlId>
      <Position>
        <X>58</X>
        <Y>40</Y>
      </Position>
      <Alignment>
        <TopLeft>true</TopLeft>
      </Alignment>
      <TemplateName>plain_icon_small</TemplateName>
      <AdapterName>mini_pet_effect0</AdapterName>
      <IconId>0</IconId>
      <Data></Data>
    </IconDef>

    <IconDef>
      <ControlId></ControlId>
      <Position>
        <X>58</X>
        <Y>60</Y>
      </Position>
      <Alignment>
        <TopLeft>true</TopLeft>
      </Alignment>
      <TemplateName>plain_icon_small</TemplateName>
      <AdapterName>mini_pet_effect1</AdapterName>
      <IconId>0</IconId>
      <Data></Data>
    </IconDef>

    <IconDef>
      <ControlId></ControlId>
      <Position>
        <X>58</X>
        <Y>80</Y>
      </Position>
      <Alignment>
        <TopLeft>true</TopLeft>
      </Alignment>
      <TemplateName>plain_icon_small</TemplateName>
      <AdapterName>mini_pet_effect2</AdapterName>
      <IconId>0</IconId>
      <Data></Data>
    </IconDef>

    <IconDef>
      <ControlId></ControlId>
      <Position>
        <X>58</X>
        <Y>100</Y>
      </Position>
      <Alignment>
        <TopLeft>true</TopLeft>
      </Alignment>
      <TemplateName>plain_icon_small</TemplateName>
      <AdapterName>mini_pet_effect3</AdapterName>
      <IconId>0</IconId>
      <Data></Data>
    </IconDef>

    <IconDef>
      <ControlId></ControlId>
      <Position>
        <X>58</X>
        <Y>120</Y>
      </Position>
      <Alignment>
        <TopLeft>true</TopLeft>
      </Alignment>
      <TemplateName>plain_icon_small</TemplateName>
      <AdapterName>mini_pet_effect4</AdapterName>
      <IconId>0</IconId>
      <Data></Data>
    </IconDef>

    <IconDef>
      <ControlId></ControlId>
      <Position>
        <X>58</X>
        <Y>140</Y>
      </Position>
      <Alignment>
        <TopLeft>true</TopLeft>
      </Alignment>
      <TemplateName>plain_icon_small</TemplateName>
      <AdapterName>mini_pet_effect5</AdapterName>
      <IconId>0</IconId>
      <Data></Data>
    </IconDef>

  </WindowTemplate>

</Root_Element>
