<?xml version="1.0" encoding="ISO-8859-1"?>
<Root_Element ID="DAOCUi">

<!-- @@ Edited with the DAoC User Interface Editor v1.76b -->
<!-- @@ Free download available at http://www.bradtownsend.com/daoced -->

  <StatusIconTemplate>
    <Name>mini_group_endurance</Name>
    <TextureName>page3</TextureName>
    <TextureStart>
      <X>190</X>
      <Y>97</Y>
    </TextureStart>
    <Width>8</Width>
    <Height>8</Height>
    <MaxLevels>5</MaxLevels>
    <Horizontal>false</Horizontal>
  </StatusIconTemplate>

  <WindowTemplate>
    <Name>mini_group</Name>
    <WindowId>MiniGroup</WindowId>
    <CloseButton>true</CloseButton>
    <MoveButton>true</MoveButton>
    <TopRightResizeButton>false</TopRightResizeButton>
    <BottomRightResizeButton>false</BottomRightResizeButton>
    <BottomLeftResizeButton>false</BottomLeftResizeButton>
    <ResizeButtonOffsetX>0</ResizeButtonOffsetX>
    <ResizeButtonOffsetY>0</ResizeButtonOffsetY>
    <TitleWidth>128</TitleWidth>
    <TitleHeight>4</TitleHeight>
    <Width>128</Width>
    <Height>106</Height>
    <ResizeableWidth>0</ResizeableWidth>
    <ResizeableHeight>0</ResizeableHeight>
    <ResizeableTwoWayWidth>0</ResizeableTwoWayWidth>
    <ResizeableTwoWayHeight>0</ResizeableTwoWayHeight>
    <MinWidth>0</MinWidth>
    <MinHeight>0</MinHeight>

    <FullResizeImageDef>
      <ControlId>Background</ControlId>
      <Position>
        <X>0</X>
        <Y>0</Y>
      </Position>
      <Alignment>
        <GrowWidth>true</GrowWidth>
        <GrowHeight>true</GrowHeight>
      </Alignment>
      <TemplateName>valmer_box</TemplateName>
      <Width>128</Width>
      <Height>106</Height>
    </FullResizeImageDef>

    <!--group member names-->

    <LabelDef>
      <ControlId>1000</ControlId>
      <Position>
        <X>50</X>
        <Y>5</Y>
      </Position>
      <Alignment>
        <TopLeft>true</TopLeft>
      </Alignment>
      <Color>
        <R>255</R>
        <G>255</G>
        <B>255</B>
        <A>255</A>
      </Color>
      <FontName>arial9</FontName>
      <Width>76</Width>
      <Height>18</Height>
      <ColorAdapter>group_color0</ColorAdapter>
      <MaxCharacters>32</MaxCharacters>
      <Data>group0</Data>
      <EndAligned>false</EndAligned>
      <TextCentered>false</TextCentered>
      <Adapter>group_name0</Adapter>
    </LabelDef>

    <LabelDef>
      <ControlId>1001</ControlId>
      <Position>
        <X>50</X>
        <Y>17</Y>
      </Position>
      <Alignment>
        <TopLeft>true</TopLeft>
      </Alignment>
      <Color>
        <R>255</R>
        <G>255</G>
        <B>255</B>
        <A>255</A>
      </Color>
      <FontName>arial9</FontName>
      <Width>76</Width>
      <Height>18</Height>
      <ColorAdapter>group_color1</ColorAdapter>
      <MaxCharacters>32</MaxCharacters>
      <Data>group1</Data>
      <EndAligned>false</EndAligned>
      <TextCentered>false</TextCentered>
      <Adapter>group_name1</Adapter>
    </LabelDef>

    <LabelDef>
      <ControlId>1002</ControlId>
      <Position>
        <X>50</X>
        <Y>29</Y>
      </Position>
      <Alignment>
        <TopLeft>true</TopLeft>
      </Alignment>
      <Color>
        <R>255</R>
        <G>255</G>
        <B>255</B>
        <A>255</A>
      </Color>
      <FontName>arial9</FontName>
      <Width>76</Width>
      <Height>18</Height>
      <ColorAdapter>group_color2</ColorAdapter>
      <MaxCharacters>32</MaxCharacters>
      <Data>group2</Data>
      <EndAligned>false</EndAligned>
      <TextCentered>false</TextCentered>
      <Adapter>group_name2</Adapter>
    </LabelDef>

    <LabelDef>
      <ControlId>1003</ControlId>
      <Position>
        <X>50</X>
        <Y>41</Y>
      </Position>
      <Alignment>
        <TopLeft>true</TopLeft>
      </Alignment>
      <Color>
        <R>255</R>
        <G>255</G>
        <B>255</B>
        <A>255</A>
      </Color>
      <FontName>arial9</FontName>
      <Width>76</Width>
      <Height>18</Height>
      <ColorAdapter>group_color3</ColorAdapter>
      <MaxCharacters>32</MaxCharacters>
      <Data>group3</Data>
      <EndAligned>false</EndAligned>
      <TextCentered>false</TextCentered>
      <Adapter>group_name3</Adapter>
    </LabelDef>

    <LabelDef>
      <ControlId>1004</ControlId>
      <Position>
        <X>50</X>
        <Y>53</Y>
      </Position>
      <Alignment>
        <TopLeft>true</TopLeft>
      </Alignment>
      <Color>
        <R>255</R>
        <G>255</G>
        <B>255</B>
        <A>255</A>
      </Color>
      <FontName>arial9</FontName>
      <Width>76</Width>
      <Height>16</Height>
      <ColorAdapter>group_color4</ColorAdapter>
      <MaxCharacters>32</MaxCharacters>
      <Data>group4</Data>
      <EndAligned>false</EndAligned>
      <TextCentered>false</TextCentered>
      <Adapter>group_name4</Adapter>
    </LabelDef>

    <LabelDef>
      <ControlId>1005</ControlId>
      <Position>
        <X>50</X>
        <Y>65</Y>
      </Position>
      <Alignment>
        <TopLeft>true</TopLeft>
      </Alignment>
      <Color>
        <R>255</R>
        <G>255</G>
        <B>255</B>
        <A>255</A>
      </Color>
      <FontName>arial9</FontName>
      <Width>76</Width>
      <Height>16</Height>
      <ColorAdapter>group_color5</ColorAdapter>
      <MaxCharacters>32</MaxCharacters>
      <Data>group5</Data>
      <EndAligned>false</EndAligned>
      <TextCentered>false</TextCentered>
      <Adapter>group_name5</Adapter>
    </LabelDef>

    <LabelDef>
      <ControlId>1006</ControlId>
      <Position>
        <X>50</X>
        <Y>77</Y>
      </Position>
      <Alignment>
        <TopLeft>true</TopLeft>
      </Alignment>
      <Color>
        <R>255</R>
        <G>255</G>
        <B>255</B>
        <A>255</A>
      </Color>
      <FontName>arial9</FontName>
      <Width>76</Width>
      <Height>16</Height>
      <ColorAdapter>group_color6</ColorAdapter>
      <MaxCharacters>32</MaxCharacters>
      <Data>group6</Data>
      <EndAligned>false</EndAligned>
      <TextCentered>false</TextCentered>
      <Adapter>group_name6</Adapter>
    </LabelDef>

    <LabelDef>
      <ControlId>1007</ControlId>
      <Position>
        <X>50</X>
        <Y>89</Y>
      </Position>
      <Alignment>
        <TopLeft>true</TopLeft>
      </Alignment>
      <Color>
        <R>255</R>
        <G>255</G>
        <B>255</B>
        <A>255</A>
      </Color>
      <FontName>arial9</FontName>
      <Width>76</Width>
      <Height>16</Height>
      <ColorAdapter>group_color7</ColorAdapter>
      <MaxCharacters>32</MaxCharacters>
      <Data>group7</Data>
      <EndAligned>false</EndAligned>
      <TextCentered>false</TextCentered>
      <Adapter>group_name7</Adapter>
    </LabelDef>

    <!--group member health-->

    <StatusBarDef>
      <ControlId></ControlId>
      <Position>
        <X>23</X>
        <Y>8</Y>
      </Position>
      <Alignment>
        <TopLeft>true</TopLeft>
      </Alignment>
      <TemplateName>red_status</TemplateName>
      <AdapterName>group_health0</AdapterName>
      <Width>25</Width>
    </StatusBarDef>

    <StatusBarDef>
      <ControlId></ControlId>
      <Position>
        <X>23</X>
        <Y>20</Y>
      </Position>
      <Alignment>
        <TopLeft>true</TopLeft>
      </Alignment>
      <TemplateName>red_status</TemplateName>
      <AdapterName>group_health1</AdapterName>
      <Width>25</Width>
    </StatusBarDef>

    <StatusBarDef>
      <ControlId></ControlId>
      <Position>
        <X>23</X>
        <Y>32</Y>
      </Position>
      <Alignment>
        <TopLeft>true</TopLeft>
      </Alignment>
      <TemplateName>red_status</TemplateName>
      <AdapterName>group_health2</AdapterName>
      <Width>25</Width>
    </StatusBarDef>

    <StatusBarDef>
      <ControlId></ControlId>
      <Position>
        <X>23</X>
        <Y>44</Y>
      </Position>
      <Alignment>
        <TopLeft>true</TopLeft>
      </Alignment>
      <TemplateName>red_status</TemplateName>
      <AdapterName>group_health3</AdapterName>
      <Width>25</Width>
    </StatusBarDef>

    <StatusBarDef>
      <ControlId></ControlId>
      <Position>
        <X>23</X>
        <Y>56</Y>
      </Position>
      <Alignment>
        <TopLeft>true</TopLeft>
      </Alignment>
      <TemplateName>red_status</TemplateName>
      <AdapterName>group_health4</AdapterName>
      <Width>25</Width>
    </StatusBarDef>

    <StatusBarDef>
      <ControlId></ControlId>
      <Position>
        <X>23</X>
        <Y>68</Y>
      </Position>
      <Alignment>
        <TopLeft>true</TopLeft>
      </Alignment>
      <TemplateName>red_status</TemplateName>
      <AdapterName>group_health5</AdapterName>
      <Width>25</Width>
    </StatusBarDef>

    <StatusBarDef>
      <ControlId></ControlId>
      <Position>
        <X>23</X>
        <Y>80</Y>
      </Position>
      <Alignment>
        <TopLeft>true</TopLeft>
      </Alignment>
      <TemplateName>red_status</TemplateName>
      <AdapterName>group_health6</AdapterName>
      <Width>25</Width>
    </StatusBarDef>

    <StatusBarDef>
      <ControlId></ControlId>
      <Position>
        <X>23</X>
        <Y>92</Y>
      </Position>
      <Alignment>
        <TopLeft>true</TopLeft>
      </Alignment>
      <TemplateName>red_status</TemplateName>
      <AdapterName>group_health7</AdapterName>
      <Width>25</Width>
    </StatusBarDef>

    <!--group member endurance-->

    <StatusIconDef>
      <ControlId></ControlId>
      <Position>
        <X>14</X>
        <Y>8</Y>
      </Position>
      <Alignment>
        <TopLeft>true</TopLeft>
      </Alignment>
      <TemplateName>mini_group_endurance</TemplateName>
      <AdapterName>group_endurance0</AdapterName>
    </StatusIconDef>

    <StatusIconDef>
      <ControlId></ControlId>
      <Position>
        <X>14</X>
        <Y>20</Y>
      </Position>
      <Alignment>
        <TopLeft>true</TopLeft>
      </Alignment>
      <TemplateName>mini_group_endurance</TemplateName>
      <AdapterName>group_endurance1</AdapterName>
    </StatusIconDef>

    <StatusIconDef>
      <ControlId></ControlId>
      <Position>
        <X>14</X>
        <Y>32</Y>
      </Position>
      <Alignment>
        <TopLeft>true</TopLeft>
      </Alignment>
      <TemplateName>mini_group_endurance</TemplateName>
      <AdapterName>group_endurance2</AdapterName>
    </StatusIconDef>

    <StatusIconDef>
      <ControlId></ControlId>
      <Position>
        <X>14</X>
        <Y>44</Y>
      </Position>
      <Alignment>
        <TopLeft>true</TopLeft>
      </Alignment>
      <TemplateName>mini_group_endurance</TemplateName>
      <AdapterName>group_endurance3</AdapterName>
    </StatusIconDef>

    <StatusIconDef>
      <ControlId></ControlId>
      <Position>
        <X>14</X>
        <Y>56</Y>
      </Position>
      <Alignment>
        <TopLeft>true</TopLeft>
      </Alignment>
      <TemplateName>mini_group_endurance</TemplateName>
      <AdapterName>group_endurance4</AdapterName>
    </StatusIconDef>

    <StatusIconDef>
      <ControlId></ControlId>
      <Position>
        <X>14</X>
        <Y>68</Y>
      </Position>
      <Alignment>
        <TopLeft>true</TopLeft>
      </Alignment>
      <TemplateName>mini_group_endurance</TemplateName>
      <AdapterName>group_endurance5</AdapterName>
    </StatusIconDef>

    <StatusIconDef>
      <ControlId></ControlId>
      <Position>
        <X>14</X>
        <Y>80</Y>
      </Position>
      <Alignment>
        <TopLeft>true</TopLeft>
      </Alignment>
      <TemplateName>mini_group_endurance</TemplateName>
      <AdapterName>group_endurance6</AdapterName>
    </StatusIconDef>

    <StatusIconDef>
      <ControlId></ControlId>
      <Position>
        <X>14</X>
        <Y>92</Y>
      </Position>
      <Alignment>
        <TopLeft>true</TopLeft>
      </Alignment>
      <TemplateName>mini_group_endurance</TemplateName>
      <AdapterName>group_endurance7</AdapterName>
    </StatusIconDef>

    <!--group member power-->

    <StatusIconDef>
      <ControlId></ControlId>
      <Position>
        <X>5</X>
        <Y>8</Y>
      </Position>
      <Alignment>
        <TopLeft>true</TopLeft>
      </Alignment>
      <TemplateName>mini_group_power</TemplateName>
      <AdapterName>group_power0</AdapterName>
    </StatusIconDef>

    <StatusIconDef>
      <ControlId></ControlId>
      <Position>
        <X>5</X>
        <Y>20</Y>
      </Position>
      <Alignment>
        <TopLeft>true</TopLeft>
      </Alignment>
      <TemplateName>mini_group_power</TemplateName>
      <AdapterName>group_power1</AdapterName>
    </StatusIconDef>

    <StatusIconDef>
      <ControlId></ControlId>
      <Position>
        <X>5</X>
        <Y>32</Y>
      </Position>
      <Alignment>
        <TopLeft>true</TopLeft>
      </Alignment>
      <TemplateName>mini_group_power</TemplateName>
      <AdapterName>group_power2</AdapterName>
    </StatusIconDef>

    <StatusIconDef>
      <ControlId></ControlId>
      <Position>
        <X>5</X>
        <Y>44</Y>
      </Position>
      <Alignment>
        <TopLeft>true</TopLeft>
      </Alignment>
      <TemplateName>mini_group_power</TemplateName>
      <AdapterName>group_power3</AdapterName>
    </StatusIconDef>

    <StatusIconDef>
      <ControlId></ControlId>
      <Position>
        <X>5</X>
        <Y>56</Y>
      </Position>
      <Alignment>
        <TopLeft>true</TopLeft>
      </Alignment>
      <TemplateName>mini_group_power</TemplateName>
      <AdapterName>group_power4</AdapterName>
    </StatusIconDef>

    <StatusIconDef>
      <ControlId></ControlId>
      <Position>
        <X>5</X>
        <Y>68</Y>
      </Position>
      <Alignment>
        <TopLeft>true</TopLeft>
      </Alignment>
      <TemplateName>mini_group_power</TemplateName>
      <AdapterName>group_power5</AdapterName>
    </StatusIconDef>

    <StatusIconDef>
      <ControlId></ControlId>
      <Position>
        <X>5</X>
        <Y>80</Y>
      </Position>
      <Alignment>
        <TopLeft>true</TopLeft>
      </Alignment>
      <TemplateName>mini_group_power</TemplateName>
      <AdapterName>group_power6</AdapterName>
    </StatusIconDef>

    <StatusIconDef>
      <ControlId></ControlId>
      <Position>
        <X>5</X>
        <Y>92</Y>
      </Position>
      <Alignment>
        <TopLeft>true</TopLeft>
      </Alignment>
      <TemplateName>mini_group_power</TemplateName>
      <AdapterName>group_power7</AdapterName>
    </StatusIconDef>

    <InvisibleButtonDef>
      <ControlId></ControlId>
      <Position>
        <X>0</X>
        <Y>5</Y>
      </Position>
      <Alignment>
        <TopLeft>true</TopLeft>
      </Alignment>
      <Label></Label>
      <OnClickEvent>SelectGroupMember0</OnClickEvent>
      <Width>128</Width>
      <Height>12</Height>
    </InvisibleButtonDef>

    <InvisibleButtonDef>
      <ControlId></ControlId>
      <Position>
        <X>0</X>
        <Y>17</Y>
      </Position>
      <Alignment>
        <TopLeft>true</TopLeft>
      </Alignment>
      <Label></Label>
      <OnClickEvent>SelectGroupMember1</OnClickEvent>
      <Width>128</Width>
      <Height>12</Height>
    </InvisibleButtonDef>

    <InvisibleButtonDef>
      <ControlId></ControlId>
      <Position>
        <X>0</X>
        <Y>29</Y>
      </Position>
      <Alignment>
        <TopLeft>true</TopLeft>
      </Alignment>
      <Label></Label>
      <OnClickEvent>SelectGroupMember2</OnClickEvent>
      <Width>128</Width>
      <Height>12</Height>
    </InvisibleButtonDef>

    <InvisibleButtonDef>
      <ControlId></ControlId>
      <Position>
        <X>0</X>
        <Y>41</Y>
      </Position>
      <Alignment>
        <TopLeft>true</TopLeft>
      </Alignment>
      <Label></Label>
      <OnClickEvent>SelectGroupMember3</OnClickEvent>
      <Width>128</Width>
      <Height>12</Height>
    </InvisibleButtonDef>

    <InvisibleButtonDef>
      <ControlId></ControlId>
      <Position>
        <X>0</X>
        <Y>53</Y>
      </Position>
      <Alignment>
        <TopLeft>true</TopLeft>
      </Alignment>
      <Label></Label>
      <OnClickEvent>SelectGroupMember4</OnClickEvent>
      <Width>128</Width>
      <Height>12</Height>
    </InvisibleButtonDef>

    <InvisibleButtonDef>
      <ControlId></ControlId>
      <Position>
        <X>0</X>
        <Y>65</Y>
      </Position>
      <Alignment>
        <TopLeft>true</TopLeft>
      </Alignment>
      <Label></Label>
      <OnClickEvent>SelectGroupMember5</OnClickEvent>
      <Width>128</Width>
      <Height>12</Height>
    </InvisibleButtonDef>

    <InvisibleButtonDef>
      <ControlId></ControlId>
      <Position>
        <X>0</X>
        <Y>77</Y>
      </Position>
      <Alignment>
        <TopLeft>true</TopLeft>
      </Alignment>
      <Label></Label>
      <OnClickEvent>SelectGroupMember6</OnClickEvent>
      <Width>128</Width>
      <Height>12</Height>
    </InvisibleButtonDef>

    <InvisibleButtonDef>
      <ControlId></ControlId>
      <Position>
        <X>0</X>
        <Y>89</Y>
      </Position>
      <Alignment>
        <TopLeft>true</TopLeft>
      </Alignment>
      <Label></Label>
      <OnClickEvent>SelectGroupMember7</OnClickEvent>
      <Width>128</Width>
      <Height>12</Height>
    </InvisibleButtonDef>

  </WindowTemplate>

</Root_Element>
