<?xml version="1.0" encoding="ISO-8859-1"?>
<Root_Element ID="DAOCUi">

   <WindowTemplate>
      <Name>custom10_window</Name>
      <WindowId>custom10</WindowId>
      <CloseButton>true</CloseButton>
      <MoveButton>true</MoveButton>
      <TopRightResizeButton>false</TopRightResizeButton>
      <BottomRightResizeButton>false</BottomRightResizeButton>
      <BottomLeftResizeButton>false</BottomLeftResizeButton>
      <ResizeButtonOffsetX>0</ResizeButtonOffsetX>
      <ResizeButtonOffsetY>0</ResizeButtonOffsetY>
      <TitleWidth>0</TitleWidth>
      <TitleHeight>0</TitleHeight>
      <Width>54</Width>
      <Height>412</Height>
      <ResizeableWidth>0</ResizeableWidth>
      <ResizeableHeight>0</ResizeableHeight>
      <ResizeableTwoWayWidth>0</ResizeableTwoWayWidth>
      <ResizeableTwoWayHeight>0</ResizeableTwoWayHeight>
      <MinWidth>0</MinWidth>
      <MinHeight>0</MinHeight>
      <ContextTemplateName></ContextTemplateName>

      <FullResizeImageDef>
         <ControlId>ImageBackground</ControlId>
         <Position>
            <X>0</X>
            <Y>0</Y>
         </Position>
         <Alignment>
         </Alignment>
         <TemplateName>valmer_box</TemplateName>
         <Width>54</Width>
         <Height>412</Height>
      </FullResizeImageDef>

<!-- PERFORMANCE -->
      <StatusIconDef>
         <ControlId>2000</ControlId>
         <Position>
            <X>6</X>
            <Y>6</Y>
         </Position>
         <Alignment>
            <TopLeft>true</TopLeft>
         </Alignment>
         <TemplateName>performance_icon_small</TemplateName>
         <AdapterName>performance_meter</AdapterName>
      </StatusIconDef>
      <StatusIconDef>
         <ControlId>2001</ControlId>
         <Position>
            <X>20</X>
            <Y>6</Y>
         </Position>
         <Alignment>
            <TopLeft>true</TopLeft>
         </Alignment>
         <TemplateName>performance_icon_small</TemplateName>
         <AdapterName>lag_meter</AdapterName>
      </StatusIconDef>
      <StatusIconDef>
         <ControlId>2002</ControlId>
         <Position>
            <X>34</X>
            <Y>6</Y>
         </Position>
         <Alignment>
            <TopLeft>true</TopLeft>
         </Alignment>
         <TemplateName>performance_icon_small</TemplateName>
         <AdapterName>framerate_meter</AdapterName>
      </StatusIconDef>

<!-- GROUP DISBAND -->
      <HorizontalResizeButtonDef>
         <ControlId></ControlId>
         <Position>
            <X>5</X>
            <Y>23</Y>
         </Position>
         <Alignment>
            <TopLeft>true</TopLeft>
         </Alignment>
         <TemplateName>generic_hr_button_small</TemplateName>
         <Label>Disband</Label>
         <Width>44</Width>
         <onClickEvent>GroupDisband</onClickEvent>
      </HorizontalResizeButtonDef>

<!-- COIN -->
      <ImageAreaDef>
         <ControlId></ControlId>
         <Position>
            <X>6</X>
            <Y>43</Y>
         </Position>
         <Alignment>
            <TopLeft>true</TopLeft>
         </Alignment>
         <TemplateName>platinum_decal</TemplateName>
      </ImageAreaDef>
      <LabelDef>
         <ControlId></ControlId>
         <Position>
            <X>20</X>
            <Y>42</Y>
         </Position>
         <Alignment>
            <TopLeft>true</TopLeft>
         </Alignment>
         <Color>
            <R>255</R>
            <G>255</G>
            <B>255</B>
            <A>255</A>
         </Color>
         <FontName>arial9</FontName>
         <Width>27</Width>
         <Height>16</Height>
         <ColorAdapter></ColorAdapter>
         <MaxCharacters>128</MaxCharacters>
         <Data>P:999</Data>
         <EndAligned>false</EndAligned>
         <TextCentered>false</TextCentered>
         <Adapter>merchant_platinum</Adapter>
      </LabelDef>

      <ImageAreaDef>
         <ControlId></ControlId>
         <Position>
            <X>6</X>
            <Y>55</Y>
         </Position>
         <Alignment>
            <TopLeft>true</TopLeft>
         </Alignment>
         <TemplateName>gold_decal</TemplateName>
      </ImageAreaDef>
      <LabelDef>
         <ControlId></ControlId>
         <Position>
            <X>20</X>
            <Y>54</Y>
         </Position>
         <Alignment>
            <TopLeft>true</TopLeft>
         </Alignment>
         <Color>
            <R>255</R>
            <G>255</G>
            <B>255</B>
            <A>255</A>
         </Color>
         <FontName>arial9</FontName>
         <Width>27</Width>
         <Height>16</Height>
         <ColorAdapter></ColorAdapter>
         <MaxCharacters>128</MaxCharacters>
         <Data>G:999</Data>
         <EndAligned>false</EndAligned>
         <TextCentered>false</TextCentered>
         <Adapter>merchant_gold</Adapter>
      </LabelDef>

      <ImageAreaDef>
         <ControlId></ControlId>
         <Position>
            <X>6</X>
            <Y>68</Y>
         </Position>
         <Alignment>
            <TopLeft>true</TopLeft>
         </Alignment>
         <TemplateName>silver_decal</TemplateName>
      </ImageAreaDef>
      <LabelDef>
         <ControlId></ControlId>
         <Position>
            <X>20</X>
            <Y>67</Y>
         </Position>
         <Alignment>
            <TopLeft>true</TopLeft>
         </Alignment>
         <Color>
            <R>255</R>
            <G>255</G>
            <B>255</B>
            <A>255</A>
         </Color>
         <FontName>arial9</FontName>
         <Width>27</Width>
         <Height>16</Height>
         <ColorAdapter></ColorAdapter>
         <MaxCharacters>128</MaxCharacters>
         <Data>S:999</Data>
         <EndAligned>false</EndAligned>
         <TextCentered>false</TextCentered>
         <Adapter>merchant_silver</Adapter>
      </LabelDef>

      <ImageAreaDef>
         <ControlId></ControlId>
         <Position>
            <X>6</X>
            <Y>81</Y>
         </Position>
         <Alignment>
            <TopLeft>true</TopLeft>
         </Alignment>
         <TemplateName>copper_decal</TemplateName>
      </ImageAreaDef>
      <LabelDef>
         <ControlId></ControlId>
         <Position>
            <X>20</X>
            <Y>80</Y>
         </Position>
         <Alignment>
            <TopLeft>true</TopLeft>
         </Alignment>
         <Color>
            <R>255</R>
            <G>255</G>
            <B>255</B>
            <A>255</A>
         </Color>
         <FontName>arial9</FontName>
         <Width>27</Width>
         <Height>16</Height>
         <ColorAdapter></ColorAdapter>
         <MaxCharacters>128</MaxCharacters>
         <Data> C:999</Data>
         <EndAligned>false</EndAligned>
         <TextCentered>false</TextCentered>
         <Adapter>merchant_copper</Adapter>
      </LabelDef>

<!-- GROUP INVITE -->
      <HorizontalResizeButtonDef>
         <ControlId></ControlId>
         <Position>
            <X>5</X>
            <Y>92</Y>
         </Position>
         <Alignment>
            <TopLeft>true</TopLeft>
         </Alignment>
         <TemplateName>generic_hr_button_small</TemplateName>
         <Label>Invite</Label>
         <Width>44</Width>
         <onClickEvent>GroupInvite</onClickEvent>
      </HorizontalResizeButtonDef>


<!-- CONTROL BUTTONS -->
    <ButtonDef>
      <ControlId></ControlId>
      <Position>
        <X>27</X>
        <Y>111</Y>
      </Position>
      <Alignment>
        <TopLeft>true</TopLeft>
      </Alignment>
      <TemplateName>button_quit</TemplateName>
      <Label></Label>
      <onClickEvent>QUIT</onClickEvent>
    </ButtonDef>

    <ButtonDef>
      <ControlId></ControlId>
      <Position>
        <X>5</X>
        <Y>133</Y>
      </Position>
      <Alignment>
        <TopLeft>true</TopLeft>
      </Alignment>
      <TemplateName>button_help</TemplateName>
      <Label></Label>
      <onClickEvent>Help</onClickEvent>
    </ButtonDef>

    <ButtonDef>
      <ControlId></ControlId>
      <Position>
        <X>27</X>
        <Y>133</Y>
      </Position>
      <Alignment>
        <TopLeft>true</TopLeft>
      </Alignment>
      <TemplateName>button_options</TemplateName>
      <Label></Label>
      <onClickEvent>Help</onClickEvent>
    </ButtonDef>

    <ButtonDef>
      <ControlId></ControlId>
      <Position>
        <X>5</X>
        <Y>155</Y>
      </Position>
      <Alignment>
        <TopLeft>true</TopLeft>
      </Alignment>
      <TemplateName>button_compass</TemplateName>
      <Label></Label>
      <onClickEvent>ToggleCompass</onClickEvent>
    </ButtonDef>

    <ButtonDef>
      <ControlId></ControlId>
      <Position>
        <X>27</X>
        <Y>155</Y>
      </Position>
      <Alignment>
        <TopLeft>true</TopLeft>
      </Alignment>
      <TemplateName>button_time</TemplateName>
      <Label></Label>
      <onClickEvent>ToggleClock</onClickEvent>
    </ButtonDef>

    <ButtonDef>
      <ControlId></ControlId>
      <Position>
        <X>5</X>
        <Y>177</Y>
      </Position>
      <Alignment>
        <TopLeft>true</TopLeft>
      </Alignment>
      <TemplateName>button_menu</TemplateName>
      <Label></Label>
      <onClickEvent>ToggleMainMenu</onClickEvent>
    </ButtonDef>

    <ButtonDef>
      <ControlId></ControlId>
      <Position>
        <X>27</X>
        <Y>177</Y>
      </Position>
      <Alignment>
        <TopLeft>true</TopLeft>
      </Alignment>
      <TemplateName>button_purple</TemplateName>
      <Label>Int</Label>
      <onClickEvent>ToggleInterfaceElements</onClickEvent>
    </ButtonDef>

<!-- INFO BUTTONS -->
    <ButtonDef>
      <ControlId></ControlId>
      <Position>
        <X>5</X>
        <Y>202</Y>
      </Position>
      <Alignment>
        <TopLeft>true</TopLeft>
      </Alignment>
      <TemplateName>button_quest</TemplateName>
      <Label></Label>
      <onClickEvent>ToggleJournal</onClickEvent>
    </ButtonDef>

    <ButtonDef>
      <ControlId></ControlId>
      <Position>
        <X>27</X>
        <Y>202</Y>
      </Position>
      <Alignment>
        <TopLeft>true</TopLeft>
      </Alignment>
      <TemplateName>button_quiver</TemplateName>
      <Label></Label>
      <onClickEvent>ToggleQuiver</onClickEvent>
    </ButtonDef>

    <ButtonDef>
      <ControlId>1028</ControlId>
      <Position>
        <X>27</X>
        <Y>224</Y>
      </Position>
      <Alignment>
        <TopLeft>true</TopLeft>
      </Alignment>
      <TemplateName>button_title</TemplateName>
      <Label></Label>
      <onClickEvent>ToggleTitle</onClickEvent>
    </ButtonDef>

    <ButtonDef>
      <ControlId></ControlId>
      <Position>
        <X>5</X>
        <Y>224</Y>
      </Position>
      <Alignment>
        <TopLeft>true</TopLeft>
      </Alignment>
      <TemplateName>button_mount</TemplateName>
      <Label></Label>
      <onClickEvent>ToggleMount</onClickEvent>
    </ButtonDef>

    <ButtonDef>
      <ControlId></ControlId>
      <Position>
        <X>5</X>
        <Y>250</Y>
      </Position>
      <Alignment>
        <TopLeft>true</TopLeft>
      </Alignment>
      <TemplateName>button_black</TemplateName>
      <Label>ml</Label>
      <onClickEvent>ToggleMasterLevel</onClickEvent>
    </ButtonDef>

    <ButtonDef>
      <ControlId></ControlId>
      <Position>
        <X>27</X>
        <Y>250</Y>
      </Position>
      <Alignment>
        <TopLeft>true</TopLeft>
      </Alignment>
      <TemplateName>button_black</TemplateName>
      <Label>rp</Label>
      <onClickEvent>ToggleCustom0</onClickEvent>
    </ButtonDef>

    <ButtonDef>
      <ControlId></ControlId>
      <Position>
        <X>5</X>
        <Y>272</Y>
      </Position>
      <Alignment>
        <TopLeft>true</TopLeft>
      </Alignment>
      <TemplateName>button_black</TemplateName>
      <Label>B</Label>
      <onClickEvent>ToggleCustom6</onClickEvent>
    </ButtonDef>

    <ButtonDef>
      <ControlId></ControlId>
      <Position>
        <X>27</X>
        <Y>272</Y>
      </Position>
      <Alignment>
        <TopLeft>true</TopLeft>
      </Alignment>
      <TemplateName>button_black</TemplateName>
      <Label>co</Label>
      <onClickEvent>Community</onClickEvent>
    </ButtonDef>

<!-- ACTION BUTTONS -->
    <ButtonDef>
      <ControlId></ControlId>
      <Position>
        <X>5</X>
        <Y>294</Y>
      </Position>
      <Alignment>
        <TopLeft>true</TopLeft>
      </Alignment>
      <TemplateName>button_group</TemplateName>
      <Label>Gr</Label>
      <onClickEvent>ToggleMiniGroup</onClickEvent>
    </ButtonDef>

    <ButtonDef>
      <ControlId></ControlId>
      <Position>
        <X>27</X>
        <Y>294</Y>
      </Position>
      <Alignment>
        <TopLeft>true</TopLeft>
      </Alignment>
      <TemplateName>button_heal</TemplateName>
      <Label></Label>
      <onClickEvent>ToggleCustom1</onClickEvent>
    </ButtonDef>

    <ButtonDef>
      <ControlId></ControlId>
      <Position>
        <X>5</X>
        <Y>316</Y>
      </Position>
      <Alignment>
        <TopLeft>true</TopLeft>
      </Alignment>
      <TemplateName>button_release</TemplateName>
      <Label></Label>
      <onClickEvent>Release</onClickEvent>
    </ButtonDef>

    <ButtonDef>
      <ControlId></ControlId>
      <Position>
        <X>27</X>
        <Y>316</Y>
      </Position>
      <Alignment>
        <TopLeft>true</TopLeft>
      </Alignment>
      <TemplateName>button_benefits</TemplateName>
      <Label></Label>
      <onClickEvent>ToggleGroupBuffs</onClickEvent>
    </ButtonDef>

    <ButtonDef>
      <ControlId></ControlId>
      <Position>
        <X>5</X>
        <Y>338</Y>
      </Position>
      <Alignment>
        <TopLeft>true</TopLeft>
      </Alignment>
      <TemplateName>button_pet</TemplateName>
      <Label></Label>
      <onClickEvent>ToggleMiniPet</onClickEvent>
    </ButtonDef>

    <ButtonDef>
      <ControlId></ControlId>
      <Position>
        <X>27</X>
        <Y>338</Y>
      </Position>
      <Alignment>
        <TopLeft>true</TopLeft>
      </Alignment>
      <TemplateName>button_conc</TemplateName>
      <Label></Label>
      <onClickEvent>ToggleConcentration</onClickEvent>
    </ButtonDef>

<!-- RvR AND MAP BUTTONS -->
    <ButtonDef>
      <ControlId></ControlId>
      <Position>
        <X>5</X>
        <Y>364</Y>
      </Position>
      <Alignment>
        <TopLeft>true</TopLeft>
      </Alignment>
      <TemplateName>button_black</TemplateName>
      <Label>K</Label>
      <onClickEvent>Realm</onClickEvent>
    </ButtonDef>

    <ButtonDef>
      <ControlId></ControlId>
      <Position>
        <X>27</X>
        <Y>364</Y>
      </Position>
      <Alignment>
        <TopLeft>true</TopLeft>
      </Alignment>
      <TemplateName>button_black</TemplateName>
      <Label>R</Label>
      <onClickEvent>Relic</onClickEvent>
    </ButtonDef>

    <ButtonDef>
      <ControlId></ControlId>
      <Position>
        <X>5</X>
        <Y>386</Y>
      </Position>
      <Alignment>
        <TopLeft>true</TopLeft>
      </Alignment>
      <TemplateName>button_gold</TemplateName>
      <Label>w</Label>
      <onClickEvent>ShowWarmap</onClickEvent>
    </ButtonDef>

    <ButtonDef>
      <ControlId></ControlId>
      <Position>
        <X>27</X>
        <Y>386</Y>
      </Position>
      <Alignment>
        <TopLeft>true</TopLeft>
      </Alignment>
      <TemplateName>button_gold</TemplateName>
      <Label>m</Label>
      <onClickEvent>ToggleMap</onClickEvent>
    </ButtonDef>

   </WindowTemplate>
</Root_Element>
