<?xml version="1.0" encoding="ISO-8859-1"?>
<Root_Element ID="DAOCUi">

  <!--                  Summary Window                  -->

  <WindowTemplate>
    <Name>summary</Name>
    <WindowId>c_windowInvalid</WindowId>
    <CloseButton>false</CloseButton>
    <MoveButton>true</MoveButton>
    <Width>156</Width>
    <Height>100</Height>
    <TitleWidth>0</TitleWidth>
    <TitleHeight>0</TitleHeight>
    <ResizeableWidth>0</ResizeableWidth>
    <ResizeableHeight>0</ResizeableHeight>
    <ResizeableTwoWayWidth>0</ResizeableTwoWayWidth>
    <ResizeableTwoWayHeight>0</ResizeableTwoWayHeight>
    <MinWidth>0</MinWidth>
    <MinHeight>0</MinHeight>

    <FullResizeImageDef>
      <ControlId>BackgroundImage</ControlId>
      <Position>
        <X>0</X>
        <Y>0</Y>
      </Position>
      <Alignment>
        <GrowWidth>true</GrowWidth>
        <GrowHeight>true</GrowHeight>
      </Alignment>
      <TemplateName>valmer_box</TemplateName>
      <Width>156</Width>
      <Height>100</Height>
    </FullResizeImageDef>

		<LabelDef>
			<Color>
				<R>255</R>
				<G>255</G>
				<B>255</B>
				<A>255</A>
			</Color>
			<FontName>arial11</FontName>
			<Width>106</Width>
			<Height>16</Height>
			<MaxCharacters>32</MaxCharacters>
			<Data>Mercante</Data>
			<Position>
				<X>25</X>
				<Y>5</Y>
			</Position>
			<Alignment>
				<CenterHorizontally>true</CenterHorizontally>
			</Alignment>
			<Adapter>summary_title</Adapter>
		</LabelDef>
    <!--                  Player Hits                  -->

    <LabelDef>
      <ControlId></ControlId>
      <Position>
        <X>5</X>
        <Y>19</Y>
      </Position>
      <Alignment>
        <TopLeft>true</TopLeft>
      </Alignment>
      <Color>
        <R>204</R>
        <G>204</G>
        <B>204</B>
        <A>255</A>
      </Color>
      <FontName>arial9</FontName>
      <Width>20</Width>
      <Height>16</Height>
      <ColorAdapter></ColorAdapter>
      <MaxCharacters>32</MaxCharacters>
      <Data>Hit</Data>
      <EndAligned>false</EndAligned>
      <TextCentered>false</TextCentered>
      <Adapter></Adapter>
    </LabelDef>

    <ImageAreaDef>
      <ControlId></ControlId>
      <Position>
        <X>26</X>
        <Y>22</Y>
      </Position>
      <Alignment>
        <TopLeft>true</TopLeft>
      </Alignment>
      <TemplateName>sm_horiz_endcap_left_thin</TemplateName>
    </ImageAreaDef>

    <ImageAreaDef>
      <ControlId></ControlId>
      <Position>
        <X>118</X>
        <Y>22</Y>
      </Position>
      <Alignment>
        <TopLeft>true</TopLeft>
      </Alignment>
      <TemplateName>sm_horiz_endcap_right_thin</TemplateName>
    </ImageAreaDef>

    <StatusBarDef>
      <ControlId></ControlId>
      <Position>
        <X>28</X>
        <Y>22</Y>
      </Position>
      <Alignment>
        <TopLeft>true</TopLeft>
      </Alignment>
      <TemplateName>red_status</TemplateName>
      <AdapterName>summary_player_hits</AdapterName>
      <Width>90</Width>
    </StatusBarDef>

    <ScalarLabelDef>
      <ControlId></ControlId>
      <Position>
        <X>123</X>
        <Y>19</Y>
      </Position>
      <Alignment>
        <TopLeft>true</TopLeft>
      </Alignment>
      <FontName>arial9</FontName>
      <Adapter>summary_player_hits</Adapter>
      <ColorAdapter></ColorAdapter>
      <Width>18</Width>
      <Height>16</Height>
      <MaxCharacters>32</MaxCharacters>
      <Color>
        <R>255</R>
        <G>153</G>
        <B>153</B>
        <A>255</A>
      </Color>
      <Data></Data>
      <EndAligned>true</EndAligned>
      <TextCentered>false</TextCentered>
      <DontDrawWhenZero>false</DontDrawWhenZero>
      <DontDrawWhenNegOne>true</DontDrawWhenNegOne>
    </ScalarLabelDef>

    <LabelDef>
      <ControlId></ControlId>
      <Position>
        <X>141</X>
        <Y>19</Y>
      </Position>
      <Alignment>
        <TopLeft>true</TopLeft>
      </Alignment>
      <Color>
        <R>255</R>
        <G>153</G>
        <B>153</B>
        <A>255</A>
      </Color>
      <FontName>arial9</FontName>
      <Width>10</Width>
      <Height>16</Height>
      <ColorAdapter></ColorAdapter>
      <MaxCharacters>32</MaxCharacters>
      <Data>%</Data>
      <EndAligned>false</EndAligned>
      <TextCentered>false</TextCentered>
      <Adapter></Adapter>
    </LabelDef>

    <!--                  END Player Hits                  -->

    <!--                  Player End                  -->

    <LabelDef>
      <ControlId></ControlId>
      <Position>
        <X>5</X>
        <Y>29</Y>
      </Position>
      <Alignment>
        <TopLeft>true</TopLeft>
      </Alignment>
      <Color>
        <R>204</R>
        <G>204</G>
        <B>204</B>
        <A>255</A>
      </Color>
      <FontName>arial9</FontName>
      <Width>20</Width>
      <Height>16</Height>
      <ColorAdapter></ColorAdapter>
      <MaxCharacters>32</MaxCharacters>
      <Data>End</Data>
      <EndAligned>false</EndAligned>
      <TextCentered>false</TextCentered>
      <Adapter></Adapter>
    </LabelDef>

    <ImageAreaDef>
      <ControlId></ControlId>
      <Position>
        <X>26</X>
        <Y>32</Y>
      </Position>
      <Alignment>
        <TopLeft>true</TopLeft>
      </Alignment>
      <TemplateName>sm_horiz_endcap_left_thin</TemplateName>
    </ImageAreaDef>

    <ImageAreaDef>
      <ControlId></ControlId>
      <Position>
        <X>118</X>
        <Y>32</Y>
      </Position>
      <Alignment>
        <TopLeft>true</TopLeft>
      </Alignment>
      <TemplateName>sm_horiz_endcap_right_thin</TemplateName>
    </ImageAreaDef>

    <StatusBarDef>
      <ControlId></ControlId>
      <Position>
        <X>28</X>
        <Y>32</Y>
      </Position>
      <Alignment>
        <TopLeft>true</TopLeft>
      </Alignment>
      <TemplateName>green_status</TemplateName>
      <AdapterName>summary_player_end</AdapterName>
      <Width>90</Width>
    </StatusBarDef>

    <ScalarLabelDef>
      <ControlId></ControlId>
      <Position>
        <X>123</X>
        <Y>29</Y>
      </Position>
      <Alignment>
        <TopLeft>true</TopLeft>
      </Alignment>
      <FontName>arial9</FontName>
      <Adapter>summary_player_end</Adapter>
      <ColorAdapter></ColorAdapter>
      <Width>18</Width>
      <Height>16</Height>
      <MaxCharacters>32</MaxCharacters>
      <Color>
        <R>102</R>
        <G>204</G>
        <B>0</B>
        <A>255</A>
      </Color>
      <Data></Data>
      <EndAligned>true</EndAligned>
      <TextCentered>false</TextCentered>
      <DontDrawWhenZero>false</DontDrawWhenZero>
      <DontDrawWhenNegOne>true</DontDrawWhenNegOne>
    </ScalarLabelDef>

    <LabelDef>
      <ControlId></ControlId>
      <Position>
        <X>141</X>
        <Y>29</Y>
      </Position>
      <Alignment>
        <TopLeft>true</TopLeft>
      </Alignment>
      <Color>
        <R>102</R>
        <G>204</G>
        <B>0</B>
        <A>255</A>
      </Color>
      <FontName>arial9</FontName>
      <Width>16</Width>
      <Height>16</Height>
      <ColorAdapter></ColorAdapter>
      <MaxCharacters>32</MaxCharacters>
      <Data>%</Data>
      <EndAligned>false</EndAligned>
      <TextCentered>false</TextCentered>
      <Adapter></Adapter>
    </LabelDef>

    <!--                  END Player End                  -->

    <!--                  Player Power                  -->

    <LabelDef>
      <ControlId></ControlId>
      <Position>
        <X>5</X>
        <Y>39</Y>
      </Position>
      <Alignment>
        <TopLeft>true</TopLeft>
      </Alignment>
      <Color>
        <R>204</R>
        <G>204</G>
        <B>204</B>
        <A>255</A>
      </Color>
      <FontName>arial9</FontName>
      <Width>26</Width>
      <Height>16</Height>
      <ColorAdapter></ColorAdapter>
      <MaxCharacters>32</MaxCharacters>
      <Data>Pow</Data>
      <EndAligned>false</EndAligned>
      <TextCentered>false</TextCentered>
      <Adapter></Adapter>
    </LabelDef>

    <ImageAreaDef>
      <ControlId></ControlId>
      <Position>
        <X>26</X>
        <Y>42</Y>
      </Position>
      <Alignment>
        <TopLeft>true</TopLeft>
      </Alignment>
      <TemplateName>sm_horiz_endcap_left_thin</TemplateName>
    </ImageAreaDef>

    <ImageAreaDef>
      <ControlId></ControlId>
      <Position>
        <X>118</X>
        <Y>42</Y>
      </Position>
      <Alignment>
        <TopLeft>true</TopLeft>
      </Alignment>
      <TemplateName>sm_horiz_endcap_right_thin</TemplateName>
    </ImageAreaDef>

    <StatusBarDef>
      <ControlId></ControlId>
      <Position>
        <X>28</X>
        <Y>42</Y>
      </Position>
      <Alignment>
        <TopLeft>true</TopLeft>
      </Alignment>
      <TemplateName>yellow_status</TemplateName>
      <AdapterName>summary_player_power</AdapterName>
      <Width>90</Width>
    </StatusBarDef>

    <ScalarLabelDef>
      <ControlId></ControlId>
      <Position>
        <X>123</X>
        <Y>39</Y>
      </Position>
      <Alignment>
        <TopLeft>true</TopLeft>
      </Alignment>
      <FontName>arial9</FontName>
      <Adapter>summary_player_power</Adapter>
      <ColorAdapter></ColorAdapter>
      <Width>18</Width>
      <Height>16</Height>
      <MaxCharacters>32</MaxCharacters>
      <Color>
        <R>255</R>
        <G>255</G>
        <B>0</B>
        <A>255</A>
      </Color>
      <Data></Data>
      <EndAligned>true</EndAligned>
      <TextCentered>false</TextCentered>
      <DontDrawWhenZero>false</DontDrawWhenZero>
      <DontDrawWhenNegOne>true</DontDrawWhenNegOne>
    </ScalarLabelDef>

    <LabelDef>
      <ControlId></ControlId>
      <Position>
        <X>141</X>
        <Y>39</Y>
      </Position>
      <Alignment>
        <TopLeft>true</TopLeft>
      </Alignment>
      <Color>
        <R>255</R>
        <G>255</G>
        <B>0</B>
        <A>255</A>
      </Color>
      <FontName>arial9</FontName>
      <Width>16</Width>
      <Height>16</Height>
      <ColorAdapter></ColorAdapter>
      <MaxCharacters>32</MaxCharacters>
      <Data>%</Data>
      <EndAligned>false</EndAligned>
      <TextCentered>false</TextCentered>
      <Adapter></Adapter>
    </LabelDef>

    <!--                  END Player Power                  -->

    <!--                  Player Exp                  -->

<!--
    <LabelDef>
      <ControlId></ControlId>
      <Position>
        <X>5</X>
        <Y>50</Y>
      </Position>
      <Alignment>
        <TopLeft>true</TopLeft>
      </Alignment>
      <ToolTipID>32</ToolTipID>
      <Color>
        <R>204</R>
        <G>204</G>
        <B>204</B>
        <A>255</A>
      </Color>
      <FontName>arial9</FontName>
      <Width>20</Width>
      <Height>16</Height>
      <ColorAdapter></ColorAdapter>
      <MaxCharacters>32</MaxCharacters>
      <Data>Exp</Data>
      <EndAligned>false</EndAligned>
      <TextCentered>false</TextCentered>
      <Adapter></Adapter>
    </LabelDef>
-->
    <StatusBarDef>
      <ControlId>1002</ControlId>
      <Position>
        <X>28</X>
        <Y>50</Y>
      </Position>
      <Alignment>
        <TopLeft>true</TopLeft>
      </Alignment>
      <ToolTipID>32</ToolTipID>
      <TemplateName>exp_bubbles</TemplateName>
      <AdapterName>summary_exp_coarse</AdapterName>
      <Width>90</Width>
    </StatusBarDef>

    <ImageAreaDef>
      <ControlId></ControlId>
      <Position>
        <X>26</X>
        <Y>58</Y>
      </Position>
      <Alignment>
        <TopLeft>true</TopLeft>
      </Alignment>
      <TemplateName>tiny_horiz_endcap_left</TemplateName>
    </ImageAreaDef>

    <ImageAreaDef>
      <ControlId></ControlId>
      <Position>
        <X>118</X>
        <Y>58</Y>
      </Position>
      <Alignment>
        <TopLeft>true</TopLeft>
      </Alignment>
      <TemplateName>tiny_horiz_endcap_right</TemplateName>
    </ImageAreaDef>

    <StatusBarDef>
      <ControlId>1003</ControlId>
      <Position>
        <X>28</X>
        <Y>58</Y>
      </Position>
      <Alignment>
        <TopLeft>true</TopLeft>
      </Alignment>
      <ToolTipID>32</ToolTipID>
      <TemplateName>blue_status</TemplateName>
      <AdapterName>summary_exp_fine</AdapterName>
      <Width>90</Width>
    </StatusBarDef>

    <ScalarLabelDef>
      <ControlId></ControlId>
      <Position>
        <X>121</X>
        <Y>50</Y>
      </Position>
      <Alignment>
        <TopLeft>true</TopLeft>
      </Alignment>
      <FontName>arial9</FontName>
      <Adapter>stats_level</Adapter>
      <ColorAdapter></ColorAdapter>
      <Width>16</Width>
      <Height>16</Height>
      <MaxCharacters>32</MaxCharacters>
      <Color>
        <R>102</R>
        <G>204</G>
        <B>255</B>
        <A>255</A>
      </Color>
      <Data></Data>
      <EndAligned>true</EndAligned>
      <TextCentered>false</TextCentered>
      <DontDrawWhenZero>false</DontDrawWhenZero>
    </ScalarLabelDef>

    <ScalarLabelDef>
      <ControlId>1002</ControlId>
      <Position>
        <X>132</X>
        <Y>50</Y>
      </Position>
      <Alignment>
        <TopLeft>true</TopLeft>
      </Alignment>
      <FontName>arial9</FontName>
      <Adapter>summary_exp_coarse</Adapter>
      <ColorAdapter></ColorAdapter>
      <Width>18</Width>
      <Height>16</Height>
      <MaxCharacters>32</MaxCharacters>
      <Color>
        <R>102</R>
        <G>204</G>
        <B>255</B>
        <A>255</A>
      </Color>
      <Data>.</Data>
      <EndAligned>false</EndAligned>
      <TextCentered>false</TextCentered>
      <DontDrawWhenZero>false</DontDrawWhenZero>
    </ScalarLabelDef>

    <ScalarLabelDef>
      <ControlId>1003</ControlId>
      <Position>
        <X>140</X>
        <Y>50</Y>
      </Position>
      <Alignment>
        <TopLeft>true</TopLeft>
      </Alignment>
      <FontName>arial9</FontName>
      <Adapter>summary_exp_fine</Adapter>
      <ColorAdapter></ColorAdapter>
      <Width>16</Width>
      <Height>16</Height>
      <MaxCharacters>32</MaxCharacters>
      <Color>
        <R>102</R>
        <G>204</G>
        <B>255</B>
        <A>255</A>
      </Color>
      <Data></Data>
      <EndAligned>false</EndAligned>
      <TextCentered>false</TextCentered>
      <DontDrawWhenZero>false</DontDrawWhenZero>
    </ScalarLabelDef>

    <!--     Toggle Player Exp                  -->

	<ButtonDef>
		<ControlId>1001</ControlId>
		<TemplateName>button_nobg</TemplateName>
		<Label>Exp</Label>
		<Position>
			<X>5</X>
			<Y>50</Y>
		</Position>
		<Alignment>
			<TopLeft>true</TopLeft>
		</Alignment>
		<LabelAlignment>
			<TopLeft>true</TopLeft>
		</LabelAlignment>
		<OnClickEvent>SummaryToggleExp</OnClickEvent>
		<ToolTipID>32</ToolTipID>
	</ButtonDef>


    <!--                  END Player Exp                  -->

    <!--      TARGET                  -->

    <FullResizeImageDef>
      <ControlId></ControlId>
      <Position>
        <X>3</X>
        <Y>64</Y>
      </Position>
      <Alignment>
        <TopLeft>true</TopLeft>
      </Alignment>
      <TemplateName>selection_box</TemplateName>
      <Width>150</Width>
      <Height>33</Height>
    </FullResizeImageDef>

    <!--                  Target Name                  -->

    <LabelDef>
      <ControlId></ControlId>
      <Position>
        <X>0</X>
        <Y>67</Y>
      </Position>
      <Alignment>
        <CenterHorizontally>true</CenterHorizontally>
      </Alignment>
      <Color>
        <R>255</R>
        <G>255</G>
        <B>0</B>
        <A>255</A>
      </Color>
      <FontName>arial11</FontName>
      <Width>156</Width>
      <Height>16</Height>
      <ColorAdapter>summary_target_color</ColorAdapter>
      <MaxCharacters>32</MaxCharacters>
      <Data></Data>
      <EndAligned>false</EndAligned>
      <TextCentered>false</TextCentered>
      <Adapter>summary_target</Adapter>
    </LabelDef>

    <!--                  END Target Name                  -->

    <!--                  Target Selected                  -->

    <LabelDef>
      <ControlId></ControlId>
      <Position>
        <X>5</X>
        <Y>80</Y>
      </Position>
      <Alignment>
        <TopLeft>true</TopLeft>
      </Alignment>
      <Color>
        <R>255</R>
        <G>255</G>
        <B>255</B>
        <A>255</A>
      </Color>
      <FontName>arial9</FontName>
      <Width>20</Width>
      <Height>16</Height>
      <ColorAdapter></ColorAdapter>
      <MaxCharacters>32</MaxCharacters>
      <Data>Hits</Data>
      <EndAligned>false</EndAligned>
      <TextCentered>false</TextCentered>
      <Adapter></Adapter>
    </LabelDef>

    <ImageAreaDef>
      <ControlId></ControlId>
      <Position>
        <X>24</X>
        <Y>80</Y>
      </Position>
      <TemplateName>endcap_thick_left</TemplateName>
    </ImageAreaDef>

    <ImageAreaDef>
      <ControlId></ControlId>
      <Position>
        <X>118</X>
        <Y>80</Y>
      </Position>
      <TemplateName>endcap_thick_right</TemplateName>
    </ImageAreaDef>


    <StatusBarDef>
      <ControlId></ControlId>
      <Position>
        <X>28</X>
        <Y>80</Y>
      </Position>
      <Alignment>
        <TopLeft>true</TopLeft>
      </Alignment>
      <TemplateName>red_status_thick</TemplateName>
      <AdapterName>summary_target_hits</AdapterName>
      <Width>90</Width>
    </StatusBarDef>

    <ScalarLabelDef>
      <ControlId></ControlId>
      <Position>
        <X>124</X>
        <Y>80</Y>
      </Position>
      <Alignment>
        <TopLeft>true</TopLeft>
      </Alignment>
      <FontName>arial9</FontName>
      <Adapter>summary_target_hits</Adapter>
      <ColorAdapter></ColorAdapter>
      <Width>18</Width>
      <Height>16</Height>
      <MaxCharacters>32</MaxCharacters>
      <Color>
        <R>255</R>
        <G>255</G>
        <B>255</B>
        <A>255</A>
      </Color>
      <Data></Data>
      <EndAligned>true</EndAligned>
      <TextCentered>false</TextCentered>
      <DontDrawWhenZero>false</DontDrawWhenZero>
      <DontDrawWhenNegOne>true</DontDrawWhenNegOne>
    </ScalarLabelDef>

    <LabelDef>
      <ControlId></ControlId>
      <Position>
        <X>142</X>
        <Y>80</Y>
      </Position>
      <Alignment>
        <TopLeft>true</TopLeft>
      </Alignment>
      <Color>
        <R>255</R>
        <G>255</G>
        <B>255</B>
        <A>255</A>
      </Color>
      <FontName>arial9</FontName>
      <Width>16</Width>
      <Height>16</Height>
      <ColorAdapter></ColorAdapter>
      <MaxCharacters>32</MaxCharacters>
      <Data>%</Data>
      <EndAligned>false</EndAligned>
      <TextCentered>false</TextCentered>
      <Adapter></Adapter>
    </LabelDef>

    <!--                  END Target Selected                  -->

<!--   Invisible Buttons -->
    <InvisibleButtonDef>
      <ControlId></ControlId>
      <Position>
        <X>28</X>
        <Y>22</Y>
      </Position>
      <Alignment>
        <TopLeft>true</TopLeft>
      </Alignment>
      <Label></Label>
      <OnClickEvent>ToggleStatsInventory</OnClickEvent>
      <Width>90</Width>
      <Height>25</Height>
    </InvisibleButtonDef>

    <InvisibleButtonDef>
      <ControlId></ControlId>
      <Position>
        <X>2</X>
        <Y>64</Y>
      </Position>
      <Alignment>
        <TopLeft>true</TopLeft>
      </Alignment>
      <Label></Label>
      <OnClickEvent>Face</OnClickEvent>
      <Width>152</Width>
      <Height>31</Height>
    </InvisibleButtonDef>

<!--   Extended Buttons -->
    <LabelDef>
      <ControlId></ControlId>
      <Position>
        <X>9</X>
        <Y>8</Y>
      </Position>
      <Alignment>
        <TopLeft>true</TopLeft>
      </Alignment>
      <Color>
        <R>204</R>
        <G>204</G>
        <B>204</B>
        <A>255</A>
      </Color>
      <FontName>arial9</FontName>
      <Width>10</Width>
      <Height>10</Height>
      <ColorAdapter></ColorAdapter>
      <MaxCharacters>32</MaxCharacters>
      <Data>E</Data>
      <EndAligned>false</EndAligned>
      <TextCentered>false</TextCentered>
      <Adapter></Adapter>
    </LabelDef>

    <LabelDef>
      <ControlId></ControlId>
      <Position>
        <X>19</X>
        <Y>8</Y>
      </Position>
      <Alignment>
        <TopLeft>true</TopLeft>
      </Alignment>
      <Color>
        <R>204</R>
        <G>204</G>
        <B>204</B>
        <A>255</A>
      </Color>
      <FontName>arial9</FontName>
      <Width>10</Width>
      <Height>10</Height>
      <ColorAdapter></ColorAdapter>
      <MaxCharacters>32</MaxCharacters>
      <Data>T</Data>
      <EndAligned>false</EndAligned>
      <TextCentered>false</TextCentered>
      <Adapter></Adapter>
    </LabelDef>

    <LabelDef>
      <ControlId></ControlId>
      <Position>
        <X>146</X>
        <Y>8</Y>
      </Position>
      <Alignment>
        <TopLeft>true</TopLeft>
      </Alignment>
      <Color>
        <R>204</R>
        <G>204</G>
        <B>204</B>
        <A>255</A>
      </Color>
      <FontName>arial9</FontName>
      <Width>10</Width>
      <Height>10</Height>
      <ColorAdapter></ColorAdapter>
      <MaxCharacters>32</MaxCharacters>
      <Data>S</Data>
      <EndAligned>false</EndAligned>
      <TextCentered>false</TextCentered>
      <Adapter></Adapter>
    </LabelDef>

    <ButtonDef>
      <ControlId></ControlId>
      <Position>
        <X>7</X>
        <Y>1</Y>
      </Position>
      <Alignment>
        <TopLeft>true</TopLeft>
      </Alignment>
      <TemplateName>scroll_up_no_gutter</TemplateName>
      <Label></Label>
      <onClickEvent>ToggleCustom4</onClickEvent>
    </ButtonDef>

    <ButtonDef>
      <ControlId></ControlId>
      <Position>
        <X>17</X>
        <Y>1</Y>
      </Position>
      <Alignment>
        <TopLeft>true</TopLeft>
      </Alignment>
      <TemplateName>scroll_up_no_gutter</TemplateName>
      <Label></Label>
      <onClickEvent>ToggleFloatTarget</onClickEvent>
    </ButtonDef>

    <ButtonDef>
      <ControlId></ControlId>
      <Position>
        <X>144</X>
        <Y>1</Y>
      </Position>
      <Alignment>
        <TopLeft>true</TopLeft>
      </Alignment>
      <TemplateName>scroll_up_no_gutter</TemplateName>
      <Label></Label>
      <onClickEvent>ToggleCustom3</onClickEvent>
    </ButtonDef>

  </WindowTemplate>

</Root_Element>
