<?xml version="1.0" encoding="ISO-8859-1"?>
<Root_Element ID="DAOCUi">
 <WindowTemplate>
    <Name>custom10_window</Name>
    <WindowId>Custom10</WindowId>
    <CloseButton>true</CloseButton>
    <MoveButton>true</MoveButton>
    <TopRightResizeButton>false</TopRightResizeButton>
    <BottomRightResizeButton>false</BottomRightResizeButton>
    <BottomLeftResizeButton>false</BottomLeftResizeButton>
    <ResizeButtonOffsetX>0</ResizeButtonOffsetX>
    <ResizeButtonOffsetY>0</ResizeButtonOffsetY>
    <TitleWidth>350</TitleWidth>
    <TitleHeight>60</TitleHeight>
    <Width>360</Width>
    <Height>65</Height>
    <ResizeableWidth>0</ResizeableWidth>
    <ResizeableHeight>0</ResizeableHeight>
    <ResizeableTwoWayWidth>0</ResizeableTwoWayWidth>
    <ResizeableTwoWayHeight>0</ResizeableTwoWayHeight>
    <MinWidth>0</MinWidth>
    <MinHeight>0</MinHeight>
      <FullResizeImageDef>
         <ControlId>ImageBackground</ControlId>
         <Position>
            <X>0</X>
            <Y>0</Y>
         </Position>
         <Alignment>
         </Alignment>
         <TemplateName>valmer_box</TemplateName>
         <Width>360</Width>
         <Height>65</Height>
      </FullResizeImageDef>

		<LabelDef>
			<Color>
				<R>255</R>
				<G>255</G>
				<B>255</B>
				<A>255</A>
			</Color>
			<FontName>chat_large</FontName>
			<Width>340</Width>
			<Height>14</Height>
			<MaxCharacters>100</MaxCharacters>
			<Data>Le Grandi Mappe Statiche non sono state abilitate</Data>
			<Position>
				<X>5</X>
				<Y>5</Y>
			</Position>
			<Alignment>
				<CenterHorizontally>true</CenterHorizontally>
			</Alignment>
		</LabelDef>

		<LabelDef>
			<Color>
				<R>255</R>
				<G>255</G>
				<B>255</B>
				<A>255</A>
			</Color>
			<FontName>chat_large</FontName>
			<Width>350</Width>
			<Height>14</Height>
			<MaxCharacters>100</MaxCharacters>
			<Data>Seleziona con il programma "ConfigurazioneFinestre.exe"</Data>
			<Position>
				<X>3</X>
				<Y>18</Y>
			</Position>
			<Alignment>
				<CenterHorizontally>true</CenterHorizontally>
			</Alignment>
		</LabelDef>
		<LabelDef>
			<Color>
				<R>255</R>
				<G>255</G>
				<B>255</B>
				<A>255</A>
			</Color>
			<FontName>chat_large</FontName>
			<Width>350</Width>
			<Height>14</Height>
			<MaxCharacters>100</MaxCharacters>
			<Data>l'opzione Mappe ed installa le mappe nella cartella /ui/custom</Data>
			<Position>
				<X>5</X>
				<Y>31</Y>
			</Position>
			<Alignment>
				<CenterHorizontally>true</CenterHorizontally>
			</Alignment>
		</LabelDef>

		<LabelDef>
			<Color>
				<R>255</R>
				<G>127</G>
				<B>127</B>
				<A>255</A>
			</Color>
			<FontName>chat_large</FontName>
			<Width>350</Width>
			<Height>14</Height>
			<MaxCharacters>100</MaxCharacters>
			<Data>Sito mappe: http://www.valmerwolf.com/varie/modvalmer.htm </Data>
			<Position>
				<X>5</X>
				<Y>46</Y>
			</Position>
			<Alignment>
				<CenterHorizontally>true</CenterHorizontally>
			</Alignment>
		</LabelDef>

 </WindowTemplate>

</Root_Element>
