<?xml version="1.0" encoding="ISO-8859-1"?>
<Root_Element ID="DAOCUi">
   <WindowTemplate>
      <Name>menu_bar_window</Name>
      <WindowId>menu_bar</WindowId>
      <CloseButton>true</CloseButton>
      <MoveButton>true</MoveButton>
      <TopRightResizeButton>false</TopRightResizeButton>
      <BottomRightResizeButton>false</BottomRightResizeButton>
      <BottomLeftResizeButton>false</BottomLeftResizeButton>
      <ResizeButtonOffsetX>0</ResizeButtonOffsetX>
      <ResizeButtonOffsetY>0</ResizeButtonOffsetY>
      <TitleWidth>0</TitleWidth>
      <TitleHeight>0</TitleHeight>
      <Width>800</Width>
      <Height>27</Height>
      <ResizeableWidth>0</ResizeableWidth>
      <ResizeableHeight>0</ResizeableHeight>
      <ResizeableTwoWayWidth>0</ResizeableTwoWayWidth>
      <ResizeableTwoWayHeight>0</ResizeableTwoWayHeight>
      <MinWidth>0</MinWidth>
      <MinHeight>0</MinHeight>
      <ContextTemplateName></ContextTemplateName>
      <FullResizeImageDef>
         <ControlId>ImageBackground</ControlId>
         <Position>
            <X>0</X>
            <Y>0</Y>
         </Position>
         <Alignment>
         </Alignment>
         <TemplateName>dlg_sm_title_noresize</TemplateName>
         <Width>800</Width>
         <Height>27</Height>
      </FullResizeImageDef>
      <HorizontalResizeButtonDef>
         <ControlId></ControlId>
         <Position>
            <X>754</X>
            <Y>8</Y>
         </Position>
         <Alignment>
         </Alignment>
         <TemplateName>generic_hr_button</TemplateName>
         <Label>MENU</Label>
         <Width>40</Width>
         <onClickEvent>ToggleMainMenu</onClickEvent>
      </HorizontalResizeButtonDef>
      <HorizontalResizeButtonDef>
         <ControlId></ControlId>
         <Position>
            <X>284</X>
            <Y>8</Y>
         </Position>
         <Alignment>
         </Alignment>
         <TemplateName>generic_hr_button</TemplateName>
         <Label>Diario</Label>
         <Width>48</Width>
         <onClickEvent>ToggleJournal</onClickEvent>
      </HorizontalResizeButtonDef>
      <HorizontalResizeButtonDef>
         <ControlId></ControlId>
         <Position>
            <X>333</X>
            <Y>8</Y>
         </Position>
         <Alignment>
         </Alignment>
         <TemplateName>generic_hr_button</TemplateName>
         <Label>Mappa</Label>
         <Width>42</Width>
         <onClickEvent>ToggleMap</onClickEvent>
      </HorizontalResizeButtonDef>
      <HorizontalResizeButtonDef>
         <ControlId></ControlId>
         <Position>
            <X>376</X>
            <Y>8</Y>
         </Position>
         <Alignment>
         </Alignment>
         <TemplateName>generic_hr_button</TemplateName>
         <Label>Guerra</Label>
         <Width>53</Width>
         <onClickEvent>ShowWarMap</onClickEvent>
      </HorizontalResizeButtonDef>
      <HorizontalResizeButtonDef>
         <ControlId></ControlId>
         <Position>
            <X>430</X>
            <Y>8</Y>
         </Position>
         <Alignment>
         </Alignment>
         <ToolTipID>18</ToolTipID>
         <TemplateName>generic_hr_button</TemplateName>
         <Label>Attrib.</Label>
         <Width>50</Width>
         <onClickEvent>ToggleStatsAttributes</onClickEvent>
      </HorizontalResizeButtonDef>
      <HorizontalResizeButtonDef>
         <ControlId></ControlId>
         <Position>
            <X>481</X>
            <Y>8</Y>
         </Position>
         <Alignment>
         </Alignment>
         <ToolTipID>19</ToolTipID>
         <TemplateName>generic_hr_button</TemplateName>
         <Label>Zaino</Label>
         <Width>39</Width>
         <onClickEvent>ToggleStatsInventory</onClickEvent>
      </HorizontalResizeButtonDef>
      <HorizontalResizeButtonDef>
         <ControlId></ControlId>
         <Position>
            <X>521</X>
            <Y>8</Y>
         </Position>
         <Alignment>
         </Alignment>
         <ToolTipID>20</ToolTipID>
         <TemplateName>generic_hr_button</TemplateName>
         <Label>Abilit�</Label>
         <Width>46</Width>
         <onClickEvent>ToggleStatsSkills</onClickEvent>
      </HorizontalResizeButtonDef>
      <HorizontalResizeButtonDef>
         <ControlId></ControlId>
         <Position>
            <X>570</X>
            <Y>8</Y>
         </Position>
         <Alignment>
         </Alignment>
         <ToolTipID>22</ToolTipID>
         <TemplateName>generic_hr_button</TemplateName>
         <Label>Magie</Label>
         <Width>45</Width>
         <onClickEvent>ToggleStatsSpells</onClickEvent>
      </HorizontalResizeButtonDef>
      <HorizontalResizeButtonDef>
         <ControlId></ControlId>
         <Position>
            <X>616</X>
            <Y>8</Y>
         </Position>
         <Alignment>
         </Alignment>
         <ToolTipID>21</ToolTipID>
         <TemplateName>generic_hr_button</TemplateName>
         <Label>Stili</Label>
         <Width>37</Width>
         <onClickEvent>ToggleStatsStyles</onClickEvent>
      </HorizontalResizeButtonDef>
      <HorizontalResizeButtonDef>
         <ControlId></ControlId>
         <Position>
            <X>654</X>
            <Y>8</Y>
         </Position>
         <Alignment>
         </Alignment>
         <ToolTipID>23</ToolTipID>
         <TemplateName>generic_hr_button</TemplateName>
         <Label>Gruppo</Label>
         <Width>47</Width>
         <onClickEvent>ToggleStatsGroup</onClickEvent>
      </HorizontalResizeButtonDef>
      <StatusIconDef>
         <ControlId>2000</ControlId>
         <Position>
            <X>703</X>
            <Y>8</Y>
         </Position>
         <Alignment>
            <TopLeft>true</TopLeft>
         </Alignment>
         <TemplateName>performance_icon_small</TemplateName>
         <AdapterName>performance_meter</AdapterName>
      </StatusIconDef>
      <StatusIconDef>
         <ControlId>2001</ControlId>
         <Position>
            <X>720</X>
            <Y>8</Y>
         </Position>
         <Alignment>
            <TopLeft>true</TopLeft>
         </Alignment>
         <TemplateName>performance_icon_small</TemplateName>
         <AdapterName>lag_meter</AdapterName>
      </StatusIconDef>
      <StatusIconDef>
         <ControlId>2002</ControlId>
         <Position>
            <X>737</X>
            <Y>8</Y>
         </Position>
         <Alignment>
            <TopLeft>true</TopLeft>
         </Alignment>
         <TemplateName>performance_icon_small</TemplateName>
         <AdapterName>framerate_meter</AdapterName>
      </StatusIconDef>
      <StatusBarDef>
         <ControlId>1002</ControlId>
         <Position>
            <X>27</X>
            <Y>10</Y>
         </Position>
         <Alignment>
            <TopLeft>true</TopLeft>
         </Alignment>
         <ToolTipID>32</ToolTipID>
         <TemplateName>exp_bubbles</TemplateName>
         <AdapterName>summary_exp_coarse</AdapterName>
         <Width>90</Width>
      </StatusBarDef>
      <StatusBarDef>
         <ControlId>1003</ControlId>
         <Position>
            <X>27</X>
            <Y>19</Y>
         </Position>
         <Alignment>
            <TopLeft>true</TopLeft>
         </Alignment>
         <ToolTipID>32</ToolTipID>
         <TemplateName>blue_status</TemplateName>
         <AdapterName>summary_exp_fine</AdapterName>
         <Width>90</Width>
      </StatusBarDef>
      <ButtonDef>
         <ControlId>1001</ControlId>
         <Position>
            <X>6</X>
            <Y>8</Y>
         </Position>
         <Alignment>
            <TopLeft>true</TopLeft>
         </Alignment>
         <ToolTipID>32</ToolTipID>
         <LabelAlignment>
            <TopLeft>true</TopLeft>
         </LabelAlignment>
         <TemplateName>button_nobg</TemplateName>
         <Label>Exp</Label>
         <onClickEvent>MenuBarToggleExp</onClickEvent>
      </ButtonDef>
      <LabelDef>
         <ControlId></ControlId>
         <Position>
            <X>258</X>
            <Y>10</Y>
         </Position>
         <Alignment>
            <TopLeft>true</TopLeft>
         </Alignment>
         <Color>
            <R>255</R>
            <G>255</G>
            <B>255</B>
            <A>255</A>
         </Color>
         <FontName>arial9</FontName>
         <Width>27</Width>
         <Height>16</Height>
         <ColorAdapter></ColorAdapter>
         <MaxCharacters>128</MaxCharacters>
         <Data> C:999</Data>
         <EndAligned>false</EndAligned>
         <TextCentered>false</TextCentered>
         <Adapter>merchant_copper</Adapter>
      </LabelDef>
      <LabelDef>
         <ControlId></ControlId>
         <Position>
            <X>222</X>
            <Y>10</Y>
         </Position>
         <Alignment>
            <TopLeft>true</TopLeft>
         </Alignment>
         <Color>
            <R>255</R>
            <G>255</G>
            <B>255</B>
            <A>255</A>
         </Color>
         <FontName>arial9</FontName>
         <Width>27</Width>
         <Height>16</Height>
         <ColorAdapter></ColorAdapter>
         <MaxCharacters>128</MaxCharacters>
         <Data>S:999</Data>
         <EndAligned>false</EndAligned>
         <TextCentered>false</TextCentered>
         <Adapter>merchant_silver</Adapter>
      </LabelDef>
      <LabelDef>
         <ControlId></ControlId>
         <Position>
            <X>181</X>
            <Y>10</Y>
         </Position>
         <Alignment>
            <TopLeft>true</TopLeft>
         </Alignment>
         <Color>
            <R>255</R>
            <G>255</G>
            <B>255</B>
            <A>255</A>
         </Color>
         <FontName>arial9</FontName>
         <Width>27</Width>
         <Height>16</Height>
         <ColorAdapter></ColorAdapter>
         <MaxCharacters>128</MaxCharacters>
         <Data>G:999</Data>
         <EndAligned>false</EndAligned>
         <TextCentered>false</TextCentered>
         <Adapter>merchant_gold</Adapter>
      </LabelDef>
      <LabelDef>
         <ControlId></ControlId>
         <Position>
            <X>141</X>
            <Y>10</Y>
         </Position>
         <Alignment>
            <TopLeft>true</TopLeft>
         </Alignment>
         <Color>
            <R>255</R>
            <G>255</G>
            <B>255</B>
            <A>255</A>
         </Color>
         <FontName>arial9</FontName>
         <Width>27</Width>
         <Height>16</Height>
         <ColorAdapter></ColorAdapter>
         <MaxCharacters>128</MaxCharacters>
         <Data>P:999</Data>
         <EndAligned>false</EndAligned>
         <TextCentered>false</TextCentered>
         <Adapter>merchant_platinum</Adapter>
      </LabelDef>
      <ImageAreaDef>
         <ControlId></ControlId>
         <Position>
            <X>245</X>
            <Y>11</Y>
         </Position>
         <Alignment>
            <TopLeft>true</TopLeft>
         </Alignment>
         <TemplateName>copper_decal</TemplateName>
      </ImageAreaDef>
      <ImageAreaDef>
         <ControlId></ControlId>
         <Position>
            <X>209</X>
            <Y>11</Y>
         </Position>
         <Alignment>
            <TopLeft>true</TopLeft>
         </Alignment>
         <TemplateName>silver_decal</TemplateName>
      </ImageAreaDef>
      <ImageAreaDef>
         <ControlId></ControlId>
         <Position>
            <X>168</X>
            <Y>11</Y>
         </Position>
         <Alignment>
            <TopLeft>true</TopLeft>
         </Alignment>
         <TemplateName>gold_decal</TemplateName>
      </ImageAreaDef>
      <ImageAreaDef>
         <ControlId></ControlId>
         <Position>
            <X>128</X>
            <Y>11</Y>
         </Position>
         <Alignment>
            <TopLeft>true</TopLeft>
         </Alignment>
         <TemplateName>platinum_decal</TemplateName>
      </ImageAreaDef>
   </WindowTemplate>
</Root_Element>
