<?xml version="1.0" encoding="ISO-8859-1"?>
<Root_Element ID="DAOCUi">

<!-- @@ Edited with the DAoC User Interface Editor v1.77a -->
<!-- @@ Free download available at http://www.bradtownsend.com/daoced -->

  <!--                                                    Exp Bubbles                                                    -->

  <HorizontalResizeImageTemplate>
    <Name>exp_high</Name>
    <Height>8</Height>
    <LeftWidth>0</LeftWidth>
    <RepeatWidth>9</RepeatWidth>
    <RightWidth>0</RightWidth>
    <Texture>
      <TextureName>shared_pieces</TextureName>
      <Left>
        <X>0</X>
        <Y>0</Y>
      </Left>
      <Repeat>
        <X>102</X>
        <Y>129</Y>
      </Repeat>
      <Right>
        <X>0</X>
        <Y>0</Y>
      </Right>
    </Texture>
  </HorizontalResizeImageTemplate>

  <HorizontalResizeImageTemplate>
    <Name>exp_low</Name>
    <Height>8</Height>
    <LeftWidth>0</LeftWidth>
    <RepeatWidth>9</RepeatWidth>
    <RightWidth>0</RightWidth>
    <Texture>
      <TextureName>shared_pieces</TextureName>
      <Left>
        <X>0</X>
        <Y>0</Y>
      </Left>
      <Repeat>
        <X>113</X>
        <Y>129</Y>
      </Repeat>
      <Right>
        <X>0</X>
        <Y>0</Y>
      </Right>
    </Texture>
  </HorizontalResizeImageTemplate>

  <StatusBarTemplate>
    <Name>exp_bubbles</Name>
    <ForegroundHResizeTemplate>exp_high</ForegroundHResizeTemplate>
    <BackgroundHResizeTemplate>exp_low</BackgroundHResizeTemplate>
    <Height>8</Height>
    <ForegroundOffset>
      <X>0</X>
      <Y>0</Y>
    </ForegroundOffset>
  </StatusBarTemplate>

  <!--                                                    Exp Bubbles                                                    -->

  <!--                                                    Realm XP Bubbles                                                    -->

  <HorizontalResizeImageTemplate>
    <Name>rexp_high</Name>
    <Height>8</Height>
    <LeftWidth>0</LeftWidth>
    <RepeatWidth>9</RepeatWidth>
    <RightWidth>0</RightWidth>
    <Texture>
      <TextureName>valmer_01</TextureName>
      <Left>
        <X>0</X>
        <Y>0</Y>
      </Left>
      <Repeat>
        <X>0</X>
        <Y>0</Y>
      </Repeat>
      <Right>
        <X>0</X>
        <Y>0</Y>
      </Right>
    </Texture>
  </HorizontalResizeImageTemplate>

  <HorizontalResizeImageTemplate>
    <Name>rexp_low</Name>
    <Height>8</Height>
    <LeftWidth>0</LeftWidth>
    <RepeatWidth>9</RepeatWidth>
    <RightWidth>0</RightWidth>
    <Texture>
      <TextureName>valmer_01</TextureName>
      <Left>
        <X>0</X>
        <Y>0</Y>
      </Left>
      <Repeat>
        <X>11</X>
        <Y>0</Y>
      </Repeat>
      <Right>
        <X>0</X>
        <Y>0</Y>
      </Right>
    </Texture>
  </HorizontalResizeImageTemplate>

  <StatusBarTemplate>
    <Name>rexp_bubbles</Name>
    <ForegroundHResizeTemplate>rexp_high</ForegroundHResizeTemplate>
    <BackgroundHResizeTemplate>rexp_low</BackgroundHResizeTemplate>
    <Height>8</Height>
    <ForegroundOffset>
      <X>0</X>
      <Y>0</Y>
    </ForegroundOffset>
  </StatusBarTemplate>

  <!--                                                    END Realm XP Bubbles                                                    -->

  <!--                                                    Small Orange Status                                                    -->

  <HorizontalResizeImageTemplate>
    <Name>sm_orange_full</Name>
    <Height>3</Height>
    <LeftWidth>0</LeftWidth>
    <RepeatWidth>100</RepeatWidth>
    <RightWidth>0</RightWidth>
    <Texture>
      <TextureName>valmer_01</TextureName>
      <Left>
        <X>0</X>
        <Y>17</Y>
      </Left>
      <Repeat>
        <X>0</X>
        <Y>17</Y>
      </Repeat>
      <Right>
        <X>0</X>
        <Y>17</Y>
      </Right>
    </Texture>
  </HorizontalResizeImageTemplate>

  <HorizontalResizeImageTemplate>
    <Name>sm_orange_back</Name>
    <Height>3</Height>
    <LeftWidth>0</LeftWidth>
    <RepeatWidth>100</RepeatWidth>
    <RightWidth>0</RightWidth>
    <Texture>
      <TextureName>valmer_01</TextureName>
      <Left>
        <X>0</X>
        <Y>20</Y>
      </Left>
      <Repeat>
        <X>0</X>
        <Y>20</Y>
      </Repeat>
      <Right>
        <X>0</X>
        <Y>20</Y>
      </Right>
    </Texture>
  </HorizontalResizeImageTemplate>

  <StatusBarTemplate>
    <Name>sm_orange_status</Name>
    <ForegroundHResizeTemplate>sm_orange_full</ForegroundHResizeTemplate>
    <BackgroundHResizeTemplate>sm_orange_back</BackgroundHResizeTemplate>
    <Height>6</Height>
    <ForegroundOffset>
      <X>0</X>
      <Y>0</Y>
    </ForegroundOffset>
  </StatusBarTemplate>

  <!--                                                    END Small Orange Status                                                    -->

  <!--                                                    Dark Blue Status                                                    -->

  <HorizontalResizeImageTemplate>
    <Name>dark_blue_full</Name>
    <Height>6</Height>
    <LeftWidth>0</LeftWidth>
    <RepeatWidth>100</RepeatWidth>
    <RightWidth>0</RightWidth>
    <Texture>
      <TextureName>valmer_01</TextureName>
      <Left>
        <X>23</X>
        <Y>9</Y>
      </Left>
      <Repeat>
        <X>23</X>
        <Y>9</Y>
      </Repeat>
      <Right>
        <X>23</X>
        <Y>9</Y>
      </Right>
    </Texture>
  </HorizontalResizeImageTemplate>

  <StatusBarTemplate>
    <Name>dark_blue_status</Name>
    <ForegroundHResizeTemplate>dark_blue_full</ForegroundHResizeTemplate>
    <BackgroundHResizeTemplate>yellow_back</BackgroundHResizeTemplate>
    <Height>6</Height>
    <ForegroundOffset>
      <X>0</X>
      <Y>0</Y>
    </ForegroundOffset>
  </StatusBarTemplate>

  <!--                                                    END Dark Blue Status                                                    -->

  <!--                                                    Small Red Status                                                    -->

  <HorizontalResizeImageTemplate>
    <Name>sm_red_full</Name>
    <Height>3</Height>
    <LeftWidth>0</LeftWidth>
    <RepeatWidth>100</RepeatWidth>
    <RightWidth>0</RightWidth>
    <Texture>
      <TextureName>page2</TextureName>
      <Left>
        <X>154</X>
        <Y>219</Y>
      </Left>
      <Repeat>
        <X>154</X>
        <Y>219</Y>
      </Repeat>
      <Right>
        <X>154</X>
        <Y>219</Y>
      </Right>
    </Texture>
  </HorizontalResizeImageTemplate>

  <HorizontalResizeImageTemplate>
    <Name>sm_red_back</Name>
    <Height>3</Height>
    <LeftWidth>0</LeftWidth>
    <RepeatWidth>100</RepeatWidth>
    <RightWidth>0</RightWidth>
    <Texture>
      <TextureName>page2</TextureName>
      <Left>
        <X>154</X>
        <Y>225</Y>
      </Left>
      <Repeat>
        <X>154</X>
        <Y>225</Y>
      </Repeat>
      <Right>
        <X>154</X>
        <Y>225</Y>
      </Right>
    </Texture>
  </HorizontalResizeImageTemplate>

  <StatusBarTemplate>
    <Name>sm_red_status</Name>
    <ForegroundHResizeTemplate>sm_red_full</ForegroundHResizeTemplate>
    <BackgroundHResizeTemplate>sm_red_back</BackgroundHResizeTemplate>
    <Height>3</Height>
    <ForegroundOffset>
      <X>0</X>
      <Y>0</Y>
    </ForegroundOffset>
  </StatusBarTemplate>

  <!--                                                    END Small Red Status                                                    -->

  <!--                                                    Red Status Back                                                    -->

  <VerticalResizeImageTemplate>
    <Name>red_back</Name>
    <Width>10</Width>
    <TopHeight>0</TopHeight>
    <RepeatHeight>100</RepeatHeight>
    <BottomHeight>0</BottomHeight>
    <Texture>
      <TextureName>page2</TextureName>
      <Top>
        <X>122</X>
        <Y>155</Y>
      </Top>
      <Repeat>
        <X>122</X>
        <Y>155</Y>
      </Repeat>
      <Bottom>
        <X>122</X>
        <Y>155</Y>
      </Bottom>
    </Texture>
  </VerticalResizeImageTemplate>

  <!--                                                    END Red Status Back                                                    -->

  <!--                                                    Dark Yellow Status                                                    -->

  <HorizontalResizeImageTemplate>
    <Name>dark_yellow_full</Name>
    <Height>6</Height>
    <LeftWidth>0</LeftWidth>
    <RepeatWidth>100</RepeatWidth>
    <RightWidth>0</RightWidth>
    <Texture>
      <TextureName>valmer_01</TextureName>
      <Left>
        <X>23</X>
        <Y>0</Y>
      </Left>
      <Repeat>
        <X>23</X>
        <Y>0</Y>
      </Repeat>
      <Right>
        <X>23</X>
        <Y>0</Y>
      </Right>
    </Texture>
  </HorizontalResizeImageTemplate>

  <StatusBarTemplate>
    <Name>dark_yellow_status</Name>
    <ForegroundHResizeTemplate>dark_yellow_full</ForegroundHResizeTemplate>
    <BackgroundHResizeTemplate>yellow_back</BackgroundHResizeTemplate>
    <Height>6</Height>
    <ForegroundOffset>
      <X>0</X>
      <Y>0</Y>
    </ForegroundOffset>
  </StatusBarTemplate>

  <!--                                                    END Dark Yellow Status                                                    -->

  <!--                                                    Summary Window                                                    -->

  <WindowTemplate>
    <Name>custom2_window</Name>
    <WindowId>Custom2</WindowId>
    <CloseButton>true</CloseButton>
    <MoveButton>true</MoveButton>
    <TopRightResizeButton>false</TopRightResizeButton>
    <BottomRightResizeButton>false</BottomRightResizeButton>
    <BottomLeftResizeButton>false</BottomLeftResizeButton>
    <ResizeButtonOffsetX>0</ResizeButtonOffsetX>
    <ResizeButtonOffsetY>0</ResizeButtonOffsetY>
    <TitleWidth>156</TitleWidth>
    <TitleHeight>5</TitleHeight>
    <Width>156</Width>
    <Height>68</Height>
    <ResizeableWidth>0</ResizeableWidth>
    <ResizeableHeight>0</ResizeableHeight>
    <ResizeableTwoWayWidth>0</ResizeableTwoWayWidth>
    <ResizeableTwoWayHeight>0</ResizeableTwoWayHeight>
    <MinWidth>0</MinWidth>
    <MinHeight>0</MinHeight>

    <FullResizeImageDef>
      <ControlId>BackgroundImage</ControlId>
      <Position>
        <X>0</X>
        <Y>0</Y>
      </Position>
      <Alignment>
        <GrowWidth>true</GrowWidth>
        <GrowHeight>true</GrowHeight>
      </Alignment>
      <TemplateName>valmer_tranbox</TemplateName>
      <Width>156</Width>
      <Height>68</Height>
    </FullResizeImageDef>

    <!--                                                    Realm Title                                                    -->

    <LabelDef>
      <ControlId></ControlId>
      <Position>
        <X>5</X>
        <Y>4</Y>
      </Position>
      <Alignment>
        <TopLeft>true</TopLeft>
      </Alignment>
      <Color>
        <R>255</R>
        <G>153</G>
        <B>0</B>
        <A>255</A>
      </Color>
      <FontName>barb10</FontName>
      <Width>112</Width>
      <Height>16</Height>
      <ColorAdapter></ColorAdapter>
      <MaxCharacters>20</MaxCharacters>
      <Data>Merchant</Data>
      <EndAligned>false</EndAligned>
      <TextCentered>false</TextCentered>
      <Adapter>realm_title</Adapter>
    </LabelDef>

    <LabelDef>
      <ControlId></ControlId>
      <Position>
        <X>123</X>
        <Y>4</Y>
      </Position>
      <Alignment>
        <TopLeft>true</TopLeft>
      </Alignment>
      <Color>
        <R>153</R>
        <G>153</G>
        <B>153</B>
        <A>255</A>
      </Color>
      <FontName>arial9</FontName>
      <Width>16</Width>
      <Height>16</Height>
      <ColorAdapter></ColorAdapter>
      <MaxCharacters>5</MaxCharacters>
      <Data>H</Data>
      <EndAligned>false</EndAligned>
      <TextCentered>false</TextCentered>
      <Adapter></Adapter>
    </LabelDef>

    <ScalarLabelDef>
      <ControlId></ControlId>
      <Position>
        <X>129</X>
        <Y>4</Y>
      </Position>
      <Alignment>
        <TopLeft>true</TopLeft>
      </Alignment>
      <FontName>arial9</FontName>
      <Adapter>house_lot</Adapter>
      <ColorAdapter></ColorAdapter>
      <Width>26</Width>
      <Height>16</Height>
      <MaxCharacters>5</MaxCharacters>
      <Color>
        <R>204</R>
        <G>204</G>
        <B>204</B>
        <A>255</A>
      </Color>
      <Data></Data>
      <EndAligned>false</EndAligned>
      <TextCentered>false</TextCentered>
      <DontDrawWhenZero>false</DontDrawWhenZero>
    </ScalarLabelDef>

    <!--                                                    END Realm Title                                                    -->

    <!--                                                    Realm XP Text                                                    -->

    <StatusBarDef>
      <ControlId></ControlId>
      <Position>
        <X>28</X>
        <Y>16</Y>
      </Position>
      <Alignment>
        <TopLeft>true</TopLeft>
      </Alignment>
      <TemplateName>rexp_bubbles</TemplateName>
      <AdapterName>realm_exp_coarse</AdapterName>
      <Width>90</Width>
    </StatusBarDef>

    <LabelDef>
      <ControlId></ControlId>
      <Position>
        <X>124</X>
        <Y>16</Y>
      </Position>
      <Alignment>
        <TopLeft>true</TopLeft>
      </Alignment>
      <Color>
        <R>204</R>
        <G>102</G>
        <B>51</B>
        <A>255</A>
      </Color>
      <FontName>arial9</FontName>
      <Width>28</Width>
      <Height>16</Height>
      <ColorAdapter></ColorAdapter>
      <MaxCharacters>32</MaxCharacters>
      <Data></Data>
      <EndAligned>true</EndAligned>
      <TextCentered>false</TextCentered>
      <Adapter>realm_rank</Adapter>
    </LabelDef>

    <LabelDef>
      <ControlId></ControlId>
      <Position>
        <X>5</X>
        <Y>28</Y>
      </Position>
      <Alignment>
        <TopLeft>true</TopLeft>
      </Alignment>
      <Color>
        <R>255</R>
        <G>204</G>
        <B>102</B>
        <A>255</A>
      </Color>
      <FontName>arial9</FontName>
      <Width>18</Width>
      <Height>16</Height>
      <ColorAdapter></ColorAdapter>
      <MaxCharacters>32</MaxCharacters>
      <Data>Rps</Data>
      <EndAligned>false</EndAligned>
      <TextCentered>false</TextCentered>
      <Adapter></Adapter>
    </LabelDef>

    <ScalarLabelDef>
      <ControlId></ControlId>
      <Position>
        <X>26</X>
        <Y>28</Y>
      </Position>
      <Alignment>
        <TopLeft>true</TopLeft>
      </Alignment>
      <FontName>arial9</FontName>
      <Adapter>stats_realm_points</Adapter>
      <ColorAdapter></ColorAdapter>
      <Width>52</Width>
      <Height>16</Height>
      <MaxCharacters>32</MaxCharacters>
      <Color>
        <R>255</R>
        <G>153</G>
        <B>0</B>
        <A>255</A>
      </Color>
      <Data></Data>
      <EndAligned>false</EndAligned>
      <TextCentered>false</TextCentered>
      <DontDrawWhenZero>false</DontDrawWhenZero>
    </ScalarLabelDef>

    <!--                                                    END Realm XP Text                                                    -->

    <LabelDef>
      <ControlId></ControlId>
      <Position>
        <X>81</X>
        <Y>28</Y>
      </Position>
      <Alignment>
        <TopLeft>true</TopLeft>
      </Alignment>
      <Color>
        <R>255</R>
        <G>204</G>
        <B>102</B>
        <A>255</A>
      </Color>
      <FontName>arial9</FontName>
      <Width>18</Width>
      <Height>16</Height>
      <ColorAdapter></ColorAdapter>
      <MaxCharacters>32</MaxCharacters>
      <Data>Bps</Data>
      <EndAligned>true</EndAligned>
      <TextCentered>false</TextCentered>
      <Adapter></Adapter>
    </LabelDef>

    <ScalarLabelDef>
      <ControlId></ControlId>
      <Position>
        <X>101</X>
        <Y>28</Y>
      </Position>
      <Alignment>
        <TopLeft>true</TopLeft>
      </Alignment>
      <FontName>arial9</FontName>
      <Adapter>bounty_points</Adapter>
      <ColorAdapter></ColorAdapter>
      <Width>34</Width>
      <Height>16</Height>
      <MaxCharacters>10</MaxCharacters>
      <Color>
        <R>255</R>
        <G>153</G>
        <B>0</B>
        <A>255</A>
      </Color>
      <Data></Data>
      <EndAligned>false</EndAligned>
      <TextCentered>false</TextCentered>
      <DontDrawWhenZero>false</DontDrawWhenZero>
    </ScalarLabelDef>

    <ScalarLabelDef>
      <ControlId></ControlId>
      <Position>
        <X>138</X>
        <Y>28</Y>
      </Position>
      <Alignment>
        <TopLeft>true</TopLeft>
      </Alignment>
      <FontName>arial9</FontName>
      <Adapter>realm_skillpoints</Adapter>
      <ColorAdapter></ColorAdapter>
      <Width>16</Width>
      <Height>16</Height>
      <MaxCharacters>10</MaxCharacters>
      <Color>
        <R>204</R>
        <G>102</G>
        <B>0</B>
        <A>255</A>
      </Color>
      <Data></Data>
      <EndAligned>false</EndAligned>
      <TextCentered>false</TextCentered>
      <DontDrawWhenZero>false</DontDrawWhenZero>
    </ScalarLabelDef>

    <!--                                                    Realm XP                                                    -->

    <ImageAreaDef>
      <ControlId></ControlId>
      <Position>
        <X>26</X>
        <Y>23</Y>
      </Position>
      <Alignment>
        <TopLeft>true</TopLeft>
      </Alignment>
      <TemplateName>tiny_horiz_endcap_left</TemplateName>
    </ImageAreaDef>

    <ImageAreaDef>
      <ControlId></ControlId>
      <Position>
        <X>118</X>
        <Y>23</Y>
      </Position>
      <Alignment>
        <TopLeft>true</TopLeft>
      </Alignment>
      <TemplateName>tiny_horiz_endcap_right</TemplateName>
    </ImageAreaDef>

    <StatusBarDef>
      <ControlId></ControlId>
      <Position>
        <X>28</X>
        <Y>23</Y>
      </Position>
      <Alignment>
        <TopLeft>true</TopLeft>
      </Alignment>
      <TemplateName>sm_orange_status</TemplateName>
      <AdapterName>realm_exp_fine</AdapterName>
      <Width>90</Width>
    </StatusBarDef>

    <!--                                                    END Realm XP                                                    -->

    <!--                                                    ML Title                                                    -->

    <LabelDef>
      <ControlId></ControlId>
      <Position>
        <X>5</X>
        <Y>41</Y>
      </Position>
      <Alignment>
        <TopLeft>true</TopLeft>
      </Alignment>
      <Color>
        <R>0</R>
        <G>204</G>
        <B>255</B>
        <A>255</A>
      </Color>
      <FontName>barb10</FontName>
      <Width>128</Width>
      <Height>16</Height>
      <ColorAdapter></ColorAdapter>
      <MaxCharacters>32</MaxCharacters>
      <Data>Merchant</Data>
      <EndAligned>false</EndAligned>
      <TextCentered>false</TextCentered>
      <Adapter>master_title</Adapter>
    </LabelDef>

    <ScalarLabelDef>
      <ControlId></ControlId>
      <Position>
        <X>138</X>
        <Y>41</Y>
      </Position>
      <Alignment>
        <TopLeft>true</TopLeft>
      </Alignment>
      <FontName>arial9</FontName>
      <Adapter>master_rank</Adapter>
      <ColorAdapter></ColorAdapter>
      <Width>16</Width>
      <Height>16</Height>
      <MaxCharacters>10</MaxCharacters>
      <Color>
        <R>153</R>
        <G>204</G>
        <B>255</B>
        <A>255</A>
      </Color>
      <Data></Data>
      <EndAligned>false</EndAligned>
      <TextCentered>false</TextCentered>
      <DontDrawWhenZero>false</DontDrawWhenZero>
    </ScalarLabelDef>

    <!--                                                    END ML Title                                                    -->

    <!--                                                    ML PVE XP Text                                                    -->

    <LabelDef>
      <ControlId></ControlId>
      <Position>
        <X>5</X>
        <Y>52</Y>
      </Position>
      <Alignment>
        <TopLeft>true</TopLeft>
      </Alignment>
      <Color>
        <R>153</R>
        <G>255</G>
        <B>255</B>
        <A>255</A>
      </Color>
      <FontName>arial9</FontName>
      <Width>20</Width>
      <Height>16</Height>
      <ColorAdapter></ColorAdapter>
      <MaxCharacters>32</MaxCharacters>
      <Data>Mxp</Data>
      <EndAligned>false</EndAligned>
      <TextCentered>false</TextCentered>
      <Adapter></Adapter>
    </LabelDef>

    <!--                                                    END ML PVE XP Text                                                    -->

    <!--                                                    ML XP                                                    -->

    <ImageAreaDef>
      <ControlId></ControlId>
      <Position>
        <X>26</X>
        <Y>54</Y>
      </Position>
      <Alignment>
        <TopLeft>true</TopLeft>
      </Alignment>
      <TemplateName>sm_horiz_endcap_left_thin</TemplateName>
    </ImageAreaDef>

    <ImageAreaDef>
      <ControlId></ControlId>
      <Position>
        <X>118</X>
        <Y>54</Y>
      </Position>
      <Alignment>
        <TopLeft>true</TopLeft>
      </Alignment>
      <TemplateName>sm_horiz_endcap_right_thin</TemplateName>
    </ImageAreaDef>

    <StatusBarDef>
      <ControlId></ControlId>
      <Position>
        <X>28</X>
        <Y>54</Y>
      </Position>
      <Alignment>
        <TopLeft>true</TopLeft>
      </Alignment>
      <TemplateName>dark_blue_status</TemplateName>
      <AdapterName>master_exp</AdapterName>
      <Width>90</Width>
    </StatusBarDef>

    <ScalarLabelDef>
      <ControlId></ControlId>
      <Position>
        <X>122</X>
        <Y>52</Y>
      </Position>
      <Alignment>
        <TopLeft>true</TopLeft>
      </Alignment>
      <FontName>arial9</FontName>
      <Adapter>master_exp</Adapter>
      <ColorAdapter></ColorAdapter>
      <Width>18</Width>
      <Height>16</Height>
      <MaxCharacters>32</MaxCharacters>
      <Color>
        <R>0</R>
        <G>204</G>
        <B>204</B>
        <A>255</A>
      </Color>
      <Data></Data>
      <EndAligned>true</EndAligned>
      <TextCentered>false</TextCentered>
      <DontDrawWhenZero>false</DontDrawWhenZero>
    </ScalarLabelDef>

    <LabelDef>
      <ControlId></ControlId>
      <Position>
        <X>140</X>
        <Y>52</Y>
      </Position>
      <Alignment>
        <TopLeft>true</TopLeft>
      </Alignment>
      <Color>
        <R>0</R>
        <G>204</G>
        <B>204</B>
        <A>255</A>
      </Color>
      <FontName>arial9</FontName>
      <Width>14</Width>
      <Height>16</Height>
      <ColorAdapter></ColorAdapter>
      <MaxCharacters>32</MaxCharacters>
      <Data>%</Data>
      <EndAligned>false</EndAligned>
      <TextCentered>false</TextCentered>
      <Adapter></Adapter>
    </LabelDef>

    <InvisibleButtonDef>
      <ControlId></ControlId>
      <Position>
        <X>10</X>
        <Y>6</Y>
      </Position>
      <Alignment>
        <TopLeft>true</TopLeft>
      </Alignment>
      <Label></Label>
      <OnClickEvent>ToggleCustom0</OnClickEvent>
      <Width>136</Width>
      <Height>18</Height>
    </InvisibleButtonDef>

    <InvisibleButtonDef>
      <ControlId></ControlId>
      <Position>
        <X>5</X>
        <Y>43</Y>
      </Position>
      <Alignment>
        <TopLeft>true</TopLeft>
      </Alignment>
      <Label></Label>
      <OnClickEvent>ToggleMasterLevel</OnClickEvent>
      <Width>146</Width>
      <Height>18</Height>
    </InvisibleButtonDef>

  </WindowTemplate>

</Root_Element>
