<?xml version="1.0" encoding="ISO-8859-1"?>
<Root_Element ID="DAOCUi">

<!-- @@ Edited with the DAoC User Interface Editor v1.77a -->
<!-- @@ Free download available at http://www.bradtownsend.com/daoced -->

  <WindowTemplate>
    <Name>quiver</Name>
    <WindowId>WindowQuiver</WindowId>
    <CloseButton>true</CloseButton>
    <MoveButton>true</MoveButton>
    <TopRightResizeButton>false</TopRightResizeButton>
    <BottomRightResizeButton>true</BottomRightResizeButton>
    <BottomLeftResizeButton>false</BottomLeftResizeButton>
    <ResizeButtonOffsetX>0</ResizeButtonOffsetX>
    <ResizeButtonOffsetY>0</ResizeButtonOffsetY>
    <TitleWidth>130</TitleWidth>
    <TitleHeight>7</TitleHeight>
    <Width>156</Width>
    <Height>30</Height>
    <ResizeableWidth>0</ResizeableWidth>
    <ResizeableHeight>0</ResizeableHeight>
    <ResizeableTwoWayWidth>0</ResizeableTwoWayWidth>
    <ResizeableTwoWayHeight>0</ResizeableTwoWayHeight>
    <MinWidth>156</MinWidth>
    <MinHeight>30</MinHeight>

    <FullResizeImageDef>
      <ControlId></ControlId>
      <Position>
        <X>0</X>
        <Y>0</Y>
      </Position>
      <Alignment>
        <TopLeft>true</TopLeft>
        <GrowWidth>true</GrowWidth>
        <GrowHeight>true</GrowHeight>
      </Alignment>
      <TemplateName>valmer_tranbox</TemplateName>
      <Width>156</Width>
      <Height>30</Height>
    </FullResizeImageDef>

    <FullResizeImageDef>
      <ControlId>5000</ControlId>
      <Position>
        <X>2</X>
        <Y>8</Y>
      </Position>
      <Alignment>
        <TopLeft>true</TopLeft>
      </Alignment>
      <TemplateName>selection_box</TemplateName>
      <Width>38</Width>
      <Height>18</Height>
    </FullResizeImageDef>

    <!--                                                                    Slot 0                                                                    -->

    <IconDef>
      <ControlId>1000</ControlId>
      <Position>
        <X>3</X>
        <Y>9</Y>
      </Position>
      <Alignment>
        <TopLeft>true</TopLeft>
      </Alignment>
      <TemplateName>plain_icon_small</TemplateName>
      <AdapterName>quiver_icon0</AdapterName>
      <IconId>234</IconId>
      <Data></Data>
    </IconDef>

    <LabelDef>
      <ControlId></ControlId>
      <Position>
        <X>20</X>
        <Y>11</Y>
      </Position>
      <Alignment>
        <GrowWidth>true</GrowWidth>
      </Alignment>
      <Color>
        <R>192</R>
        <G>192</G>
        <B>192</B>
        <A>192</A>
      </Color>
      <FontName>arial9</FontName>
      <Width>18</Width>
      <Height>16</Height>
      <ColorAdapter></ColorAdapter>
      <MaxCharacters>4</MaxCharacters>
      <Data></Data>
      <EndAligned>false</EndAligned>
      <TextCentered>false</TextCentered>
      <Adapter>quiver_count_string0</Adapter>
    </LabelDef>

    <InvisibleButtonDef>
      <ControlId></ControlId>
      <Position>
        <X>19</X>
        <Y>9</Y>
      </Position>
      <Alignment>
        <GrowWidth>true</GrowWidth>
      </Alignment>
      <Label></Label>
      <OnClickEvent>QuiverSelect0</OnClickEvent>
      <Width>20</Width>
      <Height>16</Height>
    </InvisibleButtonDef>

    <InvisibleButtonDef>
      <ControlId></ControlId>
      <Position>
        <X>3</X>
        <Y>9</Y>
      </Position>
      <Alignment>
        <TopLeft>true</TopLeft>
      </Alignment>
      <Label></Label>
      <OnClickEvent>QuiverAdd0</OnClickEvent>
      <Width>16</Width>
      <Height>16</Height>
    </InvisibleButtonDef>

    <!--                                                                    Slot 1                                                                    -->

    <IconDef>
      <ControlId>1001</ControlId>
      <Position>
        <X>41</X>
        <Y>9</Y>
      </Position>
      <Alignment>
        <TopLeft>true</TopLeft>
      </Alignment>
      <TemplateName>plain_icon_small</TemplateName>
      <AdapterName>quiver_icon1</AdapterName>
      <IconId>235</IconId>
      <Data></Data>
    </IconDef>

    <LabelDef>
      <ControlId></ControlId>
      <Position>
        <X>58</X>
        <Y>11</Y>
      </Position>
      <Alignment>
        <GrowWidth>true</GrowWidth>
      </Alignment>
      <Color>
        <R>192</R>
        <G>192</G>
        <B>192</B>
        <A>255</A>
      </Color>
      <FontName>arial9</FontName>
      <Width>18</Width>
      <Height>16</Height>
      <ColorAdapter></ColorAdapter>
      <MaxCharacters>4</MaxCharacters>
      <Data></Data>
      <EndAligned>false</EndAligned>
      <TextCentered>false</TextCentered>
      <Adapter>quiver_count_string1</Adapter>
    </LabelDef>

    <InvisibleButtonDef>
      <ControlId></ControlId>
      <Position>
        <X>57</X>
        <Y>9</Y>
      </Position>
      <Alignment>
        <GrowWidth>true</GrowWidth>
      </Alignment>
      <Label></Label>
      <OnClickEvent>QuiverSelect1</OnClickEvent>
      <Width>20</Width>
      <Height>16</Height>
    </InvisibleButtonDef>

    <InvisibleButtonDef>
      <ControlId></ControlId>
      <Position>
        <X>41</X>
        <Y>9</Y>
      </Position>
      <Alignment>
        <TopLeft>true</TopLeft>
      </Alignment>
      <Label></Label>
      <OnClickEvent>QuiverAdd1</OnClickEvent>
      <Width>16</Width>
      <Height>16</Height>
    </InvisibleButtonDef>

    <!--                                                                    Slot 2                                                                    -->

    <IconDef>
      <ControlId>1002</ControlId>
      <Position>
        <X>79</X>
        <Y>9</Y>
      </Position>
      <Alignment>
        <TopLeft>true</TopLeft>
      </Alignment>
      <TemplateName>plain_icon_small</TemplateName>
      <AdapterName>quiver_icon2</AdapterName>
      <IconId>236</IconId>
      <Data></Data>
    </IconDef>

    <LabelDef>
      <ControlId></ControlId>
      <Position>
        <X>96</X>
        <Y>11</Y>
      </Position>
      <Alignment>
        <GrowWidth>true</GrowWidth>
      </Alignment>
      <Color>
        <R>192</R>
        <G>192</G>
        <B>192</B>
        <A>255</A>
      </Color>
      <FontName>arial9</FontName>
      <Width>18</Width>
      <Height>16</Height>
      <ColorAdapter></ColorAdapter>
      <MaxCharacters>4</MaxCharacters>
      <Data></Data>
      <EndAligned>false</EndAligned>
      <TextCentered>false</TextCentered>
      <Adapter>quiver_count_string2</Adapter>
    </LabelDef>

    <InvisibleButtonDef>
      <ControlId></ControlId>
      <Position>
        <X>95</X>
        <Y>9</Y>
      </Position>
      <Alignment>
        <GrowWidth>true</GrowWidth>
      </Alignment>
      <Label></Label>
      <OnClickEvent>QuiverSelect2</OnClickEvent>
      <Width>18</Width>
      <Height>16</Height>
    </InvisibleButtonDef>

    <InvisibleButtonDef>
      <ControlId></ControlId>
      <Position>
        <X>79</X>
        <Y>9</Y>
      </Position>
      <Alignment>
        <TopLeft>true</TopLeft>
      </Alignment>
      <Label></Label>
      <OnClickEvent>QuiverAdd2</OnClickEvent>
      <Width>16</Width>
      <Height>16</Height>
    </InvisibleButtonDef>

    <!--                                                                    Slot 3                                                                    -->

    <IconDef>
      <ControlId>1003</ControlId>
      <Position>
        <X>117</X>
        <Y>9</Y>
      </Position>
      <Alignment>
        <TopLeft>true</TopLeft>
      </Alignment>
      <TemplateName>plain_icon_small</TemplateName>
      <AdapterName>quiver_icon3</AdapterName>
      <IconId>237</IconId>
      <Data></Data>
    </IconDef>

    <LabelDef>
      <ControlId></ControlId>
      <Position>
        <X>134</X>
        <Y>9</Y>
      </Position>
      <Alignment>
        <GrowWidth>true</GrowWidth>
      </Alignment>
      <Color>
        <R>192</R>
        <G>192</G>
        <B>192</B>
        <A>255</A>
      </Color>
      <FontName>arial9</FontName>
      <Width>20</Width>
      <Height>16</Height>
      <ColorAdapter></ColorAdapter>
      <MaxCharacters>4</MaxCharacters>
      <Data>87</Data>
      <EndAligned>false</EndAligned>
      <TextCentered>false</TextCentered>
      <Adapter>quiver_count_string3</Adapter>
    </LabelDef>

    <InvisibleButtonDef>
      <ControlId></ControlId>
      <Position>
        <X>133</X>
        <Y>9</Y>
      </Position>
      <Alignment>
        <GrowWidth>true</GrowWidth>
      </Alignment>
      <Label></Label>
      <OnClickEvent>QuiverSelect3</OnClickEvent>
      <Width>20</Width>
      <Height>16</Height>
    </InvisibleButtonDef>

    <InvisibleButtonDef>
      <ControlId></ControlId>
      <Position>
        <X>117</X>
        <Y>9</Y>
      </Position>
      <Alignment>
        <TopLeft>true</TopLeft>
      </Alignment>
      <Label></Label>
      <OnClickEvent>QuiverAdd3</OnClickEvent>
      <Width>16</Width>
      <Height>16</Height>
    </InvisibleButtonDef>

  </WindowTemplate>

</Root_Element>
