<?xml version="1.0" encoding="ISO-8859-1"?>
<Root_Element ID="DAOCUi">

<!-- @@ Edited with the DAoC User Interface Editor v1.76b -->
<!-- @@ Free download available at http://www.bradtownsend.com/daoced -->

  <WindowTemplate>
    <Name>mini_group</Name>
    <WindowId>MiniGroup</WindowId>
    <CloseButton>true</CloseButton>
    <MoveButton>true</MoveButton>
    <TopRightResizeButton>false</TopRightResizeButton>
    <BottomRightResizeButton>false</BottomRightResizeButton>
    <BottomLeftResizeButton>false</BottomLeftResizeButton>
    <ResizeButtonOffsetX>0</ResizeButtonOffsetX>
    <ResizeButtonOffsetY>0</ResizeButtonOffsetY>
    <TitleWidth>195</TitleWidth>
    <TitleHeight>0</TitleHeight>
    <Width>200</Width>
    <Height>124</Height>
    <ResizeableWidth>0</ResizeableWidth>
    <ResizeableHeight>0</ResizeableHeight>
    <ResizeableTwoWayWidth>0</ResizeableTwoWayWidth>
    <ResizeableTwoWayHeight>0</ResizeableTwoWayHeight>
    <MinWidth>0</MinWidth>
    <MinHeight>0</MinHeight>

    <FullResizeImageDef>
      <ControlId>BackgroundImage</ControlId>
      <Position>
        <X>0</X>
        <Y>0</Y>
      </Position>
      <Alignment>
        <GrowWidth>true</GrowWidth>
        <GrowHeight>true</GrowHeight>
      </Alignment>
      <TemplateName>valmer_box</TemplateName>
      <Width>200</Width>
      <Height>124</Height>
    </FullResizeImageDef>

    <!--               BUTTONS               -->

    <!--               GROUP MEMBER 0               -->

    <StatusBarDef>
      <ControlId></ControlId>
      <Position>
        <X>5</X>
        <Y>8</Y>
      </Position>
      <Alignment>
        <TopLeft>true</TopLeft>
      </Alignment>
      <TemplateName>green_status_small</TemplateName>
      <AdapterName>group_endurance0</AdapterName>
      <Width>30</Width>
    </StatusBarDef>

    <StatusBarDef>
      <ControlId></ControlId>
      <Position>
        <X>37</X>
        <Y>8</Y>
      </Position>
      <Alignment>
        <TopLeft>true</TopLeft>
      </Alignment>
      <TemplateName>yellow_status_small</TemplateName>
      <AdapterName>group_power0</AdapterName>
      <Width>30</Width>
    </StatusBarDef>

    <StatusBarDef>
      <ControlId>2000</ControlId>
      <Position>
        <X>5</X>
        <Y>10</Y>
      </Position>
      <Alignment>
      </Alignment>
      <TemplateName>red_status</TemplateName>
      <AdapterName>group_health0</AdapterName>
      <Width>62</Width>
    </StatusBarDef>

    <ScalarLabelDef>
      <ControlId></ControlId>
      <Position>
        <X>69</X>
        <Y>7</Y>
      </Position>
      <Alignment>
        <TopLeft>true</TopLeft>
      </Alignment>
      <FontName>brit9</FontName>
      <Adapter>group_health0</Adapter>
      <ColorAdapter></ColorAdapter>
      <Width>20</Width>
      <Height>16</Height>
      <MaxCharacters>128</MaxCharacters>
      <Color>
        <R>255</R>
        <G>51</G>
        <B>51</B>
        <A>255</A>
      </Color>
      <Data></Data>
      <endAligned>true</endAligned>
      <TextCentered>false</TextCentered>
      <DontDrawWhenZero>false</DontDrawWhenZero>
      <DontDrawWhenNegOne>true</DontDrawWhenNegOne>
    </ScalarLabelDef>

    <LabelDef>
      <ControlId>1000</ControlId>
      <Position>
        <X>88</X>
        <Y>6</Y>
      </Position>
      <Alignment>
        <TopLeft>true</TopLeft>
      </Alignment>
      <Color>
        <R>255</R>
        <G>255</G>
        <B>255</B>
        <A>255</A>
      </Color>
      <FontName>arial9</FontName>
      <Width>72</Width>
      <Height>18</Height>
      <ColorAdapter>group_color0</ColorAdapter>
      <MaxCharacters>32</MaxCharacters>
      <Data>group0</Data>
      <EndAligned>false</EndAligned>
      <TextCentered>false</TextCentered>
      <Adapter>group_name0</Adapter>
    </LabelDef>

    <LabelDef>
      <ControlId></ControlId>
      <Position>
        <X>162</X>
        <Y>6</Y>
      </Position>
      <Alignment>
        <TopLeft>true</TopLeft>
      </Alignment>
      <Color>
        <R>255</R>
        <G>204</G>
        <B>153</B>
        <A>150</A>
      </Color>
      <FontName>arial9</FontName>
      <Width>16</Width>
      <Height>18</Height>
      <ColorAdapter></ColorAdapter>
      <MaxCharacters>4</MaxCharacters>
      <Data></Data>
      <EndAligned>false</EndAligned>
      <TextCentered>false</TextCentered>
      <Adapter>group_class0</Adapter>
    </LabelDef>

    <ScalarLabelDef>
      <ControlId></ControlId>
      <Position>
        <X>182</X>
        <Y>6</Y>
      </Position>
      <Alignment>
        <TopLeft>true</TopLeft>
      </Alignment>
      <FontName>arial9</FontName>
      <Adapter>group_level0</Adapter>
      <ColorAdapter></ColorAdapter>
      <Width>16</Width>
      <Height>16</Height>
      <MaxCharacters>3</MaxCharacters>
      <Color>
        <R>255</R>
        <G>204</G>
        <B>204</B>
        <A>255</A>
      </Color>
      <Data></Data>
      <endAligned>true</endAligned>
      <TextCentered>false</TextCentered>
      <DontDrawWhenZero>false</DontDrawWhenZero>
    </ScalarLabelDef>

    <InvisibleButtonDef>
      <ControlId>4000</ControlId>
      <Position>
        <X>2</X>
        <Y>5</Y>
      </Position>
      <Alignment>
        <TopLeft>true</TopLeft>
      </Alignment>
      <Label></Label>
      <OnClickEvent>SelectGroupMember0</OnClickEvent>
      <Width>194</Width>
      <Height>12</Height>
    </InvisibleButtonDef>

    <!--               GROUP MEMBER 1               -->

    <StatusBarDef>
      <ControlId></ControlId>
      <Position>
        <X>5</X>
        <Y>20</Y>
      </Position>
      <Alignment>
        <TopLeft>true</TopLeft>
      </Alignment>
      <TemplateName>green_status_small</TemplateName>
      <AdapterName>group_endurance1</AdapterName>
      <Width>30</Width>
    </StatusBarDef>

    <StatusBarDef>
      <ControlId></ControlId>
      <Position>
        <X>37</X>
        <Y>20</Y>
      </Position>
      <Alignment>
        <TopLeft>true</TopLeft>
      </Alignment>
      <TemplateName>yellow_status_small</TemplateName>
      <AdapterName>group_power1</AdapterName>
      <Width>30</Width>
    </StatusBarDef>

    <StatusBarDef>
      <ControlId>2001</ControlId>
      <Position>
        <X>5</X>
        <Y>22</Y>
      </Position>
      <Alignment>
      </Alignment>
      <TemplateName>red_status</TemplateName>
      <AdapterName>group_health1</AdapterName>
      <Width>62</Width>
    </StatusBarDef>

    <ScalarLabelDef>
      <ControlId></ControlId>
      <Position>
        <X>69</X>
        <Y>19</Y>
      </Position>
      <Alignment>
        <TopLeft>true</TopLeft>
      </Alignment>
      <FontName>brit9</FontName>
      <Adapter>group_health1</Adapter>
      <ColorAdapter></ColorAdapter>
      <Width>24</Width>
      <Height>16</Height>
      <MaxCharacters>128</MaxCharacters>
      <Color>
        <R>255</R>
        <G>51</G>
        <B>51</B>
        <A>255</A>
      </Color>
      <Data></Data>
      <endAligned>true</endAligned>
      <TextCentered>false</TextCentered>
      <DontDrawWhenZero>false</DontDrawWhenZero>
      <DontDrawWhenNegOne>true</DontDrawWhenNegOne>
    </ScalarLabelDef>

    <LabelDef>
      <ControlId>1001</ControlId>
      <Position>
        <X>88</X>
        <Y>18</Y>
      </Position>
      <Alignment>
        <TopLeft>true</TopLeft>
      </Alignment>
      <Color>
        <R>255</R>
        <G>255</G>
        <B>255</B>
        <A>255</A>
      </Color>
      <FontName>arial9</FontName>
      <Width>72</Width>
      <Height>18</Height>
      <ColorAdapter>group_color1</ColorAdapter>
      <MaxCharacters>32</MaxCharacters>
      <Data>group0</Data>
      <EndAligned>false</EndAligned>
      <TextCentered>false</TextCentered>
      <Adapter>group_name1</Adapter>
    </LabelDef>

    <LabelDef>
      <ControlId></ControlId>
      <Position>
        <X>162</X>
        <Y>18</Y>
      </Position>
      <Alignment>
        <TopLeft>true</TopLeft>
      </Alignment>
      <Color>
        <R>204</R>
        <G>204</G>
        <B>204</B>
        <A>150</A>
      </Color>
      <FontName>arial9</FontName>
      <Width>20</Width>
      <Height>18</Height>
      <ColorAdapter></ColorAdapter>
      <MaxCharacters>4</MaxCharacters>
      <Data></Data>
      <EndAligned>false</EndAligned>
      <TextCentered>false</TextCentered>
      <Adapter>group_class1</Adapter>
    </LabelDef>

    <ScalarLabelDef>
      <ControlId></ControlId>
      <Position>
        <X>182</X>
        <Y>18</Y>
      </Position>
      <Alignment>
        <TopLeft>true</TopLeft>
      </Alignment>
      <FontName>arial9</FontName>
      <Adapter>group_level1</Adapter>
      <ColorAdapter></ColorAdapter>
      <Width>16</Width>
      <Height>16</Height>
      <MaxCharacters>3</MaxCharacters>
      <Color>
        <R>204</R>
        <G>204</G>
        <B>204</B>
        <A>255</A>
      </Color>
      <Data></Data>
      <endAligned>true</endAligned>
      <TextCentered>false</TextCentered>
      <DontDrawWhenZero>false</DontDrawWhenZero>
    </ScalarLabelDef>

    <InvisibleButtonDef>
      <ControlId>4001</ControlId>
      <Position>
        <X>2</X>
        <Y>17</Y>
      </Position>
      <Alignment>
        <TopLeft>true</TopLeft>
      </Alignment>
      <Label></Label>
      <OnClickEvent>SelectGroupMember1</OnClickEvent>
      <Width>194</Width>
      <Height>12</Height>
    </InvisibleButtonDef>

    <!--               GROUP MEMBER 2               -->

    <StatusBarDef>
      <ControlId></ControlId>
      <Position>
        <X>5</X>
        <Y>32</Y>
      </Position>
      <Alignment>
        <TopLeft>true</TopLeft>
      </Alignment>
      <TemplateName>green_status_small</TemplateName>
      <AdapterName>group_endurance2</AdapterName>
      <Width>30</Width>
    </StatusBarDef>

    <StatusBarDef>
      <ControlId></ControlId>
      <Position>
        <X>37</X>
        <Y>32</Y>
      </Position>
      <Alignment>
        <TopLeft>true</TopLeft>
      </Alignment>
      <TemplateName>yellow_status_small</TemplateName>
      <AdapterName>group_power2</AdapterName>
      <Width>30</Width>
    </StatusBarDef>

    <StatusBarDef>
      <ControlId>2002</ControlId>
      <Position>
        <X>5</X>
        <Y>34</Y>
      </Position>
      <Alignment>
      </Alignment>
      <TemplateName>red_status</TemplateName>
      <AdapterName>group_health2</AdapterName>
      <Width>62</Width>
    </StatusBarDef>

    <ScalarLabelDef>
      <ControlId></ControlId>
      <Position>
        <X>69</X>
        <Y>31</Y>
      </Position>
      <Alignment>
        <TopLeft>true</TopLeft>
      </Alignment>
      <FontName>brit9</FontName>
      <Adapter>group_health2</Adapter>
      <ColorAdapter></ColorAdapter>
      <Width>24</Width>
      <Height>16</Height>
      <MaxCharacters>128</MaxCharacters>
      <Color>
        <R>255</R>
        <G>0</G>
        <B>51</B>
        <A>255</A>
      </Color>
      <Data></Data>
      <endAligned>true</endAligned>
      <TextCentered>false</TextCentered>
      <DontDrawWhenZero>false</DontDrawWhenZero>
      <DontDrawWhenNegOne>true</DontDrawWhenNegOne>
    </ScalarLabelDef>

    <LabelDef>
      <ControlId>1002</ControlId>
      <Position>
        <X>88</X>
        <Y>30</Y>
      </Position>
      <Alignment>
        <TopLeft>true</TopLeft>
      </Alignment>
      <Color>
        <R>255</R>
        <G>255</G>
        <B>255</B>
        <A>255</A>
      </Color>
      <FontName>arial9</FontName>
      <Width>72</Width>
      <Height>18</Height>
      <ColorAdapter>group_color2</ColorAdapter>
      <MaxCharacters>32</MaxCharacters>
      <Data>group0</Data>
      <EndAligned>false</EndAligned>
      <TextCentered>false</TextCentered>
      <Adapter>group_name2</Adapter>
    </LabelDef>

    <LabelDef>
      <ControlId></ControlId>
      <Position>
        <X>162</X>
        <Y>30</Y>
      </Position>
      <Alignment>
        <TopLeft>true</TopLeft>
      </Alignment>
      <Color>
        <R>204</R>
        <G>204</G>
        <B>204</B>
        <A>150</A>
      </Color>
      <FontName>arial9</FontName>
      <Width>64</Width>
      <Height>18</Height>
      <ColorAdapter></ColorAdapter>
      <MaxCharacters>5</MaxCharacters>
      <Data></Data>
      <EndAligned>false</EndAligned>
      <TextCentered>false</TextCentered>
      <Adapter>group_class2</Adapter>
    </LabelDef>

    <ScalarLabelDef>
      <ControlId></ControlId>
      <Position>
        <X>182</X>
        <Y>30</Y>
      </Position>
      <Alignment>
        <TopLeft>true</TopLeft>
      </Alignment>
      <FontName>arial9</FontName>
      <Adapter>group_level2</Adapter>
      <ColorAdapter></ColorAdapter>
      <Width>16</Width>
      <Height>16</Height>
      <MaxCharacters>3</MaxCharacters>
      <Color>
        <R>204</R>
        <G>204</G>
        <B>204</B>
        <A>255</A>
      </Color>
      <Data></Data>
      <endAligned>true</endAligned>
      <TextCentered>false</TextCentered>
      <DontDrawWhenZero>false</DontDrawWhenZero>
    </ScalarLabelDef>

    <InvisibleButtonDef>
      <ControlId>4002</ControlId>
      <Position>
        <X>2</X>
        <Y>29</Y>
      </Position>
      <Alignment>
        <TopLeft>true</TopLeft>
      </Alignment>
      <Label></Label>
      <OnClickEvent>SelectGroupMember2</OnClickEvent>
      <Width>194</Width>
      <Height>12</Height>
    </InvisibleButtonDef>

    <!--               GROUP MEMBER 3               -->

    <StatusBarDef>
      <ControlId></ControlId>
      <Position>
        <X>5</X>
        <Y>44</Y>
      </Position>
      <Alignment>
        <TopLeft>true</TopLeft>
      </Alignment>
      <TemplateName>green_status_small</TemplateName>
      <AdapterName>group_endurance3</AdapterName>
      <Width>30</Width>
    </StatusBarDef>

    <StatusBarDef>
      <ControlId></ControlId>
      <Position>
        <X>37</X>
        <Y>44</Y>
      </Position>
      <Alignment>
        <TopLeft>true</TopLeft>
      </Alignment>
      <TemplateName>yellow_status_small</TemplateName>
      <AdapterName>group_power3</AdapterName>
      <Width>30</Width>
    </StatusBarDef>

    <StatusBarDef>
      <ControlId>2003</ControlId>
      <Position>
        <X>5</X>
        <Y>46</Y>
      </Position>
      <Alignment>
      </Alignment>
      <TemplateName>red_status</TemplateName>
      <AdapterName>group_health3</AdapterName>
      <Width>62</Width>
    </StatusBarDef>

    <ScalarLabelDef>
      <ControlId></ControlId>
      <Position>
        <X>69</X>
        <Y>43</Y>
      </Position>
      <Alignment>
        <TopLeft>true</TopLeft>
      </Alignment>
      <FontName>brit9</FontName>
      <Adapter>group_health3</Adapter>
      <ColorAdapter></ColorAdapter>
      <Width>24</Width>
      <Height>16</Height>
      <MaxCharacters>128</MaxCharacters>
      <Color>
        <R>255</R>
        <G>0</G>
        <B>51</B>
        <A>255</A>
      </Color>
      <Data></Data>
      <endAligned>true</endAligned>
      <TextCentered>false</TextCentered>
      <DontDrawWhenZero>false</DontDrawWhenZero>
      <DontDrawWhenNegOne>true</DontDrawWhenNegOne>
    </ScalarLabelDef>

    <LabelDef>
      <ControlId>1003</ControlId>
      <Position>
        <X>88</X>
        <Y>42</Y>
      </Position>
      <Alignment>
        <TopLeft>true</TopLeft>
      </Alignment>
      <Color>
        <R>255</R>
        <G>255</G>
        <B>255</B>
        <A>255</A>
      </Color>
      <FontName>arial9</FontName>
      <Width>72</Width>
      <Height>18</Height>
      <ColorAdapter>group_color3</ColorAdapter>
      <MaxCharacters>32</MaxCharacters>
      <Data>group0</Data>
      <EndAligned>false</EndAligned>
      <TextCentered>false</TextCentered>
      <Adapter>group_name3</Adapter>
    </LabelDef>

    <LabelDef>
      <ControlId></ControlId>
      <Position>
        <X>162</X>
        <Y>42</Y>
      </Position>
      <Alignment>
        <TopLeft>true</TopLeft>
      </Alignment>
      <Color>
        <R>204</R>
        <G>204</G>
        <B>204</B>
        <A>150</A>
      </Color>
      <FontName>arial9</FontName>
      <Width>20</Width>
      <Height>18</Height>
      <ColorAdapter></ColorAdapter>
      <MaxCharacters>4</MaxCharacters>
      <Data></Data>
      <EndAligned>false</EndAligned>
      <TextCentered>false</TextCentered>
      <Adapter>group_class3</Adapter>
    </LabelDef>

    <ScalarLabelDef>
      <ControlId></ControlId>
      <Position>
        <X>182</X>
        <Y>42</Y>
      </Position>
      <Alignment>
        <TopLeft>true</TopLeft>
      </Alignment>
      <FontName>arial9</FontName>
      <Adapter>group_level3</Adapter>
      <ColorAdapter></ColorAdapter>
      <Width>16</Width>
      <Height>16</Height>
      <MaxCharacters>3</MaxCharacters>
      <Color>
        <R>204</R>
        <G>204</G>
        <B>204</B>
        <A>255</A>
      </Color>
      <Data></Data>
      <endAligned>true</endAligned>
      <TextCentered>false</TextCentered>
      <DontDrawWhenZero>false</DontDrawWhenZero>
    </ScalarLabelDef>

    <InvisibleButtonDef>
      <ControlId>4003</ControlId>
      <Position>
        <X>2</X>
        <Y>41</Y>
      </Position>
      <Alignment>
        <TopLeft>true</TopLeft>
      </Alignment>
      <Label></Label>
      <OnClickEvent>SelectGroupMember3</OnClickEvent>
      <Width>194</Width>
      <Height>12</Height>
    </InvisibleButtonDef>

    <!--               GROUP MEMBER 4               -->

    <StatusBarDef>
      <ControlId></ControlId>
      <Position>
        <X>5</X>
        <Y>56</Y>
      </Position>
      <Alignment>
        <TopLeft>true</TopLeft>
      </Alignment>
      <TemplateName>green_status_small</TemplateName>
      <AdapterName>group_endurance4</AdapterName>
      <Width>30</Width>
    </StatusBarDef>

    <StatusBarDef>
      <ControlId></ControlId>
      <Position>
        <X>37</X>
        <Y>56</Y>
      </Position>
      <Alignment>
        <TopLeft>true</TopLeft>
      </Alignment>
      <TemplateName>yellow_status_small</TemplateName>
      <AdapterName>group_power4</AdapterName>
      <Width>30</Width>
    </StatusBarDef>

    <StatusBarDef>
      <ControlId>2004</ControlId>
      <Position>
        <X>5</X>
        <Y>58</Y>
      </Position>
      <Alignment>
      </Alignment>
      <TemplateName>red_status</TemplateName>
      <AdapterName>group_health4</AdapterName>
      <Width>62</Width>
    </StatusBarDef>

    <ScalarLabelDef>
      <ControlId></ControlId>
      <Position>
        <X>69</X>
        <Y>55</Y>
      </Position>
      <Alignment>
        <TopLeft>true</TopLeft>
      </Alignment>
      <FontName>brit9</FontName>
      <Adapter>group_health4</Adapter>
      <ColorAdapter></ColorAdapter>
      <Width>24</Width>
      <Height>16</Height>
      <MaxCharacters>128</MaxCharacters>
      <Color>
        <R>255</R>
        <G>0</G>
        <B>51</B>
        <A>255</A>
      </Color>
      <Data></Data>
      <endAligned>true</endAligned>
      <TextCentered>false</TextCentered>
      <DontDrawWhenZero>false</DontDrawWhenZero>
      <DontDrawWhenNegOne>true</DontDrawWhenNegOne>
    </ScalarLabelDef>

    <LabelDef>
      <ControlId>1004</ControlId>
      <Position>
        <X>88</X>
        <Y>54</Y>
      </Position>
      <Alignment>
        <TopLeft>true</TopLeft>
      </Alignment>
      <Color>
        <R>255</R>
        <G>255</G>
        <B>255</B>
        <A>255</A>
      </Color>
      <FontName>arial9</FontName>
      <Width>72</Width>
      <Height>18</Height>
      <ColorAdapter>group_color4</ColorAdapter>
      <MaxCharacters>32</MaxCharacters>
      <Data>group0</Data>
      <EndAligned>false</EndAligned>
      <TextCentered>false</TextCentered>
      <Adapter>group_name4</Adapter>
    </LabelDef>

    <LabelDef>
      <ControlId></ControlId>
      <Position>
        <X>162</X>
        <Y>54</Y>
      </Position>
      <Alignment>
        <TopLeft>true</TopLeft>
      </Alignment>
      <Color>
        <R>204</R>
        <G>204</G>
        <B>204</B>
        <A>150</A>
      </Color>
      <FontName>arial9</FontName>
      <Width>20</Width>
      <Height>18</Height>
      <ColorAdapter></ColorAdapter>
      <MaxCharacters>4</MaxCharacters>
      <Data></Data>
      <EndAligned>false</EndAligned>
      <TextCentered>false</TextCentered>
      <Adapter>group_class4</Adapter>
    </LabelDef>

    <ScalarLabelDef>
      <ControlId></ControlId>
      <Position>
        <X>182</X>
        <Y>54</Y>
      </Position>
      <Alignment>
        <TopLeft>true</TopLeft>
      </Alignment>
      <FontName>arial9</FontName>
      <Adapter>group_level4</Adapter>
      <ColorAdapter></ColorAdapter>
      <Width>16</Width>
      <Height>16</Height>
      <MaxCharacters>3</MaxCharacters>
      <Color>
        <R>204</R>
        <G>204</G>
        <B>204</B>
        <A>255</A>
      </Color>
      <Data></Data>
      <endAligned>true</endAligned>
      <TextCentered>false</TextCentered>
      <DontDrawWhenZero>false</DontDrawWhenZero>
    </ScalarLabelDef>

    <InvisibleButtonDef>
      <ControlId>4004</ControlId>
      <Position>
        <X>2</X>
        <Y>53</Y>
      </Position>
      <Alignment>
        <TopLeft>true</TopLeft>
      </Alignment>
      <Label></Label>
      <OnClickEvent>SelectGroupMember4</OnClickEvent>
      <Width>194</Width>
      <Height>12</Height>
    </InvisibleButtonDef>

    <!--               GROUP MEMBER 5               -->

    <StatusBarDef>
      <ControlId></ControlId>
      <Position>
        <X>5</X>
        <Y>68</Y>
      </Position>
      <Alignment>
        <TopLeft>true</TopLeft>
      </Alignment>
      <TemplateName>green_status_small</TemplateName>
      <AdapterName>group_endurance5</AdapterName>
      <Width>30</Width>
    </StatusBarDef>

    <StatusBarDef>
      <ControlId></ControlId>
      <Position>
        <X>37</X>
        <Y>68</Y>
      </Position>
      <Alignment>
        <TopLeft>true</TopLeft>
      </Alignment>
      <TemplateName>yellow_status_small</TemplateName>
      <AdapterName>group_power5</AdapterName>
      <Width>30</Width>
    </StatusBarDef>

    <StatusBarDef>
      <ControlId>2005</ControlId>
      <Position>
        <X>5</X>
        <Y>70</Y>
      </Position>
      <Alignment>
      </Alignment>
      <TemplateName>red_status</TemplateName>
      <AdapterName>group_health5</AdapterName>
      <Width>62</Width>
    </StatusBarDef>

    <ScalarLabelDef>
      <ControlId></ControlId>
      <Position>
        <X>69</X>
        <Y>67</Y>
      </Position>
      <Alignment>
        <TopLeft>true</TopLeft>
      </Alignment>
      <FontName>brit9</FontName>
      <Adapter>group_health5</Adapter>
      <ColorAdapter></ColorAdapter>
      <Width>24</Width>
      <Height>16</Height>
      <MaxCharacters>128</MaxCharacters>
      <Color>
        <R>255</R>
        <G>0</G>
        <B>51</B>
        <A>255</A>
      </Color>
      <Data></Data>
      <endAligned>true</endAligned>
      <TextCentered>false</TextCentered>
      <DontDrawWhenZero>false</DontDrawWhenZero>
      <DontDrawWhenNegOne>true</DontDrawWhenNegOne>
    </ScalarLabelDef>

    <LabelDef>
      <ControlId>1005</ControlId>
      <Position>
        <X>88</X>
        <Y>66</Y>
      </Position>
      <Alignment>
        <TopLeft>true</TopLeft>
      </Alignment>
      <Color>
        <R>255</R>
        <G>255</G>
        <B>255</B>
        <A>255</A>
      </Color>
      <FontName>arial9</FontName>
      <Width>72</Width>
      <Height>18</Height>
      <ColorAdapter>group_color5</ColorAdapter>
      <MaxCharacters>32</MaxCharacters>
      <Data>group0</Data>
      <EndAligned>false</EndAligned>
      <TextCentered>false</TextCentered>
      <Adapter>group_name5</Adapter>
    </LabelDef>

    <LabelDef>
      <ControlId></ControlId>
      <Position>
        <X>162</X>
        <Y>66</Y>
      </Position>
      <Alignment>
        <TopLeft>true</TopLeft>
      </Alignment>
      <Color>
        <R>204</R>
        <G>204</G>
        <B>204</B>
        <A>150</A>
      </Color>
      <FontName>arial9</FontName>
      <Width>20</Width>
      <Height>18</Height>
      <ColorAdapter></ColorAdapter>
      <MaxCharacters>4</MaxCharacters>
      <Data></Data>
      <EndAligned>false</EndAligned>
      <TextCentered>false</TextCentered>
      <Adapter>group_class5</Adapter>
    </LabelDef>

    <ScalarLabelDef>
      <ControlId></ControlId>
      <Position>
        <X>182</X>
        <Y>66</Y>
      </Position>
      <Alignment>
        <TopLeft>true</TopLeft>
      </Alignment>
      <FontName>arial9</FontName>
      <Adapter>group_level5</Adapter>
      <ColorAdapter></ColorAdapter>
      <Width>16</Width>
      <Height>16</Height>
      <MaxCharacters>3</MaxCharacters>
      <Color>
        <R>204</R>
        <G>204</G>
        <B>204</B>
        <A>255</A>
      </Color>
      <Data></Data>
      <endAligned>true</endAligned>
      <TextCentered>false</TextCentered>
      <DontDrawWhenZero>false</DontDrawWhenZero>
    </ScalarLabelDef>

    <InvisibleButtonDef>
      <ControlId>4005</ControlId>
      <Position>
        <X>2</X>
        <Y>65</Y>
      </Position>
      <Alignment>
        <TopLeft>true</TopLeft>
      </Alignment>
      <Label></Label>
      <OnClickEvent>SelectGroupMember5</OnClickEvent>
      <Width>194</Width>
      <Height>12</Height>
    </InvisibleButtonDef>

    <!--               GROUP MEMBER 6               -->

    <StatusBarDef>
      <ControlId></ControlId>
      <Position>
        <X>5</X>
        <Y>80</Y>
      </Position>
      <Alignment>
        <TopLeft>true</TopLeft>
      </Alignment>
      <TemplateName>green_status_small</TemplateName>
      <AdapterName>group_endurance6</AdapterName>
      <Width>30</Width>
    </StatusBarDef>

    <StatusBarDef>
      <ControlId></ControlId>
      <Position>
        <X>37</X>
        <Y>80</Y>
      </Position>
      <Alignment>
        <TopLeft>true</TopLeft>
      </Alignment>
      <TemplateName>yellow_status_small</TemplateName>
      <AdapterName>group_power6</AdapterName>
      <Width>30</Width>
    </StatusBarDef>

    <StatusBarDef>
      <ControlId>2006</ControlId>
      <Position>
        <X>5</X>
        <Y>82</Y>
      </Position>
      <Alignment>
      </Alignment>
      <TemplateName>red_status</TemplateName>
      <AdapterName>group_health6</AdapterName>
      <Width>62</Width>
    </StatusBarDef>

    <ScalarLabelDef>
      <ControlId></ControlId>
      <Position>
        <X>69</X>
        <Y>79</Y>
      </Position>
      <Alignment>
        <TopLeft>true</TopLeft>
      </Alignment>
      <FontName>brit9</FontName>
      <Adapter>group_health6</Adapter>
      <ColorAdapter></ColorAdapter>
      <Width>24</Width>
      <Height>16</Height>
      <MaxCharacters>128</MaxCharacters>
      <Color>
        <R>255</R>
        <G>0</G>
        <B>51</B>
        <A>255</A>
      </Color>
      <Data></Data>
      <endAligned>true</endAligned>
      <TextCentered>false</TextCentered>
      <DontDrawWhenZero>false</DontDrawWhenZero>
      <DontDrawWhenNegOne>true</DontDrawWhenNegOne>
    </ScalarLabelDef>

    <LabelDef>
      <ControlId>1006</ControlId>
      <Position>
        <X>88</X>
        <Y>78</Y>
      </Position>
      <Alignment>
        <TopLeft>true</TopLeft>
      </Alignment>
      <Color>
        <R>255</R>
        <G>255</G>
        <B>255</B>
        <A>255</A>
      </Color>
      <FontName>arial9</FontName>
      <Width>72</Width>
      <Height>18</Height>
      <ColorAdapter>group_color6</ColorAdapter>
      <MaxCharacters>32</MaxCharacters>
      <Data>group0</Data>
      <EndAligned>false</EndAligned>
      <TextCentered>false</TextCentered>
      <Adapter>group_name6</Adapter>
    </LabelDef>

    <LabelDef>
      <ControlId></ControlId>
      <Position>
        <X>162</X>
        <Y>78</Y>
      </Position>
      <Alignment>
        <TopLeft>true</TopLeft>
      </Alignment>
      <Color>
        <R>204</R>
        <G>204</G>
        <B>204</B>
        <A>150</A>
      </Color>
      <FontName>arial9</FontName>
      <Width>20</Width>
      <Height>18</Height>
      <ColorAdapter></ColorAdapter>
      <MaxCharacters>4</MaxCharacters>
      <Data></Data>
      <EndAligned>false</EndAligned>
      <TextCentered>false</TextCentered>
      <Adapter>group_class6</Adapter>
    </LabelDef>

    <ScalarLabelDef>
      <ControlId></ControlId>
      <Position>
        <X>182</X>
        <Y>78</Y>
      </Position>
      <Alignment>
        <TopLeft>true</TopLeft>
      </Alignment>
      <FontName>arial9</FontName>
      <Adapter>group_level6</Adapter>
      <ColorAdapter></ColorAdapter>
      <Width>16</Width>
      <Height>16</Height>
      <MaxCharacters>3</MaxCharacters>
      <Color>
        <R>204</R>
        <G>204</G>
        <B>204</B>
        <A>255</A>
      </Color>
      <Data></Data>
      <endAligned>true</endAligned>
      <TextCentered>false</TextCentered>
      <DontDrawWhenZero>false</DontDrawWhenZero>
    </ScalarLabelDef>

    <InvisibleButtonDef>
      <ControlId>4006</ControlId>
      <Position>
        <X>2</X>
        <Y>77</Y>
      </Position>
      <Alignment>
        <TopLeft>true</TopLeft>
      </Alignment>
      <Label></Label>
      <OnClickEvent>SelectGroupMember6</OnClickEvent>
      <Width>194</Width>
      <Height>12</Height>
    </InvisibleButtonDef>

    <!--               GROUP MEMBER 7               -->

    <StatusBarDef>
      <ControlId></ControlId>
      <Position>
        <X>5</X>
        <Y>92</Y>
      </Position>
      <Alignment>
        <TopLeft>true</TopLeft>
      </Alignment>
      <TemplateName>green_status_small</TemplateName>
      <AdapterName>group_endurance7</AdapterName>
      <Width>30</Width>
    </StatusBarDef>

    <StatusBarDef>
      <ControlId></ControlId>
      <Position>
        <X>37</X>
        <Y>92</Y>
      </Position>
      <Alignment>
        <TopLeft>true</TopLeft>
      </Alignment>
      <TemplateName>yellow_status_small</TemplateName>
      <AdapterName>group_power7</AdapterName>
      <Width>30</Width>
    </StatusBarDef>

    <StatusBarDef>
      <ControlId>2007</ControlId>
      <Position>
        <X>5</X>
        <Y>94</Y>
      </Position>
      <Alignment>
      </Alignment>
      <TemplateName>red_status</TemplateName>
      <AdapterName>group_health7</AdapterName>
      <Width>62</Width>
    </StatusBarDef>

    <ScalarLabelDef>
      <ControlId></ControlId>
      <Position>
        <X>69</X>
        <Y>91</Y>
      </Position>
      <Alignment>
        <TopLeft>true</TopLeft>
      </Alignment>
      <FontName>brit9</FontName>
      <Adapter>group_health7</Adapter>
      <ColorAdapter></ColorAdapter>
      <Width>24</Width>
      <Height>16</Height>
      <MaxCharacters>128</MaxCharacters>
      <Color>
        <R>255</R>
        <G>0</G>
        <B>51</B>
        <A>255</A>
      </Color>
      <Data></Data>
      <endAligned>true</endAligned>
      <TextCentered>false</TextCentered>
      <DontDrawWhenZero>false</DontDrawWhenZero>
      <DontDrawWhenNegOne>true</DontDrawWhenNegOne>
    </ScalarLabelDef>

    <LabelDef>
      <ControlId>1007</ControlId>
      <Position>
        <X>88</X>
        <Y>90</Y>
      </Position>
      <Alignment>
        <TopLeft>true</TopLeft>
      </Alignment>
      <Color>
        <R>255</R>
        <G>255</G>
        <B>255</B>
        <A>255</A>
      </Color>
      <FontName>arial9</FontName>
      <Width>72</Width>
      <Height>18</Height>
      <ColorAdapter>group_color7</ColorAdapter>
      <MaxCharacters>32</MaxCharacters>
      <Data>group0</Data>
      <EndAligned>false</EndAligned>
      <TextCentered>false</TextCentered>
      <Adapter>group_name7</Adapter>
    </LabelDef>

    <LabelDef>
      <ControlId></ControlId>
      <Position>
        <X>162</X>
        <Y>90</Y>
      </Position>
      <Alignment>
        <TopLeft>true</TopLeft>
      </Alignment>
      <Color>
        <R>204</R>
        <G>204</G>
        <B>204</B>
        <A>150</A>
      </Color>
      <FontName>arial9</FontName>
      <Width>20</Width>
      <Height>18</Height>
      <ColorAdapter></ColorAdapter>
      <MaxCharacters>4</MaxCharacters>
      <Data></Data>
      <EndAligned>false</EndAligned>
      <TextCentered>false</TextCentered>
      <Adapter>group_class7</Adapter>
    </LabelDef>

    <ScalarLabelDef>
      <ControlId></ControlId>
      <Position>
        <X>182</X>
        <Y>90</Y>
      </Position>
      <Alignment>
        <TopLeft>true</TopLeft>
      </Alignment>
      <FontName>arial9</FontName>
      <Adapter>group_level7</Adapter>
      <ColorAdapter></ColorAdapter>
      <Width>16</Width>
      <Height>16</Height>
      <MaxCharacters>3</MaxCharacters>
      <Color>
        <R>204</R>
        <G>204</G>
        <B>204</B>
        <A>255</A>
      </Color>
      <Data></Data>
      <endAligned>true</endAligned>
      <TextCentered>false</TextCentered>
      <DontDrawWhenZero>false</DontDrawWhenZero>
    </ScalarLabelDef>

    <InvisibleButtonDef>
      <ControlId>4007</ControlId>
      <Position>
        <X>2</X>
        <Y>89</Y>
      </Position>
      <Alignment>
        <TopLeft>true</TopLeft>
      </Alignment>
      <Label></Label>
      <OnClickEvent>SelectGroupMember7</OnClickEvent>
      <Width>194</Width>
      <Height>12</Height>
    </InvisibleButtonDef>

    <ButtonDef>
      <ControlId></ControlId>
      <Position>
        <X>6</X>
        <Y>104</Y>
      </Position>
      <Alignment>
        <TopLeft>true</TopLeft>
      </Alignment>
      <TemplateName>button_large</TemplateName>
      <Label>Buffs</Label>
      <onClickEvent>ToggleGroupBuffs</onClickEvent>
    </ButtonDef>

    <ButtonDef>
      <ControlId></ControlId>
      <Position>
        <X>70</X>
        <Y>104</Y>
      </Position>
      <Alignment>
        <TopLeft>true</TopLeft>
      </Alignment>
      <TemplateName>button_large</TemplateName>
      <Label>Invite</Label>
      <onClickEvent>GroupInvite</onClickEvent>
    </ButtonDef>

    <ButtonDef>
      <ControlId></ControlId>
      <Position>
        <X>134</X>
        <Y>104</Y>
      </Position>
      <Alignment>
        <TopLeft>true</TopLeft>
      </Alignment>
      <TemplateName>button_large</TemplateName>
      <Label>Disband</Label>
      <onClickEvent>GroupDisband</onClickEvent>
    </ButtonDef>

  </WindowTemplate>

</Root_Element>
