<?xml version="1.0" encoding="ISO-8859-1"?>
<Root_Element ID="DAOCUi">

<!-- @@ Edited with the DAoC User Interface Editor v1.76b -->
<!-- @@ Free download available at http://www.bradtownsend.com/daoced -->

  <WindowTemplate>
    <Name>mini_pet</Name>
    <WindowId>MiniPet</WindowId>
    <CloseButton>true</CloseButton>
    <MoveButton>true</MoveButton>
    <TopRightResizeButton>false</TopRightResizeButton>
    <BottomRightResizeButton>false</BottomRightResizeButton>
    <BottomLeftResizeButton>false</BottomLeftResizeButton>
    <ResizeButtonOffsetX>0</ResizeButtonOffsetX>
    <ResizeButtonOffsetY>0</ResizeButtonOffsetY>
    <TitleWidth>0</TitleWidth>
    <TitleHeight>0</TitleHeight>
    <Width>240</Width>
    <Height>76</Height>
    <ResizeableWidth>0</ResizeableWidth>
    <ResizeableHeight>0</ResizeableHeight>
    <ResizeableTwoWayWidth>0</ResizeableTwoWayWidth>
    <ResizeableTwoWayHeight>0</ResizeableTwoWayHeight>
    <MinWidth>0</MinWidth>
    <MinHeight>0</MinHeight>

    <FullResizeImageDef>
      <ControlId>Background</ControlId>
      <Position>
        <X>0</X>
        <Y>0</Y>
      </Position>
      <Alignment>
        <GrowWidth>true</GrowWidth>
        <GrowHeight>true</GrowHeight>
      </Alignment>
      <TemplateName>valmer_tranbox</TemplateName>
      <Width>240</Width>
      <Height>76</Height>
    </FullResizeImageDef>

    <LabelDef>
      <ControlId></ControlId>
      <Position>
        <X>15</X>
        <Y>5</Y>
      </Position>
      <Alignment>
        <TopLeft>true</TopLeft>
      </Alignment>
      <Color>
        <R>255</R>
        <G>255</G>
        <B>255</B>
        <A>255</A>
      </Color>
      <FontName>arial11</FontName>
      <Width>100</Width>
      <Height>16</Height>
      <ColorAdapter></ColorAdapter>
      <MaxCharacters>64</MaxCharacters>
      <Data></Data>
      <EndAligned>false</EndAligned>
      <TextCentered>false</TextCentered>
      <Adapter>mini_pet_title</Adapter>
    </LabelDef>

    <StatusBarDef>
      <ControlId></ControlId>
      <Position>
        <X>5</X>
        <Y>20</Y>
      </Position>
      <Alignment>
        <TopLeft>true</TopLeft>
      </Alignment>
      <TemplateName>red_status</TemplateName>
      <AdapterName>mini_pet_life</AdapterName>
      <Width>90</Width>
    </StatusBarDef>

    <ImageAreaDef>
      <ControlId></ControlId>
      <Position>
        <X>3</X>
        <Y>20</Y>
      </Position>
      <Alignment>
        <TopLeft>true</TopLeft>
      </Alignment>
      <TemplateName>sm_horiz_endcap_left_thin</TemplateName>
    </ImageAreaDef>

    <ImageAreaDef>
      <ControlId></ControlId>
      <Position>
        <X>94</X>
        <Y>20</Y>
      </Position>
      <Alignment>
        <TopLeft>true</TopLeft>
      </Alignment>
      <TemplateName>sm_horiz_endcap_right_thin</TemplateName>
    </ImageAreaDef>

    <ScalarLabelDef>
      <ControlId></ControlId>
      <Position>
        <X>98</X>
        <Y>18</Y>
      </Position>
      <Alignment>
        <TopLeft>true</TopLeft>
      </Alignment>
      <FontName>arial9</FontName>
      <Adapter>mini_pet_life</Adapter>
      <ColorAdapter></ColorAdapter>
      <Width>18</Width>
      <Height>16</Height>
      <MaxCharacters>32</MaxCharacters>
      <Color>
        <R>255</R>
        <G>255</G>
        <B>255</B>
        <A>255</A>
      </Color>
      <Data></Data>
      <EndAligned>true</EndAligned>
      <TextCentered>false</TextCentered>
      <DontDrawWhenZero>false</DontDrawWhenZero>
    </ScalarLabelDef>

    <LabelDef>
      <ControlId></ControlId>
      <Position>
        <X>115</X>
        <Y>18</Y>
      </Position>
      <Alignment>
        <TopLeft>true</TopLeft>
      </Alignment>
      <Color>
        <R>255</R>
        <G>255</G>
        <B>255</B>
        <A>255</A>
      </Color>
      <FontName>arial9</FontName>
      <Width>15</Width>
      <Height>16</Height>
      <ColorAdapter></ColorAdapter>
      <MaxCharacters>32</MaxCharacters>
      <Data>%</Data>
      <EndAligned>false</EndAligned>
      <TextCentered>false</TextCentered>
      <Adapter></Adapter>
    </LabelDef>

    <CheckBoxDef>
      <ControlId>1000</ControlId>
      <Position>
        <X>130</X>
        <Y>7</Y>
      </Position>
      <Alignment>
        <TopLeft>true</TopLeft>
      </Alignment>
      <TemplateName>small_font_check</TemplateName>
      <AdapterName>mini_pet_combat0</AdapterName>
      <TextAdapterName></TextAdapterName>
      <Data>Aggr.</Data>
      <LabelWidth>40</LabelWidth>
      <OnClickEvent></OnClickEvent>
    </CheckBoxDef>

    <CheckBoxDef>
      <ControlId>1001</ControlId>
      <Position>
        <X>130</X>
        <Y>24</Y>
      </Position>
      <Alignment>
        <TopLeft>true</TopLeft>
      </Alignment>
      <TemplateName>small_font_check</TemplateName>
      <AdapterName>mini_pet_combat1</AdapterName>
      <TextAdapterName></TextAdapterName>
      <Data>Difesa</Data>
      <LabelWidth>40</LabelWidth>
      <OnClickEvent></OnClickEvent>
    </CheckBoxDef>

    <CheckBoxDef>
      <ControlId>1002</ControlId>
      <Position>
        <X>130</X>
        <Y>41</Y>
      </Position>
      <Alignment>
        <TopLeft>true</TopLeft>
      </Alignment>
      <TemplateName>small_font_check</TemplateName>
      <AdapterName>mini_pet_combat2</AdapterName>
      <TextAdapterName></TextAdapterName>
      <Data>Passivo</Data>
      <LabelWidth>40</LabelWidth>
      <OnClickEvent></OnClickEvent>
    </CheckBoxDef>

    <CheckBoxDef>
      <ControlId>1003</ControlId>
      <Position>
        <X>186</X>
        <Y>7</Y>
      </Position>
      <Alignment>
        <TopLeft>true</TopLeft>
      </Alignment>
      <TemplateName>small_font_check</TemplateName>
      <AdapterName>mini_pet_movement0</AdapterName>
      <TextAdapterName></TextAdapterName>
      <Data>Segui</Data>
      <LabelWidth>40</LabelWidth>
      <OnClickEvent></OnClickEvent>
    </CheckBoxDef>

    <CheckBoxDef>
      <ControlId>1004</ControlId>
      <Position>
        <X>186</X>
        <Y>24</Y>
      </Position>
      <Alignment>
        <TopLeft>true</TopLeft>
      </Alignment>
      <TemplateName>small_font_check</TemplateName>
      <AdapterName>mini_pet_movement1</AdapterName>
      <TextAdapterName></TextAdapterName>
      <Data>Fermo</Data>
      <LabelWidth>40</LabelWidth>
      <OnClickEvent></OnClickEvent>
    </CheckBoxDef>

    <CheckBoxDef>
      <ControlId>1005</ControlId>
      <Position>
        <X>186</X>
        <Y>41</Y>
      </Position>
      <Alignment>
        <TopLeft>true</TopLeft>
      </Alignment>
      <TemplateName>small_font_check</TemplateName>
      <AdapterName>mini_pet_movement2</AdapterName>
      <TextAdapterName></TextAdapterName>
      <Data>Va Ob.</Data>
      <LabelWidth>40</LabelWidth>
      <OnClickEvent></OnClickEvent>
    </CheckBoxDef>

    <CheckBoxDef>
      <ControlId>1006</ControlId>
      <Position>
        <X>186</X>
        <Y>58</Y>
      </Position>
      <Alignment>
        <TopLeft>true</TopLeft>
      </Alignment>
      <TemplateName>small_font_check</TemplateName>
      <AdapterName>mini_pet_movement3</AdapterName>
      <TextAdapterName></TextAdapterName>
      <Data>Qui</Data>
      <LabelWidth>40</LabelWidth>
      <OnClickEvent></OnClickEvent>
    </CheckBoxDef>

    <ButtonDef>
      <ControlId>1007</ControlId>
      <Position>
        <X>5</X>
        <Y>34</Y>
      </Position>
      <Alignment>
        <TopLeft>true</TopLeft>
      </Alignment>
      <TemplateName>button_large_new</TemplateName>
      <Label>ATTACCA</Label>
      <onClickEvent>PetAttack</onClickEvent>
    </ButtonDef>

    <ButtonDef>
      <ControlId>1008</ControlId>
      <Position>
        <X>65</X>
        <Y>34</Y>
      </Position>
      <Alignment>
        <TopLeft>true</TopLeft>
      </Alignment>
      <TemplateName>button_large_new</TemplateName>
      <Label>Rilascia</Label>
      <onClickEvent>PetRelease</onClickEvent>
    </ButtonDef>

    <InvisibleButtonDef>
      <ControlId>1009</ControlId>
      <Position>
        <X>5</X>
        <Y>4</Y>
      </Position>
      <Alignment>
        <TopLeft>true</TopLeft>
      </Alignment>
      <Label></Label>
      <OnClickEvent>PetTarget</OnClickEvent>
      <Width>120</Width>
      <Height>26</Height>
    </InvisibleButtonDef>

    <IconDef>
      <ControlId></ControlId>
      <Position>
        <X>8</X>
        <Y>56</Y>
      </Position>
      <Alignment>
        <TopLeft>true</TopLeft>
      </Alignment>
      <TemplateName>plain_icon_small</TemplateName>
      <AdapterName>mini_pet_effect0</AdapterName>
      <IconId>0</IconId>
      <Data></Data>
    </IconDef>

    <IconDef>
      <ControlId></ControlId>
      <Position>
        <X>27</X>
        <Y>56</Y>
      </Position>
      <Alignment>
        <TopLeft>true</TopLeft>
      </Alignment>
      <TemplateName>plain_icon_small</TemplateName>
      <AdapterName>mini_pet_effect1</AdapterName>
      <IconId>0</IconId>
      <Data></Data>
    </IconDef>

    <IconDef>
      <ControlId></ControlId>
      <Position>
        <X>46</X>
        <Y>56</Y>
      </Position>
      <Alignment>
        <TopLeft>true</TopLeft>
      </Alignment>
      <TemplateName>plain_icon_small</TemplateName>
      <AdapterName>mini_pet_effect2</AdapterName>
      <IconId>0</IconId>
      <Data></Data>
    </IconDef>

    <IconDef>
      <ControlId></ControlId>
      <Position>
        <X>65</X>
        <Y>56</Y>
      </Position>
      <Alignment>
        <TopLeft>true</TopLeft>
      </Alignment>
      <TemplateName>plain_icon_small</TemplateName>
      <AdapterName>mini_pet_effect3</AdapterName>
      <IconId>0</IconId>
      <Data></Data>
    </IconDef>

    <IconDef>
      <ControlId></ControlId>
      <Position>
        <X>84</X>
        <Y>56</Y>
      </Position>
      <Alignment>
        <TopLeft>true</TopLeft>
      </Alignment>
      <TemplateName>plain_icon_small</TemplateName>
      <AdapterName>mini_pet_effect4</AdapterName>
      <IconId>0</IconId>
      <Data></Data>
    </IconDef>

    <IconDef>
      <ControlId></ControlId>
      <Position>
        <X>103</X>
        <Y>56</Y>
      </Position>
      <Alignment>
        <TopLeft>true</TopLeft>
      </Alignment>
      <TemplateName>plain_icon_small</TemplateName>
      <AdapterName>mini_pet_effect5</AdapterName>
      <IconId>0</IconId>
      <Data></Data>
    </IconDef>

  </WindowTemplate>

</Root_Element>
