<?xml version="1.0" encoding="ISO-8859-1"?>
<Root_Element ID="DAOCUi">

<!-- @@ Edited with the DAoC User Interface Editor v1.80 -->
<!-- @@ Free download available at http://www.bradtownsend.com/daoced -->


    <!-- FONTS -->

	<Font>
		<Name>button_small</Name>
		<File>fonts/button_10.tga</File>
	</Font>
	<Font>
		<Name>button_large</Name>
		<File>fonts/button_12.tga</File>
	</Font>

    <Font>
        <Name>brit9</Name>
        <File>fonts/brit9gry_light.tga</File>
    </Font>


    <Font>
        <Name>arial9</Name>
        <File>fonts/arial09.tga</File>
    </Font>


    <Font>
        <Name>arial11</Name>
        <File>fonts/arial11b.tga</File>
    </Font>


    <Font>
        <Name>arial14</Name>
        <File>fonts/arial14.tga</File>
    </Font>


    <Font>
        <Name>arial18</Name>
        <File>fonts/arial18.tga</File>
    </Font>


    <Font>
        <Name>title</Name>
        <File>fonts/title_24.tga</File>
    </Font>


    <Font>
        <Name>barb10</Name>
        <File>fonts/barbedor_10.tga</File>
    </Font>


    <!--TEXTURES-->


    <Texture>
        <Name>page1</Name>
        <File>atlantis/atlantis_01.tga</File>
    </Texture>


    <Texture>
        <Name>page2</Name>
        <File>atlantis/atlantis_02.tga</File>
    </Texture>


    <Texture>
        <Name>page3</Name>
        <File>atlantis/atlantis_03.tga</File>
    </Texture>


    <Texture>
        <Name>page4</Name>
        <File>atlantis/atlantis_04.tga</File>
    </Texture>


    <Texture>
        <Name>compass</Name>
        <File>custom/compass.bmp</File>
    </Texture>


    <Texture>
        <Name>small_arrows</Name>
        <File>atlantis/smallarrows.dds</File>
    </Texture>


    <Texture>
        <Name>selected_icon</Name>
        <File>atlantis/selected_icon.tga</File>
    </Texture>


    <!--1.89-->


    <TTFFont>
        <Name>chat_small</Name>
        <File>fonts/MyriadPro-Regular.ttf</File>
        <Height>10</Height>
        <Antialiased>true</Antialiased>
        <Hint>2</Hint>
    </TTFFont>


    <TTFFont>
        <Name>chat_large</Name>
        <File>fonts/MyriadPro-Regular.ttf</File>
        <Height>13</Height>
        <Antialiased>true</Antialiased>
        <Hint>2</Hint>
    </TTFFont>


    <TTFFont>
        <Name>myriadbold</Name>
        <File>fonts/MyriadPro-Semibold.ttf</File>
        <Height>13</Height>
        <Antialiased>true</Antialiased>
        <Hint>2</Hint>
    </TTFFont>


    <TTFFont>
        <Name>minion</Name>
        <File>fonts/MinionPro-Regular.ttf</File>
        <Height>16</Height>
        <Antialiased>true</Antialiased>
        <Hint>2</Hint>
    </TTFFont>


    <!--                                                                                       textures                                                                                       -->


    <Texture>
        <Name>emoticons</Name>
        <File>atlantis/emoticons.tga</File>
    </Texture>


    <Texture>
        <Name>slider</Name>
        <File>atlantis/slider.tga</File>
    </Texture>


    <Texture>
        <Name>frames_win</Name>
        <File>atlantis/frames_win.tga</File>
    </Texture>


    <Texture>
        <Name>navigation</Name>
        <File>atlantis/navigation.tga</File>
    </Texture>


    <Texture>
        <Name>page4b</Name>
        <File>atlantis/atlantis_04b.tga</File>
    </Texture>


    <!-- Valmerwolf's customization -->


    <Include>val_assets.xml</Include>


</Root_Element>
