<Root_Element ID="DAOCUi">
	<WindowTemplate>
		<Name>base</Name>
		<CloseButton>true</CloseButton>
		<MoveButton>true</MoveButton>
		<Width>100</Width>
		<Height>100</Height>
		<TitleWidth>100</TitleWidth>
		<TitleHeight>18</TitleHeight>
		<ResizeableWidth>0</ResizeableWidth>
		<ResizeableHeight>0</ResizeableHeight>
		<ResizeableTwoWayWidth>0</ResizeableTwoWayWidth>
		<ResizeableTwoWayHeight>0</ResizeableTwoWayHeight>
		<WindowId>c_windowInvalid</WindowId>
		<MinWidth>0</MinWidth>
		<MinHeight>0</MinHeight>
	</WindowTemplate>
</Root_Element>
