<?xml version="1.0" encoding="ISO-8859-1"?>
<Root_Element ID="DAOCUi">
	<WindowTemplate>
		<Name>channel</Name>
		<CloseButton>false</CloseButton>
		<MoveButton>false</MoveButton>
		<Width>86</Width>
		<Height>212</Height>
		<TitleWidth>86</TitleWidth>
		<TitleHeight>0</TitleHeight>
		<ResizeableWidth>0</ResizeableWidth>
		<ResizeableHeight>0</ResizeableHeight>
		<ResizeableTwoWayWidth>0</ResizeableTwoWayWidth>
		<ResizeableTwoWayHeight>0</ResizeableTwoWayHeight>
		<WindowId>Channel</WindowId>
		<FullResizeImageDef>
			<ControlId>BackgroundImage</ControlId>
			<Height>212</Height>
			<Width>86</Width>
			<Position>
				<X>0</X>
				<Y>0</Y>
			</Position>
			<TemplateName>tool_tip_background</TemplateName>
		</FullResizeImageDef>
		<!--Channel Buttons-->
		<HorizontalResizeButtonDef>
			<Templatename>context_hr_button_wtext</Templatename>
			<ControlId>1000</ControlId>
			<Label>/say</Label>
			<Labelalignment>
				<CenterVertically>true</CenterVertically>
			</Labelalignment>
			<LabelIndent>10</LabelIndent>
			<Position>
				<X>3</X>
				<Y>3</Y>
			</Position>
			<Width>80</Width>
		</HorizontalResizeButtonDef>
		<HorizontalResizeImageDef>
			<Position>
				<X>9</X>
				<Y>20</Y>
			</Position>
			<TemplateName>context_hr_image_divider</TemplateName>
			<Width>68</Width>
		</HorizontalResizeImageDef>
		<HorizontalResizeButtonDef>
			<Templatename>context_hr_button_wtext</Templatename>
			<ControlId>1001</ControlId>
			<Label>/emote</Label>
			<Labelalignment>
				<CenterVertically>true</CenterVertically>
			</Labelalignment>
			<LabelIndent>10</LabelIndent>
			<Position>
				<X>3</X>
				<Y>22</Y>
			</Position>
			<Width>80</Width>
		</HorizontalResizeButtonDef>
		<HorizontalResizeImageDef>
			<Position>
				<X>9</X>
				<Y>39</Y>
			</Position>
			<TemplateName>context_hr_image_divider</TemplateName>
			<Width>68</Width>
		</HorizontalResizeImageDef>
		<HorizontalResizeButtonDef>
			<Templatename>context_hr_button_wtext</Templatename>
			<ControlId>1002</ControlId>
			<Label>/broadcast</Label>
			<Labelalignment>
				<CenterVertically>true</CenterVertically>
			</Labelalignment>
			<LabelIndent>10</LabelIndent>
			<Position>
				<X>3</X>
				<Y>41</Y>
			</Position>
			<Width>80</Width>
		</HorizontalResizeButtonDef>
		<HorizontalResizeImageDef>
			<Position>
				<X>9</X>
				<Y>58</Y>
			</Position>
			<TemplateName>context_hr_image_divider</TemplateName>
			<Width>68</Width>
		</HorizontalResizeImageDef>
		<HorizontalResizeButtonDef>
			<Templatename>context_hr_button_wtext</Templatename>
			<ControlId>1003</ControlId>
			<Label>/group</Label>
			<Labelalignment>
				<CenterVertically>true</CenterVertically>
			</Labelalignment>
			<LabelIndent>10</LabelIndent>
			<Position>
				<X>3</X>
				<Y>60</Y>
			</Position>
			<Width>80</Width>
		</HorizontalResizeButtonDef>
		<HorizontalResizeImageDef>
			<Position>
				<X>9</X>
				<Y>77</Y>
			</Position>
			<TemplateName>context_hr_image_divider</TemplateName>
			<Width>68</Width>
		</HorizontalResizeImageDef>
		<HorizontalResizeButtonDef>
			<Templatename>context_hr_button_wtext</Templatename>
			<ControlId>1004</ControlId>
			<Label>/guild</Label>
			<Labelalignment>
				<CenterVertically>true</CenterVertically>
			</Labelalignment>
			<LabelIndent>10</LabelIndent>
			<Position>
				<X>3</X>
				<Y>79</Y>
			</Position>
			<Width>80</Width>
		</HorizontalResizeButtonDef>
		<HorizontalResizeImageDef>
			<Position>
				<X>9</X>
				<Y>96</Y>
			</Position>
			<TemplateName>context_hr_image_divider</TemplateName>
			<Width>68</Width>
		</HorizontalResizeImageDef>
		<HorizontalResizeButtonDef>
			<Templatename>context_hr_button_wtext</Templatename>
			<ControlId>1005</ControlId>
			<Label>/osend</Label>
			<Labelalignment>
				<CenterVertically>true</CenterVertically>
			</Labelalignment>
			<LabelIndent>10</LabelIndent>
			<Position>
				<X>3</X>
				<Y>98</Y>
			</Position>
			<Width>80</Width>
			<ToolTipID>158</ToolTipID>
		</HorizontalResizeButtonDef>
		<HorizontalResizeImageDef>
			<Position>
				<X>9</X>
				<Y>115</Y>
			</Position>
			<TemplateName>context_hr_image_divider</TemplateName>
			<Width>68</Width>
		</HorizontalResizeImageDef>
		<HorizontalResizeButtonDef>
			<Templatename>context_hr_button_wtext</Templatename>
			<ControlId>1006</ControlId>
			<Label>/asend</Label>
			<Labelalignment>
				<CenterVertically>true</CenterVertically>
			</Labelalignment>
			<LabelIndent>10</LabelIndent>
			<Position>
				<X>3</X>
				<Y>117</Y>
			</Position>
			<Width>80</Width>
			<ToolTipID>159</ToolTipID>
		</HorizontalResizeButtonDef>
		<HorizontalResizeImageDef>
			<Position>
				<X>9</X>
				<Y>134</Y>
			</Position>
			<TemplateName>context_hr_image_divider</TemplateName>
			<Width>68</Width>
		</HorizontalResizeImageDef>
		<HorizontalResizeButtonDef>
			<Templatename>context_hr_button_wtext</Templatename>
			<ControlId>1007</ControlId>
			<Label>/chat</Label>
			<Labelalignment>
				<CenterVertically>true</CenterVertically>
			</Labelalignment>
			<LabelIndent>10</LabelIndent>
			<Position>
				<X>3</X>
				<Y>136</Y>
			</Position>
			<Width>80</Width>
			<ToolTipID>160</ToolTipID>
		</HorizontalResizeButtonDef>
		<HorizontalResizeImageDef>
			<Position>
				<X>9</X>
				<Y>153</Y>
			</Position>
			<TemplateName>context_hr_image_divider</TemplateName>
			<Width>68</Width>
		</HorizontalResizeImageDef>
		<HorizontalResizeButtonDef>
			<Templatename>context_hr_button_wtext</Templatename>
			<ControlId>1008</ControlId>
			<Label>/bchat</Label>
			<Labelalignment>
				<CenterVertically>true</CenterVertically>
			</Labelalignment>
			<LabelIndent>10</LabelIndent>
			<Position>
				<X>3</X>
				<Y>155</Y>
			</Position>
			<Width>80</Width>
			<ToolTipID>161</ToolTipID>
		</HorizontalResizeButtonDef>
		<HorizontalResizeImageDef>
			<Position>
				<X>9</X>
				<Y>172</Y>
			</Position>
			<TemplateName>context_hr_image_divider</TemplateName>
			<Width>68</Width>
		</HorizontalResizeImageDef>
		<HorizontalResizeButtonDef>
			<Templatename>context_hr_button_wtext</Templatename>
			<ControlId>1009</ControlId>
			<Label>/send</Label>
			<Labelalignment>
				<CenterVertically>true</CenterVertically>
			</Labelalignment>
			<LabelIndent>10</LabelIndent>
			<Position>
				<X>3</X>
				<Y>174</Y>
			</Position>
			<Width>80</Width>
			<ToolTipID>162</ToolTipID>
		</HorizontalResizeButtonDef>
		<HorizontalResizeImageDef>
			<Position>
				<X>9</X>
				<Y>191</Y>
			</Position>
			<TemplateName>context_hr_image_divider</TemplateName>
			<Width>68</Width>
		</HorizontalResizeImageDef>
		<HorizontalResizeButtonDef>
			<Templatename>context_hr_button_wtext</Templatename>
			<ControlId>1010</ControlId>
			<Label>/advice</Label>
			<Labelalignment>
				<CenterVertically>true</CenterVertically>
			</Labelalignment>
			<LabelIndent>10</LabelIndent>
			<Position>
				<X>3</X>
				<Y>193</Y>
			</Position>
			<Width>80</Width>
			<ToolTipID>163</ToolTipID>
		</HorizontalResizeButtonDef>
	</WindowTemplate>
</Root_Element>
