<?xml version="1.0" encoding="ISO-8859-1"?>
<Root_Element ID="DAOCUi">
	<Texture>
		<Name>emoticons</Name>
		<File>atlantis/emoticons.tga</File>
	</Texture>
	<ImageAreaTemplate>
		<Name>emote_button</Name>
		<Size>
			<X>20</X>
			<Y>20</Y>
		</Size>
		<TopLeft>
			<X>80</X>
			<Y>100</Y>
		</TopLeft>
		<TextureName>emoticons</TextureName>
	</ImageAreaTemplate>
	<ImageAreaTemplate>
		<Name>channel_button</Name>
		<Size>
			<X>20</X>
			<Y>20</Y>
		</Size>
		<TopLeft>
			<X>100</X>
			<Y>100</Y>
		</TopLeft>
		<TextureName>emoticons</TextureName>
	</ImageAreaTemplate>
	<WindowTemplate>
		<Name>chat</Name>
		<CloseButton>false</CloseButton>
		<MoveButton>false</MoveButton>
		<Width>350</Width>
		<Height>200</Height>
		<TitleWidth>0</TitleWidth>
		<TitleHeight>0</TitleHeight>
		<ResizeableWidth>0</ResizeableWidth>
		<ResizeableHeight>0</ResizeableHeight>
		<ResizeableTwoWayWidth>0</ResizeableTwoWayWidth>
		<ResizeableTwoWayHeight>0</ResizeableTwoWayHeight>
		<WindowId>Chat</WindowId>
		<MinWidth>312</MinWidth>
		<MinHeight>120</MinHeight>
		<ContextTemplateName>chat_context</ContextTemplateName>
		<TabName>Main</TabName>
		<TabName>Broad</TabName>
		<TabName>Guild</TabName>
		<TabName>Group</TabName>
		<TabName>Chat</TabName>
		<FullResizeImageDef>
			<ControlId>Background</ControlId>
			<Height>200</Height>
			<Width>350</Width>
			<Position>
				<X>0</X>
				<Y>0</Y>
			</Position>
			<Alignment>
				<GrowWidth>true</GrowWidth>
				<GrowHeight>true</GrowHeight>
			</Alignment>
		</FullResizeImageDef>
		<ChatControlDef>
			<ControlId>1000</ControlId>
			<Height>84</Height>
			<Width>340</Width>
			<Alignment>
				<GrowWidth>true</GrowWidth>
			</Alignment>
			<Position>
				<X>5</X>
				<Y>12</Y>
			</Position>
			<TemplateName>chat</TemplateName>
			<LinePadding>1</LinePadding>
			<TextOffset>
				<X>9</X>
				<Y>8</Y>
			</TextOffset>
			<BufferName>chat</BufferName>
		</ChatControlDef>
		<FullResizeImageDef>
			<TemplateName>chat_entry</TemplateName>
			<width>343</width>
			<Height>16</Height>
			<Position>
				<X>0</X>
				<Y>0</Y>
			</Position>
			<Alignment>
				<GrowWidth>true</GrowWidth>
			</Alignment>
			<ControlId>1002</ControlId>
		</FullResizeImageDef>
		<LabelDef>
			<Color>
				<R>255</R>
				<G>255</G>
				<B>255</B>
				<A>255</A>
			</Color>
			<FontName>chat_large</FontName>
			<Width>337</Width>
			<Height>16</Height>
			<MaxCharacters>1024</MaxCharacters>
			<Data/>
			<Position>
				<X>6</X>
				<Y>1</Y>
			</Position>
			<Alignment>
				<GrowWidth>true</GrowWidth>
			</Alignment>
			<Adapter>chat_entry</Adapter>
			<ControlId>1003</ControlId>
			<EndAligned>true</EndAligned>
		</LabelDef>
		<InvisibleButtonDef>
			<ControlId>1005</ControlId>
			<Position>
				<X>5</X>
				<Y>16</Y>
			</Position>
			<Alignment>
				<GrowWidth>true</GrowWidth>
				<GrowHeight>true</GrowHeight>
			</Alignment>
			<width>340</width>
			<height>98</height>
		</InvisibleButtonDef>
		<ButtonDef>
			<TemplateName>chat_scale</TemplateName>
			<ControlId>TwoWayResizeTopRight</ControlId>
			<Position>
				<X>3</X>
				<Y>11</Y>
			</Position>
			<Alignment>
				<OffsetRight>true</OffsetRight>
			</Alignment>
		</ButtonDef>
		<HorizontalResizeImageButtonDef>
			<ImageAreaTemplateName>emote_button</ImageAreaTemplateName>
			<HRButtonTemplateName>hr_button</HRButtonTemplateName>
			<ControlId>1001</ControlId>
			<Position>
				<X>0</X>
				<Y>0</Y>
			</Position>
			<Width>20</Width>
			<ToolTipID>156</ToolTipID>
		</HorizontalResizeImageButtonDef>
		<HorizontalResizeImageButtonDef>
			<ImageAreaTemplateName>channel_button</ImageAreaTemplateName>
			<HRButtonTemplateName>hr_button</HRButtonTemplateName>
			<ControlId>1004</ControlId>
			<Position>
				<X>0</X>
				<Y>0</Y>
			</Position>
			<Width>20</Width>
			<ToolTipID>157</ToolTipID>
		</HorizontalResizeImageButtonDef>
	</WindowTemplate>
</Root_Element>
