<?xml version="1.0" encoding="ISO-8859-1"?>
<Root_Element ID="DAOCUi">
	<WindowTemplate>
		<Name>chat_config</Name>
		<CloseButton>true</CloseButton>
		<MoveButton>true</MoveButton>
		<Width>333</Width>
		<Height>436</Height>
		<TitleWidth>333</TitleWidth>
		<TitleHeight>50</TitleHeight>
		<ResizeableWidth>0</ResizeableWidth>
		<ResizeableHeight>0</ResizeableHeight>
		<ResizeableTwoWayWidth>0</ResizeableTwoWayWidth>
		<ResizeableTwoWayHeight>0</ResizeableTwoWayHeight>
		<WindowId>ChatConfig</WindowId>
		<MinWidth>333</MinWidth>
		<MinHeight>436</MinHeight>
<!-- Background -->
		<FullResizeImageDef>
			<ControlId>Background</ControlId>
			<Height>436</Height>
			<Width>333</Width>
			<Position>
				<X>0</X>
				<Y>0</Y>
			</Position>
			<TemplateName>valmer_menu_box</TemplateName>
			<Alignment>
				<GrowWidth>true</GrowWidth>
				<GrowHeight>true</GrowHeight>
			</Alignment>
		</FullResizeImageDef>
<!-- Interior -->
<!-- System -->
		<FullResizeImageDef>
			<Height>283</Height>
			<Width>145</Width>
			<Position>
				<X>19</X>
				<Y>59</Y>
			</Position>
			<TemplateName>inner_frame</TemplateName>
			<Alignment>
				<GrowWidth>true</GrowWidth>
				<GrowHeight>true</GrowHeight>
			</Alignment>
		</FullResizeImageDef>
<!-- Channel -->
		<FullResizeImageDef>
			<Height>283</Height>
			<Width>145</Width>
			<Position>
				<X>169</X>
				<Y>59</Y>
			</Position>
			<TemplateName>inner_frame</TemplateName>
			<Alignment>
				<GrowWidth>true</GrowWidth>
				<GrowHeight>true</GrowHeight>
			</Alignment>
		</FullResizeImageDef>
<!-- Colors -->
	<FullResizeImageDef>
			<Height>48</Height>
			<Width>278</Width>
			<Position>
				<X>27</X>
				<Y>346</Y>
			</Position>
			<TemplateName>chat_entry</TemplateName>
			<Alignment>
				<GrowWidth>true</GrowWidth>
				<GrowHeight>true</GrowHeight>
			</Alignment>
		</FullResizeImageDef>
<!-- Title -->
		<LabelDef>
			<Color>
				<R>255</R>
				<G>255</G>
				<B>255</B>
				<A>255</A>
			</Color>
			<FontName>minion</FontName>
			<Width>312</Width>
			<Height>16</Height>
			<MaxCharacters>128</MaxCharacters>
			<Data>MESSAGGI e CANALI</Data>
			<Position>
				<X>0</X>
				<Y>16</Y>
			</Position>
			<Alignment>
				<CenterHorizontally>true</CenterHorizontally>
			</Alignment>
		</LabelDef>
<!-- System Title -->
		<LabelDef>
			<Color>
				<R>255</R>
				<G>255</G>
				<B>255</B>
				<A>255</A>
			</Color>
			<FontName>chat_large</FontName>
			<Width>141</Width>
			<Height>16</Height>
			<MaxCharacters>128</MaxCharacters>
			<Data>TIPO di MESSAGGI</Data>
			<Position>
				<X>19</X>
				<Y>46</Y>
			</Position>
		</LabelDef>
<!-- Channel Title -->
		<LabelDef>
			<Color>
				<R>255</R>
				<G>255</G>
				<B>255</B>
				<A>255</A>
			</Color>
			<FontName>chat_large</FontName>
			<Width>141</Width>
			<Height>16</Height>
			<MaxCharacters>128</MaxCharacters>
			<Data>CANALI di CHAT</Data>
			<Position>
				<X>169</X>
				<Y>46</Y>
			</Position>
		</LabelDef>
<!-- Accept & Cancel Buttons -->
		<ButtonDef>
			<TemplateName>button_large_new</TemplateName>
			<OnClickEvent/>
			<ControlId>2000</ControlId>
			<Label>Accetta</Label>
			<Position>
				<X>104</X>
				<Y>398</Y>
			</Position>
		</ButtonDef>
		<ButtonDef>
			<TemplateName>button_large_new</TemplateName>
			<OnClickEvent/>
			<ControlId>2001</ControlId>
			<Label>Chiudi</Label>
			<Position>
				<X>170</X>
				<Y>398</Y>
			</Position>
		</ButtonDef>
<!-- Selector -->
		<FullResizeImageDef>
			<ControlId>2003</ControlId>
			<Height>16</Height>
			<Width>134</Width>
			<Position>
				<X>26</X>
				<Y>66</Y>
			</Position>
			<TemplateName>selection_box</TemplateName>
			<Alignment>
				<GrowWidth>true</GrowWidth>
				<GrowHeight>true</GrowHeight>
			</Alignment>
		</FullResizeImageDef>
<!-- Color Picker Buttons (26) -->
	<!-- Top Row -->
		<ButtonDef>
			<TemplateName>color_button</TemplateName>
			<OnClickEvent/>
			<ControlId>4000</ControlId>
			<Position>
				<X>38</X>
				<Y>351</Y>
			</Position>
			<Coloradapter>index_color_0</Coloradapter>
		</ButtonDef>
		<ButtonDef>
			<TemplateName>color_highlight_button</TemplateName>
			<OnClickEvent/>
			<ControlId>4000</ControlId>
			<Position>
				<X>37</X>
				<Y>350</Y>
			</Position>
		</ButtonDef>
		<ButtonDef>
			<TemplateName>color_button</TemplateName>
			<OnClickEvent/>
			<ControlId>4001</ControlId>
			<Position>
				<X>58</X>
				<Y>351</Y>
			</Position>
			<Coloradapter>index_color_1</Coloradapter>
		</ButtonDef>
		<ButtonDef>
			<TemplateName>color_highlight_button</TemplateName>
			<OnClickEvent/>
			<ControlId>4001</ControlId>
			<Position>
				<X>57</X>
				<Y>350</Y>
			</Position>
		</ButtonDef>
		<ButtonDef>
			<TemplateName>color_button</TemplateName>
			<OnClickEvent/>
			<ControlId>4002</ControlId>
			<Position>
				<X>78</X>
				<Y>351</Y>
			</Position>
			<Coloradapter>index_color_2</Coloradapter>
		</ButtonDef>
		<ButtonDef>
			<TemplateName>color_highlight_button</TemplateName>
			<OnClickEvent/>
			<ControlId>4002</ControlId>
			<Position>
				<X>77</X>
				<Y>350</Y>
			</Position>
		</ButtonDef>
		<ButtonDef>
			<TemplateName>color_button</TemplateName>
			<OnClickEvent/>
			<ControlId>4003</ControlId>
			<Position>
				<X>98</X>
				<Y>351</Y>
			</Position>
			<Coloradapter>index_color_3</Coloradapter>
		</ButtonDef>
		<ButtonDef>
			<TemplateName>color_highlight_button</TemplateName>
			<OnClickEvent/>
			<ControlId>4003</ControlId>
			<Position>
				<X>97</X>
				<Y>350</Y>
			</Position>
		</ButtonDef>
		<ButtonDef>
			<TemplateName>color_button</TemplateName>
			<OnClickEvent/>
			<ControlId>4004</ControlId>
			<Position>
				<X>118</X>
				<Y>351</Y>
			</Position>
			<Coloradapter>index_color_4</Coloradapter>
		</ButtonDef>
		<ButtonDef>
			<TemplateName>color_highlight_button</TemplateName>
			<OnClickEvent/>
			<ControlId>4004</ControlId>
			<Position>
				<X>117</X>
				<Y>350</Y>
			</Position>
		</ButtonDef>
		<ButtonDef>
			<TemplateName>color_button</TemplateName>
			<OnClickEvent/>
			<ControlId>4005</ControlId>
			<Position>
				<X>138</X>
				<Y>351</Y>
			</Position>
			<Coloradapter>index_color_5</Coloradapter>
		</ButtonDef>
		<ButtonDef>
			<TemplateName>color_highlight_button</TemplateName>
			<OnClickEvent/>
			<ControlId>4005</ControlId>
			<Position>
				<X>137</X>
				<Y>350</Y>
			</Position>
		</ButtonDef>
		<ButtonDef>
			<TemplateName>color_button</TemplateName>
			<OnClickEvent/>
			<ControlId>4006</ControlId>
			<Position>
				<X>158</X>
				<Y>351</Y>
			</Position>
			<Coloradapter>index_color_6</Coloradapter>
		</ButtonDef>
		<ButtonDef>
			<TemplateName>color_highlight_button</TemplateName>
			<OnClickEvent/>
			<ControlId>4006</ControlId>
			<Position>
				<X>157</X>
				<Y>350</Y>
			</Position>
		</ButtonDef>
		<ButtonDef>
			<TemplateName>color_button</TemplateName>
			<OnClickEvent/>
			<ControlId>4007</ControlId>
			<Position>
				<X>178</X>
				<Y>351</Y>
			</Position>
			<Coloradapter>index_color_7</Coloradapter>
		</ButtonDef>
		<ButtonDef>
			<TemplateName>color_highlight_button</TemplateName>
			<OnClickEvent/>
			<ControlId>4007</ControlId>
			<Position>
				<X>177</X>
				<Y>350</Y>
			</Position>
		</ButtonDef>
		<ButtonDef>
			<TemplateName>color_button</TemplateName>
			<OnClickEvent/>
			<ControlId>4008</ControlId>
			<Position>
				<X>198</X>
				<Y>351</Y>
			</Position>
			<Coloradapter>index_color_8</Coloradapter>
		</ButtonDef>
		<ButtonDef>
			<TemplateName>color_highlight_button</TemplateName>
			<OnClickEvent/>
			<ControlId>4008</ControlId>
			<Position>
				<X>197</X>
				<Y>350</Y>
			</Position>
		</ButtonDef>
		<ButtonDef>
			<TemplateName>color_button</TemplateName>
			<OnClickEvent/>
			<ControlId>4009</ControlId>
			<Position>
				<X>218</X>
				<Y>351</Y>
			</Position>
			<Coloradapter>index_color_9</Coloradapter>
		</ButtonDef>
		<ButtonDef>
			<TemplateName>color_highlight_button</TemplateName>
			<OnClickEvent/>
			<ControlId>4009</ControlId>
			<Position>
				<X>217</X>
				<Y>350</Y>
			</Position>
		</ButtonDef>
		<ButtonDef>
			<TemplateName>color_button</TemplateName>
			<OnClickEvent/>
			<ControlId>4010</ControlId>
			<Position>
				<X>238</X>
				<Y>351</Y>
			</Position>
			<Coloradapter>index_color_10</Coloradapter>
		</ButtonDef>
		<ButtonDef>
			<TemplateName>color_highlight_button</TemplateName>
			<OnClickEvent/>
			<ControlId>4010</ControlId>
			<Position>
				<X>237</X>
				<Y>350</Y>
			</Position>
		</ButtonDef>
		<ButtonDef>
			<TemplateName>color_button</TemplateName>
			<OnClickEvent/>
			<ControlId>4011</ControlId>
			<Position>
				<X>258</X>
				<Y>351</Y>
			</Position>
			<Coloradapter>index_color_11</Coloradapter>
		</ButtonDef>
		<ButtonDef>
			<TemplateName>color_highlight_button</TemplateName>
			<OnClickEvent/>
			<ControlId>4011</ControlId>
			<Position>
				<X>257</X>
				<Y>350</Y>
			</Position>
		</ButtonDef>
		<ButtonDef>
			<TemplateName>color_button</TemplateName>
			<OnClickEvent/>
			<ControlId>4012</ControlId>
			<Position>
				<X>278</X>
				<Y>351</Y>
			</Position>
			<Coloradapter>index_color_12</Coloradapter>
		</ButtonDef>
		<ButtonDef>
			<TemplateName>color_highlight_button</TemplateName>
			<OnClickEvent/>
			<ControlId>4012</ControlId>
			<Position>
				<X>277</X>
				<Y>350</Y>
			</Position>
		</ButtonDef>
	<!-- Bottom Row -->
		<ButtonDef>
			<TemplateName>color_button</TemplateName>
			<OnClickEvent/>
			<ControlId>4013</ControlId>
			<Position>
				<X>38</X>
				<Y>371</Y>
			</Position>
			<Coloradapter>index_color_13</Coloradapter>
		</ButtonDef>
		<ButtonDef>
			<TemplateName>color_highlight_button</TemplateName>
			<OnClickEvent/>
			<ControlId>4013</ControlId>
			<Position>
				<X>37</X>
				<Y>370</Y>
			</Position>
		</ButtonDef>
		<ButtonDef>
			<TemplateName>color_button</TemplateName>
			<OnClickEvent/>
			<ControlId>4014</ControlId>
			<Position>
				<X>58</X>
				<Y>371</Y>
			</Position>
			<Coloradapter>index_color_14</Coloradapter>
		</ButtonDef>
		<ButtonDef>
			<TemplateName>color_highlight_button</TemplateName>
			<OnClickEvent/>
			<ControlId>4014</ControlId>
			<Position>
				<X>57</X>
				<Y>370</Y>
			</Position>
		</ButtonDef>
		<ButtonDef>
			<TemplateName>color_button</TemplateName>
			<OnClickEvent/>
			<ControlId>4015</ControlId>
			<Position>
				<X>78</X>
				<Y>371</Y>
			</Position>
			<Coloradapter>index_color_15</Coloradapter>
		</ButtonDef>
		<ButtonDef>
			<TemplateName>color_highlight_button</TemplateName>
			<OnClickEvent/>
			<ControlId>4015</ControlId>
			<Position>
				<X>77</X>
				<Y>370</Y>
			</Position>
		</ButtonDef>
		<ButtonDef>
			<TemplateName>color_button</TemplateName>
			<OnClickEvent/>
			<ControlId>4016</ControlId>
			<Position>
				<X>98</X>
				<Y>371</Y>
			</Position>
			<Coloradapter>index_color_16</Coloradapter>
		</ButtonDef>
		<ButtonDef>
			<TemplateName>color_highlight_button</TemplateName>
			<OnClickEvent/>
			<ControlId>4016</ControlId>
			<Position>
				<X>97</X>
				<Y>370</Y>
			</Position>
		</ButtonDef>
		<ButtonDef>
			<TemplateName>color_button</TemplateName>
			<OnClickEvent/>
			<ControlId>4017</ControlId>
			<Position>
				<X>118</X>
				<Y>371</Y>
			</Position>
			<Coloradapter>index_color_17</Coloradapter>
		</ButtonDef>
		<ButtonDef>
			<TemplateName>color_highlight_button</TemplateName>
			<OnClickEvent/>
			<ControlId>4017</ControlId>
			<Position>
				<X>117</X>
				<Y>370</Y>
			</Position>
		</ButtonDef>
		<ButtonDef>
			<TemplateName>color_button</TemplateName>
			<OnClickEvent/>
			<ControlId>4018</ControlId>
			<Position>
				<X>138</X>
				<Y>371</Y>
			</Position>
			<Coloradapter>index_color_18</Coloradapter>
		</ButtonDef>
		<ButtonDef>
			<TemplateName>color_highlight_button</TemplateName>
			<OnClickEvent/>
			<ControlId>4018</ControlId>
			<Position>
				<X>137</X>
				<Y>370</Y>
			</Position>
		</ButtonDef>
		<ButtonDef>
			<TemplateName>color_button</TemplateName>
			<OnClickEvent/>
			<ControlId>4019</ControlId>
			<Position>
				<X>158</X>
				<Y>371</Y>
			</Position>
			<Coloradapter>index_color_19</Coloradapter>
		</ButtonDef>
		<ButtonDef>
			<TemplateName>color_highlight_button</TemplateName>
			<OnClickEvent/>
			<ControlId>4019</ControlId>
			<Position>
				<X>157</X>
				<Y>370</Y>
			</Position>
		</ButtonDef>
		<ButtonDef>
			<TemplateName>color_button</TemplateName>
			<OnClickEvent/>
			<ControlId>4020</ControlId>
			<Position>
				<X>178</X>
				<Y>371</Y>
			</Position>
			<Coloradapter>index_color_20</Coloradapter>
		</ButtonDef>
		<ButtonDef>
			<TemplateName>color_highlight_button</TemplateName>
			<OnClickEvent/>
			<ControlId>4020</ControlId>
			<Position>
				<X>177</X>
				<Y>370</Y>
			</Position>
		</ButtonDef>
		<ButtonDef>
			<TemplateName>color_button</TemplateName>
			<OnClickEvent/>
			<ControlId>4021</ControlId>
			<Position>
				<X>198</X>
				<Y>371</Y>
			</Position>
			<Coloradapter>index_color_21</Coloradapter>
		</ButtonDef>
		<ButtonDef>
			<TemplateName>color_highlight_button</TemplateName>
			<OnClickEvent/>
			<ControlId>4021</ControlId>
			<Position>
				<X>197</X>
				<Y>370</Y>
			</Position>
		</ButtonDef>
		<ButtonDef>
			<TemplateName>color_button</TemplateName>
			<OnClickEvent/>
			<ControlId>4022</ControlId>
			<Position>
				<X>218</X>
				<Y>371</Y>
			</Position>
			<Coloradapter>index_color_22</Coloradapter>
		</ButtonDef>
		<ButtonDef>
			<TemplateName>color_highlight_button</TemplateName>
			<OnClickEvent/>
			<ControlId>4022</ControlId>
			<Position>
				<X>217</X>
				<Y>370</Y>
			</Position>
		</ButtonDef>
		<ButtonDef>
			<TemplateName>color_button</TemplateName>
			<OnClickEvent/>
			<ControlId>4023</ControlId>
			<Position>
				<X>238</X>
				<Y>371</Y>
			</Position>
			<Coloradapter>index_color_23</Coloradapter>
		</ButtonDef>
		<ButtonDef>
			<TemplateName>color_highlight_button</TemplateName>
			<OnClickEvent/>
			<ControlId>4023</ControlId>
			<Position>
				<X>237</X>
				<Y>370</Y>
			</Position>
		</ButtonDef>
		<ButtonDef>
			<TemplateName>color_button</TemplateName>
			<OnClickEvent/>
			<ControlId>4024</ControlId>
			<Position>
				<X>258</X>
				<Y>371</Y>
			</Position>
			<Coloradapter>index_color_24</Coloradapter>
		</ButtonDef>
		<ButtonDef>
			<TemplateName>color_highlight_button</TemplateName>
			<OnClickEvent/>
			<ControlId>4024</ControlId>
			<Position>
				<X>257</X>
				<Y>370</Y>
			</Position>
		</ButtonDef>
		<ButtonDef>
			<TemplateName>color_button</TemplateName>
			<OnClickEvent/>
			<ControlId>4025</ControlId>
			<Position>
				<X>278</X>
				<Y>371</Y>
			</Position>
			<Coloradapter>index_color_25</Coloradapter>
		</ButtonDef>
		<ButtonDef>
			<TemplateName>color_highlight_button</TemplateName>
			<OnClickEvent/>
			<ControlId>4025</ControlId>
			<Position>
				<X>277</X>
				<Y>370</Y>
			</Position>
		</ButtonDef>
<!--Highlighting Buttons for Message Types (16)-->
<!-- MUST BE ABOVE THE MESSAGE TYPES CHECKBOXES! -->
		<HorizontalResizeButtonDef>
			<Templatename>context_hr_button</Templatename>
			<Position>
				<X>27</X>
				<Y>66</Y>
			</Position>
			<Width>133</Width>
			<ControlId>3016</ControlId>
		</HorizontalResizeButtonDef>
		<HorizontalResizeButtonDef>
			<Templatename>context_hr_button</Templatename>
			<Position>
				<X>27</X>
				<Y>83</Y>
			</Position>
			<Width>133</Width>
			<ControlId>3017</ControlId>
		</HorizontalResizeButtonDef>
		<HorizontalResizeButtonDef>
			<Templatename>context_hr_button</Templatename>
			<Position>
				<X>27</X>
				<Y>100</Y>
			</Position>
			<Width>133</Width>
			<ControlId>3018</ControlId>
		</HorizontalResizeButtonDef>
		<HorizontalResizeButtonDef>
			<Templatename>context_hr_button</Templatename>
			<Position>
				<X>27</X>
				<Y>117</Y>
			</Position>
			<Width>133</Width>
			<ControlId>3019</ControlId>
		</HorizontalResizeButtonDef>
		<HorizontalResizeButtonDef>
			<Templatename>context_hr_button</Templatename>
			<Position>
				<X>27</X>
				<Y>134</Y>
			</Position>
			<Width>133</Width>
			<ControlId>3020</ControlId>
		</HorizontalResizeButtonDef>
		<HorizontalResizeButtonDef>
			<Templatename>context_hr_button</Templatename>
			<Position>
				<X>27</X>
				<Y>151</Y>
			</Position>
			<Width>133</Width>
			<ControlId>3021</ControlId>
		</HorizontalResizeButtonDef>
		<HorizontalResizeButtonDef>
			<Templatename>context_hr_button</Templatename>
			<Position>
				<X>27</X>
				<Y>168</Y>
			</Position>
			<Width>133</Width>
			<ControlId>3022</ControlId>
		</HorizontalResizeButtonDef>
		<HorizontalResizeButtonDef>
			<Templatename>context_hr_button</Templatename>
			<Position>
				<X>27</X>
				<Y>185</Y>
			</Position>
			<Width>133</Width>
			<ControlId>3023</ControlId>
		</HorizontalResizeButtonDef>
		<HorizontalResizeButtonDef>
			<Templatename>context_hr_button</Templatename>
			<Position>
				<X>27</X>
				<Y>202</Y>
			</Position>
			<Width>133</Width>
			<ControlId>3024</ControlId>
		</HorizontalResizeButtonDef>
		<HorizontalResizeButtonDef>
			<Templatename>context_hr_button</Templatename>
			<Position>
				<X>27</X>
				<Y>219</Y>
			</Position>
			<Width>133</Width>
			<ControlId>3025</ControlId>
		</HorizontalResizeButtonDef>
		<HorizontalResizeButtonDef>
			<Templatename>context_hr_button</Templatename>
			<Position>
				<X>27</X>
				<Y>236</Y>
			</Position>
			<Width>133</Width>
			<ControlId>3026</ControlId>
		</HorizontalResizeButtonDef>
		<HorizontalResizeButtonDef>
			<Templatename>context_hr_button</Templatename>
			<Position>
				<X>27</X>
				<Y>253</Y>
			</Position>
			<Width>133</Width>
			<ControlId>3027</ControlId>
		</HorizontalResizeButtonDef>
		<HorizontalResizeButtonDef>
			<Templatename>context_hr_button</Templatename>
			<Position>
				<X>27</X>
				<Y>270</Y>
			</Position>
			<Width>133</Width>
			<ControlId>3028</ControlId>
		</HorizontalResizeButtonDef>
		<HorizontalResizeButtonDef>
			<Templatename>context_hr_button</Templatename>
			<Position>
				<X>27</X>
				<Y>287</Y>
			</Position>
			<Width>133</Width>
			<ControlId>3029</ControlId>
		</HorizontalResizeButtonDef>
		<HorizontalResizeButtonDef>
			<Templatename>context_hr_button</Templatename>
			<Position>
				<X>27</X>
				<Y>304</Y>
			</Position>
			<Width>133</Width>
			<ControlId>3030</ControlId>
		</HorizontalResizeButtonDef>
		<HorizontalResizeButtonDef>
			<Templatename>context_hr_button</Templatename>
			<Position>
				<X>27</X>
				<Y>321</Y>
			</Position>
			<Width>133</Width>
			<ControlId>3031</ControlId>
		</HorizontalResizeButtonDef>
<!--Check boxes for message types (16)-->
		<CheckBoxDef>
			<ControlId>1016</ControlId>
			<Position>
				<X>27</X>
				<Y>66</Y>
			</Position>
			<TemplateName>chat_config_checkbox</TemplateName>
		</CheckBoxDef>
		<LabelDef>
			<Color>
				<R>255</R>
				<G>255</G>
				<B>255</B>
				<A>255</A>
			</Color>
			<FontName>chat_small</FontName>
			<Width>121</Width>
			<Height>16</Height>
			<MaxCharacters>1024</MaxCharacters>
			<Data>Magie</Data>
			<Position>
				<X>48</X>
				<Y>70</Y>
			</Position>
			<Adapter>none</Adapter>
			<Controlid>5016</Controlid>
		</LabelDef>
		<HorizontalResizeImageDef>
			<Position>
				<X>26</X>
				<Y>82</Y>
			</Position>
			<TemplateName>context_hr_image_divider</TemplateName>
			<Width>133</Width>
		</HorizontalResizeImageDef>
		<CheckBoxDef>
			<ControlId>1017</ControlId>
			<Position>
				<X>27</X>
				<Y>83</Y>
			</Position>
			<TemplateName>chat_config_checkbox</TemplateName>
		</CheckBoxDef>
		<LabelDef>
			<Color>
				<R>255</R>
				<G>255</G>
				<B>255</B>
				<A>255</A>
			</Color>
			<FontName>chat_small</FontName>
			<Width>121</Width>
			<Height>16</Height>
			<MaxCharacters>1024</MaxCharacters>
			<Data>Colpisci</Data>
			<Position>
				<X>48</X>
				<Y>87</Y>
			</Position>
			<Adapter>none</Adapter>
			<Controlid>5017</Controlid>
		</LabelDef>
		<HorizontalResizeImageDef>
			<Position>
				<X>26</X>
				<Y>99</Y>
			</Position>
			<TemplateName>context_hr_image_divider</TemplateName>
			<Width>133</Width>
		</HorizontalResizeImageDef>
		<CheckBoxDef>
			<ControlId>1018</ControlId>
			<Position>
				<X>27</X>
				<Y>100</Y>
			</Position>
			<TemplateName>chat_config_checkbox</TemplateName>
		</CheckBoxDef>
		<LabelDef>
			<Color>
				<R>255</R>
				<G>255</G>
				<B>255</B>
				<A>255</A>
			</Color>
			<FontName>chat_small</FontName>
			<Width>121</Width>
			<Height>16</Height>
			<MaxCharacters>1024</MaxCharacters>
			<Data>Sistema</Data>
			<Position>
				<X>48</X>
				<Y>104</Y>
			</Position>
			<Adapter>none</Adapter>
			<Controlid>5018</Controlid>
		</LabelDef>
		<HorizontalResizeImageDef>
			<Position>
				<X>26</X>
				<Y>116</Y>
			</Position>
			<TemplateName>context_hr_image_divider</TemplateName>
			<Width>133</Width>
		</HorizontalResizeImageDef>
		<CheckBoxDef>
			<ControlId>1019</ControlId>
			<Position>
				<X>27</X>
				<Y>117</Y>
			</Position>
			<TemplateName>chat_config_checkbox</TemplateName>
		</CheckBoxDef>
		<LabelDef>
			<Color>
				<R>255</R>
				<G>255</G>
				<B>255</B>
				<A>255</A>
			</Color>
			<FontName>chat_small</FontName>
			<Width>121</Width>
			<Height>16</Height>
			<MaxCharacters>1024</MaxCharacters>
			<Data>Oggetti</Data>
			<Position>
				<X>48</X>
				<Y>121</Y>
			</Position>
			<Adapter>none</Adapter>
			<Controlid>5019</Controlid>
		</LabelDef>
		<HorizontalResizeImageDef>
			<Position>
				<X>26</X>
				<Y>133</Y>
			</Position>
			<TemplateName>context_hr_image_divider</TemplateName>
			<Width>133</Width>
		</HorizontalResizeImageDef>
		<CheckBoxDef>
			<ControlId>1020</ControlId>
			<Position>
				<X>27</X>
				<Y>134</Y>
			</Position>
			<TemplateName>chat_config_checkbox</TemplateName>
		</CheckBoxDef>
		<LabelDef>
			<Color>
				<R>255</R>
				<G>255</G>
				<B>255</B>
				<A>255</A>
			</Color>
			<FontName>chat_small</FontName>
			<Width>121</Width>
			<Height>16</Height>
			<MaxCharacters>1024</MaxCharacters>
			<Data>Mercante</Data>
			<Position>
				<X>48</X>
				<Y>138</Y>
			</Position>
			<Adapter>none</Adapter>
			<Controlid>5020</Controlid>
		</LabelDef>
		<HorizontalResizeImageDef>
			<Position>
				<X>26</X>
				<Y>150</Y>
			</Position>
			<TemplateName>context_hr_image_divider</TemplateName>
			<Width>133</Width>
		</HorizontalResizeImageDef>
		<CheckBoxDef>
			<ControlId>1021</ControlId>
			<Position>
				<X>27</X>
				<Y>151</Y>
			</Position>
			<TemplateName>chat_config_checkbox</TemplateName>
		</CheckBoxDef>
		<LabelDef>
			<Color>
				<R>255</R>
				<G>255</G>
				<B>255</B>
				<A>255</A>
			</Color>
			<FontName>chat_small</FontName>
			<Width>121</Width>
			<Height>16</Height>
			<MaxCharacters>1024</MaxCharacters>
			<Data>Tua Morte</Data>
			<Position>
				<X>48</X>
				<Y>155</Y>
			</Position>
			<Adapter>none</Adapter>
			<Controlid>5021</Controlid>
		</LabelDef>
		<HorizontalResizeImageDef>
			<Position>
				<X>26</X>
				<Y>167</Y>
			</Position>
			<TemplateName>context_hr_image_divider</TemplateName>
			<Width>133</Width>
		</HorizontalResizeImageDef>
		<CheckBoxDef>
			<ControlId>1022</ControlId>
			<Position>
				<X>27</X>
				<Y>168</Y>
			</Position>
			<TemplateName>chat_config_checkbox</TemplateName>
		</CheckBoxDef>
		<LabelDef>
			<Color>
				<R>255</R>
				<G>255</G>
				<B>255</B>
				<A>255</A>
			</Color>
			<FontName>chat_small</FontName>
			<Width>121</Width>
			<Height>16</Height>
			<MaxCharacters>1024</MaxCharacters>
			<Data>Altre Morti</Data>
			<Position>
				<X>48</X>
				<Y>172</Y>
			</Position>
			<Adapter>none</Adapter>
			<Controlid>5022</Controlid>
		</LabelDef>
		<HorizontalResizeImageDef>
			<Position>
				<X>26</X>
				<Y>184</Y>
			</Position>
			<TemplateName>context_hr_image_divider</TemplateName>
			<Width>133</Width>
		</HorizontalResizeImageDef>
		<CheckBoxDef>
			<ControlId>1023</ControlId>
			<Position>
				<X>27</X>
				<Y>185</Y>
			</Position>
			<TemplateName>chat_config_checkbox</TemplateName>
		</CheckBoxDef>
		<LabelDef>
			<Color>
				<R>255</R>
				<G>255</G>
				<B>255</B>
				<A>255</A>
			</Color>
			<FontName>chat_small</FontName>
			<Width>121</Width>
			<Height>16</Height>
			<MaxCharacters>1024</MaxCharacters>
			<Data>Combattimenti</Data>
			<Position>
				<X>48</X>
				<Y>189</Y>
			</Position>
			<Adapter>none</Adapter>
			<Controlid>5023</Controlid>
		</LabelDef>
		<HorizontalResizeImageDef>
			<Position>
				<X>26</X>
				<Y>201</Y>
			</Position>
			<TemplateName>context_hr_image_divider</TemplateName>
			<Width>133</Width>
		</HorizontalResizeImageDef>
		<CheckBoxDef>
			<ControlId>1024</ControlId>
			<Position>
				<X>27</X>
				<Y>202</Y>
			</Position>
			<TemplateName>chat_config_checkbox</TemplateName>
		</CheckBoxDef>
		<LabelDef>
			<Color>
				<R>255</R>
				<G>255</G>
				<B>255</B>
				<A>255</A>
			</Color>
			<FontName>chat_small</FontName>
			<Width>121</Width>
			<Height>16</Height>
			<MaxCharacters>1024</MaxCharacters>
			<Data>Resist Cambiate</Data>
			<Position>
				<X>48</X>
				<Y>206</Y>
			</Position>
			<Adapter>none</Adapter>
			<Controlid>5024</Controlid>
		</LabelDef>
		<HorizontalResizeImageDef>
			<Position>
				<X>26</X>
				<Y>218</Y>
			</Position>
			<TemplateName>context_hr_image_divider</TemplateName>
			<Width>133</Width>
		</HorizontalResizeImageDef>
		<CheckBoxDef>
			<ControlId>1025</ControlId>
			<Position>
				<X>27</X>
				<Y>219</Y>
			</Position>
			<TemplateName>chat_config_checkbox</TemplateName>
		</CheckBoxDef>
		<LabelDef>
			<Color>
				<R>255</R>
				<G>255</G>
				<B>255</B>
				<A>255</A>
			</Color>
			<FontName>chat_small</FontName>
			<Width>121</Width>
			<Height>16</Height>
			<MaxCharacters>1024</MaxCharacters>
			<Data>Fine delle Magie</Data>
			<Position>
				<X>48</X>
				<Y>223</Y>
			</Position>
			<Adapter>none</Adapter>
			<Controlid>5025</Controlid>
		</LabelDef>
		<HorizontalResizeImageDef>
			<Position>
				<X>26</X>
				<Y>235</Y>
			</Position>
			<TemplateName>context_hr_image_divider</TemplateName>
			<Width>133</Width>
		</HorizontalResizeImageDef>
		<CheckBoxDef>
			<ControlId>1026</ControlId>
			<Position>
				<X>27</X>
				<Y>236</Y>
			</Position>
			<TemplateName>chat_config_checkbox</TemplateName>
		</CheckBoxDef>
		<LabelDef>
			<Color>
				<R>255</R>
				<G>255</G>
				<B>255</B>
				<A>255</A>
			</Color>
			<FontName>chat_small</FontName>
			<Width>121</Width>
			<Height>16</Height>
			<MaxCharacters>1024</MaxCharacters>
			<Data>Ricompense</Data>
			<Position>
				<X>48</X>
				<Y>240</Y>
			</Position>
			<Adapter>none</Adapter>
			<Controlid>5026</Controlid>
		</LabelDef>
		<HorizontalResizeImageDef>
			<Position>
				<X>26</X>
				<Y>252</Y>
			</Position>
			<TemplateName>context_hr_image_divider</TemplateName>
			<Width>133</Width>
		</HorizontalResizeImageDef>
		<CheckBoxDef>
			<ControlId>1027</ControlId>
			<Position>
				<X>27</X>
				<Y>253</Y>
			</Position>
			<TemplateName>chat_config_checkbox</TemplateName>
		</CheckBoxDef>
		<LabelDef>
			<Color>
				<R>255</R>
				<G>255</G>
				<B>255</B>
				<A>255</A>
			</Color>
			<FontName>chat_small</FontName>
			<Width>121</Width>
			<Height>16</Height>
			<MaxCharacters>1024</MaxCharacters>
			<Data>Magie Resistite</Data>
			<Position>
				<X>48</X>
				<Y>257</Y>
			</Position>
			<Adapter>none</Adapter>
			<Controlid>5027</Controlid>
		</LabelDef>
		<HorizontalResizeImageDef>
			<Position>
				<X>26</X>
				<Y>269</Y>
			</Position>
			<TemplateName>context_hr_image_divider</TemplateName>
			<Width>133</Width>
		</HorizontalResizeImageDef>
		<CheckBoxDef>
			<ControlId>1028</ControlId>
			<Position>
				<X>27</X>
				<Y>270</Y>
			</Position>
			<TemplateName>chat_config_checkbox</TemplateName>
		</CheckBoxDef>
		<LabelDef>
			<Color>
				<R>255</R>
				<G>255</G>
				<B>255</B>
				<A>255</A>
			</Color>
			<FontName>chat_small</FontName>
			<Width>121</Width>
			<Height>16</Height>
			<MaxCharacters>1024</MaxCharacters>
			<Data>Importante</Data>
			<Position>
				<X>48</X>
				<Y>274</Y>
			</Position>
			<Adapter>none</Adapter>
			<Controlid>5028</Controlid>
		</LabelDef>
		<HorizontalResizeImageDef>
			<Position>
				<X>26</X>
				<Y>286</Y>
			</Position>
			<TemplateName>context_hr_image_divider</TemplateName>
			<Width>133</Width>
		</HorizontalResizeImageDef>
		<CheckBoxDef>
			<ControlId>1029</ControlId>
			<Position>
				<X>27</X>
				<Y>287</Y>
			</Position>
			<TemplateName>chat_config_checkbox</TemplateName>
		</CheckBoxDef>
		<LabelDef>
			<Color>
				<R>255</R>
				<G>255</G>
				<B>255</B>
				<A>255</A>
			</Color>
			<FontName>chat_small</FontName>
			<Width>121</Width>
			<Height>16</Height>
			<MaxCharacters>1024</MaxCharacters>
			<Data>Danno</Data>
			<Position>
				<X>48</X>
				<Y>291</Y>
			</Position>
			<Adapter>none</Adapter>
			<Controlid>5029</Controlid>
		</LabelDef>
		<HorizontalResizeImageDef>
			<Position>
				<X>26</X>
				<Y>303</Y>
			</Position>
			<TemplateName>context_hr_image_divider</TemplateName>
			<Width>133</Width>
		</HorizontalResizeImageDef>
		<CheckBoxDef>
			<ControlId>1030</ControlId>
			<Position>
				<X>27</X>
				<Y>304</Y>
			</Position>
			<TemplateName>chat_config_checkbox</TemplateName>
		</CheckBoxDef>
		<LabelDef>
			<Color>
				<R>255</R>
				<G>255</G>
				<B>255</B>
				<A>255</A>
			</Color>
			<FontName>chat_small</FontName>
			<Width>121</Width>
			<Height>16</Height>
			<MaxCharacters>1024</MaxCharacters>
			<Data>Azione</Data>
			<Position>
				<X>48</X>
				<Y>308</Y>
			</Position>
			<Adapter>none</Adapter>
			<Controlid>5030</Controlid>
		</LabelDef>
		<HorizontalResizeImageDef>
			<Position>
				<X>26</X>
				<Y>320</Y>
			</Position>
			<TemplateName>context_hr_image_divider</TemplateName>
			<Width>133</Width>
		</HorizontalResizeImageDef>
		<CheckBoxDef>
			<ControlId>1031</ControlId>
			<Position>
				<X>27</X>
				<Y>321</Y>
			</Position>
			<TemplateName>chat_config_checkbox</TemplateName>
		</CheckBoxDef>
		<LabelDef>
			<Color>
				<R>255</R>
				<G>255</G>
				<B>255</B>
				<A>255</A>
			</Color>
			<FontName>chat_small</FontName>
			<Width>121</Width>
			<Height>16</Height>
			<MaxCharacters>1024</MaxCharacters>
			<Data>Magie Pulsanti</Data>
			<Position>
				<X>48</X>
				<Y>325</Y>
			</Position>
			<Adapter>none</Adapter>
			<Controlid>5031</Controlid>
		</LabelDef>
<!--Highlighting Buttons for Chat Channel Types (13)-->
<!-- MUST BE ABOVE THE CHAT CHANNELS TYPES CHECKBOXES! -->
		<HorizontalResizeButtonDef>
			<Templatename>context_hr_button</Templatename>
			<Position>
				<X>177</X>
				<Y>66</Y>
			</Position>
			<Width>133</Width>
			<ControlId>3001</ControlId>
		</HorizontalResizeButtonDef>
		<HorizontalResizeButtonDef>
			<Templatename>context_hr_button</Templatename>
			<Position>
				<X>177</X>
				<Y>83</Y>
			</Position>
			<Width>133</Width>
			<ControlId>3002</ControlId>
		</HorizontalResizeButtonDef>
		<HorizontalResizeButtonDef>
			<Templatename>context_hr_button</Templatename>
			<Position>
				<X>177</X>
				<Y>100</Y>
			</Position>
			<Width>133</Width>
			<ControlId>3003</ControlId>
		</HorizontalResizeButtonDef>
		<HorizontalResizeButtonDef>
			<Templatename>context_hr_button</Templatename>
			<Position>
				<X>177</X>
				<Y>117</Y>
			</Position>
			<Width>133</Width>
			<ControlId>3004</ControlId>
		</HorizontalResizeButtonDef>
		<HorizontalResizeButtonDef>
			<Templatename>context_hr_button</Templatename>
			<Position>
				<X>177</X>
				<Y>134</Y>
			</Position>
			<Width>133</Width>
			<ControlId>3005</ControlId>
		</HorizontalResizeButtonDef>
		<HorizontalResizeButtonDef>
			<Templatename>context_hr_button</Templatename>
			<Position>
				<X>177</X>
				<Y>151</Y>
			</Position>
			<Width>133</Width>
			<ControlId>3006</ControlId>
		</HorizontalResizeButtonDef>
		<HorizontalResizeButtonDef>
			<Templatename>context_hr_button</Templatename>
			<Position>
				<X>177</X>
				<Y>168</Y>
			</Position>
			<Width>133</Width>
			<ControlId>3007</ControlId>
		</HorizontalResizeButtonDef>
		<HorizontalResizeButtonDef>
			<Templatename>context_hr_button</Templatename>
			<Position>
				<X>177</X>
				<Y>185</Y>
			</Position>
			<Width>133</Width>
			<ControlId>3008</ControlId>
		</HorizontalResizeButtonDef>
		<HorizontalResizeButtonDef>
			<Templatename>context_hr_button</Templatename>
			<Position>
				<X>177</X>
				<Y>202</Y>
			</Position>
			<Width>133</Width>
			<ControlId>3009</ControlId>
		</HorizontalResizeButtonDef>
		<HorizontalResizeButtonDef>
			<Templatename>context_hr_button</Templatename>
			<Position>
				<X>177</X>
				<Y>219</Y>
			</Position>
			<Width>133</Width>
			<ControlId>3010</ControlId>
		</HorizontalResizeButtonDef>
		<HorizontalResizeButtonDef>
			<Templatename>context_hr_button</Templatename>
			<Position>
				<X>177</X>
				<Y>236</Y>
			</Position>
			<Width>133</Width>
			<ControlId>3011</ControlId>
		</HorizontalResizeButtonDef>
		<HorizontalResizeButtonDef>
			<Templatename>context_hr_button</Templatename>
			<Position>
				<X>177</X>
				<Y>253</Y>
			</Position>
			<Width>133</Width>
			<ControlId>3012</ControlId>
		</HorizontalResizeButtonDef>
		<HorizontalResizeButtonDef>
			<Templatename>context_hr_button</Templatename>
			<Position>
				<X>177</X>
				<Y>270</Y>
			</Position>
			<Width>133</Width>
			<ControlId>3013</ControlId>
		</HorizontalResizeButtonDef>
		<HorizontalResizeButtonDef>
			<Templatename>context_hr_button</Templatename>
			<Position>
				<X>177</X>
				<Y>287</Y>
			</Position>
			<Width>133</Width>
			<ControlId>3014</ControlId>
		</HorizontalResizeButtonDef>
		<HorizontalResizeButtonDef>
			<Templatename>context_hr_button</Templatename>
			<Position>
				<X>177</X>
				<Y>304</Y>
			</Position>
			<Width>133</Width>
			<ControlId>3015</ControlId>
		</HorizontalResizeButtonDef>
<!--Check boxes for chat channels (13)-->
		<CheckBoxDef>
			<ControlId>1001</ControlId>
			<Position>
				<X>177</X>
				<Y>66</Y>
			</Position>
			<TemplateName>chat_config_checkbox</TemplateName>
		</CheckBoxDef>
		<LabelDef>
			<Color>
				<R>255</R>
				<G>255</G>
				<B>255</B>
				<A>255</A>
			</Color>
			<FontName>chat_small</FontName>
			<Width>121</Width>
			<Height>16</Height>
			<MaxCharacters>1024</MaxCharacters>
			<Data>Locale (Say)</Data>
			<Position>
				<X>198</X>
				<Y>70</Y>
			</Position>
			<Adapter>none</Adapter>
			<Controlid>5001</Controlid>
		</LabelDef>
		<HorizontalResizeImageDef>
			<Position>
				<X>176</X>
				<Y>82</Y>
			</Position>
			<TemplateName>context_hr_image_divider</TemplateName>
			<Width>133</Width>
		</HorizontalResizeImageDef>
		<CheckBoxDef>
			<ControlId>1002</ControlId>
			<Position>
				<X>177</X>
				<Y>83</Y>
			</Position>
			<TemplateName>chat_config_checkbox</TemplateName>
		</CheckBoxDef>
		<LabelDef>
			<Color>
				<R>255</R>
				<G>255</G>
				<B>255</B>
				<A>255</A>
			</Color>
			<FontName>chat_small</FontName>
			<Width>121</Width>
			<Height>16</Height>
			<MaxCharacters>1024</MaxCharacters>
			<Data>Chiamate (Send)</Data>
			<Position>
				<X>198</X>
				<Y>87</Y>
			</Position>
			<Adapter>none</Adapter>
			<Controlid>5002</Controlid>
		</LabelDef>
		<HorizontalResizeImageDef>
			<Position>
				<X>176</X>
				<Y>99</Y>
			</Position>
			<TemplateName>context_hr_image_divider</TemplateName>
			<Width>133</Width>
		</HorizontalResizeImageDef>
		<CheckBoxDef>
			<ControlId>1003</ControlId>
			<Position>
				<X>177</X>
				<Y>100</Y>
			</Position>
			<TemplateName>chat_config_checkbox</TemplateName>
		</CheckBoxDef>
		<LabelDef>
			<Color>
				<R>255</R>
				<G>255</G>
				<B>255</B>
				<A>255</A>
			</Color>
			<FontName>chat_small</FontName>
			<Width>121</Width>
			<Height>16</Height>
			<MaxCharacters>1024</MaxCharacters>
			<Data>Gruppo (Group)</Data>
			<Position>
				<X>198</X>
				<Y>104</Y>
			</Position>
			<Adapter>none</Adapter>
			<Controlid>5003</Controlid>
		</LabelDef>
		<HorizontalResizeImageDef>
			<Position>
				<X>176</X>
				<Y>116</Y>
			</Position>
			<TemplateName>context_hr_image_divider</TemplateName>
			<Width>133</Width>
		</HorizontalResizeImageDef>
		<CheckBoxDef>
			<ControlId>1004</ControlId>
			<Position>
				<X>177</X>
				<Y>117</Y>
			</Position>
			<TemplateName>chat_config_checkbox</TemplateName>
		</CheckBoxDef>
		<LabelDef>
			<Color>
				<R>255</R>
				<G>255</G>
				<B>255</B>
				<A>255</A>
			</Color>
			<FontName>chat_small</FontName>
			<Width>121</Width>
			<Height>16</Height>
			<MaxCharacters>1024</MaxCharacters>
			<Data>Gilda (Guild)</Data>
			<Position>
				<X>198</X>
				<Y>121</Y>
			</Position>
			<Adapter>none</Adapter>
			<Controlid>5004</Controlid>
		</LabelDef>
		<HorizontalResizeImageDef>
			<Position>
				<X>176</X>
				<Y>133</Y>
			</Position>
			<TemplateName>context_hr_image_divider</TemplateName>
			<Width>133</Width>
		</HorizontalResizeImageDef>
		<CheckBoxDef>
			<ControlId>1005</ControlId>
			<Position>
				<X>177</X>
				<Y>134</Y>
			</Position>
			<TemplateName>chat_config_checkbox</TemplateName>
		</CheckBoxDef>
		<LabelDef>
			<Color>
				<R>255</R>
				<G>255</G>
				<B>255</B>
				<A>255</A>
			</Color>
			<FontName>chat_small</FontName>
			<Width>121</Width>
			<Height>16</Height>
			<MaxCharacters>1024</MaxCharacters>
			<Data>Regione (Broadcast)</Data>
			<Position>
				<X>198</X>
				<Y>138</Y>
			</Position>
			<Adapter>none</Adapter>
			<Controlid>5005</Controlid>
		</LabelDef>
		<HorizontalResizeImageDef>
			<Position>
				<X>176</X>
				<Y>150</Y>
			</Position>
			<TemplateName>context_hr_image_divider</TemplateName>
			<Width>133</Width>
		</HorizontalResizeImageDef>
		<CheckBoxDef>
			<ControlId>1006</ControlId>
			<Position>
				<X>177</X>
				<Y>151</Y>
			</Position>
			<TemplateName>chat_config_checkbox</TemplateName>
		</CheckBoxDef>
		<LabelDef>
			<Color>
				<R>255</R>
				<G>255</G>
				<B>255</B>
				<A>255</A>
			</Color>
			<FontName>chat_small</FontName>
			<Width>121</Width>
			<Height>16</Height>
			<MaxCharacters>1024</MaxCharacters>
			<Data>Gesti (Emote)</Data>
			<Position>
				<X>198</X>
				<Y>155</Y>
			</Position>
			<Adapter>none</Adapter>
			<Controlid>5006</Controlid>
		</LabelDef>
		<HorizontalResizeImageDef>
			<Position>
				<X>176</X>
				<Y>167</Y>
			</Position>
			<TemplateName>context_hr_image_divider</TemplateName>
			<Width>133</Width>
		</HorizontalResizeImageDef>
		<CheckBoxDef>
			<ControlId>1007</ControlId>
			<Position>
				<X>177</X>
				<Y>168</Y>
			</Position>
			<TemplateName>chat_config_checkbox</TemplateName>
		</CheckBoxDef>
		<LabelDef>
			<Color>
				<R>255</R>
				<G>255</G>
				<B>255</B>
				<A>255</A>
			</Color>
			<FontName>chat_small</FontName>
			<Width>121</Width>
			<Height>16</Height>
			<MaxCharacters>1024</MaxCharacters>
			<Data>Aiuto (Help)</Data>
			<Position>
				<X>198</X>
				<Y>172</Y>
			</Position>
			<Adapter>none</Adapter>
			<Controlid>5007</Controlid>
		</LabelDef>
		<HorizontalResizeImageDef>
			<Position>
				<X>176</X>
				<Y>184</Y>
			</Position>
			<TemplateName>context_hr_image_divider</TemplateName>
			<Width>133</Width>
		</HorizontalResizeImageDef>
		<CheckBoxDef>
			<ControlId>1008</ControlId>
			<Position>
				<X>177</X>
				<Y>185</Y>
			</Position>
			<TemplateName>chat_config_checkbox</TemplateName>
		</CheckBoxDef>
		<LabelDef>
			<Color>
				<R>255</R>
				<G>255</G>
				<B>255</B>
				<A>255</A>
			</Color>
			<FontName>chat_small</FontName>
			<Width>121</Width>
			<Height>16</Height>
			<MaxCharacters>1024</MaxCharacters>
			<Data>Chat</Data>
			<Position>
				<X>198</X>
				<Y>189</Y>
			</Position>
			<Adapter>none</Adapter>
			<Controlid>5008</Controlid>
		</LabelDef>
		<HorizontalResizeImageDef>
			<Position>
				<X>176</X>
				<Y>201</Y>
			</Position>
			<TemplateName>context_hr_image_divider</TemplateName>
			<Width>133</Width>
		</HorizontalResizeImageDef>
		<CheckBoxDef>
			<ControlId>1009</ControlId>
			<Position>
				<X>177</X>
				<Y>202</Y>
			</Position>
			<TemplateName>chat_config_checkbox</TemplateName>
		</CheckBoxDef>
		<LabelDef>
			<Color>
				<R>255</R>
				<G>255</G>
				<B>255</B>
				<A>255</A>
			</Color>
			<FontName>chat_small</FontName>
			<Width>121</Width>
			<Height>16</Height>
			<MaxCharacters>1024</MaxCharacters>
			<Data>Generale (Advice)</Data>
			<Position>
				<X>198</X>
				<Y>206</Y>
			</Position>
			<Adapter>none</Adapter>
			<Controlid>5009</Controlid>
		</LabelDef>
		<HorizontalResizeImageDef>
			<Position>
				<X>176</X>
				<Y>218</Y>
			</Position>
			<TemplateName>context_hr_image_divider</TemplateName>
			<Width>133</Width>
		</HorizontalResizeImageDef>
		<CheckBoxDef>
			<ControlId>1010</ControlId>
			<Position>
				<X>177</X>
				<Y>219</Y>
			</Position>
			<TemplateName>chat_config_checkbox</TemplateName>
		</CheckBoxDef>
		<LabelDef>
			<Color>
				<R>255</R>
				<G>255</G>
				<B>255</B>
				<A>255</A>
			</Color>
			<FontName>chat_small</FontName>
			<Width>121</Width>
			<Height>16</Height>
			<MaxCharacters>1024</MaxCharacters>
			<Data>Ufficiale (Officer)</Data>
			<Position>
				<X>198</X>
				<Y>223</Y>
			</Position>
			<Adapter>none</Adapter>
			<Controlid>5010</Controlid>
		</LabelDef>
		<HorizontalResizeImageDef>
			<Position>
				<X>176</X>
				<Y>235</Y>
			</Position>
			<TemplateName>context_hr_image_divider</TemplateName>
			<Width>133</Width>
		</HorizontalResizeImageDef>
		<CheckBoxDef>
			<ControlId>1011</ControlId>
			<Position>
				<X>177</X>
				<Y>236</Y>
			</Position>
			<TemplateName>chat_config_checkbox</TemplateName>
		</CheckBoxDef>
		<LabelDef>
			<Color>
				<R>255</R>
				<G>255</G>
				<B>255</B>
				<A>255</A>
			</Color>
			<FontName>chat_small</FontName>
			<Width>121</Width>
			<Height>16</Height>
			<MaxCharacters>1024</MaxCharacters>
			<Data>Alleanza (Alliance)</Data>
			<Position>
				<X>198</X>
				<Y>240</Y>
			</Position>
			<Adapter>none</Adapter>
			<Controlid>5011</Controlid>
		</LabelDef>
		<HorizontalResizeImageDef>
			<Position>
				<X>176</X>
				<Y>252</Y>
			</Position>
			<TemplateName>context_hr_image_divider</TemplateName>
			<Width>133</Width>
		</HorizontalResizeImageDef>
		<CheckBoxDef>
			<ControlId>1012</ControlId>
			<Position>
				<X>177</X>
				<Y>253</Y>
			</Position>
			<TemplateName>chat_config_checkbox</TemplateName>
		</CheckBoxDef>
		<LabelDef>
			<Color>
				<R>255</R>
				<G>255</G>
				<B>255</B>
				<A>255</A>
			</Color>
			<FontName>chat_small</FontName>
			<Width>121</Width>
			<Height>16</Height>
			<MaxCharacters>1024</MaxCharacters>
			<Data>BG (Battle Group)</Data>
			<Position>
				<X>198</X>
				<Y>257</Y>
			</Position>
			<Adapter>none</Adapter>
			<Controlid>5012</Controlid>
		</LabelDef>
		<HorizontalResizeImageDef>
			<Position>
				<X>176</X>
				<Y>269</Y>
			</Position>
			<TemplateName>context_hr_image_divider</TemplateName>
			<Width>133</Width>
		</HorizontalResizeImageDef>
		<CheckBoxDef>
			<ControlId>1013</ControlId>
			<Position>
				<X>177</X>
				<Y>270</Y>
			</Position>
			<TemplateName>chat_config_checkbox</TemplateName>
		</CheckBoxDef>
		<LabelDef>
			<Color>
				<R>255</R>
				<G>255</G>
				<B>255</B>
				<A>255</A>
			</Color>
			<FontName>chat_small</FontName>
			<Width>121</Width>
			<Height>16</Height>
			<MaxCharacters>1024</MaxCharacters>
			<Data>Capo BG (BG Leader)</Data>
			<Position>
				<X>198</X>
				<Y>274</Y>
			</Position>
			<Adapter>none</Adapter>
			<Controlid>5013</Controlid>
		</LabelDef>
<!-- New Channels (LFG and Trade) -->
		<HorizontalResizeImageDef>
			<Position>
				<X>176</X>
				<Y>286</Y>
			</Position>
			<TemplateName>context_hr_image_divider</TemplateName>
			<Width>133</Width>
		</HorizontalResizeImageDef>
		<CheckBoxDef>
			<ControlId>1014</ControlId>
			<Position>
				<X>177</X>
				<Y>287</Y>
			</Position>
			<TemplateName>chat_config_checkbox</TemplateName>
		</CheckBoxDef>
		<LabelDef>
			<Color>
				<R>255</R>
				<G>255</G>
				<B>255</B>
				<A>255</A>
			</Color>
			<FontName>chat_small</FontName>
			<Width>121</Width>
			<Height>16</Height>
			<MaxCharacters>1024</MaxCharacters>
			<Data>Ricerca Gruppo (LFG)</Data>
			<Position>
				<X>198</X>
				<Y>291</Y>
			</Position>
			<Adapter>none</Adapter>
			<Controlid>5014</Controlid>
		</LabelDef>
		<HorizontalResizeImageDef>
			<Position>
				<X>176</X>
				<Y>303</Y>
			</Position>
			<TemplateName>context_hr_image_divider</TemplateName>
			<Width>133</Width>
		</HorizontalResizeImageDef>
		<CheckBoxDef>
			<ControlId>1015</ControlId>
			<Position>
				<X>177</X>
				<Y>304</Y>
			</Position>
			<TemplateName>chat_config_checkbox</TemplateName>
		</CheckBoxDef>
		<LabelDef>
			<Color>
				<R>255</R>
				<G>255</G>
				<B>255</B>
				<A>255</A>
			</Color>
			<FontName>chat_small</FontName>
			<Width>121</Width>
			<Height>16</Height>
			<MaxCharacters>1024</MaxCharacters>
			<Data>Commercio</Data>
			<Position>
				<X>198</X>
				<Y>308</Y>
			</Position>
			<Adapter>none</Adapter>
			<Controlid>5015</Controlid>
		</LabelDef>
	</WindowTemplate>
</Root_Element>
