<?xml version="1.0" encoding="ISO-8859-1"?>
<Root_Element ID="DAOCUi">
	<EditBoxTemplate>
		<Name>generic_editbox</Name>
		<Parent>none</Parent>
		<LinePadding>0</LinePadding>
		<BackgroundTemplate>none</BackgroundTemplate>
		<TextOffset>
			<X>10</X>
			<Y>5</Y>
		</TextOffset>
		<Font>
			<Name>button_large</Name>
			<ColorNormal>
				<R>192</R>
				<G>192</G>
				<B>192</B>
				<A>255</A>
			</ColorNormal>
			<ColorActive>
				<R>255</R>
				<G>255</G>
				<B>255</B>
				<A>255</A>
			</ColorActive>
		</Font>
		<ScrollbarOffset>
			<X>3</X>
			<Y>2</Y>
		</ScrollbarOffset>
		<ScrollbarSizeOffset>
			<X>0</X>
			<Y>-4</Y>
		</ScrollbarSizeOffset>
	</EditBoxTemplate>
	<WindowTemplate>
		<Name>ChatRename</Name>
		<CloseButton>false</CloseButton>
		<MoveButton>false</MoveButton>
		<Height>80</Height>
		<Width>300</Width>
		<ResizeableWidth>0</ResizeableWidth>
		<ResizeableHeight>0</ResizeableHeight>
		<ResizeableTwoWayWidth>0</ResizeableTwoWayWidth>
		<ResizeableTwoWayHeight>0</ResizeableTwoWayHeight>
		<WindowId>chatRenameWindow</WindowId>
		<MinWidth>5</MinWidth>
		<MinHeight>5</MinHeight>
		<FullResizeImageDef>
			<ControlId>Background</ControlId>
			<Height>80</Height>
			<Width>300</Width>
			<Position>
				<X>0</X>
				<Y>0</Y>
			</Position>
			<TemplateName>valmer_menu_box</TemplateName>
			<Alignment>
				<GrowWidth>true</GrowWidth>
				<GrowHeight>true</GrowHeight>
			</Alignment>
		</FullResizeImageDef>
		<EditBoxDef>
			<TemplateName>generic_editbox</TemplateName>
			<ControlId>1004</ControlId>
			<Position>
				<X>25</X>
				<Y>20</Y>
			</Position>
			<Width>200</Width>
			<Height>24</Height>
			<Alignment>
				<CenterHorizontally>true</CenterHorizontally>
				<GrowWidth>true</GrowWidth>
				<GrowHeight>true</GrowHeight>
			</Alignment>			
			<MaxCharacters>32</MaxCharacters>
			<AdapterName>RenameChatText</AdapterName>
		</EditBoxDef>
		<ButtonDef>
			<TemplateName>button_large_new</TemplateName>
			<OnClickEvent>ChatRenameOK</OnClickEvent>
			<Label>Nome</Label>
			<Position>
				<X>75</X>
				<Y>20</Y>
			</Position>
			<Alignment>
				<OffsetBottom>true</OffsetBottom>
			</Alignment>
		</ButtonDef>
		<ButtonDef>
			<TemplateName>button_large_new</TemplateName>
			<OnClickEvent>ChatRenameCancel</OnClickEvent>
			<Label>Chiudi</Label>
			<Position>
				<X>75</X>
				<Y>20</Y>
			</Position>
			<Alignment>
				<OffsetRight>true</OffsetRight>
				<OffsetBottom>true</OffsetBottom>
			</Alignment>
		</ButtonDef>
	</WindowTemplate>
</Root_Element>
