<?xml version="1.0"?>
<XML ID="DAOCUi">
	<!--small icons-->
	<Canvas>
		<Name>combat1_s</Name>
		<File>icons/combat1_s.bmp</File>
	</Canvas>
	<Canvas>
		<Name>combat2_s</Name>
		<File>icons/combat2_s.bmp</File>
	</Canvas>
	<Canvas>
		<Name>combat3_s</Name>
		<File>icons/combat3_s.bmp</File>
	</Canvas>
	<Canvas>
		<Name>combat4_s</Name>
		<File>icons/combat4_s.bmp</File>
	</Canvas>
	<Canvas>
		<Name>combat5_s</Name>
		<File>icons/combat5_s.bmp</File>
	</Canvas>
	<!--large icons-->
	<Canvas>
		<Name>combat1_b</Name>
		<File>icons/combat1_b.bmp</File>
	</Canvas>
	<Canvas>
		<Name>combat2_b</Name>
		<File>icons/combat2_b.bmp</File>
	</Canvas>
	<Canvas>
		<Name>combat3_b</Name>
		<File>icons/combat3_b.bmp</File>
	</Canvas>
	<Canvas>
		<Name>combat4_b</Name>
		<File>icons/combat4_b.bmp</File>
	</Canvas>
	<Canvas>
		<Name>combat5_b</Name>
		<File>icons/combat5_b.bmp</File>
	</Canvas>
</XML>
