<?xml version="1.0" encoding="ISO-8859-1"?>
<Root_Element ID="DAOCUi">
	<ButtonTemplate>
		<Name>button_money</Name>
		<Parent>none</Parent>
		<Size>
			<X>100</X>
			<Y>18</Y>
		</Size>
		<Font>
			<Name>arial9</Name>
			<ColorNormal>
				<R>255</R>
				<G>192</G>
				<B>0</B>
				<A>255</A>
			</ColorNormal>
			<ColorPressed>
				<R>255</R>
				<G>192</G>
				<B>0</B>
				<A>255</A>
			</ColorPressed>
			<ColorHighlit>
				<R>255</R>
				<G>255</G>
				<B>255</B>
				<A>255</A>
			</ColorHighlit>
			<ColorDisabled>
				<R>128</R>
				<G>128</G>
				<B>128</B>
				<A>255</A>
			</ColorDisabled>
		</Font>
		<Texture>
			<TextureName>none</TextureName>
			<Normal>
				<X>0</X>
				<Y>0</Y>
			</Normal>
			<Pressed>
				<X>0</X>
				<Y>0</Y>
			</Pressed>
			<NormalHighlit>
				<X>0</X>
				<Y>0</Y>
			</NormalHighlit>
			<PressedHighlit>
				<X>0</X>
				<Y>0</Y>
			</PressedHighlit>
			<Disabled>
				<X>0</X>
				<Y>0</Y>
			</Disabled>
		</Texture>
	</ButtonTemplate>
	<FullResizeImageTemplate>
		<Name>listbox_header_background</Name>
		<Parent>none</Parent>
		<TopHeight>10</TopHeight>
		<MiddleHeight>40</MiddleHeight>
		<BottomHeight>10</BottomHeight>
		<LeftWidth>10</LeftWidth>
		<MiddleWidth>40</MiddleWidth>
		<RightWidth>10</RightWidth>
		<Texture>
			<TextureName>page1</TextureName>
			<TopLeft>
				<X>0</X>
				<Y>41</Y>
			</TopLeft>
			<TopMiddle>
				<X>41</X>
				<Y>41</Y>
			</TopMiddle>
			<TopRight>
				<X>112</X>
				<Y>41</Y>
			</TopRight>
			<MiddleLeft>
				<X>0</X>
				<Y>82</Y>
			</MiddleLeft>
			<MiddleMiddle>
				<X>41</X>
				<Y>82</Y>
			</MiddleMiddle>
			<MiddleRight>
				<X>112</X>
				<Y>82</Y>
			</MiddleRight>
			<BottomLeft>
				<X>0</X>
				<Y>153</Y>
			</BottomLeft>
			<BottomMiddle>
				<X>41</X>
				<Y>153</Y>
			</BottomMiddle>
			<BottomRight>
				<X>112</X>
				<Y>153</Y>
			</BottomRight>
		</Texture>
	</FullResizeImageTemplate>
	<HorizontalResizeImageTemplate>
		<Name>listbox_selected_bg</Name>
		<Parent>none</Parent>
		<Height>16</Height>
		<LeftWidth>0</LeftWidth>
		<RepeatWidth>20</RepeatWidth>
		<RightWidth>0</RightWidth>
		<Texture>
			<TextureName>page1</TextureName>
			<Left>
				<X>0</X>
				<Y>0</Y>
			</Left>
			<Repeat>
				<X>165</X>
				<Y>82</Y>
			</Repeat>
			<Right>
				<X>0</X>
				<Y>0</Y>
			</Right>
		</Texture>
	</HorizontalResizeImageTemplate>
	<HorizontalResizeImageTemplate>
		<Name>listbox_row_bg</Name>
		<Parent>none</Parent>
		<Height>16</Height>
		<LeftWidth>0</LeftWidth>
		<RepeatWidth>15</RepeatWidth>
		<RightWidth>0</RightWidth>
		<Texture>
			<TextureName>page1</TextureName>
			<Left>
				<X>0</X>
				<Y>0</Y>
			</Left>
			<Repeat>
				<X>149</X>
				<Y>42</Y>
			</Repeat>
			<Right>
				<X>0</X>
				<Y>0</Y>
			</Right>
		</Texture>
	</HorizontalResizeImageTemplate>
	<ListBoxHeaderTemplate>
		<Name>listboxheader_name</Name>
		<Parent>none</Parent>
		<Texture>
			<Name>page4</Name>
			<Size>
				<X>16</X>
				<Y>24</Y>
			</Size>
			<Normal>
				<X>100</X>
				<Y>0</Y>
			</Normal>
			<Pressed>
				<X>100</X>
				<Y>24</Y>
			</Pressed>
			<Highlit>
				<X>100</X>
				<Y>48</Y>
			</Highlit>
		</Texture>
		<TextFont>
			<Name>arial9</Name>
			<ColorNormal>
				<R>192</R>
				<G>192</G>
				<B>192</B>
				<A>255</A>
			</ColorNormal>
			<ColorPressed>
				<R>255</R>
				<G>192</G>
				<B>0</B>
				<A>255</A>
			</ColorPressed>
			<ColorHighlit>
				<R>225</R>
				<G>225</G>
				<B>225</B>
				<A>255</A>
			</ColorHighlit>
			<ColorGreyed>
				<R>127</R>
				<G>127</G>
				<B>127</B>
				<A>255</A>
			</ColorGreyed>
		</TextFont>
	</ListBoxHeaderTemplate>
	<ListBoxHeaderTemplate>
		<Name>listboxheader_level</Name>
		<Parent>none</Parent>
		<Texture>
			<Name>page4</Name>
			<Size>
				<X>24</X>
				<Y>24</Y>
			</Size>
			<Normal>
				<X>120</X>
				<Y>0</Y>
			</Normal>
			<Pressed>
				<X>120</X>
				<Y>24</Y>
			</Pressed>
			<Highlit>
				<X>120</X>
				<Y>48</Y>
			</Highlit>
		</Texture>
		<TextFont>
			<Name>arial9</Name>
			<ColorNormal>
				<R>192</R>
				<G>192</G>
				<B>192</B>
				<A>255</A>
			</ColorNormal>
			<ColorPressed>
				<R>255</R>
				<G>192</G>
				<B>0</B>
				<A>255</A>
			</ColorPressed>
			<ColorHighlit>
				<R>225</R>
				<G>225</G>
				<B>225</B>
				<A>255</A>
			</ColorHighlit>
			<ColorGreyed>
				<R>127</R>
				<G>127</G>
				<B>127</B>
				<A>255</A>
			</ColorGreyed>
		</TextFont>
	</ListBoxHeaderTemplate>
	<ListBoxHeaderTemplate>
		<Name>listboxheader_rank</Name>
		<Parent>none</Parent>
		<Texture>
			<Name>page4</Name>
			<Size>
				<X>24</X>
				<Y>24</Y>
			</Size>
			<Normal>
				<X>72</X>
				<Y>0</Y>
			</Normal>
			<Pressed>
				<X>72</X>
				<Y>24</Y>
			</Pressed>
			<Highlit>
				<X>72</X>
				<Y>48</Y>
			</Highlit>
		</Texture>
		<TextFont>
			<Name>arial9</Name>
			<ColorNormal>
				<R>192</R>
				<G>192</G>
				<B>192</B>
				<A>255</A>
			</ColorNormal>
			<ColorPressed>
				<R>255</R>
				<G>192</G>
				<B>0</B>
				<A>255</A>
			</ColorPressed>
			<ColorHighlit>
				<R>225</R>
				<G>225</G>
				<B>225</B>
				<A>255</A>
			</ColorHighlit>
			<ColorGreyed>
				<R>127</R>
				<G>127</G>
				<B>127</B>
				<A>255</A>
			</ColorGreyed>
		</TextFont>
	</ListBoxHeaderTemplate>
	<ListBoxHeaderTemplate>
		<Name>listboxheader_class</Name>
		<Parent>none</Parent>
		<Texture>
			<Name>page4</Name>
			<Size>
				<X>24</X>
				<Y>24</Y>
			</Size>
			<Normal>
				<X>48</X>
				<Y>0</Y>
			</Normal>
			<Pressed>
				<X>48</X>
				<Y>24</Y>
			</Pressed>
			<Highlit>
				<X>48</X>
				<Y>48</Y>
			</Highlit>
		</Texture>
		<TextFont>
			<Name>arial9</Name>
			<ColorNormal>
				<R>192</R>
				<G>192</G>
				<B>192</B>
				<A>255</A>
			</ColorNormal>
			<ColorPressed>
				<R>255</R>
				<G>192</G>
				<B>0</B>
				<A>255</A>
			</ColorPressed>
			<ColorHighlit>
				<R>225</R>
				<G>225</G>
				<B>225</B>
				<A>255</A>
			</ColorHighlit>
			<ColorGreyed>
				<R>127</R>
				<G>127</G>
				<B>127</B>
				<A>255</A>
			</ColorGreyed>
		</TextFont>
	</ListBoxHeaderTemplate>
	<ListBoxHeaderTemplate>
		<Name>listboxheader_group</Name>
		<Parent>none</Parent>
		<Texture>
			<Name>page4</Name>
			<Size>
				<X>24</X>
				<Y>24</Y>
			</Size>
			<Normal>
				<X>144</X>
				<Y>0</Y>
			</Normal>
			<Pressed>
				<X>144</X>
				<Y>24</Y>
			</Pressed>
			<Highlit>
				<X>144</X>
				<Y>48</Y>
			</Highlit>
		</Texture>
		<TextFont>
			<Name>arial9</Name>
			<ColorNormal>
				<R>192</R>
				<G>192</G>
				<B>192</B>
				<A>255</A>
			</ColorNormal>
			<ColorPressed>
				<R>255</R>
				<G>192</G>
				<B>0</B>
				<A>255</A>
			</ColorPressed>
			<ColorHighlit>
				<R>225</R>
				<G>225</G>
				<B>225</B>
				<A>255</A>
			</ColorHighlit>
			<ColorGreyed>
				<R>127</R>
				<G>127</G>
				<B>127</B>
				<A>255</A>
			</ColorGreyed>
		</TextFont>
	</ListBoxHeaderTemplate>
	<ListBoxHeaderTemplate>
		<Name>listboxheader_zone</Name>
		<Parent>none</Parent>
		<Texture>
			<Name>page4</Name>
			<Size>
				<X>20</X>
				<Y>24</Y>
			</Size>
			<Normal>
				<X>25</X>
				<Y>0</Y>
			</Normal>
			<Pressed>
				<X>25</X>
				<Y>24</Y>
			</Pressed>
			<Highlit>
				<X>25</X>
				<Y>48</Y>
			</Highlit>
		</Texture>
		<TextFont>
			<Name>arial9</Name>
			<ColorNormal>
				<R>192</R>
				<G>192</G>
				<B>192</B>
				<A>255</A>
			</ColorNormal>
			<ColorPressed>
				<R>255</R>
				<G>192</G>
				<B>0</B>
				<A>255</A>
			</ColorPressed>
			<ColorHighlit>
				<R>225</R>
				<G>225</G>
				<B>225</B>
				<A>255</A>
			</ColorHighlit>
			<ColorGreyed>
				<R>127</R>
				<G>127</G>
				<B>127</B>
				<A>255</A>
			</ColorGreyed>
		</TextFont>
	</ListBoxHeaderTemplate>
	<ListBoxHeaderTemplate>
		<Name>listboxheader_banner</Name>
		<Parent>none</Parent>
		<Texture>
			<Name>page4</Name>
			<Size>
				<X>18</X>
				<Y>24</Y>
			</Size>
			<Normal>
				<X>2</X>
				<Y>0</Y>
			</Normal>
			<Pressed>
				<X>2</X>
				<Y>24</Y>
			</Pressed>
			<Highlit>
				<X>2</X>
				<Y>48</Y>
			</Highlit>
		</Texture>
		<TextFont>
			<Name>arial9</Name>
			<ColorNormal>
				<R>192</R>
				<G>192</G>
				<B>192</B>
				<A>255</A>
			</ColorNormal>
			<ColorPressed>
				<R>255</R>
				<G>192</G>
				<B>0</B>
				<A>255</A>
			</ColorPressed>
			<ColorHighlit>
				<R>225</R>
				<G>225</G>
				<B>225</B>
				<A>255</A>
			</ColorHighlit>
			<ColorGreyed>
				<R>127</R>
				<G>127</G>
				<B>127</B>
				<A>255</A>
			</ColorGreyed>
		</TextFont>
	</ListBoxHeaderTemplate>
	<ListBoxHeaderTemplate>
		<Name>listboxheader_note</Name>
		<Parent>none</Parent>
		<Texture>
			<Name>page4</Name>
			<Size>
				<X>20</X>
				<Y>24</Y>
			</Size>
			<Normal>
				<X>169</X>
				<Y>0</Y>
			</Normal>
			<Pressed>
				<X>169</X>
				<Y>24</Y>
			</Pressed>
			<Highlit>
				<X>169</X>
				<Y>48</Y>
			</Highlit>
		</Texture>
		<TextFont>
			<Name>arial9</Name>
			<ColorNormal>
				<R>192</R>
				<G>192</G>
				<B>192</B>
				<A>255</A>
			</ColorNormal>
			<ColorPressed>
				<R>255</R>
				<G>192</G>
				<B>0</B>
				<A>255</A>
			</ColorPressed>
			<ColorHighlit>
				<R>225</R>
				<G>225</G>
				<B>225</B>
				<A>255</A>
			</ColorHighlit>
			<ColorGreyed>
				<R>127</R>
				<G>127</G>
				<B>127</B>
				<A>255</A>
			</ColorGreyed>
		</TextFont>
	</ListBoxHeaderTemplate>
	<ListBoxTemplate>
		<Name>listbox_guild</Name>
		<Parent>none</Parent>
		<LinePadding>4</LinePadding>
		<CellPadding>5</CellPadding>
		<LabelLength>128</LabelLength>
		<ScrollbarTemplate>generic_vscroll</ScrollbarTemplate>
		<DrawScroll>true</DrawScroll>
		<ScrollbarTopOffset>2</ScrollbarTopOffset>
		<ScrollbarBottomOffset>2</ScrollbarBottomOffset>
		<ScrollbarRightOffset>-3</ScrollbarRightOffset>
		<Sorting>false</Sorting>
		<BackgroundTemplate>dlg_interior_large</BackgroundTemplate>
		<IconTemplate>plain_icon_small</IconTemplate>
		<HeaderHorizResizeTemplate>listbox_hrbutton</HeaderHorizResizeTemplate>
		<HeaderLeftOffset>3</HeaderLeftOffset>
		<HeaderRightOffset>3</HeaderRightOffset>
		<HeaderTopOffset>2</HeaderTopOffset>
		<HeaderHeight>39</HeaderHeight>
		<HeaderBackgroundTemplate>listbox_header_background</HeaderBackgroundTemplate>
		<HeaderControl>
			<Column>1</Column>
			<TemplateName>listboxheader_name</TemplateName>
		</HeaderControl>
		<HeaderControl>
			<Column>2</Column>
			<TemplateName>listboxheader_level</TemplateName>
		</HeaderControl>
		<HeaderControl>
			<Column>3</Column>
			<TemplateName>listboxheader_rank</TemplateName>
		</HeaderControl>
		<HeaderControl>
			<Column>4</Column>
			<TemplateName>listboxheader_class</TemplateName>
		</HeaderControl>
		<HeaderControl>
			<Column>5</Column>
			<TemplateName>listboxheader_group</TemplateName>
		</HeaderControl>
		<HeaderControl>
			<Column>6</Column>
			<TemplateName>listboxheader_zone</TemplateName>
		</HeaderControl>
		<HeaderControl>
			<Column>7</Column>
			<TemplateName>listboxheader_note</TemplateName>
		</HeaderControl>
		<AlternateRowName>listbox_row_bg</AlternateRowName>
		<DisplayAlternateRow>true</DisplayAlternateRow>
		<AlternateRowOffset>-2</AlternateRowOffset>
		<SelectedRowName>listbox_selected_bg</SelectedRowName>
		<SelectedRowOffset>-2</SelectedRowOffset>
		<TextFont>
			<Name>arial9</Name>
			<ColorNormal>
				<R>192</R>
				<G>192</G>
				<B>192</B>
				<A>255</A>
			</ColorNormal>
			<ColorHighlit>
				<R>255</R>
				<G>192</G>
				<B>0</B>
				<A>255</A>
			</ColorHighlit>
			<ColorGreyed>
				<R>127</R>
				<G>127</G>
				<B>127</B>
				<A>255</A>
			</ColorGreyed>
		</TextFont>
		<IconSize>
			<X>16</X>
			<Y>16</Y>
		</IconSize>
	</ListBoxTemplate>
	<ListBoxTemplate>
		<Name>listbox_alliance</Name>
		<Parent>none</Parent>
		<LinePadding>4</LinePadding>
		<CellPadding>5</CellPadding>
		<LabelLength>128</LabelLength>
		<ScrollbarTemplate>generic_vscroll</ScrollbarTemplate>
		<DrawScroll>true</DrawScroll>
		<ScrollbarTopOffset>2</ScrollbarTopOffset>
		<ScrollbarBottomOffset>2</ScrollbarBottomOffset>
		<ScrollbarRightOffset>-3</ScrollbarRightOffset>
		<Sorting>false</Sorting>
		<BackgroundTemplate>dlg_interior_large</BackgroundTemplate>
		<IconTemplate>plain_icon_small</IconTemplate>
		<HeaderHorizResizeTemplate>listbox_hrbutton</HeaderHorizResizeTemplate>
		<HeaderLeftOffset>3</HeaderLeftOffset>
		<HeaderRightOffset>3</HeaderRightOffset>
		<HeaderTopOffset>2</HeaderTopOffset>
		<HeaderHeight>39</HeaderHeight>
		<HeaderBackgroundTemplate>listbox_header_background</HeaderBackgroundTemplate>
		<HeaderControl>
			<Column>1</Column>
			<TemplateName>listboxheader_name</TemplateName>
		</HeaderControl>
		<HeaderControl>
			<Column>2</Column>
			<TemplateName>listboxheader_level</TemplateName>
		</HeaderControl>
		<HeaderControl>
			<Column>3</Column>
			<TemplateName>listboxheader_class</TemplateName>
		</HeaderControl>
		<HeaderControl>
			<Column>4</Column>
			<TemplateName>listboxheader_group</TemplateName>
		</HeaderControl>
		<HeaderControl>
			<Column>5</Column>
			<TemplateName>listboxheader_zone</TemplateName>
		</HeaderControl>
		<HeaderControl>
			<Column>6</Column>
			<TemplateName>listboxheader_banner</TemplateName>
		</HeaderControl>
		<AlternateRowName>listbox_row_bg</AlternateRowName>
		<DisplayAlternateRow>true</DisplayAlternateRow>
		<AlternateRowOffset>-2</AlternateRowOffset>
		<SelectedRowName>listbox_selected_bg</SelectedRowName>
		<SelectedRowOffset>-2</SelectedRowOffset>
		<TextFont>
			<Name>arial9</Name>
			<ColorNormal>
				<R>192</R>
				<G>192</G>
				<B>192</B>
				<A>255</A>
			</ColorNormal>
			<ColorHighlit>
				<R>255</R>
				<G>192</G>
				<B>0</B>
				<A>255</A>
			</ColorHighlit>
			<ColorGreyed>
				<R>127</R>
				<G>127</G>
				<B>127</B>
				<A>255</A>
			</ColorGreyed>
		</TextFont>
		<IconSize>
			<X>16</X>
			<Y>16</Y>
		</IconSize>
	</ListBoxTemplate>
	<ListBoxTemplate>
		<Name>listbox_friends_lfguild</Name>
		<Parent>none</Parent>
		<LinePadding>4</LinePadding>
		<CellPadding>5</CellPadding>
		<LabelLength>128</LabelLength>
		<ScrollbarTemplate>generic_vscroll</ScrollbarTemplate>
		<DrawScroll>true</DrawScroll>
		<ScrollbarTopOffset>2</ScrollbarTopOffset>
		<ScrollbarBottomOffset>2</ScrollbarBottomOffset>
		<ScrollbarRightOffset>-3</ScrollbarRightOffset>
		<Sorting>false</Sorting>
		<BackgroundTemplate>dlg_interior_large</BackgroundTemplate>
		<IconTemplate>plain_icon_small</IconTemplate>
		<HeaderHorizResizeTemplate>listbox_hrbutton</HeaderHorizResizeTemplate>
		<HeaderLeftOffset>3</HeaderLeftOffset>
		<HeaderRightOffset>3</HeaderRightOffset>
		<HeaderTopOffset>2</HeaderTopOffset>
		<HeaderHeight>39</HeaderHeight>
		<HeaderBackgroundTemplate>listbox_header_background</HeaderBackgroundTemplate>
		<HeaderControl>
			<Column>1</Column>
			<TemplateName>listboxheader_name</TemplateName>
		</HeaderControl>
		<HeaderControl>
			<Column>2</Column>
			<TemplateName>listboxheader_level</TemplateName>
		</HeaderControl>
		<HeaderControl>
			<Column>3</Column>
			<TemplateName>listboxheader_class</TemplateName>
		</HeaderControl>
		<HeaderControl>
			<Column>4</Column>
			<TemplateName>listboxheader_group</TemplateName>
		</HeaderControl>
		<HeaderControl>
			<Column>5</Column>
			<TemplateName>listboxheader_zone</TemplateName>
		</HeaderControl>
		<HeaderControl>
			<Column>6</Column>
			<TemplateName>listboxheader_banner</TemplateName>
		</HeaderControl>
		<AlternateRowName>listbox_row_bg</AlternateRowName>
		<DisplayAlternateRow>true</DisplayAlternateRow>
		<AlternateRowOffset>-2</AlternateRowOffset>
		<SelectedRowName>listbox_selected_bg</SelectedRowName>
		<SelectedRowOffset>-2</SelectedRowOffset>
		<TextFont>
			<Name>arial9</Name>
			<ColorNormal>
				<R>192</R>
				<G>192</G>
				<B>192</B>
				<A>255</A>
			</ColorNormal>
			<ColorHighlit>
				<R>255</R>
				<G>192</G>
				<B>0</B>
				<A>255</A>
			</ColorHighlit>
			<ColorGreyed>
				<R>127</R>
				<G>127</G>
				<B>127</B>
				<A>255</A>
			</ColorGreyed>
		</TextFont>
		<IconSize>
			<X>16</X>
			<Y>16</Y>
		</IconSize>
	</ListBoxTemplate>
	<WindowTemplate>
		<Name>community</Name>
		<CloseButton>true</CloseButton>
		<MoveButton>true</MoveButton>
		<Width>605</Width>
		<Height>410</Height>
		<TitleWidth>605</TitleWidth>
		<TitleHeight>18</TitleHeight>
		<WindowId>Community</WindowId>
		<FullResizeImageDef>
			<ControlId>Background</ControlId>
			<Width>605</Width>
			<Height>410</Height>
			<Position>
				<X>0</X>
				<Y>0</Y>
			</Position>
			<TemplateName>valmer_box</TemplateName>
			<Alignment>
				<GrowWidth>true</GrowWidth>
				<GrowHeight>true</GrowHeight>
			</Alignment>
		</FullResizeImageDef>
		<LabelDef>
			<Color>
				<R>255</R>
				<G>255</G>
				<B>255</B>
				<A>255</A>
			</Color>
			<FontName>title</FontName>
			<Width>605</Width>
			<Height>16</Height>
			<MaxCharacters>128</MaxCharacters>
			<Data>Notizie e Comunit�</Data>
			<Position>
				<X>0</X>
				<Y>5</Y>
			</Position>
			<Alignment>
				<CenterHorizontally>true</CenterHorizontally>
			</Alignment>
		</LabelDef>
		<!-- Tabs -->
		<TabsDef>
			<TemplateName>generic_tabs</TemplateName>
			<ControlId>1002</ControlId>
			<Width>585</Width>
			<Height>370</Height>
			<Position>
				<X>5</X>
				<Y>15</Y>
			</Position>
			<OnClickEvent>ComTabChanged</OnClickEvent>
			<Tab>
				<Id>1</Id>
				<Name>Notizie</Name>
			</Tab>
			<Tab>
				<Id>2</Id>
				<Name>Gilda</Name>
			</Tab>
			<Tab>
				<Id>3</Id>
				<Name>Alleanza</Name>
			</Tab>
			<Tab>
				<Id>4</Id>
				<Name>Amici</Name>
			</Tab>
			<Tab>
				<Id>5</Id>
				<Name>CercaGilda</Name>
			</Tab>
			<TabControl>
				<TabId>1</TabId>
				<ControlId>1100</ControlId>
			</TabControl>
			<TabControl>
				<TabId>1</TabId>
				<ControlId>1101</ControlId>
			</TabControl>
			<TabControl>
				<TabId>1</TabId>
				<ControlId>1102</ControlId>
			</TabControl>
			<TabControl>
				<TabId>1</TabId>
				<ControlId>1103</ControlId>
			</TabControl>
			<TabControl>
				<TabId>1</TabId>
				<ControlId>1104</ControlId>
			</TabControl>
			<TabControl>
				<TabId>1</TabId>
				<ControlId>1105</ControlId>
			</TabControl>
			<TabControl>
				<TabId>1</TabId>
				<ControlId>1106</ControlId>
			</TabControl>
			<TabControl>
				<TabId>1</TabId>
				<ControlId>1107</ControlId>
			</TabControl>
			<TabControl>
				<TabId>1</TabId>
				<ControlId>1108</ControlId>
			</TabControl>
			<TabControl>
				<TabId>1</TabId>
				<ControlId>1109</ControlId>
			</TabControl>
			<TabControl>
				<TabId>1</TabId>
				<ControlId>1110</ControlId>
			</TabControl>
			<TabControl>
				<TabId>1</TabId>
				<ControlId>1111</ControlId>
			</TabControl>
			<TabControl>
				<TabId>1</TabId>
				<ControlId>1112</ControlId>
			</TabControl>
			<TabControl>
				<TabId>2</TabId>
				<ControlId>1200</ControlId>
			</TabControl>
			<TabControl>
				<TabId>2</TabId>
				<ControlId>1201</ControlId>
			</TabControl>
			<TabControl>
				<TabId>2</TabId>
				<ControlId>1202</ControlId>
			</TabControl>
			<TabControl>
				<TabId>2</TabId>
				<ControlId>1203</ControlId>
			</TabControl>
			<TabControl>
				<TabId>2</TabId>
				<ControlId>1204</ControlId>
			</TabControl>
			<TabControl>
				<TabId>2</TabId>
				<ControlId>1205</ControlId>
			</TabControl>
			<TabControl>
				<TabId>2</TabId>
				<ControlId>1206</ControlId>
			</TabControl>
			<TabControl>
				<TabId>2</TabId>
				<ControlId>1207</ControlId>
			</TabControl>
			<TabControl>
				<TabId>2</TabId>
				<ControlId>1208</ControlId>
			</TabControl>
			<TabControl>
				<TabId>2</TabId>
				<ControlId>1209</ControlId>
			</TabControl>
			<TabControl>
				<TabId>2</TabId>
				<ControlId>1210</ControlId>
			</TabControl>
			<TabControl>
				<TabId>2</TabId>
				<ControlId>1211</ControlId>
			</TabControl>
			<TabControl>
				<TabId>2</TabId>
				<ControlId>1212</ControlId>
			</TabControl>
			<TabControl>
				<TabId>2</TabId>
				<ControlId>1213</ControlId>
			</TabControl>
			<TabControl>
				<TabId>2</TabId>
				<ControlId>1214</ControlId>
			</TabControl>
			<TabControl>
				<TabId>2</TabId>
				<ControlId>1215</ControlId>
			</TabControl>
			<TabControl>
				<TabId>2</TabId>
				<ControlId>1216</ControlId>
			</TabControl>
			<TabControl>
				<TabId>2</TabId>
				<ControlId>1217</ControlId>
			</TabControl>
			<TabControl>
				<TabId>2</TabId>
				<ControlId>1218</ControlId>
			</TabControl>
			<TabControl>
				<TabId>2</TabId>
				<ControlId>1219</ControlId>
			</TabControl>
			<TabControl>
				<TabId>2</TabId>
				<ControlId>1220</ControlId>
			</TabControl>
			<TabControl>
				<TabId>2</TabId>
				<ControlId>1221</ControlId>
			</TabControl>
			<TabControl>
				<TabId>2</TabId>
				<ControlId>1222</ControlId>
			</TabControl>
			<TabControl>
				<TabId>2</TabId>
				<ControlId>1223</ControlId>
			</TabControl>
			<TabControl>
				<TabId>2</TabId>
				<ControlId>1224</ControlId>
			</TabControl>
			<TabControl>
				<TabId>2</TabId>
				<ControlId>1225</ControlId>
			</TabControl>
			<TabControl>
				<TabId>2</TabId>
				<ControlId>1226</ControlId>
			</TabControl>
			<TabControl>
				<TabId>2</TabId>
				<ControlId>1227</ControlId>
			</TabControl>
			<TabControl>
				<TabId>2</TabId>
				<ControlId>1228</ControlId>
			</TabControl>
			<TabControl>
				<TabId>2</TabId>
				<ControlId>1229</ControlId>
			</TabControl>
			<TabControl>
				<TabId>2</TabId>
				<ControlId>1230</ControlId>
			</TabControl>
			<TabControl>
				<TabId>2</TabId>
				<ControlId>1231</ControlId>
			</TabControl>
			<TabControl>
				<TabId>2</TabId>
				<ControlId>1232</ControlId>
			</TabControl>
			<TabControl>
				<TabId>2</TabId>
				<ControlId>1233</ControlId>
			</TabControl>
			<TabControl>
				<TabId>2</TabId>
				<ControlId>1234</ControlId>
			</TabControl>
			<TabControl>
				<TabId>3</TabId>
				<ControlId>1300</ControlId>
			</TabControl>
			<TabControl>
				<TabId>3</TabId>
				<ControlId>1301</ControlId>
			</TabControl>
			<TabControl>
				<TabId>3</TabId>
				<ControlId>1302</ControlId>
			</TabControl>
			<TabControl>
				<TabId>3</TabId>
				<ControlId>1303</ControlId>
			</TabControl>
			<TabControl>
				<TabId>3</TabId>
				<ControlId>1304</ControlId>
			</TabControl>
			<TabControl>
				<TabId>3</TabId>
				<ControlId>1305</ControlId>
			</TabControl>
			<TabControl>
				<TabId>3</TabId>
				<ControlId>1306</ControlId>
			</TabControl>
			<TabControl>
				<TabId>3</TabId>
				<ControlId>1307</ControlId>
			</TabControl>
			<TabControl>
				<TabId>3</TabId>
				<ControlId>1308</ControlId>
			</TabControl>
			<TabControl>
				<TabId>3</TabId>
				<ControlId>1309</ControlId>
			</TabControl>
			<TabControl>
				<TabId>3</TabId>
				<ControlId>1310</ControlId>
			</TabControl>
			<TabControl>
				<TabId>3</TabId>
				<ControlId>1311</ControlId>
			</TabControl>
			<TabControl>
				<TabId>3</TabId>
				<ControlId>1312</ControlId>
			</TabControl>
			<TabControl>
				<TabId>3</TabId>
				<ControlId>1313</ControlId>
			</TabControl>
			<TabControl>
				<TabId>3</TabId>
				<ControlId>1314</ControlId>
			</TabControl>
			<TabControl>
				<TabId>3</TabId>
				<ControlId>1315</ControlId>
			</TabControl>
			<TabControl>
				<TabId>3</TabId>
				<ControlId>1316</ControlId>
			</TabControl>
			<TabControl>
				<TabId>3</TabId>
				<ControlId>1317</ControlId>
			</TabControl>
			<TabControl>
				<TabId>4</TabId>
				<ControlId>1400</ControlId>
			</TabControl>
			<TabControl>
				<TabId>4</TabId>
				<ControlId>1401</ControlId>
			</TabControl>
			<TabControl>
				<TabId>4</TabId>
				<ControlId>1402</ControlId>
			</TabControl>
			<TabControl>
				<TabId>4</TabId>
				<ControlId>1403</ControlId>
			</TabControl>
			<TabControl>
				<TabId>5</TabId>
				<ControlId>1500</ControlId>
			</TabControl>
			<TabControl>
				<TabId>5</TabId>
				<ControlId>1501</ControlId>
			</TabControl>
			<TabControl>
				<TabId>5</TabId>
				<ControlId>1502</ControlId>
			</TabControl>
			<TabControl>
				<TabId>5</TabId>
				<ControlId>1503</ControlId>
			</TabControl>
			<TabControl>
				<TabId>5</TabId>
				<ControlId>1504</ControlId>
			</TabControl>
		</TabsDef>
		<!-- Newspaper -->
		<HorizontalResizeImageDef>
			<ControlId>1100</ControlId>
			<Position>
				<X>20</X>
				<Y>50</Y>
			</Position>
			<TemplateName>dialog_inset</TemplateName>
			<Width>120</Width>
		</HorizontalResizeImageDef>
		<LabelDef>
			<ControlId>1101</ControlId>
			<Color>
				<R>200</R>
				<G>200</G>
				<B>200</B>
				<A>200</A>
			</Color>
			<FontName>arial9</FontName>
			<Width>120</Width>
			<Height>17</Height>
			<MaxCharacters>30</MaxCharacters>
			<Data>RvR Globale</Data>
			<Position>
				<X>27</X>
				<Y>52</Y>
			</Position>
			<Alignment>
				<TopLeft>true</TopLeft>
			</Alignment>
		</LabelDef>
		<TextAreaDef>
			<ControlId>1102</ControlId>
			<TemplateName>generic_textarea_sm_nobg</TemplateName>
			<Position>
				<X>12</X>
				<Y>63</Y>
			</Position>
			<Width>585</Width>
			<Height>80</Height>
			<Alignment>
				<GrowWidth>true</GrowWidth>
				<GrowHeight>true</GrowHeight>
			</Alignment>
			<HasHotspots>false</HasHotspots>
			<MaxCharacters>32768</MaxCharacters>
			<AdapterName>news_rvr_global_text</AdapterName>
			<AdvancedStyle>true</AdvancedStyle>
		</TextAreaDef>
		<HorizontalResizeImageDef>
			<ControlId>1103</ControlId>
			<Position>
				<X>20</X>
				<Y>163</Y>
			</Position>
			<TemplateName>dialog_inset</TemplateName>
			<Width>120</Width>
		</HorizontalResizeImageDef>
		<LabelDef>
			<ControlId>1104</ControlId>
			<Color>
				<R>200</R>
				<G>200</G>
				<B>200</B>
				<A>200</A>
			</Color>
			<FontName>arial9</FontName>
			<Width>120</Width>
			<Height>17</Height>
			<MaxCharacters>30</MaxCharacters>
			<Data>RvR Locale</Data>
			<Position>
				<X>27</X>
				<Y>165</Y>
			</Position>
			<Alignment>
				<TopLeft>true</TopLeft>
			</Alignment>
		</LabelDef>
		<TextAreaDef>
			<ControlId>1105</ControlId>
			<TemplateName>generic_textarea_sm_nobg</TemplateName>
			<Position>
				<X>12</X>
				<Y>176</Y>
			</Position>
			<Width>585</Width>
			<Height>80</Height>
			<Alignment>
				<GrowWidth>true</GrowWidth>
				<GrowHeight>true</GrowHeight>
			</Alignment>
			<HasHotspots>false</HasHotspots>
			<MaxCharacters>32768</MaxCharacters>
			<AdapterName>news_rvr_local_text</AdapterName>
			<AdvancedStyle>true</AdvancedStyle>
		</TextAreaDef>
		<HorizontalResizeImageDef>
			<ControlId>1106</ControlId>
			<Position>
				<X>20</X>
				<Y>281</Y>
			</Position>
			<TemplateName>dialog_inset</TemplateName>
			<Width>95</Width>
		</HorizontalResizeImageDef>
		<LabelDef>
			<ControlId>1107</ControlId>
			<Color>
				<R>200</R>
				<G>200</G>
				<B>200</B>
				<A>200</A>
			</Color>
			<FontName>arial9</FontName>
			<Width>95</Width>
			<Height>17</Height>
			<MaxCharacters>20</MaxCharacters>
			<Data>PvE</Data>
			<Position>
				<X>27</X>
				<Y>283</Y>
			</Position>
			<Alignment>
				<TopLeft>true</TopLeft>
			</Alignment>
		</LabelDef>
		<TextAreaDef>
			<ControlId>1108</ControlId>
			<TemplateName>generic_textarea_sm_nobg</TemplateName>
			<Position>
				<X>12</X>
				<Y>294</Y>
			</Position>
			<Width>585</Width>
			<Height>80</Height>
			<Alignment>
				<GrowWidth>true</GrowWidth>
				<GrowHeight>true</GrowHeight>
			</Alignment>
			<HasHotspots>false</HasHotspots>
			<MaxCharacters>32768</MaxCharacters>
			<AdapterName>news_pve_text</AdapterName>
			<AdvancedStyle>true</AdvancedStyle>
		</TextAreaDef>
		<HorizontalResizeButtonDef>
			<TemplateName>generic_hr_button</TemplateName>
			<ControlId>1112</ControlId>
			<Label>REFRESH</Label>
			<Position>
				<X>518</X>
				<Y>50</Y>
			</Position>
			<Width>70</Width>
			<OnClickEvent>ComTabRefresh</OnClickEvent>
		</HorizontalResizeButtonDef>
		<!-- Guild Tab -->
		<LabelDef>
			<ControlId>1200</ControlId>
			<Color>
				<R>192</R>
				<G>192</G>
				<B>192</B>
				<A>255</A>
			</Color>
			<FontName>arial9</FontName>
			<Width>50</Width>
			<Height>18</Height>
			<MaxCharacters>32</MaxCharacters>
			<Position>
				<X>17</X>
				<Y>48</Y>
			</Position>
			<Data>Nome:</Data>
		</LabelDef>
		<LabelDef>
			<ControlId>1201</ControlId>
			<Color>
				<R>255</R>
				<G>192</G>
				<B>0</B>
				<A>255</A>
			</Color>
			<FontName>arial9</FontName>
			<Width>150</Width>
			<Height>18</Height>
			<MaxCharacters>32</MaxCharacters>
			<Position>
				<X>48</X>
				<Y>48</Y>
			</Position>
			<Adapter>guild_name</Adapter>
		</LabelDef>
		<LabelDef>
			<ControlId>1202</ControlId>
			<Color>
				<R>192</R>
				<G>192</G>
				<B>192</B>
				<A>255</A>
			</Color>
			<FontName>arial9</FontName>
			<Width>50</Width>
			<Height>18</Height>
			<MaxCharacters>32</MaxCharacters>
			<Position>
				<X>215</X>
				<Y>48</Y>
			</Position>
			<Data>Membri:</Data>
		</LabelDef>
		<ScalarLabelDef>
			<ControlId>1203</ControlId>
			<Color>
				<R>255</R>
				<G>192</G>
				<B>0</B>
				<A>255</A>
			</Color>
			<FontName>arial9</FontName>
			<Width>100</Width>
			<Height>18</Height>
			<MaxCharacters>32</MaxCharacters>
			<Position>
				<X>265</X>
				<Y>48</Y>
			</Position>
			<Adapter>guild_member_count</Adapter>
		</ScalarLabelDef>
		<LabelDef>
			<ControlId>1204</ControlId>
			<Color>
				<R>192</R>
				<G>192</G>
				<B>192</B>
				<A>255</A>
			</Color>
			<FontName>arial9</FontName>
			<Width>50</Width>
			<Height>18</Height>
			<MaxCharacters>32</MaxCharacters>
			<Position>
				<X>302</X>
				<Y>48</Y>
			</Position>
			<Data>Livello:</Data>
		</LabelDef>
		<ScalarLabelDef>
			<ControlId>1205</ControlId>
			<Color>
				<R>255</R>
				<G>192</G>
				<B>0</B>
				<A>255</A>
			</Color>
			<FontName>arial9</FontName>
			<Width>150</Width>
			<Height>18</Height>
			<MaxCharacters>32</MaxCharacters>
			<Position>
				<X>333</X>
				<Y>48</Y>
			</Position>
			<Adapter>guild_level</Adapter>
		</ScalarLabelDef>
		<LabelDef>
			<ControlId>1206</ControlId>
			<Color>
				<R>192</R>
				<G>192</G>
				<B>192</B>
				<A>255</A>
			</Color>
			<FontName>arial9</FontName>
			<Width>50</Width>
			<Height>18</Height>
			<MaxCharacters>32</MaxCharacters>
			<Position>
				<X>368</X>
				<Y>48</Y>
			</Position>
			<Data>Soldi:</Data>
		</LabelDef>
		<ButtonDef>
			<ControlId>1207</ControlId>
			<TemplateName>button_money</TemplateName>
			<Alignment>
				<TopLeft>true</TopLeft>
			</Alignment>
			<LabelAlignment>
				<TopLeft>true</TopLeft>
			</LabelAlignment>
			<Position>
				<X>405</X>
				<Y>48</Y>
			</Position>
			<OnClickEvent>ComGuildWithdraw</OnClickEvent>
			<Adapter>guild_money</Adapter>
		</ButtonDef>
		<LabelDef>
			<ControlId>1208</ControlId>
			<Color>
				<R>192</R>
				<G>192</G>
				<B>192</B>
				<A>255</A>
			</Color>
			<FontName>arial9</FontName>
			<Width>50</Width>
			<Height>18</Height>
			<MaxCharacters>32</MaxCharacters>
			<Position>
				<X>510</X>
				<Y>48</Y>
			</Position>
			<Data>Tasse:</Data>
		</LabelDef>
		<LabelDef>
			<ControlId>1209</ControlId>
			<Color>
				<R>255</R>
				<G>192</G>
				<B>0</B>
				<A>255</A>
			</Color>
			<FontName>arial9</FontName>
			<Width>150</Width>
			<Height>18</Height>
			<MaxCharacters>32</MaxCharacters>
			<Position>
				<X>540</X>
				<Y>48</Y>
			</Position>
			<Adapter>guild_dues</Adapter>
		</LabelDef>
		<LabelDef>
			<ControlId>1210</ControlId>
			<Color>
				<R>192</R>
				<G>192</G>
				<B>192</B>
				<A>255</A>
			</Color>
			<FontName>arial9</FontName>
			<Width>100</Width>
			<Height>18</Height>
			<MaxCharacters>32</MaxCharacters>
			<Position>
				<X>17</X>
				<Y>64</Y>
			</Position>
			<Data>n. Casa:</Data>
		</LabelDef>
		<ScalarLabelDef>
			<ControlId>1211</ControlId>
			<Color>
				<R>255</R>
				<G>192</G>
				<B>0</B>
				<A>255</A>
			</Color>
			<FontName>arial9</FontName>
			<Width>100</Width>
			<Height>18</Height>
			<MaxCharacters>32</MaxCharacters>
			<Position>
				<X>72</X>
				<Y>64</Y>
			</Position>
			<Adapter>guild_house_lot</Adapter>			
		</ScalarLabelDef>
		<LabelDef>
			<ControlId>1212</ControlId>
			<Color>
				<R>192</R>
				<G>192</G>
				<B>192</B>
				<A>255</A>
			</Color>
			<FontName>arial9</FontName>
			<Width>75</Width>
			<Height>18</Height>
			<MaxCharacters>32</MaxCharacters>
			<Position>
				<X>109</X>
				<Y>64</Y>
			</Position>
			<Data>Punti Taglia:</Data>
		</LabelDef>
		<ScalarLabelDef>
			<ControlId>1213</ControlId>
			<Color>
				<R>255</R>
				<G>192</G>
				<B>0</B>
				<A>255</A>
			</Color>
			<FontName>arial9</FontName>
			<Width>160</Width>
			<Height>18</Height>
			<MaxCharacters>32</MaxCharacters>
			<Position>
				<X>182</X>
				<Y>64</Y>
			</Position>
			<Adapter>guild_bounty_points</Adapter>
		</ScalarLabelDef>
		<LabelDef>
			<ControlId>1214</ControlId>
			<Color>
				<R>192</R>
				<G>192</G>
				<B>192</B>
				<A>255</A>
			</Color>
			<FontName>arial9</FontName>
			<Width>75</Width>
			<Height>18</Height>
			<MaxCharacters>32</MaxCharacters>
			<Position>
				<X>243</X>
				<Y>64</Y>
			</Position>
			<Data>Punti Reame:</Data>
			<ToolTipId>35</ToolTipId>
		</LabelDef>
		<ScalarLabelDef>
			<ControlId>1215</ControlId>
			<Color>
				<R>255</R>
				<G>192</G>
				<B>0</B>
				<A>255</A>
			</Color>
			<FontName>arial9</FontName>
			<Width>60</Width>
			<Height>18</Height>
			<MaxCharacters>32</MaxCharacters>
			<Position>
				<X>309</X>
				<Y>64</Y>
			</Position>
			<Adapter>guild_realm_points</Adapter>
			<ToolTipId>35</ToolTipId>
		</ScalarLabelDef>
		<LabelDef>
			<ControlId>1216</ControlId>
			<Color>
				<R>192</R>
				<G>192</G>
				<B>192</B>
				<A>255</A>
			</Color>
			<FontName>arial9</FontName>
			<Width>75</Width>
			<Height>18</Height>
			<MaxCharacters>32</MaxCharacters>
			<Position>
				<X>370</X>
				<Y>64</Y>
			</Position>
			<Data>Punti Merito:</Data>
		</LabelDef>
		<ScalarLabelDef>
			<ControlId>1217</ControlId>
			<Color>
				<R>255</R>
				<G>192</G>
				<B>0</B>
				<A>255</A>
			</Color>
			<FontName>arial9</FontName>
			<Width>50</Width>
			<Height>18</Height>
			<MaxCharacters>32</MaxCharacters>
			<Position>
				<X>434</X>
				<Y>64</Y>
			</Position>
			<Adapter>guild_merit_points</Adapter>
		</ScalarLabelDef>
		<HorizontalResizeButtonDef>
			<ControlId>1218</ControlId>
			<TemplateName>generic_hr_button</TemplateName>
			<Label>COMMANDS</Label>
			<Alignment>
				<TopLeft>true</TopLeft>
			</Alignment>
			<Position>
				<X>499</X>
				<Y>61</Y>
			</Position>
			<Width>90</Width>
			<OnClickEvent>ComGuildCommands</OnClickEvent>
		</HorizontalResizeButtonDef>
		<ListBoxDef>
			<ControlId>1219</ControlId>
			<Height>202</Height>
			<Width>575</Width>
			<TemplateName>listbox_guild</TemplateName>
			<Position>
				<X>15</X>
				<Y>78</Y>
			</Position>
			<Alignment>
				<GrowWidth>true</GrowWidth>
				<GrowHeight>true</GrowHeight>
			</Alignment>
			<Sorting>false</Sorting>
			<IconTemplate>plain_icon_small</IconTemplate>
			<AdapterName>guild_members</AdapterName>
			<ShowIndicator>true</ShowIndicator>
			<ShowDefaultToolTips>true</ShowDefaultToolTips>
			<OnHeaderClickEvent>ComGuildMembersSort</OnHeaderClickEvent>
			<OnClickEvent>ComGuildMemberSelected</OnClickEvent>
		</ListBoxDef>
		<CheckBoxDef>
			<ControlId>1220</ControlId>
			<TemplateName>generic_check</TemplateName>
			<Data>Mostra Assenti</Data>
			<Position>
				<X>18</X>
				<Y>284</Y>
			</Position>
			<LabelWidth>90</LabelWidth>
			<OnClickEvent>ComGuildMembersShowOffline</OnClickEvent>
		</CheckBoxDef>
		<HorizontalResizeButtonDef>
			<TemplateName>generic_hr_button</TemplateName>
			<ControlId>1221</ControlId>
			<Label>Promuovi</Label>
			<Alignment>
				<TopLeft>true</TopLeft>
			</Alignment>
			<Position>
				<X>130</X>
				<Y>282</Y>
			</Position>
			<Width>70</Width>
			<OnClickEvent>ComGuildPromote</OnClickEvent>
		</HorizontalResizeButtonDef>
		<HorizontalResizeButtonDef>
			<TemplateName>generic_hr_button</TemplateName>
			<ControlId>1222</ControlId>
			<Label>Degrada</Label>
			<Alignment>
				<TopLeft>true</TopLeft>
			</Alignment>
			<Position>
				<X>220</X>
				<Y>282</Y>
			</Position>
			<Width>70</Width>
			<OnClickEvent>ComGuildDemote</OnClickEvent>
		</HorizontalResizeButtonDef>
		<HorizontalResizeButtonDef>
			<TemplateName>generic_hr_button</TemplateName>
			<ControlId>1223</ControlId>
			<Label>Nota</Label>
			<Alignment>
				<TopLeft>true</TopLeft>
			</Alignment>
			<Position>
				<X>310</X>
				<Y>282</Y>
			</Position>
			<Width>70</Width>
			<OnClickEvent>ComGuildNote</OnClickEvent>
		</HorizontalResizeButtonDef>
		<HorizontalResizeButtonDef>
			<TemplateName>generic_hr_button</TemplateName>
			<ControlId>1224</ControlId>
			<Label>Chiama</Label>
			<Alignment>
				<TopLeft>true</TopLeft>
			</Alignment>
			<Position>
				<X>400</X>
				<Y>282</Y>
			</Position>
			<Width>70</Width>
			<OnClickEvent>ComGuildSend</OnClickEvent>
		</HorizontalResizeButtonDef>
		<ButtonDef>
			<TemplateName>button_left</TemplateName>
			<ControlId>1225</ControlId>
			<Label></Label>
			<Alignment>
				<TopLeft>true</TopLeft>
			</Alignment>
			<Position>
				<X>495</X>
				<Y>282</Y>
			</Position>
			<OnClickEvent>ComGuildMembersPrev</OnClickEvent>
		</ButtonDef>
		<ScalarLabelDef>
			<ControlId>1226</ControlId>
			<Color>
				<R>255</R>
				<G>192</G>
				<B>0</B>
				<A>255</A>
			</Color>
			<FontName>arial9</FontName>
			<Width>25</Width>
			<Height>18</Height>
			<MaxCharacters>6</MaxCharacters>
			<Position>
				<X>513</X>
				<Y>284</Y>
			</Position>
			<Adapter>guild_members_current_page</Adapter>
			<TextCentered>true</TextCentered>
		</ScalarLabelDef>
		<LabelDef>
			<ControlId>1227</ControlId>
			<Color>
				<R>192</R>
				<G>192</G>
				<B>192</B>
				<A>255</A>
			</Color>
			<FontName>arial9</FontName>
			<Width>20</Width>
			<Height>18</Height>
			<MaxCharacters>5</MaxCharacters>
			<Position>
				<X>537</X>
				<Y>284</Y>
			</Position>
			<Data>di</Data>
		</LabelDef>
		<ScalarLabelDef>
			<ControlId>1228</ControlId>
			<Color>
				<R>255</R>
				<G>192</G>
				<B>0</B>
				<A>255</A>
			</Color>
			<FontName>arial9</FontName>
			<Width>25</Width>
			<Height>18</Height>
			<MaxCharacters>6</MaxCharacters>
			<Position>
				<X>548</X>
				<Y>284</Y>
			</Position>
			<Adapter>guild_members_total_pages</Adapter>
			<TextCentered>true</TextCentered>
		</ScalarLabelDef>
		<ButtonDef>
			<TemplateName>button_right</TemplateName>
			<ControlId>1229</ControlId>
			<Label></Label>
			<Alignment>
				<TopLeft>true</TopLeft>
			</Alignment>
			<Position>
				<X>574</X>
				<Y>282</Y>
			</Position>
			<OnClickEvent>ComGuildMembersNext</OnClickEvent>
		</ButtonDef>
		<HorizontalResizeButtonDef>
			<TemplateName>generic_hr_button</TemplateName>
			<ControlId>1230</ControlId>
			<Label>Dispiega</Label>
			<Position>
				<X>17</X>
				<Y>301</Y>
			</Position>
			<Width>70</Width>
			<OnClickEvent>ComGuildBannerDeploy</OnClickEvent>
		</HorizontalResizeButtonDef>
		<LabelDef>
			<ControlId>1231</ControlId>
			<Color>
				<R>192</R>
				<G>192</G>
				<B>192</B>
				<A>255</A>
			</Color>
			<FontName>arial9</FontName>
			<Width>100</Width>
			<Height>18</Height>
			<MaxCharacters>32</MaxCharacters>
			<Position>
				<X>99</X>
				<Y>304</Y>
			</Position>
			<Data>Stato Bandiera:</Data>
		</LabelDef>
		<LabelDef>
			<ControlId>1232</ControlId>
			<Color>
				<R>255</R>
				<G>192</G>
				<B>0</B>
				<A>255</A>
			</Color>
			<FontName>arial9</FontName>
			<Width>400</Width>
			<Height>18</Height>
			<MaxCharacters>100</MaxCharacters>
			<Position>
				<X>174</X>
				<Y>304</Y>
			</Position>
			<Adapter>guild_banner_status</Adapter>
			</LabelDef>
		<HorizontalResizeButtonDef>
			<TemplateName>generic_hr_button</TemplateName>
			<ControlId>1233</ControlId>
			<Label>Aggiorna</Label>
			<Position>
				<X>518</X>
				<Y>301</Y>
			</Position>
			<Width>70</Width>
			<OnClickEvent>ComTabRefresh</OnClickEvent>
		</HorizontalResizeButtonDef>
		<TextAreaDef>
			<ControlId>1234</ControlId>
			<TemplateName>generic_textarea_sm</TemplateName>
			<Position>
				<X>15</X>
				<Y>320</Y>
			</Position>
			<Width>575</Width>
			<Height>75</Height>
			<HasHotspots>false</HasHotspots>
			<MaxCharacters>32768</MaxCharacters>
			<AdapterName>guild_motd</AdapterName>
		</TextAreaDef>
		<!-- Alliance Tab -->
		<LabelDef>
			<ControlId>1300</ControlId>
			<Color>
				<R>192</R>
				<G>192</G>
				<B>192</B>
				<A>255</A>
			</Color>
			<FontName>arial9</FontName>
			<Width>50</Width>
			<Height>18</Height>
			<MaxCharacters>32</MaxCharacters>
			<Position>
				<X>17</X>
				<Y>56</Y>
			</Position>
			<Data>Nome:</Data>
		</LabelDef>
		<LabelDef>
			<ControlId>1301</ControlId>
			<Color>
				<R>255</R>
				<G>192</G>
				<B>0</B>
				<A>255</A>
			</Color>
			<FontName>arial9</FontName>
			<Width>200</Width>
			<Height>18</Height>
			<MaxCharacters>64</MaxCharacters>
			<Position>
				<X>48</X>
				<Y>56</Y>
			</Position>
			<Adapter>alliance_name</Adapter>
		</LabelDef>
		<LabelDef>
			<ControlId>1304</ControlId>
			<Color>
				<R>192</R>
				<G>192</G>
				<B>192</B>
				<A>255</A>
			</Color>
			<FontName>arial9</FontName>
			<Width>50</Width>
			<Height>18</Height>
			<MaxCharacters>32</MaxCharacters>
			<Position>
				<X>238</X>
				<Y>56</Y>
			</Position>
			<Data>Membri:</Data>
		</LabelDef>
		<ScalarLabelDef>
			<ControlId>1305</ControlId>
			<Color>
				<R>255</R>
				<G>192</G>
				<B>0</B>
				<A>255</A>
			</Color>
			<FontName>arial9</FontName>
			<Width>100</Width>
			<Height>18</Height>
			<MaxCharacters>32</MaxCharacters>
			<Position>
				<X>290</X>
				<Y>56</Y>
			</Position>
			<Adapter>alliance_member_count</Adapter>
		</ScalarLabelDef>
		<ListBoxDef>
			<ControlId>1308</ControlId>
			<Height>202</Height>
			<Width>575</Width>
			<TemplateName>listbox_alliance</TemplateName>
			<Position>
				<X>15</X>
				<Y>78</Y>
			</Position>
			<Alignment>
				<GrowWidth>true</GrowWidth>
				<GrowHeight>true</GrowHeight>
			</Alignment>
			<Sorting>false</Sorting>
			<IconTemplate>plain_icon_small</IconTemplate>
			<AdapterName>alliance_members</AdapterName>
			<ShowIndicator>true</ShowIndicator>
			<ShowDefaultToolTips>true</ShowDefaultToolTips>
			<OnHeaderClickEvent>ComAllianceMembersSort</OnHeaderClickEvent>
			<OnClickEvent>ComAllianceMemberSelected</OnClickEvent>
		</ListBoxDef>
		<HorizontalResizeButtonDef>
			<TemplateName>generic_hr_button</TemplateName>
			<ControlId>1309</ControlId>
			<Label>REFRESH</Label>
			<Position>
				<X>17</X>
				<Y>282</Y>
			</Position>
			<Width>70</Width>
			<OnClickEvent>ComTabRefresh</OnClickEvent>
		</HorizontalResizeButtonDef>
		<CheckBoxDef>
			<ControlId>1310</ControlId>
			<TemplateName>generic_check</TemplateName>
			<Data>Show Offline</Data>
			<Position>
				<X>290</X>
				<Y>284</Y>
			</Position>
			<LabelWidth>90</LabelWidth>
			<OnClickEvent>ComAllianceMembersShowOffline</OnClickEvent>
		</CheckBoxDef>
		<HorizontalResizeButtonDef>
			<TemplateName>generic_hr_button</TemplateName>
			<ControlId>1311</ControlId>
			<Label>SEND</Label>
			<Alignment>
				<TopLeft>true</TopLeft>
			</Alignment>
			<Position>
				<X>400</X>
				<Y>282</Y>
			</Position>
			<Width>70</Width>
			<OnClickEvent>ComAllianceSend</OnClickEvent>
		</HorizontalResizeButtonDef>
		<ButtonDef>
			<TemplateName>button_left</TemplateName>
			<ControlId>1312</ControlId>
			<Label></Label>
			<Alignment>
				<TopLeft>true</TopLeft>
			</Alignment>
			<Position>
				<X>495</X>
				<Y>282</Y>
			</Position>
			<OnClickEvent>ComAllianceMembersPrev</OnClickEvent>
		</ButtonDef>
		<ScalarLabelDef>
			<ControlId>1313</ControlId>
			<Color>
				<R>255</R>
				<G>192</G>
				<B>0</B>
				<A>255</A>
			</Color>
			<FontName>arial9</FontName>
			<Width>20</Width>
			<Height>18</Height>
			<MaxCharacters>5</MaxCharacters>
			<Position>
				<X>514</X>
				<Y>284</Y>
			</Position>
			<Adapter>alliance_members_current_page</Adapter>
			<TextCentered>true</TextCentered>
		</ScalarLabelDef>
		<LabelDef>
			<ControlId>1314</ControlId>
			<Color>
				<R>192</R>
				<G>192</G>
				<B>192</B>
				<A>255</A>
			</Color>
			<FontName>arial9</FontName>
			<Width>25</Width>
			<Height>18</Height>
			<MaxCharacters>5</MaxCharacters>
			<Position>
				<X>535</X>
				<Y>284</Y>
			</Position>
			<Data>di</Data>
		</LabelDef>
		<ScalarLabelDef>
			<ControlId>1315</ControlId>
			<Color>
				<R>255</R>
				<G>192</G>
				<B>0</B>
				<A>255</A>
			</Color>
			<FontName>arial9</FontName>
			<Width>25</Width>
			<Height>18</Height>
			<MaxCharacters>10</MaxCharacters>
			<Position>
				<X>548</X>
				<Y>284</Y>
			</Position>
			<Adapter>alliance_members_total_pages</Adapter>
			<TextCentered>true</TextCentered>
		</ScalarLabelDef>
		<ButtonDef>
			<TemplateName>button_right</TemplateName>
			<ControlId>1316</ControlId>
			<Label></Label>
			<Alignment>
				<TopLeft>true</TopLeft>
			</Alignment>
			<Position>
				<X>574</X>
				<Y>282</Y>
			</Position>
			<OnClickEvent>ComAllianceMembersNext</OnClickEvent>
		</ButtonDef>
		<TextAreaDef>
			<ControlId>1317</ControlId>
			<TemplateName>generic_textarea_sm</TemplateName>
			<Position>
				<X>15</X>
				<Y>300</Y>
			</Position>
			<Width>575</Width>
			<Height>95</Height>
			<HasHotspots>false</HasHotspots>
			<MaxCharacters>32768</MaxCharacters>
			<AdapterName>alliance_motd</AdapterName>
		</TextAreaDef>
		<!-- Friends Tab -->
		<ListBoxDef>
			<ControlId>1400</ControlId>
			<Height>323</Height>
			<Width>575</Width>
			<TemplateName>listbox_friends_lfguild</TemplateName>
			<Position>
				<X>15</X>
				<Y>51</Y>
			</Position>
			<Alignment>
				<GrowWidth>true</GrowWidth>
				<GrowHeight>true</GrowHeight>
			</Alignment>
			<Sorting>false</Sorting>
			<IconTemplate>plain_icon_small</IconTemplate>
			<AdapterName>friends_members</AdapterName>
			<ShowIndicator>true</ShowIndicator>
			<ShowDefaultToolTips>true</ShowDefaultToolTips>
			<OnHeaderClickEvent>ComFriendsMembersSort</OnHeaderClickEvent>
			<OnClickEvent>ComFriendsMemberSelected</OnClickEvent>
		</ListBoxDef>
		<HorizontalResizeButtonDef>
			<TemplateName>generic_hr_button</TemplateName>
			<ControlId>1401</ControlId>
			<Label>Aggiorna</Label>
			<Position>
				<X>17</X>
				<Y>377</Y>
			</Position>
			<Width>70</Width>
			<OnClickEvent>ComTabRefresh</OnClickEvent>
		</HorizontalResizeButtonDef>
		<HorizontalResizeButtonDef>
			<TemplateName>generic_hr_button</TemplateName>
			<ControlId>1402</ControlId>
			<Label>SEND</Label>
			<Alignment>
				<TopLeft>true</TopLeft>
			</Alignment>
			<Position>
				<X>518</X>
				<Y>377</Y>
			</Position>
			<Width>70</Width>
			<OnClickEvent>ComFriendsSend</OnClickEvent>
		</HorizontalResizeButtonDef>
		<!-- LFGuild Tab -->
		<ListBoxDef>
			<ControlId>1500</ControlId>
			<Height>323</Height>
			<Width>575</Width>
			<TemplateName>listbox_friends_lfguild</TemplateName>
			<Position>
				<X>15</X>
				<Y>51</Y>
			</Position>
			<Alignment>
				<GrowWidth>true</GrowWidth>
				<GrowHeight>true</GrowHeight>
			</Alignment>
			<Sorting>false</Sorting>
			<IconTemplate>plain_icon_small</IconTemplate>
			<AdapterName>lfguild_members</AdapterName>
			<ShowIndicator>true</ShowIndicator>
			<ShowDefaultToolTips>true</ShowDefaultToolTips>
			<OnHeaderClickEvent>ComLFGuildMembersSort</OnHeaderClickEvent>
			<OnClickEvent>ComLFGuildMemberSelected</OnClickEvent>
		</ListBoxDef>
		<HorizontalResizeButtonDef>
			<TemplateName>generic_hr_button</TemplateName>
			<ControlId>1501</ControlId>
			<Label>Aggiorna</Label>
			<Position>
				<X>17</X>
				<Y>377</Y>
			</Position>
			<Width>70</Width>
			<OnClickEvent>ComTabRefresh</OnClickEvent>
		</HorizontalResizeButtonDef>
		<HorizontalResizeButtonDef>
			<TemplateName>generic_hr_button</TemplateName>
			<ControlId>1502</ControlId>
			<Label>Invita</Label>
			<Alignment>
				<TopLeft>true</TopLeft>
			</Alignment>
			<Position>
				<X>423</X>
				<Y>377</Y>
			</Position>
			<Width>70</Width>
			<OnClickEvent>ComLFGuildInvite</OnClickEvent>
		</HorizontalResizeButtonDef>
		<HorizontalResizeButtonDef>
			<TemplateName>generic_hr_button</TemplateName>
			<ControlId>1503</ControlId>
			<Label>Chiama</Label>
			<Alignment>
				<TopLeft>true</TopLeft>
			</Alignment>
			<Position>
				<X>518</X>
				<Y>377</Y>
			</Position>
			<Width>70</Width>
			<OnClickEvent>ComLFGuildSend</OnClickEvent>
		</HorizontalResizeButtonDef>
	</WindowTemplate>
</Root_Element>