<?xml version="1.0" encoding="ISO-8859-1"?>
<Root_Element ID="DAOCUi">

<!-- @@ Edited with the DAoC User Interface Editor v1.71 -->
<!-- @@ Free download available at http://www.bradtownsend.com/daoced -->

  <WindowTemplate>
    <Name>concentration</Name>
    <WindowId>Concentration</WindowId>
    <CloseButton>true</CloseButton>
    <MoveButton>true</MoveButton>
    <TopRightResizeButton>false</TopRightResizeButton>
    <BottomRightResizeButton>true</BottomRightResizeButton>
    <BottomLeftResizeButton>false</BottomLeftResizeButton>
    <ResizeButtonOffsetX>4</ResizeButtonOffsetX>
    <ResizeButtonOffsetY>2</ResizeButtonOffsetY>
    <TitleWidth>128</TitleWidth>
    <TitleHeight>18</TitleHeight>
    <Width>128</Width>
    <Height>104</Height>
    <ResizeableWidth>5</ResizeableWidth>
    <ResizeableHeight>5</ResizeableHeight>
    <ResizeableTwoWayWidth>0</ResizeableTwoWayWidth>
    <ResizeableTwoWayHeight>0</ResizeableTwoWayHeight>
    <MinWidth>128</MinWidth>
    <MinHeight>96</MinHeight>

    <FullResizeImageDef>
      <ControlId>Background</ControlId>
      <Position>
        <X>0</X>
        <Y>0</Y>
      </Position>
      <Alignment>
        <GrowWidth>true</GrowWidth>
        <GrowHeight>true</GrowHeight>
      </Alignment>
      <TemplateName>valmer_box</TemplateName>
      <Width>128</Width>
      <Height>104</Height>
    </FullResizeImageDef>

    <LabelDef>
      <ControlId></ControlId>
      <Position>
        <X>12</X>
        <Y>4</Y>
      </Position>
      <Alignment>
        <CenterHorizontally>true</CenterHorizontally>
      </Alignment>
      <FontName>button_large</FontName>
      <Adapter></Adapter>
      <ColorAdapter></ColorAdapter>
      <Width>124</Width>
      <Height>16</Height>
      <MaxCharacters>64</MaxCharacters>
      <Color>
        <R>255</R>
        <G>255</G>
        <B>51</B>
        <A>255</A>
      </Color>
      <Data>Concentration</Data>
      <EndAligned>false</EndAligned>
      <TextCentered>false</TextCentered>
    </LabelDef>

    <StatusBarDef>
      <ControlId>1000</ControlId>
      <Position>
        <X>27</X>
        <Y>6</Y>
      </Position>
      <Alignment>
        <OffsetBottom>true</OffsetBottom>
        <GrowWidth>true</GrowWidth>
      </Alignment>
      <TemplateName>yellow_status_small</TemplateName>
      <AdapterName>concentration</AdapterName>
      <Width>78</Width>
    </StatusBarDef>

    <ListBoxDef>
      <ControlId>2000</ControlId>
      <Position>
        <X>6</X>
        <Y>16</Y>
      </Position>
      <Alignment>
        <GrowWidth>true</GrowWidth>
        <GrowHeight>true</GrowHeight>
      </Alignment>
      <TemplateName>listbox_nobg</TemplateName>
      <AdapterName>conc_list</AdapterName>
      <Sorting>false</Sorting>
      <Columns>2</Columns>
      <Width>116</Width>
      <Height>70</Height>
    </ListBoxDef>

    <ImageAreaDef>
      <ControlId></ControlId>
      <Position>
        <X>25</X>
        <Y>6</Y>
      </Position>
      <Alignment>
        <TopLeft>true</TopLeft>
        <OffsetBottom>true</OffsetBottom>
      </Alignment>
      <TemplateName>tiny_horiz_endcap_left</TemplateName>
    </ImageAreaDef>

    <ImageAreaDef>
      <ControlId></ControlId>
      <Position>
        <X>20</X>
        <Y>6</Y>
      </Position>
      <Alignment>
        <OffsetBottom>true</OffsetBottom>
        <OffsetRight>true</OffsetRight>
      </Alignment>
      <TemplateName>tiny_horiz_endcap_right</TemplateName>
    </ImageAreaDef>

    <ScalarLabelDef>
      <ControlId></ControlId>
      <Position>
        <X>5</X>
        <Y>-2</Y>
      </Position>
      <Alignment>
        <TopLeft>true</TopLeft>
        <OffsetBottom>true</OffsetBottom>
      </Alignment>
      <FontName>arial9</FontName>
      <Adapter>concentration</Adapter>
      <ColorAdapter></ColorAdapter>
      <Width>16</Width>
      <Height>16</Height>
      <MaxCharacters>4</MaxCharacters>
      <Color>
        <R>255</R>
        <G>255</G>
        <B>102</B>
        <A>255</A>
      </Color>
      <Data></Data>
      <EndAligned>false</EndAligned>
      <TextCentered>false</TextCentered>
      <DontDrawWhenZero>false</DontDrawWhenZero>
    </ScalarLabelDef>

  </WindowTemplate>

</Root_Element>
