<?xml version="1.0" encoding="ISO-8859-1"?>
<Root_Element ID="DAOCUi">
	<ImageAreaTemplate>
		<Name>arrow</Name>
		<Size>
			<X>8</X>
			<Y>16</Y>
		</Size>
		<TopLeft>
			<X>92</X>
			<Y>133</Y>
		</TopLeft>
		<TextureName>page3</TextureName>
	</ImageAreaTemplate>
	<ImageAreaTemplate>
		<Name>check_mark</Name>
		<Size>
			<X>10</X>
			<Y>14</Y>
		</Size>
		<TopLeft>
			<X>144</X>
			<Y>43</Y>
		</TopLeft>
		<TextureName>navigation</TextureName>
	</ImageAreaTemplate>
	<WindowTemplate>
		<Name>context</Name>
		<CloseButton>false</CloseButton>
		<MoveButton>false</MoveButton>
		<Width>121</Width>
		<Height>25</Height>
		<TitleWidth>121</TitleWidth>
		<TitleHeight>0</TitleHeight>
		<ResizeableWidth>0</ResizeableWidth>
		<ResizeableHeight>0</ResizeableHeight>
		<ResizeableTwoWayWidth>0</ResizeableTwoWayWidth>
		<ResizeableTwoWayHeight>0</ResizeableTwoWayHeight>
		<WindowId>Context</WindowId>
	</WindowTemplate>
	<WindowTemplate>
		<Name>context_sub</Name>
		<CloseButton>false</CloseButton>
		<MoveButton>false</MoveButton>
		<Width>121</Width>
		<Height>25</Height>
		<TitleWidth>121</TitleWidth>
		<TitleHeight>0</TitleHeight>
		<ResizeableWidth>0</ResizeableWidth>
		<ResizeableHeight>0</ResizeableHeight>
		<ResizeableTwoWayWidth>0</ResizeableTwoWayWidth>
		<ResizeableTwoWayHeight>0</ResizeableTwoWayHeight>
		<WindowId>ContextSub</WindowId>
	</WindowTemplate>
	<WindowTemplate>
		<Name>chat_context</Name>
		<Width>121</Width>
		<Height>155</Height>
		<WindowId>ContextChat</WindowId>
		<FullResizeImageDef>
			<Height>155</Height>
			<Width>121</Width>
			<Position>
				<X>0</X>
				<Y>0</Y>
			</Position>
			<TemplateName>tool_tip_background</TemplateName>
		</FullResizeImageDef>
		<HorizontalResizeButtonDef>
			<Templatename>context_hr_button_wtext</Templatename>
			<Label>MESSAGGI e CANALI</Label>
			<Labelalignment>
				<CenterVertically>true</CenterVertically>
			</Labelalignment>
			<LabelIndent>3</LabelIndent>
			<Position>
				<X>3</X>
				<Y>3</Y>
			</Position>
			<Width>115</Width>
			<Onclickevent>ContextOnMessageAndChannel</Onclickevent>
			<Controlid>1002</Controlid>
		</HorizontalResizeButtonDef>
		<HorizontalResizeImageDef>
			<Position>
				<X>9</X>
				<Y>20</Y>
			</Position>
			<TemplateName>context_hr_image_divider</TemplateName>
			<Width>103</Width>
		</HorizontalResizeImageDef>
		<HorizontalResizeImageButtonDef>
			<ImageAreaTemplateName>arrow</ImageAreaTemplateName>
			<HRButtonTemplateName>context_hr_button_wtext</HRButtonTemplateName>
			<ImageOffset>
				<X>105</X>
				<Y>0</Y>
			</ImageOffset>
			<Label>Trasparenza Finestra</Label>
			<Labelalignment>
				<CenterVertically>true</CenterVertically>
			</Labelalignment>
			<LabelIndent>3</LabelIndent>
			<Position>
				<X>3</X>
				<Y>22</Y>
			</Position>
			<Width>115</Width>
			<Onclickevent>ContextOnWindowAlpha</Onclickevent>
			<Controlid>1000</Controlid>
		</HorizontalResizeImageButtonDef>
		<HorizontalResizeImageDef>
			<Position>
				<X>9</X>
				<Y>39</Y>
			</Position>
			<TemplateName>context_hr_image_divider</TemplateName>
			<Width>103</Width>
		</HorizontalResizeImageDef>
		<HorizontalResizeImageButtonDef>
			<ImageAreaTemplateName>arrow</ImageAreaTemplateName>
			<HRButtonTemplateName>context_hr_button_wtext</HRButtonTemplateName>
			<ImageOffset>
				<X>105</X>
				<Y>0</Y>
			</ImageOffset>
			<Label>Trasparenza Testo</Label>
			<Labelalignment>
				<CenterVertically>true</CenterVertically>
			</Labelalignment>
			<LabelIndent>3</LabelIndent>
			<Position>
				<X>3</X>
				<Y>41</Y>
			</Position>
			<Width>115</Width>
			<Onclickevent>ContextOnFontAlpha</Onclickevent>
			<Controlid>1001</Controlid>
		</HorizontalResizeImageButtonDef>
		<HorizontalResizeImageDef>
			<Position>
				<X>9</X>
				<Y>58</Y>
			</Position>
			<TemplateName>context_hr_image_divider</TemplateName>
			<Width>103</Width>
		</HorizontalResizeImageDef>
		<HorizontalResizeImageButtonDef>
			<ImageAreaTemplateName>arrow</ImageAreaTemplateName>
			<HRButtonTemplateName>context_hr_button_wtext</HRButtonTemplateName>
			<ImageOffset>
				<X>105</X>
				<Y>0</Y>
			</ImageOffset>
			<Label>Dimensione Testo</Label>
			<Labelalignment>
				<CenterVertically>true</CenterVertically>
			</Labelalignment>
			<LabelIndent>3</LabelIndent>
			<Position>
				<X>3</X>
				<Y>60</Y>
			</Position>
			<Width>115</Width>
			<Onclickevent>ContextOnFontSize</Onclickevent>
			<Controlid>1003</Controlid>
		</HorizontalResizeImageButtonDef>
		<HorizontalResizeImageDef>
			<Position>
				<X>9</X>
				<Y>77</Y>
			</Position>
			<TemplateName>context_hr_image_divider</TemplateName>
			<Width>103</Width>
		</HorizontalResizeImageDef>
		<HorizontalResizeImageButtonDef>
			<ImageAreaTemplateName>arrow</ImageAreaTemplateName>
			<HRButtonTemplateName>context_hr_button_wtext</HRButtonTemplateName>
			<ImageOffset>
				<X>105</X>
				<Y>0</Y>
			</ImageOffset>
			<Label>Canale Principale</Label>
			<Labelalignment>
				<CenterVertically>true</CenterVertically>
			</Labelalignment>
			<LabelIndent>3</LabelIndent>
			<Position>
				<X>3</X>
				<Y>79</Y>
			</Position>
			<Width>115</Width>
			<Onclickevent>ContextOnDefaultChannel</Onclickevent>
			<Controlid>1007</Controlid>
		</HorizontalResizeImageButtonDef>
		<HorizontalResizeImageDef>
			<Position>
				<X>9</X>
				<Y>96</Y>
			</Position>
			<TemplateName>context_hr_image_divider</TemplateName>
			<Width>103</Width>
		</HorizontalResizeImageDef>
		<HorizontalResizeButtonDef>
			<Templatename>context_hr_button_wtext</Templatename>
			<Label>Nuova Finestra</Label>
			<Labelalignment>
				<CenterVertically>true</CenterVertically>
			</Labelalignment>
			<LabelIndent>3</LabelIndent>
			<Position>
				<X>3</X>
				<Y>98</Y>
			</Position>
			<Width>115</Width>
			<Onclickevent>ContextOnAddChatWindow</Onclickevent>
			<Controlid>1004</Controlid>
		</HorizontalResizeButtonDef>
		<HorizontalResizeImageDef>
			<Position>
				<X>9</X>
				<Y>115</Y>
			</Position>
			<TemplateName>context_hr_image_divider</TemplateName>
			<Width>103</Width>
		</HorizontalResizeImageDef>
		<HorizontalResizeButtonDef>
			<Templatename>context_hr_button_wtext</Templatename>
			<Label>Cancella Finestra</Label>
			<Labelalignment>
				<CenterVertically>true</CenterVertically>
			</Labelalignment>
			<LabelIndent>3</LabelIndent>
			<Position>
				<X>3</X>
				<Y>117</Y>
			</Position>
			<Width>115</Width>
			<Onclickevent>ContextOnDeleteChatWindow</Onclickevent>
			<Controlid>1005</Controlid>
		</HorizontalResizeButtonDef>
		<HorizontalResizeImageDef>
			<Position>
				<X>9</X>
				<Y>134</Y>
			</Position>
			<TemplateName>context_hr_image_divider</TemplateName>
			<Width>103</Width>
		</HorizontalResizeImageDef>
		<HorizontalResizeButtonDef>
			<Templatename>context_hr_button_wtext</Templatename>
			<Label>Rinomina Finestra</Label>
			<Labelalignment>
				<CenterVertically>true</CenterVertically>
			</Labelalignment>
			<LabelIndent>3</LabelIndent>
			<Position>
				<X>3</X>
				<Y>136</Y>
			</Position>
			<Width>115</Width>
			<Onclickevent>ContextOnRenameChatWindow</Onclickevent>
			<Controlid>1006</Controlid>
		</HorizontalResizeButtonDef>
	</WindowTemplate>
	<WindowTemplate>
		<Name>chat_no_new_context</Name>
		<Width>121</Width>
		<Height>136</Height>
		<WindowId>ContextChat</WindowId>
		<FullResizeImageDef>
			<Height>136</Height>
			<Width>121</Width>
			<Position>
				<X>0</X>
				<Y>0</Y>
			</Position>
			<TemplateName>tool_tip_background</TemplateName>
		</FullResizeImageDef>
		<HorizontalResizeButtonDef>
			<Templatename>context_hr_button_wtext</Templatename>
			<Label>MESSAGGI e CANALI</Label>
			<Labelalignment>
				<CenterVertically>true</CenterVertically>
			</Labelalignment>
			<LabelIndent>3</LabelIndent>
			<Position>
				<X>3</X>
				<Y>3</Y>
			</Position>
			<Width>115</Width>
			<Onclickevent>ContextOnMessageAndChannel</Onclickevent>
			<Controlid>1002</Controlid>
		</HorizontalResizeButtonDef>
		<HorizontalResizeImageDef>
			<Position>
				<X>9</X>
				<Y>20</Y>
			</Position>
			<TemplateName>context_hr_image_divider</TemplateName>
			<Width>103</Width>
		</HorizontalResizeImageDef>
		<HorizontalResizeImageButtonDef>
			<ImageAreaTemplateName>arrow</ImageAreaTemplateName>
			<HRButtonTemplateName>context_hr_button_wtext</HRButtonTemplateName>
			<ImageOffset>
				<X>105</X>
				<Y>0</Y>
			</ImageOffset>
			<Label>Trasparenza Finestra</Label>
			<Labelalignment>
				<CenterVertically>true</CenterVertically>
			</Labelalignment>
			<LabelIndent>3</LabelIndent>
			<Position>
				<X>3</X>
				<Y>22</Y>
			</Position>
			<Width>115</Width>
			<Onclickevent>ContextOnWindowAlpha</Onclickevent>
			<Controlid>1000</Controlid>
		</HorizontalResizeImageButtonDef>
		<HorizontalResizeImageDef>
			<Position>
				<X>9</X>
				<Y>39</Y>
			</Position>
			<TemplateName>context_hr_image_divider</TemplateName>
			<Width>103</Width>
		</HorizontalResizeImageDef>
		<HorizontalResizeImageButtonDef>
			<ImageAreaTemplateName>arrow</ImageAreaTemplateName>
			<HRButtonTemplateName>context_hr_button_wtext</HRButtonTemplateName>
			<ImageOffset>
				<X>105</X>
				<Y>0</Y>
			</ImageOffset>
			<Label>Trasparenza Testo</Label>
			<Labelalignment>
				<CenterVertically>true</CenterVertically>
			</Labelalignment>
			<LabelIndent>3</LabelIndent>
			<Position>
				<X>3</X>
				<Y>41</Y>
			</Position>
			<Width>115</Width>
			<Onclickevent>ContextOnFontAlpha</Onclickevent>
			<Controlid>1001</Controlid>
		</HorizontalResizeImageButtonDef>
		<HorizontalResizeImageDef>
			<Position>
				<X>9</X>
				<Y>58</Y>
			</Position>
			<TemplateName>context_hr_image_divider</TemplateName>
			<Width>103</Width>
		</HorizontalResizeImageDef>
		<HorizontalResizeImageButtonDef>
			<ImageAreaTemplateName>arrow</ImageAreaTemplateName>
			<HRButtonTemplateName>context_hr_button_wtext</HRButtonTemplateName>
			<ImageOffset>
				<X>105</X>
				<Y>0</Y>
			</ImageOffset>
			<Label>Dimensione Testo</Label>
			<Labelalignment>
				<CenterVertically>true</CenterVertically>
			</Labelalignment>
			<LabelIndent>3</LabelIndent>
			<Position>
				<X>3</X>
				<Y>60</Y>
			</Position>
			<Width>115</Width>
			<Onclickevent>ContextOnFontSize</Onclickevent>
			<Controlid>1003</Controlid>
		</HorizontalResizeImageButtonDef>
		<HorizontalResizeImageDef>
			<Position>
				<X>9</X>
				<Y>77</Y>
			</Position>
			<TemplateName>context_hr_image_divider</TemplateName>
			<Width>103</Width>
		</HorizontalResizeImageDef>
		<HorizontalResizeImageButtonDef>
			<ImageAreaTemplateName>arrow</ImageAreaTemplateName>
			<HRButtonTemplateName>context_hr_button_wtext</HRButtonTemplateName>
			<ImageOffset>
				<X>105</X>
				<Y>0</Y>
			</ImageOffset>
			<Label>Canale Principale</Label>
			<Labelalignment>
				<CenterVertically>true</CenterVertically>
			</Labelalignment>
			<LabelIndent>3</LabelIndent>
			<Position>
				<X>3</X>
				<Y>79</Y>
			</Position>
			<Width>115</Width>
			<Onclickevent>ContextOnDefaultChannel</Onclickevent>
			<Controlid>1007</Controlid>
		</HorizontalResizeImageButtonDef>
		<HorizontalResizeImageDef>
			<Position>
				<X>9</X>
				<Y>96</Y>
			</Position>
			<TemplateName>context_hr_image_divider</TemplateName>
			<Width>103</Width>
		</HorizontalResizeImageDef>
		<HorizontalResizeButtonDef>
			<Templatename>context_hr_button_wtext</Templatename>
			<Label>Cancella Finestra</Label>
			<Labelalignment>
				<CenterVertically>true</CenterVertically>
			</Labelalignment>
			<LabelIndent>3</LabelIndent>
			<Position>
				<X>3</X>
				<Y>98</Y>
			</Position>
			<Width>115</Width>
			<Onclickevent>ContextOnDeleteChatWindow</Onclickevent>
			<Controlid>1005</Controlid>
		</HorizontalResizeButtonDef>
		<HorizontalResizeImageDef>
			<Position>
				<X>9</X>
				<Y>115</Y>
			</Position>
			<TemplateName>context_hr_image_divider</TemplateName>
			<Width>103</Width>
		</HorizontalResizeImageDef>
		<HorizontalResizeButtonDef>
			<Templatename>context_hr_button_wtext</Templatename>
			<Label>Rinomina Finestra</Label>
			<Labelalignment>
				<CenterVertically>true</CenterVertically>
			</Labelalignment>
			<LabelIndent>3</LabelIndent>
			<Position>
				<X>3</X>
				<Y>117</Y>
			</Position>
			<Width>115</Width>
			<Onclickevent>ContextOnRenameChatWindow</Onclickevent>
			<Controlid>1006</Controlid>
		</HorizontalResizeButtonDef>
	</WindowTemplate>
	<WindowTemplate>
		<Name>main_chat_context</Name>
		<Width>121</Width>
		<Height>116</Height>
		<WindowId>ContextChat</WindowId>
		<FullResizeImageDef>
			<Height>116</Height>
			<Width>121</Width>
			<Position>
				<X>0</X>
				<Y>0</Y>
			</Position>
			<TemplateName>tool_tip_background</TemplateName>
		</FullResizeImageDef>
		<HorizontalResizeButtonDef>
			<Templatename>context_hr_button_wtext</Templatename>
			<Label>MESSAGGI e CANALI</Label>
			<Labelalignment>
				<CenterVertically>true</CenterVertically>
			</Labelalignment>
			<LabelIndent>3</LabelIndent>
			<Position>
				<X>3</X>
				<Y>3</Y>
			</Position>
			<Width>115</Width>
			<Onclickevent>ContextOnMessageAndChannel</Onclickevent>
			<Controlid>1002</Controlid>
		</HorizontalResizeButtonDef>
		<HorizontalResizeImageDef>
			<Position>
				<X>9</X>
				<Y>20</Y>
			</Position>
			<TemplateName>context_hr_image_divider</TemplateName>
			<Width>103</Width>
		</HorizontalResizeImageDef>
		<HorizontalResizeImageButtonDef>
			<ImageAreaTemplateName>arrow</ImageAreaTemplateName>
			<HRButtonTemplateName>context_hr_button_wtext</HRButtonTemplateName>
			<ImageOffset>
				<X>105</X>
				<Y>0</Y>
			</ImageOffset>
			<Label>Trasparenza Finestra</Label>
			<Labelalignment>
				<CenterVertically>true</CenterVertically>
			</Labelalignment>
			<LabelIndent>3</LabelIndent>
			<Position>
				<X>3</X>
				<Y>22</Y>
			</Position>
			<Width>115</Width>
			<Onclickevent>ContextOnWindowAlpha</Onclickevent>
			<Controlid>1000</Controlid>
		</HorizontalResizeImageButtonDef>
		<HorizontalResizeImageDef>
			<Position>
				<X>9</X>
				<Y>39</Y>
			</Position>
			<TemplateName>context_hr_image_divider</TemplateName>
			<Width>103</Width>
		</HorizontalResizeImageDef>
		<HorizontalResizeImageButtonDef>
			<ImageAreaTemplateName>arrow</ImageAreaTemplateName>
			<HRButtonTemplateName>context_hr_button_wtext</HRButtonTemplateName>
			<ImageOffset>
				<X>105</X>
				<Y>0</Y>
			</ImageOffset>
			<Label>Trasparenza Testo</Label>
			<Labelalignment>
				<CenterVertically>true</CenterVertically>
			</Labelalignment>
			<LabelIndent>3</LabelIndent>
			<Position>
				<X>3</X>
				<Y>41</Y>
			</Position>
			<Width>115</Width>
			<Onclickevent>ContextOnFontAlpha</Onclickevent>
			<Controlid>1001</Controlid>
		</HorizontalResizeImageButtonDef>
		<HorizontalResizeImageDef>
			<Position>
				<X>9</X>
				<Y>58</Y>
			</Position>
			<TemplateName>context_hr_image_divider</TemplateName>
			<Width>103</Width>
		</HorizontalResizeImageDef>
		<HorizontalResizeImageButtonDef>
			<ImageAreaTemplateName>arrow</ImageAreaTemplateName>
			<HRButtonTemplateName>context_hr_button_wtext</HRButtonTemplateName>
			<ImageOffset>
				<X>105</X>
				<Y>0</Y>
			</ImageOffset>
			<Label>Dimensione Testo</Label>
			<Labelalignment>
				<CenterVertically>true</CenterVertically>
			</Labelalignment>
			<LabelIndent>3</LabelIndent>
			<Position>
				<X>3</X>
				<Y>60</Y>
			</Position>
			<Width>115</Width>
			<Onclickevent>ContextOnFontSize</Onclickevent>
			<Controlid>1003</Controlid>
		</HorizontalResizeImageButtonDef>
		<HorizontalResizeImageDef>
			<Position>
				<X>9</X>
				<Y>77</Y>
			</Position>
			<TemplateName>context_hr_image_divider</TemplateName>
			<Width>103</Width>
		</HorizontalResizeImageDef>
		<HorizontalResizeImageButtonDef>
			<ImageAreaTemplateName>arrow</ImageAreaTemplateName>
			<HRButtonTemplateName>context_hr_button_wtext</HRButtonTemplateName>
			<ImageOffset>
				<X>105</X>
				<Y>0</Y>
			</ImageOffset>
			<Label>Canale Principale</Label>
			<Labelalignment>
				<CenterVertically>true</CenterVertically>
			</Labelalignment>
			<LabelIndent>3</LabelIndent>
			<Position>
				<X>3</X>
				<Y>79</Y>
			</Position>
			<Width>115</Width>
			<Onclickevent>ContextOnDefaultChannel</Onclickevent>
			<Controlid>1007</Controlid>
		</HorizontalResizeImageButtonDef>
		<HorizontalResizeImageDef>
			<Position>
				<X>9</X>
				<Y>96</Y>
			</Position>
			<TemplateName>context_hr_image_divider</TemplateName>
			<Width>103</Width>
		</HorizontalResizeImageDef>
		<HorizontalResizeButtonDef>
			<Templatename>context_hr_button_wtext</Templatename>
			<Label>Nuova Finestra</Label>
			<Labelalignment>
				<CenterVertically>true</CenterVertically>
			</Labelalignment>
			<LabelIndent>3</LabelIndent>
			<Position>
				<X>3</X>
				<Y>97</Y>
			</Position>
			<Width>115</Width>
			<Onclickevent>ContextOnAddChatWindow</Onclickevent>
			<Controlid>1004</Controlid>
		</HorizontalResizeButtonDef>
	</WindowTemplate>
	<WindowTemplate>
		<Name>main_chat_no_new_context</Name>
		<Width>121</Width>
		<Height>98</Height>
		<WindowId>ContextChat</WindowId>
		<FullResizeImageDef>
			<Height>98</Height>
			<Width>121</Width>
			<Position>
				<X>0</X>
				<Y>0</Y>
			</Position>
			<TemplateName>tool_tip_background</TemplateName>
		</FullResizeImageDef>
		<HorizontalResizeButtonDef>
			<Templatename>context_hr_button_wtext</Templatename>
			<Label>MESSAGGI e CANALI</Label>
			<Labelalignment>
				<CenterVertically>true</CenterVertically>
			</Labelalignment>
			<LabelIndent>3</LabelIndent>
			<Position>
				<X>3</X>
				<Y>3</Y>
			</Position>
			<Width>115</Width>
			<Onclickevent>ContextOnMessageAndChannel</Onclickevent>
			<Controlid>1002</Controlid>
		</HorizontalResizeButtonDef>
		<HorizontalResizeImageDef>
			<Position>
				<X>9</X>
				<Y>20</Y>
			</Position>
			<TemplateName>context_hr_image_divider</TemplateName>
			<Width>103</Width>
		</HorizontalResizeImageDef>
		<HorizontalResizeImageButtonDef>
			<ImageAreaTemplateName>arrow</ImageAreaTemplateName>
			<HRButtonTemplateName>context_hr_button_wtext</HRButtonTemplateName>
			<ImageOffset>
				<X>105</X>
				<Y>0</Y>
			</ImageOffset>
			<Label>Trasparenza Finestra</Label>
			<Labelalignment>
				<CenterVertically>true</CenterVertically>
			</Labelalignment>
			<LabelIndent>3</LabelIndent>
			<Position>
				<X>3</X>
				<Y>22</Y>
			</Position>
			<Width>115</Width>
			<Onclickevent>ContextOnWindowAlpha</Onclickevent>
			<Controlid>1000</Controlid>
		</HorizontalResizeImageButtonDef>
		<HorizontalResizeImageDef>
			<Position>
				<X>9</X>
				<Y>39</Y>
			</Position>
			<TemplateName>context_hr_image_divider</TemplateName>
			<Width>103</Width>
		</HorizontalResizeImageDef>
		<HorizontalResizeImageButtonDef>
			<ImageAreaTemplateName>arrow</ImageAreaTemplateName>
			<HRButtonTemplateName>context_hr_button_wtext</HRButtonTemplateName>
			<ImageOffset>
				<X>105</X>
				<Y>0</Y>
			</ImageOffset>
			<Label>Trasparenza Testo</Label>
			<Labelalignment>
				<CenterVertically>true</CenterVertically>
			</Labelalignment>
			<LabelIndent>3</LabelIndent>
			<Position>
				<X>3</X>
				<Y>41</Y>
			</Position>
			<Width>115</Width>
			<Onclickevent>ContextOnFontAlpha</Onclickevent>
			<Controlid>1001</Controlid>
		</HorizontalResizeImageButtonDef>
		<HorizontalResizeImageDef>
			<Position>
				<X>9</X>
				<Y>58</Y>
			</Position>
			<TemplateName>context_hr_image_divider</TemplateName>
			<Width>103</Width>
		</HorizontalResizeImageDef>
		<HorizontalResizeImageButtonDef>
			<ImageAreaTemplateName>arrow</ImageAreaTemplateName>
			<HRButtonTemplateName>context_hr_button_wtext</HRButtonTemplateName>
			<ImageOffset>
				<X>105</X>
				<Y>0</Y>
			</ImageOffset>
			<Label>Dimensione Testo</Label>
			<Labelalignment>
				<CenterVertically>true</CenterVertically>
			</Labelalignment>
			<LabelIndent>3</LabelIndent>
			<Position>
				<X>3</X>
				<Y>60</Y>
			</Position>
			<Width>115</Width>
			<Onclickevent>ContextOnFontSize</Onclickevent>
			<Controlid>1003</Controlid>
		</HorizontalResizeImageButtonDef>
		<HorizontalResizeImageDef>
			<Position>
				<X>9</X>
				<Y>77</Y>
			</Position>
			<TemplateName>context_hr_image_divider</TemplateName>
			<Width>103</Width>
		</HorizontalResizeImageDef>
		<HorizontalResizeImageButtonDef>
			<ImageAreaTemplateName>arrow</ImageAreaTemplateName>
			<HRButtonTemplateName>context_hr_button_wtext</HRButtonTemplateName>
			<ImageOffset>
				<X>105</X>
				<Y>0</Y>
			</ImageOffset>
			<Label>Canale Principale</Label>
			<Labelalignment>
				<CenterVertically>true</CenterVertically>
			</Labelalignment>
			<LabelIndent>3</LabelIndent>
			<Position>
				<X>3</X>
				<Y>79</Y>
			</Position>
			<Width>115</Width>
			<Onclickevent>ContextOnDefaultChannel</Onclickevent>
			<Controlid>1007</Controlid>
		</HorizontalResizeImageButtonDef>
	</WindowTemplate>
	<WindowTemplate>
		<Name>emoticon_context</Name>
		<Width>121</Width>
		<Height>22</Height>
		<WindowId>ContextEmoticon</WindowId>
		<FullResizeImageDef>
			<Height>22</Height>
			<Width>121</Width>
			<Position>
				<X>0</X>
				<Y>0</Y>
			</Position>
			<TemplateName>tool_tip_background</TemplateName>
		</FullResizeImageDef>
		<HorizontalResizeImageButtonDef>
			<ImageAreaTemplateName>arrow</ImageAreaTemplateName>
			<HRButtonTemplateName>context_hr_button_wtext</HRButtonTemplateName>
			<ImageOffset>
				<X>105</X>
				<Y>0</Y>
			</ImageOffset>
			<Label>Trasparenza Finestra</Label>
			<Labelalignment>
				<CenterVertically>true</CenterVertically>
			</Labelalignment>
			<LabelIndent>3</LabelIndent>
			<Position>
				<X>3</X>
				<Y>3</Y>
			</Position>
			<Width>115</Width>
			<Onclickevent>ContextOnWindowAlpha</Onclickevent>
			<Controlid>1000</Controlid>
		</HorizontalResizeImageButtonDef>
	</WindowTemplate>
	<WindowTemplate>
		<Name>default_context</Name>
		<Width>121</Width>
		<Height>41</Height>
		<FullResizeImageDef>
			<Height>41</Height>
			<Width>121</Width>
			<Position>
				<X>0</X>
				<Y>0</Y>
			</Position>
			<TemplateName>tool_tip_background</TemplateName>
		</FullResizeImageDef>
		<HorizontalResizeImageButtonDef>
			<ImageAreaTemplateName>arrow</ImageAreaTemplateName>
			<HRButtonTemplateName>context_hr_button_wtext</HRButtonTemplateName>
			<ImageOffset>
				<X>105</X>
				<Y>0</Y>
			</ImageOffset>
			<Label>Trasparenza Finestra</Label>
			<Labelalignment>
				<CenterVertically>true</CenterVertically>
			</Labelalignment>
			<LabelIndent>3</LabelIndent>
			<Position>
				<X>3</X>
				<Y>3</Y>
			</Position>
			<Width>115</Width>
			<Onclickevent>ContextOnWindowAlpha</Onclickevent>
			<Controlid>1000</Controlid>
		</HorizontalResizeImageButtonDef>
		<HorizontalResizeImageDef>
			<Position>
				<X>9</X>
				<Y>20</Y>
			</Position>
			<TemplateName>context_hr_image_divider</TemplateName>
			<Width>103</Width>
		</HorizontalResizeImageDef>
		<HorizontalResizeImageButtonDef>
			<ImageAreaTemplateName>arrow</ImageAreaTemplateName>
			<HRButtonTemplateName>context_hr_button_wtext</HRButtonTemplateName>
			<ImageOffset>
				<X>105</X>
				<Y>0</Y>
			</ImageOffset>
			<Label>Trasparenza Testo</Label>
			<Labelalignment>
				<CenterVertically>true</CenterVertically>
			</Labelalignment>
			<LabelIndent>3</LabelIndent>
			<Position>
				<X>3</X>
				<Y>22</Y>
			</Position>
			<Width>115</Width>
			<Onclickevent>ContextOnFontAlpha</Onclickevent>
			<Controlid>1001</Controlid>
		</HorizontalResizeImageButtonDef>
	</WindowTemplate>
	<WindowTemplate>
		<Name>context_window_alpha</Name>
		<Width>25</Width>
		<Height>160</Height>
		<WindowId>ContextWindowAlpha</WindowId>
		<FullResizeImageDef>
			<Height>160</Height>
			<Width>25</Width>
			<Position>
				<X>0</X>
				<Y>0</Y>
			</Position>
			<TemplateName>tool_tip_background</TemplateName>
		</FullResizeImageDef>
		<LabelDef>
			<Color>
				<R>255</R>
				<G>255</G>
				<B>255</B>
				<A>255</A>
			</Color>
			<FontName>chat_small</FontName>
			<Width>25</Width>
			<Height>16</Height>
			<MaxCharacters>1024</MaxCharacters>
			<Data/>
			<Position>
				<X>0</X>
				<Y>5</Y>
			</Position>
			<Alignment>
				<CenterHorizontally>true</CenterHorizontally>
			</Alignment>
			<Adapter>window_alpha_value</Adapter>
		</LabelDef>
		<VerticalSliderDef>
            <Position>
                <X>6</X>
                <Y>20</Y>
            </Position>
            <Alignment>TopLeft</Alignment>
            <Height>135</Height>
            <Numticks>100</Numticks>
            <Controlid>2000</Controlid>
            <OnClickEvent>ContextSetWindowAlpha</OnClickEvent>
            <Templatename>generic_vertical_slider</Templatename>
		</VerticalSliderDef>
	</WindowTemplate>
	<WindowTemplate>
		<Name>context_font_alpha</Name>
		<Width>25</Width>
		<Height>160</Height>
		<WindowId>ContextFontAlpha</WindowId>
		<FullResizeImageDef>
			<Height>160</Height>
			<Width>25</Width>
			<Position>
				<X>0</X>
				<Y>0</Y>
			</Position>
			<TemplateName>tool_tip_background</TemplateName>
		</FullResizeImageDef>
		<LabelDef>
			<Color>
				<R>255</R>
				<G>255</G>
				<B>255</B>
				<A>255</A>
			</Color>
			<FontName>chat_small</FontName>
			<Width>25</Width>
			<Height>16</Height>
			<MaxCharacters>1024</MaxCharacters>
			<Data/>
			<Position>
				<X>0</X>
				<Y>5</Y>
			</Position>
			<Alignment>
				<CenterHorizontally>true</CenterHorizontally>
			</Alignment>
			<Adapter>font_alpha_value</Adapter>
		</LabelDef>
		<VerticalSliderDef>
            <Position>
                <X>6</X>
                <Y>20</Y>
            </Position>
            <Alignment>TopLeft</Alignment>
            <Height>135</Height>
            <Numticks>100</Numticks>
            <Controlid>2001</Controlid>
            <OnClickEvent>ContextSetFontAlpha</OnClickEvent>
            <Templatename>generic_vertical_slider</Templatename>
		</VerticalSliderDef>
	</WindowTemplate>
	<WindowTemplate>
		<Name>context_font_size</Name>
		<Width>44</Width>
		<Height>184</Height>
		<WindowId>ContextFontSize</WindowId>
		<FullResizeImageDef>
			<Height>184</Height>
			<Width>44</Width>
			<Position>
				<X>0</X>
				<Y>0</Y>
			</Position>
			<TemplateName>tool_tip_background</TemplateName>
		</FullResizeImageDef>
		<HorizontalResizeImageButtonDef>
			<ImageAreaTemplateName>check_mark</ImageAreaTemplateName>
			<HRButtonTemplateName>context_hr_button_wtext</HRButtonTemplateName>
			<ImageOffset>
				<X>19</X>
				<Y>0</Y>
			</ImageOffset>
			<Label>9</Label>
			<Labelalignment>
				<CenterVertically>true</CenterVertically>
			</Labelalignment>
			<LabelIndent>3</LabelIndent>
			<Position>
				<X>3</X>
				<Y>3</Y>
			</Position>
			<Width>38</Width>
			<Onclickevent>ContextSetFontSize</Onclickevent>
			<Controlid>2002</Controlid>
		</HorizontalResizeImageButtonDef>
		<HorizontalResizeImageDef>
			<Position>
				<X>4</X>
				<Y>20</Y>
			</Position>
			<TemplateName>context_hr_image_divider</TemplateName>
			<Width>35</Width>
		</HorizontalResizeImageDef>]
		<HorizontalResizeImageButtonDef>
			<ImageAreaTemplateName>check_mark</ImageAreaTemplateName>
			<HRButtonTemplateName>context_hr_button_wtext</HRButtonTemplateName>
			<ImageOffset>
				<X>19</X>
				<Y>0</Y>
			</ImageOffset>
			<Label>10</Label>
			<Labelalignment>
				<CenterVertically>true</CenterVertically>
			</Labelalignment>
			<LabelIndent>3</LabelIndent>
			<Position>
				<X>3</X>
				<Y>21</Y>
			</Position>
			<Width>38</Width>
			<Onclickevent>ContextSetFontSize</Onclickevent>
			<Controlid>2003</Controlid>
		</HorizontalResizeImageButtonDef>
		<HorizontalResizeImageDef>
			<Position>
				<X>4</X>
				<Y>38</Y>
			</Position>
			<TemplateName>context_hr_image_divider</TemplateName>
			<Width>35</Width>
		</HorizontalResizeImageDef>
		<HorizontalResizeImageButtonDef>
			<ImageAreaTemplateName>check_mark</ImageAreaTemplateName>
			<HRButtonTemplateName>context_hr_button_wtext</HRButtonTemplateName>
			<ImageOffset>
				<X>19</X>
				<Y>0</Y>
			</ImageOffset>
			<Label>11</Label>
			<Labelalignment>
				<CenterVertically>true</CenterVertically>
			</Labelalignment>
			<LabelIndent>3</LabelIndent>
			<Position>
				<X>3</X>
				<Y>39</Y>
			</Position>
			<Width>38</Width>
			<Onclickevent>ContextSetFontSize</Onclickevent>
			<Controlid>2004</Controlid>
		</HorizontalResizeImageButtonDef>
		<HorizontalResizeImageDef>
			<Position>
				<X>4</X>
				<Y>56</Y>
			</Position>
			<TemplateName>context_hr_image_divider</TemplateName>
			<Width>35</Width>
		</HorizontalResizeImageDef>
		<HorizontalResizeImageButtonDef>
			<ImageAreaTemplateName>check_mark</ImageAreaTemplateName>
			<HRButtonTemplateName>context_hr_button_wtext</HRButtonTemplateName>
			<ImageOffset>
				<X>19</X>
				<Y>0</Y>
			</ImageOffset>
			<Label>12</Label>
			<Labelalignment>
				<CenterVertically>true</CenterVertically>
			</Labelalignment>
			<LabelIndent>3</LabelIndent>
			<Position>
				<X>3</X>
				<Y>57</Y>
			</Position>
			<Width>38</Width>
			<Onclickevent>ContextSetFontSize</Onclickevent>
			<Controlid>2005</Controlid>
		</HorizontalResizeImageButtonDef>
		<HorizontalResizeImageDef>
			<Position>
				<X>4</X>
				<Y>74</Y>
			</Position>
			<TemplateName>context_hr_image_divider</TemplateName>
			<Width>35</Width>
		</HorizontalResizeImageDef>
		<HorizontalResizeImageButtonDef>
			<ImageAreaTemplateName>check_mark</ImageAreaTemplateName>
			<HRButtonTemplateName>context_hr_button_wtext</HRButtonTemplateName>
			<ImageOffset>
				<X>19</X>
				<Y>0</Y>
			</ImageOffset>
			<Label>13</Label>
			<Labelalignment>
				<CenterVertically>true</CenterVertically>
			</Labelalignment>
			<LabelIndent>3</LabelIndent>
			<Position>
				<X>3</X>
				<Y>75</Y>
			</Position>
			<Width>38</Width>
			<Onclickevent>ContextSetFontSize</Onclickevent>
			<Controlid>2006</Controlid>
		</HorizontalResizeImageButtonDef>
		<HorizontalResizeImageDef>
			<Position>
				<X>4</X>
				<Y>92</Y>
			</Position>
			<TemplateName>context_hr_image_divider</TemplateName>
			<Width>35</Width>
		</HorizontalResizeImageDef>
		<HorizontalResizeImageButtonDef>
			<ImageAreaTemplateName>check_mark</ImageAreaTemplateName>
			<HRButtonTemplateName>context_hr_button_wtext</HRButtonTemplateName>
			<ImageOffset>
				<X>19</X>
				<Y>0</Y>
			</ImageOffset>
			<Label>14</Label>
			<Labelalignment>
				<CenterVertically>true</CenterVertically>
			</Labelalignment>
			<LabelIndent>3</LabelIndent>
			<Position>
				<X>3</X>
				<Y>93</Y>
			</Position>
			<Width>38</Width>
			<Onclickevent>ContextSetFontSize</Onclickevent>
			<Controlid>2007</Controlid>
		</HorizontalResizeImageButtonDef>
		<HorizontalResizeImageDef>
			<Position>
				<X>4</X>
				<Y>110</Y>
			</Position>
			<TemplateName>context_hr_image_divider</TemplateName>
			<Width>35</Width>
		</HorizontalResizeImageDef>
		<HorizontalResizeImageButtonDef>
			<ImageAreaTemplateName>check_mark</ImageAreaTemplateName>
			<HRButtonTemplateName>context_hr_button_wtext</HRButtonTemplateName>
			<ImageOffset>
				<X>19</X>
				<Y>0</Y>
			</ImageOffset>
			<Label>15</Label>
			<Labelalignment>
				<CenterVertically>true</CenterVertically>
			</Labelalignment>
			<LabelIndent>3</LabelIndent>
			<Position>
				<X>3</X>
				<Y>111</Y>
			</Position>
			<Width>38</Width>
			<Onclickevent>ContextSetFontSize</Onclickevent>
			<Controlid>2008</Controlid>
		</HorizontalResizeImageButtonDef>
		<HorizontalResizeImageDef>
			<Position>
				<X>4</X>
				<Y>128</Y>
			</Position>
			<TemplateName>context_hr_image_divider</TemplateName>
			<Width>35</Width>
		</HorizontalResizeImageDef>
		<HorizontalResizeImageButtonDef>
			<ImageAreaTemplateName>check_mark</ImageAreaTemplateName>
			<HRButtonTemplateName>context_hr_button_wtext</HRButtonTemplateName>
			<ImageOffset>
				<X>19</X>
				<Y>0</Y>
			</ImageOffset>
			<Label>16</Label>
			<Labelalignment>
				<CenterVertically>true</CenterVertically>
			</Labelalignment>
			<LabelIndent>3</LabelIndent>
			<Position>
				<X>3</X>
				<Y>129</Y>
			</Position>
			<Width>38</Width>
			<Onclickevent>ContextSetFontSize</Onclickevent>
			<Controlid>2009</Controlid>
		</HorizontalResizeImageButtonDef>
		<HorizontalResizeImageDef>
			<Position>
				<X>4</X>
				<Y>146</Y>
			</Position>
			<TemplateName>context_hr_image_divider</TemplateName>
			<Width>35</Width>
		</HorizontalResizeImageDef>
		<HorizontalResizeImageButtonDef>
			<ImageAreaTemplateName>check_mark</ImageAreaTemplateName>
			<HRButtonTemplateName>context_hr_button_wtext</HRButtonTemplateName>
			<ImageOffset>
				<X>19</X>
				<Y>0</Y>
			</ImageOffset>
			<Label>18</Label>
			<Labelalignment>
				<CenterVertically>true</CenterVertically>
			</Labelalignment>
			<LabelIndent>3</LabelIndent>
			<Position>
				<X>3</X>
				<Y>147</Y>
			</Position>
			<Width>38</Width>
			<Onclickevent>ContextSetFontSize</Onclickevent>
			<Controlid>2010</Controlid>
		</HorizontalResizeImageButtonDef>
		<HorizontalResizeImageDef>
			<Position>
				<X>4</X>
				<Y>164</Y>
			</Position>
			<TemplateName>context_hr_image_divider</TemplateName>
			<Width>35</Width>
		</HorizontalResizeImageDef>
		<HorizontalResizeImageButtonDef>
			<ImageAreaTemplateName>check_mark</ImageAreaTemplateName>
			<HRButtonTemplateName>context_hr_button_wtext</HRButtonTemplateName>
			<ImageOffset>
				<X>19</X>
				<Y>0</Y>
			</ImageOffset>
			<Label>21</Label>
			<Labelalignment>
				<CenterVertically>true</CenterVertically>
			</Labelalignment>
			<LabelIndent>3</LabelIndent>
			<Position>
				<X>3</X>
				<Y>165</Y>
			</Position>
			<Width>38</Width>
			<Onclickevent>ContextSetFontSize</Onclickevent>
			<Controlid>2011</Controlid>
		</HorizontalResizeImageButtonDef>
	</WindowTemplate>
	<WindowTemplate>
		<Name>context_default_channel</Name>
		<Width>110</Width>
		<Height>148</Height>
		<WindowId>ContextFontSize</WindowId>
		<FullResizeImageDef>
			<Height>148</Height>
			<Width>110</Width>
			<Position>
				<X>0</X>
				<Y>0</Y>
			</Position>
			<TemplateName>tool_tip_background</TemplateName>
		</FullResizeImageDef>
		<HorizontalResizeImageButtonDef>
			<ImageAreaTemplateName>check_mark</ImageAreaTemplateName>
			<HRButtonTemplateName>context_hr_button_wtext</HRButtonTemplateName>
			<ImageOffset>
				<X>85</X>
				<Y>0</Y>
			</ImageOffset>
			<Label>Nessuno</Label>
			<Labelalignment>
				<CenterVertically>true</CenterVertically>
			</Labelalignment>
			<LabelIndent>3</LabelIndent>
			<Position>
				<X>3</X>
				<Y>3</Y>
			</Position>
			<Width>104</Width>
			<Onclickevent>ContextSetDefaultChannel</Onclickevent>
			<Controlid>2012</Controlid>
		</HorizontalResizeImageButtonDef>
		<HorizontalResizeImageDef>
			<Position>
				<X>4</X>
				<Y>20</Y>
			</Position>
			<TemplateName>context_hr_image_divider</TemplateName>
			<Width>102</Width>
		</HorizontalResizeImageDef>]
		<HorizontalResizeImageButtonDef>
			<ImageAreaTemplateName>check_mark</ImageAreaTemplateName>
			<HRButtonTemplateName>context_hr_button_wtext</HRButtonTemplateName>
			<ImageOffset>
				<X>85</X>
				<Y>0</Y>
			</ImageOffset>
			<Label>Locale (/say)</Label>
			<Labelalignment>
				<CenterVertically>true</CenterVertically>
			</Labelalignment>
			<LabelIndent>3</LabelIndent>
			<Position>
				<X>3</X>
				<Y>21</Y>
			</Position>
			<Width>104</Width>
			<Onclickevent>ContextSetDefaultChannel</Onclickevent>
			<Controlid>2013</Controlid>
		</HorizontalResizeImageButtonDef>
		<HorizontalResizeImageDef>
			<Position>
				<X>4</X>
				<Y>38</Y>
			</Position>
			<TemplateName>context_hr_image_divider</TemplateName>
			<Width>102</Width>
		</HorizontalResizeImageDef>
		<HorizontalResizeImageButtonDef>
			<ImageAreaTemplateName>check_mark</ImageAreaTemplateName>
			<HRButtonTemplateName>context_hr_button_wtext</HRButtonTemplateName>
			<ImageOffset>
				<X>85</X>
				<Y>0</Y>
			</ImageOffset>
			<Label>Gruppo (/group)</Label>
			<Labelalignment>
				<CenterVertically>true</CenterVertically>
			</Labelalignment>
			<LabelIndent>3</LabelIndent>
			<Position>
				<X>3</X>
				<Y>39</Y>
			</Position>
			<Width>104</Width>
			<Onclickevent>ContextSetDefaultChannel</Onclickevent>
			<Controlid>2014</Controlid>
		</HorizontalResizeImageButtonDef>
		<HorizontalResizeImageDef>
			<Position>
				<X>4</X>
				<Y>56</Y>
			</Position>
			<TemplateName>context_hr_image_divider</TemplateName>
			<Width>102</Width>
		</HorizontalResizeImageDef>
		<HorizontalResizeImageButtonDef>
			<ImageAreaTemplateName>check_mark</ImageAreaTemplateName>
			<HRButtonTemplateName>context_hr_button_wtext</HRButtonTemplateName>
			<ImageOffset>
				<X>85</X>
				<Y>0</Y>
			</ImageOffset>
			<Label>Gilda (/guild)</Label>
			<Labelalignment>
				<CenterVertically>true</CenterVertically>
			</Labelalignment>
			<LabelIndent>3</LabelIndent>
			<Position>
				<X>3</X>
				<Y>57</Y>
			</Position>
			<Width>104</Width>
			<Onclickevent>ContextSetDefaultChannel</Onclickevent>
			<Controlid>2015</Controlid>
		</HorizontalResizeImageButtonDef>
		<HorizontalResizeImageDef>
			<Position>
				<X>4</X>
				<Y>74</Y>
			</Position>
			<TemplateName>context_hr_image_divider</TemplateName>
			<Width>102</Width>
		</HorizontalResizeImageDef>
		<HorizontalResizeImageButtonDef>
			<ImageAreaTemplateName>check_mark</ImageAreaTemplateName>
			<HRButtonTemplateName>context_hr_button_wtext</HRButtonTemplateName>
			<ImageOffset>
				<X>85</X>
				<Y>0</Y>
			</ImageOffset>
			<Label>Ufficiali (/officer)</Label>
			<Labelalignment>
				<CenterVertically>true</CenterVertically>
			</Labelalignment>
			<LabelIndent>3</LabelIndent>
			<Position>
				<X>3</X>
				<Y>75</Y>
			</Position>
			<Width>104</Width>
			<Onclickevent>ContextSetDefaultChannel</Onclickevent>
			<Controlid>2016</Controlid>
		</HorizontalResizeImageButtonDef>
		<HorizontalResizeImageDef>
			<Position>
				<X>4</X>
				<Y>92</Y>
			</Position>
			<TemplateName>context_hr_image_divider</TemplateName>
			<Width>102</Width>
		</HorizontalResizeImageDef>
		<HorizontalResizeImageButtonDef>
			<ImageAreaTemplateName>check_mark</ImageAreaTemplateName>
			<HRButtonTemplateName>context_hr_button_wtext</HRButtonTemplateName>
			<ImageOffset>
				<X>85</X>
				<Y>0</Y>
			</ImageOffset>
			<Label>Alleanza (/alliance)</Label>
			<Labelalignment>
				<CenterVertically>true</CenterVertically>
			</Labelalignment>
			<LabelIndent>3</LabelIndent>
			<Position>
				<X>3</X>
				<Y>93</Y>
			</Position>
			<Width>104</Width>
			<Onclickevent>ContextSetDefaultChannel</Onclickevent>
			<Controlid>2017</Controlid>
		</HorizontalResizeImageButtonDef>
		<HorizontalResizeImageDef>
			<Position>
				<X>4</X>
				<Y>110</Y>
			</Position>
			<TemplateName>context_hr_image_divider</TemplateName>
			<Width>102</Width>
		</HorizontalResizeImageDef>
		<HorizontalResizeImageButtonDef>
			<ImageAreaTemplateName>check_mark</ImageAreaTemplateName>
			<HRButtonTemplateName>context_hr_button_wtext</HRButtonTemplateName>
			<ImageOffset>
				<X>85</X>
				<Y>0</Y>
			</ImageOffset>
			<Label>Chat di Gruppo</Label>
			<Labelalignment>
				<CenterVertically>true</CenterVertically>
			</Labelalignment>
			<LabelIndent>3</LabelIndent>
			<Position>
				<X>3</X>
				<Y>111</Y>
			</Position>
			<Width>104</Width>
			<Onclickevent>ContextSetDefaultChannel</Onclickevent>
			<Controlid>2018</Controlid>
		</HorizontalResizeImageButtonDef>
		<HorizontalResizeImageDef>
			<Position>
				<X>4</X>
				<Y>128</Y>
			</Position>
			<TemplateName>context_hr_image_divider</TemplateName>
			<Width>102</Width>
		</HorizontalResizeImageDef>
		<HorizontalResizeImageButtonDef>
			<ImageAreaTemplateName>check_mark</ImageAreaTemplateName>
			<HRButtonTemplateName>context_hr_button_wtext</HRButtonTemplateName>
			<ImageOffset>
				<X>85</X>
				<Y>0</Y>
			</ImageOffset>
			<Label>Gruppo Batt. (/bg)</Label>
			<Labelalignment>
				<CenterVertically>true</CenterVertically>
			</Labelalignment>
			<LabelIndent>3</LabelIndent>
			<Position>
				<X>3</X>
				<Y>129</Y>
			</Position>
			<Width>104</Width>
			<Onclickevent>ContextSetDefaultChannel</Onclickevent>
			<Controlid>2019</Controlid>
		</HorizontalResizeImageButtonDef>
	</WindowTemplate>
</Root_Element>
