<?xml version="1.0" encoding="ISO-8859-1"?>
<Root_Element ID="DAOCUi">

<!-- @@ Edited with the DAoC User Interface Editor v1.75 -->
<!-- @@ Free download available at http://www.bradtownsend.com/daoced -->

  <Texture>
    <Name>atlantis_map_texture</Name>
    <File>custom/atlantis_maps.dds</File>
  </Texture>

  <CheckBoxTemplate>
    <Name>atlantis_map1</Name>
    <Size>
      <X>512</X>
      <Y>512</Y>
    </Size>
    <Font>
      <Name></Name>
      <ColorNormal>
        <R>255</R>
        <G>255</G>
        <B>255</B>
        <A>255</A>
      </ColorNormal>
      <ColorPressed>
        <R>255</R>
        <G>255</G>
        <B>255</B>
        <A>255</A>
      </ColorPressed>
      <ColorHighlit>
        <R>255</R>
        <G>255</G>
        <B>255</B>
        <A>255</A>
      </ColorHighlit>
      <ColorDisabled>
        <R>255</R>
        <G>255</G>
        <B>255</B>
        <A>255</A>
      </ColorDisabled>
      <TextOffset>
        <X>0</X>
        <Y>0</Y>
      </TextOffset>
      <TextAlignment>
        <TopLeft>true</TopLeft>
      </TextAlignment>
      <ChangeFontColor>false</ChangeFontColor>
    </Font>
    <Texture>
      <TextureName>atlantis_map_texture</TextureName>
      <Normal>
        <X>1536</X>
        <Y>1536</Y>
      </Normal>
      <Pressed>
        <X>0</X>
        <Y>0</Y>
      </Pressed>
      <NormalHighlit>
        <X>1536</X>
        <Y>1536</Y>
      </NormalHighlit>
      <PressedHighlit>
        <X>0</X>
        <Y>0</Y>
      </PressedHighlit>
      <Disabled>
        <X>1536</X>
        <Y>1536</Y>
      </Disabled>
    </Texture>
  </CheckBoxTemplate>

  <CheckBoxTemplate>
    <Name>atlantis_map2</Name>
    <Size>
      <X>512</X>
      <Y>512</Y>
    </Size>
    <Font>
      <Name></Name>
      <ColorNormal>
        <R>255</R>
        <G>255</G>
        <B>255</B>
        <A>255</A>
      </ColorNormal>
      <ColorPressed>
        <R>255</R>
        <G>255</G>
        <B>255</B>
        <A>255</A>
      </ColorPressed>
      <ColorHighlit>
        <R>255</R>
        <G>255</G>
        <B>255</B>
        <A>255</A>
      </ColorHighlit>
      <ColorDisabled>
        <R>255</R>
        <G>255</G>
        <B>255</B>
        <A>255</A>
      </ColorDisabled>
      <TextOffset>
        <X>0</X>
        <Y>0</Y>
      </TextOffset>
      <TextAlignment>
        <TopLeft>true</TopLeft>
      </TextAlignment>
      <ChangeFontColor>false</ChangeFontColor>
    </Font>
    <Texture>
      <TextureName>atlantis_map_texture</TextureName>
      <Normal>
        <X>1536</X>
        <Y>1536</Y>
      </Normal>
      <Pressed>
        <X>512</X>
        <Y>0</Y>
      </Pressed>
      <NormalHighlit>
        <X>1536</X>
        <Y>1536</Y>
      </NormalHighlit>
      <PressedHighlit>
        <X>512</X>
        <Y>0</Y>
      </PressedHighlit>
      <Disabled>
        <X>1536</X>
        <Y>1536</Y>
      </Disabled>
    </Texture>
  </CheckBoxTemplate>

  <CheckBoxTemplate>
    <Name>atlantis_map3</Name>
    <Size>
      <X>512</X>
      <Y>512</Y>
    </Size>
    <Font>
      <Name></Name>
      <ColorNormal>
        <R>255</R>
        <G>255</G>
        <B>255</B>
        <A>255</A>
      </ColorNormal>
      <ColorPressed>
        <R>255</R>
        <G>255</G>
        <B>255</B>
        <A>255</A>
      </ColorPressed>
      <ColorHighlit>
        <R>255</R>
        <G>255</G>
        <B>255</B>
        <A>255</A>
      </ColorHighlit>
      <ColorDisabled>
        <R>255</R>
        <G>255</G>
        <B>255</B>
        <A>255</A>
      </ColorDisabled>
      <TextOffset>
        <X>0</X>
        <Y>0</Y>
      </TextOffset>
      <TextAlignment>
        <TopLeft>true</TopLeft>
      </TextAlignment>
      <ChangeFontColor>false</ChangeFontColor>
    </Font>
    <Texture>
      <TextureName>atlantis_map_texture</TextureName>
      <Normal>
        <X>1536</X>
        <Y>1536</Y>
      </Normal>
      <Pressed>
        <X>1024</X>
        <Y>0</Y>
      </Pressed>
      <NormalHighlit>
        <X>1536</X>
        <Y>1536</Y>
      </NormalHighlit>
      <PressedHighlit>
        <X>1024</X>
        <Y>0</Y>
      </PressedHighlit>
      <Disabled>
        <X>1536</X>
        <Y>1536</Y>
      </Disabled>
    </Texture>
  </CheckBoxTemplate>

  <CheckBoxTemplate>
    <Name>atlantis_map4</Name>
    <Size>
      <X>512</X>
      <Y>512</Y>
    </Size>
    <Font>
      <Name></Name>
      <ColorNormal>
        <R>255</R>
        <G>255</G>
        <B>255</B>
        <A>255</A>
      </ColorNormal>
      <ColorPressed>
        <R>255</R>
        <G>255</G>
        <B>255</B>
        <A>255</A>
      </ColorPressed>
      <ColorHighlit>
        <R>255</R>
        <G>255</G>
        <B>255</B>
        <A>255</A>
      </ColorHighlit>
      <ColorDisabled>
        <R>255</R>
        <G>255</G>
        <B>255</B>
        <A>255</A>
      </ColorDisabled>
      <TextOffset>
        <X>0</X>
        <Y>0</Y>
      </TextOffset>
      <TextAlignment>
        <TopLeft>true</TopLeft>
      </TextAlignment>
      <ChangeFontColor>false</ChangeFontColor>
    </Font>
    <Texture>
      <TextureName>atlantis_map_texture</TextureName>
      <Normal>
        <X>1536</X>
        <Y>1536</Y>
      </Normal>
      <Pressed>
        <X>1536</X>
        <Y>0</Y>
      </Pressed>
      <NormalHighlit>
        <X>1536</X>
        <Y>1536</Y>
      </NormalHighlit>
      <PressedHighlit>
        <X>1536</X>
        <Y>0</Y>
      </PressedHighlit>
      <Disabled>
        <X>1536</X>
        <Y>1536</Y>
      </Disabled>
    </Texture>
  </CheckBoxTemplate>

  <CheckBoxTemplate>
    <Name>atlantis_map5</Name>
    <Size>
      <X>512</X>
      <Y>512</Y>
    </Size>
    <Font>
      <Name></Name>
      <ColorNormal>
        <R>255</R>
        <G>255</G>
        <B>255</B>
        <A>255</A>
      </ColorNormal>
      <ColorPressed>
        <R>255</R>
        <G>255</G>
        <B>255</B>
        <A>255</A>
      </ColorPressed>
      <ColorHighlit>
        <R>255</R>
        <G>255</G>
        <B>255</B>
        <A>255</A>
      </ColorHighlit>
      <ColorDisabled>
        <R>255</R>
        <G>255</G>
        <B>255</B>
        <A>255</A>
      </ColorDisabled>
      <TextOffset>
        <X>0</X>
        <Y>0</Y>
      </TextOffset>
      <TextAlignment>
        <TopLeft>true</TopLeft>
      </TextAlignment>
      <ChangeFontColor>false</ChangeFontColor>
    </Font>
    <Texture>
      <TextureName>atlantis_map_texture</TextureName>
      <Normal>
        <X>1536</X>
        <Y>1536</Y>
      </Normal>
      <Pressed>
        <X>0</X>
        <Y>512</Y>
      </Pressed>
      <NormalHighlit>
        <X>1536</X>
        <Y>1536</Y>
      </NormalHighlit>
      <PressedHighlit>
        <X>0</X>
        <Y>512</Y>
      </PressedHighlit>
      <Disabled>
        <X>1536</X>
        <Y>1536</Y>
      </Disabled>
    </Texture>
  </CheckBoxTemplate>

  <CheckBoxTemplate>
    <Name>atlantis_map6</Name>
    <Size>
      <X>512</X>
      <Y>512</Y>
    </Size>
    <Font>
      <Name></Name>
      <ColorNormal>
        <R>255</R>
        <G>255</G>
        <B>255</B>
        <A>255</A>
      </ColorNormal>
      <ColorPressed>
        <R>255</R>
        <G>255</G>
        <B>255</B>
        <A>255</A>
      </ColorPressed>
      <ColorHighlit>
        <R>255</R>
        <G>255</G>
        <B>255</B>
        <A>255</A>
      </ColorHighlit>
      <ColorDisabled>
        <R>255</R>
        <G>255</G>
        <B>255</B>
        <A>255</A>
      </ColorDisabled>
      <TextOffset>
        <X>0</X>
        <Y>0</Y>
      </TextOffset>
      <TextAlignment>
        <TopLeft>true</TopLeft>
      </TextAlignment>
      <ChangeFontColor>false</ChangeFontColor>
    </Font>
    <Texture>
      <TextureName>atlantis_map_texture</TextureName>
      <Normal>
        <X>1536</X>
        <Y>1536</Y>
      </Normal>
      <Pressed>
        <X>512</X>
        <Y>512</Y>
      </Pressed>
      <NormalHighlit>
        <X>1536</X>
        <Y>1536</Y>
      </NormalHighlit>
      <PressedHighlit>
        <X>512</X>
        <Y>512</Y>
      </PressedHighlit>
      <Disabled>
        <X>1536</X>
        <Y>1536</Y>
      </Disabled>
    </Texture>
  </CheckBoxTemplate>

  <CheckBoxTemplate>
    <Name>atlantis_map7</Name>
    <Size>
      <X>512</X>
      <Y>512</Y>
    </Size>
    <Font>
      <Name></Name>
      <ColorNormal>
        <R>255</R>
        <G>255</G>
        <B>255</B>
        <A>255</A>
      </ColorNormal>
      <ColorPressed>
        <R>255</R>
        <G>255</G>
        <B>255</B>
        <A>255</A>
      </ColorPressed>
      <ColorHighlit>
        <R>255</R>
        <G>255</G>
        <B>255</B>
        <A>255</A>
      </ColorHighlit>
      <ColorDisabled>
        <R>255</R>
        <G>255</G>
        <B>255</B>
        <A>255</A>
      </ColorDisabled>
      <TextOffset>
        <X>0</X>
        <Y>0</Y>
      </TextOffset>
      <TextAlignment>
        <TopLeft>true</TopLeft>
      </TextAlignment>
      <ChangeFontColor>false</ChangeFontColor>
    </Font>
    <Texture>
      <TextureName>atlantis_map_texture</TextureName>
      <Normal>
        <X>1536</X>
        <Y>1536</Y>
      </Normal>
      <Pressed>
        <X>1024</X>
        <Y>512</Y>
      </Pressed>
      <NormalHighlit>
        <X>1536</X>
        <Y>1536</Y>
      </NormalHighlit>
      <PressedHighlit>
        <X>1024</X>
        <Y>512</Y>
      </PressedHighlit>
      <Disabled>
        <X>1536</X>
        <Y>1536</Y>
      </Disabled>
    </Texture>
  </CheckBoxTemplate>

  <CheckBoxTemplate>
    <Name>atlantis_map8</Name>
    <Size>
      <X>512</X>
      <Y>512</Y>
    </Size>
    <Font>
      <Name></Name>
      <ColorNormal>
        <R>255</R>
        <G>255</G>
        <B>255</B>
        <A>255</A>
      </ColorNormal>
      <ColorPressed>
        <R>255</R>
        <G>255</G>
        <B>255</B>
        <A>255</A>
      </ColorPressed>
      <ColorHighlit>
        <R>255</R>
        <G>255</G>
        <B>255</B>
        <A>255</A>
      </ColorHighlit>
      <ColorDisabled>
        <R>255</R>
        <G>255</G>
        <B>255</B>
        <A>255</A>
      </ColorDisabled>
      <TextOffset>
        <X>0</X>
        <Y>0</Y>
      </TextOffset>
      <TextAlignment>
        <TopLeft>true</TopLeft>
      </TextAlignment>
      <ChangeFontColor>false</ChangeFontColor>
    </Font>
    <Texture>
      <TextureName>atlantis_map_texture</TextureName>
      <Normal>
        <X>1536</X>
        <Y>1536</Y>
      </Normal>
      <Pressed>
        <X>1536</X>
        <Y>512</Y>
      </Pressed>
      <NormalHighlit>
        <X>1536</X>
        <Y>1536</Y>
      </NormalHighlit>
      <PressedHighlit>
        <X>1536</X>
        <Y>512</Y>
      </PressedHighlit>
      <Disabled>
        <X>1536</X>
        <Y>1536</Y>
      </Disabled>
    </Texture>
  </CheckBoxTemplate>

  <CheckBoxTemplate>
    <Name>atlantis_map9</Name>
    <Size>
      <X>512</X>
      <Y>512</Y>
    </Size>
    <Font>
      <Name></Name>
      <ColorNormal>
        <R>255</R>
        <G>255</G>
        <B>255</B>
        <A>255</A>
      </ColorNormal>
      <ColorPressed>
        <R>255</R>
        <G>255</G>
        <B>255</B>
        <A>255</A>
      </ColorPressed>
      <ColorHighlit>
        <R>255</R>
        <G>255</G>
        <B>255</B>
        <A>255</A>
      </ColorHighlit>
      <ColorDisabled>
        <R>255</R>
        <G>255</G>
        <B>255</B>
        <A>255</A>
      </ColorDisabled>
      <TextOffset>
        <X>0</X>
        <Y>0</Y>
      </TextOffset>
      <TextAlignment>
        <TopLeft>true</TopLeft>
      </TextAlignment>
      <ChangeFontColor>false</ChangeFontColor>
    </Font>
    <Texture>
      <TextureName>atlantis_map_texture</TextureName>
      <Normal>
        <X>1536</X>
        <Y>1536</Y>
      </Normal>
      <Pressed>
        <X>0</X>
        <Y>1024</Y>
      </Pressed>
      <NormalHighlit>
        <X>1536</X>
        <Y>1536</Y>
      </NormalHighlit>
      <PressedHighlit>
        <X>0</X>
        <Y>1024</Y>
      </PressedHighlit>
      <Disabled>
        <X>1536</X>
        <Y>1536</Y>
      </Disabled>
    </Texture>
  </CheckBoxTemplate>

  <CheckBoxTemplate>
    <Name>atlantis_map10</Name>
    <Size>
      <X>512</X>
      <Y>512</Y>
    </Size>
    <Font>
      <Name></Name>
      <ColorNormal>
        <R>255</R>
        <G>255</G>
        <B>255</B>
        <A>255</A>
      </ColorNormal>
      <ColorPressed>
        <R>255</R>
        <G>255</G>
        <B>255</B>
        <A>255</A>
      </ColorPressed>
      <ColorHighlit>
        <R>255</R>
        <G>255</G>
        <B>255</B>
        <A>255</A>
      </ColorHighlit>
      <ColorDisabled>
        <R>255</R>
        <G>255</G>
        <B>255</B>
        <A>255</A>
      </ColorDisabled>
      <TextOffset>
        <X>0</X>
        <Y>0</Y>
      </TextOffset>
      <TextAlignment>
        <TopLeft>true</TopLeft>
      </TextAlignment>
      <ChangeFontColor>false</ChangeFontColor>
    </Font>
    <Texture>
      <TextureName>atlantis_map_texture</TextureName>
      <Normal>
        <X>1536</X>
        <Y>1536</Y>
      </Normal>
      <Pressed>
        <X>512</X>
        <Y>1024</Y>
      </Pressed>
      <NormalHighlit>
        <X>1536</X>
        <Y>1536</Y>
      </NormalHighlit>
      <PressedHighlit>
        <X>512</X>
        <Y>1024</Y>
      </PressedHighlit>
      <Disabled>
        <X>1536</X>
        <Y>1536</Y>
      </Disabled>
    </Texture>
  </CheckBoxTemplate>

  <CheckBoxTemplate>
    <Name>atlantis_map11</Name>
    <Size>
      <X>512</X>
      <Y>512</Y>
    </Size>
    <Font>
      <Name></Name>
      <ColorNormal>
        <R>255</R>
        <G>255</G>
        <B>255</B>
        <A>255</A>
      </ColorNormal>
      <ColorPressed>
        <R>255</R>
        <G>255</G>
        <B>255</B>
        <A>255</A>
      </ColorPressed>
      <ColorHighlit>
        <R>255</R>
        <G>255</G>
        <B>255</B>
        <A>255</A>
      </ColorHighlit>
      <ColorDisabled>
        <R>255</R>
        <G>255</G>
        <B>255</B>
        <A>255</A>
      </ColorDisabled>
      <TextOffset>
        <X>0</X>
        <Y>0</Y>
      </TextOffset>
      <TextAlignment>
        <TopLeft>true</TopLeft>
      </TextAlignment>
      <ChangeFontColor>false</ChangeFontColor>
    </Font>
    <Texture>
      <TextureName>atlantis_map_texture</TextureName>
      <Normal>
        <X>1536</X>
        <Y>1536</Y>
      </Normal>
      <Pressed>
        <X>1024</X>
        <Y>1024</Y>
      </Pressed>
      <NormalHighlit>
        <X>1536</X>
        <Y>1536</Y>
      </NormalHighlit>
      <PressedHighlit>
        <X>1024</X>
        <Y>1024</Y>
      </PressedHighlit>
      <Disabled>
        <X>1536</X>
        <Y>1536</Y>
      </Disabled>
    </Texture>
  </CheckBoxTemplate>

  <CheckBoxTemplate>
    <Name>atlantis_map12</Name>
    <Size>
      <X>512</X>
      <Y>512</Y>
    </Size>
    <Font>
      <Name></Name>
      <ColorNormal>
        <R>255</R>
        <G>255</G>
        <B>255</B>
        <A>255</A>
      </ColorNormal>
      <ColorPressed>
        <R>255</R>
        <G>255</G>
        <B>255</B>
        <A>255</A>
      </ColorPressed>
      <ColorHighlit>
        <R>255</R>
        <G>255</G>
        <B>255</B>
        <A>255</A>
      </ColorHighlit>
      <ColorDisabled>
        <R>255</R>
        <G>255</G>
        <B>255</B>
        <A>255</A>
      </ColorDisabled>
      <TextOffset>
        <X>0</X>
        <Y>0</Y>
      </TextOffset>
      <TextAlignment>
        <TopLeft>true</TopLeft>
      </TextAlignment>
      <ChangeFontColor>false</ChangeFontColor>
    </Font>
    <Texture>
      <TextureName>atlantis_map_texture</TextureName>
      <Normal>
        <X>1536</X>
        <Y>1536</Y>
      </Normal>
      <Pressed>
        <X>1536</X>
        <Y>1024</Y>
      </Pressed>
      <NormalHighlit>
        <X>1536</X>
        <Y>1536</Y>
      </NormalHighlit>
      <PressedHighlit>
        <X>1536</X>
        <Y>1024</Y>
      </PressedHighlit>
      <Disabled>
        <X>1536</X>
        <Y>1536</Y>
      </Disabled>
    </Texture>
  </CheckBoxTemplate>

  <CheckBoxTemplate>
    <Name>atlantis_map13</Name>
    <Size>
      <X>512</X>
      <Y>512</Y>
    </Size>
    <Font>
      <Name></Name>
      <ColorNormal>
        <R>255</R>
        <G>255</G>
        <B>255</B>
        <A>255</A>
      </ColorNormal>
      <ColorPressed>
        <R>255</R>
        <G>255</G>
        <B>255</B>
        <A>255</A>
      </ColorPressed>
      <ColorHighlit>
        <R>255</R>
        <G>255</G>
        <B>255</B>
        <A>255</A>
      </ColorHighlit>
      <ColorDisabled>
        <R>255</R>
        <G>255</G>
        <B>255</B>
        <A>255</A>
      </ColorDisabled>
      <TextOffset>
        <X>0</X>
        <Y>0</Y>
      </TextOffset>
      <TextAlignment>
        <TopLeft>true</TopLeft>
      </TextAlignment>
      <ChangeFontColor>false</ChangeFontColor>
    </Font>
    <Texture>
      <TextureName>atlantis_map_texture</TextureName>
      <Normal>
        <X>1536</X>
        <Y>1536</Y>
      </Normal>
      <Pressed>
        <X>0</X>
        <Y>1536</Y>
      </Pressed>
      <NormalHighlit>
        <X>1536</X>
        <Y>1536</Y>
      </NormalHighlit>
      <PressedHighlit>
        <X>0</X>
        <Y>1536</Y>
      </PressedHighlit>
      <Disabled>
        <X>1536</X>
        <Y>1536</Y>
      </Disabled>
    </Texture>
  </CheckBoxTemplate>

  <CheckBoxTemplate>
    <Name>atlantis_map14</Name>
    <Size>
      <X>512</X>
      <Y>512</Y>
    </Size>
    <Font>
      <Name></Name>
      <ColorNormal>
        <R>255</R>
        <G>255</G>
        <B>255</B>
        <A>255</A>
      </ColorNormal>
      <ColorPressed>
        <R>255</R>
        <G>255</G>
        <B>255</B>
        <A>255</A>
      </ColorPressed>
      <ColorHighlit>
        <R>255</R>
        <G>255</G>
        <B>255</B>
        <A>255</A>
      </ColorHighlit>
      <ColorDisabled>
        <R>255</R>
        <G>255</G>
        <B>255</B>
        <A>255</A>
      </ColorDisabled>
      <TextOffset>
        <X>0</X>
        <Y>0</Y>
      </TextOffset>
      <TextAlignment>
        <TopLeft>true</TopLeft>
      </TextAlignment>
      <ChangeFontColor>false</ChangeFontColor>
    </Font>
    <Texture>
      <TextureName>atlantis_map_texture</TextureName>
      <Normal>
        <X>1536</X>
        <Y>1536</Y>
      </Normal>
      <Pressed>
        <X>512</X>
        <Y>1536</Y>
      </Pressed>
      <NormalHighlit>
        <X>1536</X>
        <Y>1536</Y>
      </NormalHighlit>
      <PressedHighlit>
        <X>512</X>
        <Y>1536</Y>
      </PressedHighlit>
      <Disabled>
        <X>1536</X>
        <Y>1536</Y>
      </Disabled>
    </Texture>
  </CheckBoxTemplate>

  <CheckBoxTemplate>
    <Name>atlantis_map15</Name>
    <Size>
      <X>512</X>
      <Y>512</Y>
    </Size>
    <Font>
      <Name></Name>
      <ColorNormal>
        <R>255</R>
        <G>255</G>
        <B>255</B>
        <A>255</A>
      </ColorNormal>
      <ColorPressed>
        <R>255</R>
        <G>255</G>
        <B>255</B>
        <A>255</A>
      </ColorPressed>
      <ColorHighlit>
        <R>255</R>
        <G>255</G>
        <B>255</B>
        <A>255</A>
      </ColorHighlit>
      <ColorDisabled>
        <R>255</R>
        <G>255</G>
        <B>255</B>
        <A>255</A>
      </ColorDisabled>
      <TextOffset>
        <X>0</X>
        <Y>0</Y>
      </TextOffset>
      <TextAlignment>
        <TopLeft>true</TopLeft>
      </TextAlignment>
      <ChangeFontColor>false</ChangeFontColor>
    </Font>
    <Texture>
      <TextureName>atlantis_map_texture</TextureName>
      <Normal>
        <X>1536</X>
        <Y>1536</Y>
      </Normal>
      <Pressed>
        <X>1024</X>
        <Y>1536</Y>
      </Pressed>
      <NormalHighlit>
        <X>1536</X>
        <Y>1536</Y>
      </NormalHighlit>
      <PressedHighlit>
        <X>1024</X>
        <Y>1536</Y>
      </PressedHighlit>
      <Disabled>
        <X>1536</X>
        <Y>1536</Y>
      </Disabled>
    </Texture>
  </CheckBoxTemplate>

  <WindowTemplate>
    <Name>custom11_window</Name>
    <WindowId>custom11_window</WindowId>
    <CloseButton>true</CloseButton>
    <MoveButton>true</MoveButton>
    <TopRightResizeButton>false</TopRightResizeButton>
    <BottomRightResizeButton>false</BottomRightResizeButton>
    <BottomLeftResizeButton>false</BottomLeftResizeButton>
    <ResizeButtonOffsetX>0</ResizeButtonOffsetX>
    <ResizeButtonOffsetY>0</ResizeButtonOffsetY>
    <TitleWidth>150</TitleWidth>
    <TitleHeight>3</TitleHeight>
    <Width>150</Width>
    <Height>256</Height>
    <ResizeableWidth>0</ResizeableWidth>
    <ResizeableHeight>0</ResizeableHeight>
    <ResizeableTwoWayWidth>0</ResizeableTwoWayWidth>
    <ResizeableTwoWayHeight>0</ResizeableTwoWayHeight>
    <MinWidth>150</MinWidth>
    <MinHeight>256</MinHeight>

    <FullResizeImageDef>
      <ControlId>BackgroundImage</ControlId>
      <Position>
        <X>0</X>
        <Y>0</Y>
      </Position>
      <Alignment>
        <TopLeft>true</TopLeft>
      </Alignment>
      <TemplateName>valmer_box</TemplateName>
      <Width>150</Width>
      <Height>256</Height>
    </FullResizeImageDef>

    <LabelDef>
      <ControlId></ControlId>
      <Position>
        <X>14</X>
        <Y>3</Y>
      </Position>
      <Alignment>
        <TopLeft>true</TopLeft>
      </Alignment>
      <FontName>title</FontName>
      <Adapter></Adapter>
      <ColorAdapter></ColorAdapter>
      <Width>100</Width>
      <Height>16</Height>
      <MaxCharacters>30</MaxCharacters>
      <Color>
        <R>255</R>
        <G>204</G>
        <B>0</B>
        <A>255</A>
      </Color>
      <Data>Atlantis</Data>
      <EndAligned>false</EndAligned>
      <TextCentered>false</TextCentered>
    </LabelDef>

    <HorizontalResizeImageDef>
      <ControlId></ControlId>
      <Position>
        <X>3</X>
        <Y>23</Y>
      </Position>
      <Alignment>
        <TopLeft>true</TopLeft>
      </Alignment>
      <TemplateName>divider</TemplateName>
      <Width>144</Width>
    </HorizontalResizeImageDef>

    <LabelDef>
      <ControlId></ControlId>
      <Position>
        <X>8</X>
        <Y>25</Y>
      </Position>
      <Alignment>
        <TopLeft>true</TopLeft>
      </Alignment>
      <FontName>arial11</FontName>
      <Adapter></Adapter>
      <ColorAdapter></ColorAdapter>
      <Width>118</Width>
      <Height>16</Height>
      <MaxCharacters>32</MaxCharacters>
      <Color>
        <R>153</R>
        <G>255</G>
        <B>255</B>
        <A>0</A>
      </Color>
      <Data>Oc. Hesperos</Data>
      <EndAligned>false</EndAligned>
      <TextCentered>false</TextCentered>
    </LabelDef>

    <LabelDef>
      <ControlId></ControlId>
      <Position>
        <X>8</X>
        <Y>40</Y>
      </Position>
      <Alignment>
        <TopLeft>true</TopLeft>
      </Alignment>
      <FontName>arial11</FontName>
      <Adapter></Adapter>
      <ColorAdapter></ColorAdapter>
      <Width>118</Width>
      <Height>16</Height>
      <MaxCharacters>32</MaxCharacters>
      <Color>
        <R>153</R>
        <G>255</G>
        <B>255</B>
        <A>255</A>
      </Color>
      <Data>Oc. Mesothalassa</Data>
      <EndAligned>false</EndAligned>
      <TextCentered>false</TextCentered>
    </LabelDef>

    <LabelDef>
      <ControlId></ControlId>
      <Position>
        <X>8</X>
        <Y>55</Y>
      </Position>
      <Alignment>
        <TopLeft>true</TopLeft>
      </Alignment>
      <FontName>arial11</FontName>
      <Adapter></Adapter>
      <ColorAdapter></ColorAdapter>
      <Width>118</Width>
      <Height>16</Height>
      <MaxCharacters>32</MaxCharacters>
      <Color>
        <R>153</R>
        <G>255</G>
        <B>255</B>
        <A>255</A>
      </Color>
      <Data>Oc. Anatole</Data>
      <EndAligned>false</EndAligned>
      <TextCentered>false</TextCentered>
    </LabelDef>

    <LabelDef>
      <ControlId></ControlId>
      <Position>
        <X>8</X>
        <Y>70</Y>
      </Position>
      <Alignment>
        <TopLeft>true</TopLeft>
      </Alignment>
      <FontName>arial11</FontName>
      <Adapter></Adapter>
      <ColorAdapter></ColorAdapter>
      <Width>118</Width>
      <Height>16</Height>
      <MaxCharacters>32</MaxCharacters>
      <Color>
        <R>153</R>
        <G>255</G>
        <B>255</B>
        <A>255</A>
      </Color>
      <Data>Oc. Boreal</Data>
      <EndAligned>false</EndAligned>
      <TextCentered>false</TextCentered>
    </LabelDef>

    <LabelDef>
      <ControlId></ControlId>
      <Position>
        <X>8</X>
        <Y>85</Y>
      </Position>
      <Alignment>
        <TopLeft>true</TopLeft>
      </Alignment>
      <FontName>arial11</FontName>
      <Adapter></Adapter>
      <ColorAdapter></ColorAdapter>
      <Width>118</Width>
      <Height>16</Height>
      <MaxCharacters>32</MaxCharacters>
      <Color>
        <R>153</R>
        <G>255</G>
        <B>255</B>
        <A>255</A>
      </Color>
      <Data>Oc. Notos</Data>
      <EndAligned>false</EndAligned>
      <TextCentered>false</TextCentered>
    </LabelDef>

    <LabelDef>
      <ControlId></ControlId>
      <Position>
        <X>8</X>
        <Y>100</Y>
      </Position>
      <Alignment>
        <TopLeft>true</TopLeft>
      </Alignment>
      <FontName>arial11</FontName>
      <Adapter></Adapter>
      <ColorAdapter></ColorAdapter>
      <Width>118</Width>
      <Height>16</Height>
      <MaxCharacters>32</MaxCharacters>
      <Color>
        <R>204</R>
        <G>204</G>
        <B>0</B>
        <A>255</A>
      </Color>
      <Data>Stygia</Data>
      <EndAligned>false</EndAligned>
      <TextCentered>false</TextCentered>
    </LabelDef>

    <LabelDef>
      <ControlId></ControlId>
      <Position>
        <X>8</X>
        <Y>115</Y>
      </Position>
      <Alignment>
        <TopLeft>true</TopLeft>
      </Alignment>
      <FontName>arial11</FontName>
      <Adapter></Adapter>
      <ColorAdapter></ColorAdapter>
      <Width>118</Width>
      <Height>16</Height>
      <MaxCharacters>32</MaxCharacters>
      <Color>
        <R>204</R>
        <G>204</G>
        <B>0</B>
        <A>255</A>
      </Color>
      <Data>Terra di Atum</Data>
      <EndAligned>false</EndAligned>
      <TextCentered>false</TextCentered>
    </LabelDef>

    <LabelDef>
      <ControlId></ControlId>
      <Position>
        <X>8</X>
        <Y>130</Y>
      </Position>
      <Alignment>
        <TopLeft>true</TopLeft>
      </Alignment>
      <FontName>arial11</FontName>
      <Adapter></Adapter>
      <ColorAdapter></ColorAdapter>
      <Width>118</Width>
      <Height>16</Height>
      <MaxCharacters>32</MaxCharacters>
      <Color>
        <R>255</R>
        <G>153</G>
        <B>153</B>
        <A>255</A>
      </Color>
      <Data>Typhon's Reach</Data>
      <EndAligned>false</EndAligned>
      <TextCentered>false</TextCentered>
    </LabelDef>

    <LabelDef>
      <ControlId></ControlId>
      <Position>
        <X>8</X>
        <Y>145</Y>
      </Position>
      <Alignment>
        <TopLeft>true</TopLeft>
      </Alignment>
      <FontName>arial11</FontName>
      <Adapter></Adapter>
      <ColorAdapter></ColorAdapter>
      <Width>118</Width>
      <Height>16</Height>
      <MaxCharacters>32</MaxCharacters>
      <Color>
        <R>255</R>
        <G>153</G>
        <B>153</B>
        <A>255</A>
      </Color>
      <Data>Ashen Isle</Data>
      <EndAligned>false</EndAligned>
      <TextCentered>false</TextCentered>
    </LabelDef>

    <LabelDef>
      <ControlId></ControlId>
      <Position>
        <X>8</X>
        <Y>160</Y>
      </Position>
      <Alignment>
        <TopLeft>true</TopLeft>
      </Alignment>
      <FontName>arial11</FontName>
      <Adapter></Adapter>
      <ColorAdapter></ColorAdapter>
      <Width>118</Width>
      <Height>16</Height>
      <MaxCharacters>32</MaxCharacters>
      <Color>
        <R>153</R>
        <G>255</G>
        <B>153</B>
        <A>255</A>
      </Color>
      <Data>Green Glades</Data>
      <EndAligned>false</EndAligned>
      <TextCentered>false</TextCentered>
    </LabelDef>

    <LabelDef>
      <ControlId></ControlId>
      <Position>
        <X>8</X>
        <Y>175</Y>
      </Position>
      <Alignment>
        <TopLeft>true</TopLeft>
      </Alignment>
      <FontName>arial11</FontName>
      <Adapter></Adapter>
      <ColorAdapter></ColorAdapter>
      <Width>118</Width>
      <Height>16</Height>
      <MaxCharacters>32</MaxCharacters>
      <Color>
        <R>153</R>
        <G>255</G>
        <B>153</B>
        <A>255</A>
      </Color>
      <Data>Arbor Glen</Data>
      <EndAligned>false</EndAligned>
      <TextCentered>false</TextCentered>
    </LabelDef>

    <LabelDef>
      <ControlId></ControlId>
      <Position>
        <X>8</X>
        <Y>190</Y>
      </Position>
      <Alignment>
        <TopLeft>true</TopLeft>
      </Alignment>
      <FontName>arial11</FontName>
      <Adapter></Adapter>
      <ColorAdapter></ColorAdapter>
      <Width>118</Width>
      <Height>16</Height>
      <MaxCharacters>32</MaxCharacters>
      <Color>
        <R>204</R>
        <G>204</G>
        <B>204</B>
        <A>255</A>
      </Color>
      <Data>Sobekite Et. ML2</Data>
      <EndAligned>false</EndAligned>
      <TextCentered>false</TextCentered>
    </LabelDef>

    <LabelDef>
      <ControlId></ControlId>
      <Position>
        <X>8</X>
        <Y>205</Y>
      </Position>
      <Alignment>
        <TopLeft>true</TopLeft>
      </Alignment>
      <FontName>arial11</FontName>
      <Adapter></Adapter>
      <ColorAdapter></ColorAdapter>
      <Width>118</Width>
      <Height>16</Height>
      <MaxCharacters>32</MaxCharacters>
      <Color>
        <R>204</R>
        <G>204</G>
        <B>204</B>
        <A>255</A>
      </Color>
      <Data>Temple Twilight ML3</Data>
      <EndAligned>false</EndAligned>
      <TextCentered>false</TextCentered>
    </LabelDef>

    <LabelDef>
      <ControlId></ControlId>
      <Position>
        <X>8</X>
        <Y>220</Y>
      </Position>
      <Alignment>
        <TopLeft>true</TopLeft>
      </Alignment>
      <FontName>arial11</FontName>
      <Adapter></Adapter>
      <ColorAdapter></ColorAdapter>
      <Width>118</Width>
      <Height>16</Height>
      <MaxCharacters>32</MaxCharacters>
      <Color>
        <R>204</R>
        <G>204</G>
        <B>204</B>
        <A>255</A>
      </Color>
      <Data>Necropolis ML5</Data>
      <EndAligned>false</EndAligned>
      <TextCentered>false</TextCentered>
    </LabelDef>

    <LabelDef>
      <ControlId></ControlId>
      <Position>
        <X>8</X>
        <Y>235</Y>
      </Position>
      <Alignment>
        <TopLeft>true</TopLeft>
      </Alignment>
      <FontName>arial11</FontName>
      <Adapter></Adapter>
      <ColorAdapter></ColorAdapter>
      <Width>128</Width>
      <Height>16</Height>
      <MaxCharacters>32</MaxCharacters>
      <Color>
        <R>204</R>
        <G>204</G>
        <B>204</B>
        <A>255</A>
      </Color>
      <Data>Deep Volcanus ML7</Data>
      <EndAligned>false</EndAligned>
      <TextCentered>false</TextCentered>
    </LabelDef>

    <ImageAreaDef>
      <ControlId></ControlId>
      <Position>
        <X>130</X>
        <Y>7</Y>
      </Position>
      <Alignment>
        <TopLeft>true</TopLeft>
      </Alignment>
      <TemplateName>button_map_ovw</TemplateName>
    </ImageAreaDef>

    <ImageAreaDef>
      <ControlId></ControlId>
      <Position>
        <X>130</X>
        <Y>25</Y>
      </Position>
      <Alignment>
        <TopLeft>true</TopLeft>
      </Alignment>
      <TemplateName>button_map_norm</TemplateName>
    </ImageAreaDef>

    <ImageAreaDef>
      <ControlId></ControlId>
      <Position>
        <X>130</X>
        <Y>40</Y>
      </Position>
      <Alignment>
        <TopLeft>true</TopLeft>
      </Alignment>
      <TemplateName>button_map_norm</TemplateName>
    </ImageAreaDef>

    <ImageAreaDef>
      <ControlId></ControlId>
      <Position>
        <X>130</X>
        <Y>55</Y>
      </Position>
      <Alignment>
        <TopLeft>true</TopLeft>
      </Alignment>
      <TemplateName>button_map_norm</TemplateName>
    </ImageAreaDef>

    <ImageAreaDef>
      <ControlId></ControlId>
      <Position>
        <X>130</X>
        <Y>70</Y>
      </Position>
      <Alignment>
        <TopLeft>true</TopLeft>
      </Alignment>
      <TemplateName>button_map_norm</TemplateName>
    </ImageAreaDef>

    <ImageAreaDef>
      <ControlId></ControlId>
      <Position>
        <X>130</X>
        <Y>85</Y>
      </Position>
      <Alignment>
        <TopLeft>true</TopLeft>
      </Alignment>
      <TemplateName>button_map_norm</TemplateName>
    </ImageAreaDef>

    <ImageAreaDef>
      <ControlId></ControlId>
      <Position>
        <X>130</X>
        <Y>100</Y>
      </Position>
      <Alignment>
        <TopLeft>true</TopLeft>
      </Alignment>
      <TemplateName>button_map_norm</TemplateName>
    </ImageAreaDef>

    <ImageAreaDef>
      <ControlId></ControlId>
      <Position>
        <X>130</X>
        <Y>115</Y>
      </Position>
      <Alignment>
        <TopLeft>true</TopLeft>
      </Alignment>
      <TemplateName>button_map_norm</TemplateName>
    </ImageAreaDef>

    <ImageAreaDef>
      <ControlId></ControlId>
      <Position>
        <X>130</X>
        <Y>130</Y>
      </Position>
      <Alignment>
        <TopLeft>true</TopLeft>
      </Alignment>
      <TemplateName>button_map_norm</TemplateName>
    </ImageAreaDef>

    <ImageAreaDef>
      <ControlId></ControlId>
      <Position>
        <X>130</X>
        <Y>145</Y>
      </Position>
      <Alignment>
        <TopLeft>true</TopLeft>
      </Alignment>
      <TemplateName>button_map_norm</TemplateName>
    </ImageAreaDef>

    <ImageAreaDef>
      <ControlId></ControlId>
      <Position>
        <X>130</X>
        <Y>160</Y>
      </Position>
      <Alignment>
        <TopLeft>true</TopLeft>
      </Alignment>
      <TemplateName>button_map_norm</TemplateName>
    </ImageAreaDef>

    <ImageAreaDef>
      <ControlId></ControlId>
      <Position>
        <X>130</X>
        <Y>175</Y>
      </Position>
      <Alignment>
        <TopLeft>true</TopLeft>
      </Alignment>
      <TemplateName>button_map_norm</TemplateName>
    </ImageAreaDef>

    <ImageAreaDef>
      <ControlId></ControlId>
      <Position>
        <X>130</X>
        <Y>190</Y>
      </Position>
      <Alignment>
        <TopLeft>true</TopLeft>
      </Alignment>
      <TemplateName>button_map_norm</TemplateName>
    </ImageAreaDef>

    <ImageAreaDef>
      <ControlId></ControlId>
      <Position>
        <X>130</X>
        <Y>205</Y>
      </Position>
      <Alignment>
        <TopLeft>true</TopLeft>
      </Alignment>
      <TemplateName>button_map_norm</TemplateName>
    </ImageAreaDef>

    <ImageAreaDef>
      <ControlId></ControlId>
      <Position>
        <X>130</X>
        <Y>220</Y>
      </Position>
      <Alignment>
        <TopLeft>true</TopLeft>
      </Alignment>
      <TemplateName>button_map_norm</TemplateName>
    </ImageAreaDef>

    <ImageAreaDef>
      <ControlId></ControlId>
      <Position>
        <X>130</X>
        <Y>235</Y>
      </Position>
      <Alignment>
        <TopLeft>true</TopLeft>
      </Alignment>
      <TemplateName>button_map_norm</TemplateName>
    </ImageAreaDef>

    <CheckBoxDef>
      <ControlId>668</ControlId>
      <Position>
        <X>130</X>
        <Y>8</Y>
      </Position>
      <Alignment>
        <TopLeft>true</TopLeft>
      </Alignment>
      <TemplateName>common_map12</TemplateName>
      <AdapterName>none</AdapterName>
      <TextAdapterName></TextAdapterName>
      <Data></Data>
      <LabelWidth>0</LabelWidth>
    </CheckBoxDef>

    <CheckBoxDef>
      <ControlId>669</ControlId>
      <Position>
        <X>130</X>
        <Y>25</Y>
      </Position>
      <Alignment>
        <TopLeft>true</TopLeft>
      </Alignment>
      <TemplateName>atlantis_map1</TemplateName>
      <AdapterName>none</AdapterName>
      <TextAdapterName></TextAdapterName>
      <Data></Data>
      <LabelWidth>0</LabelWidth>
    </CheckBoxDef>

    <CheckBoxDef>
      <ControlId>670</ControlId>
      <Position>
        <X>130</X>
        <Y>40</Y>
      </Position>
      <Alignment>
        <TopLeft>true</TopLeft>
      </Alignment>
      <TemplateName>atlantis_map2</TemplateName>
      <AdapterName>none</AdapterName>
      <TextAdapterName></TextAdapterName>
      <Data></Data>
      <LabelWidth>0</LabelWidth>
    </CheckBoxDef>

    <CheckBoxDef>
      <ControlId>671</ControlId>
      <Position>
        <X>130</X>
        <Y>55</Y>
      </Position>
      <Alignment>
        <TopLeft>true</TopLeft>
      </Alignment>
      <TemplateName>atlantis_map3</TemplateName>
      <AdapterName>none</AdapterName>
      <TextAdapterName></TextAdapterName>
      <Data></Data>
      <LabelWidth>0</LabelWidth>
    </CheckBoxDef>

    <CheckBoxDef>
      <ControlId>672</ControlId>
      <Position>
        <X>130</X>
        <Y>70</Y>
      </Position>
      <Alignment>
        <TopLeft>true</TopLeft>
      </Alignment>
      <TemplateName>atlantis_map4</TemplateName>
      <AdapterName>none</AdapterName>
      <TextAdapterName></TextAdapterName>
      <Data></Data>
      <LabelWidth>0</LabelWidth>
    </CheckBoxDef>

    <CheckBoxDef>
      <ControlId>673</ControlId>
      <Position>
        <X>130</X>
        <Y>85</Y>
      </Position>
      <Alignment>
        <TopLeft>true</TopLeft>
      </Alignment>
      <TemplateName>atlantis_map8</TemplateName>
      <AdapterName>none</AdapterName>
      <TextAdapterName></TextAdapterName>
      <Data></Data>
      <LabelWidth>0</LabelWidth>
    </CheckBoxDef>

    <CheckBoxDef>
      <ControlId>674</ControlId>
      <Position>
        <X>130</X>
        <Y>100</Y>
      </Position>
      <Alignment>
        <TopLeft>true</TopLeft>
      </Alignment>
      <TemplateName>atlantis_map6</TemplateName>
      <AdapterName>none</AdapterName>
      <TextAdapterName></TextAdapterName>
      <Data></Data>
      <LabelWidth>0</LabelWidth>
    </CheckBoxDef>

    <CheckBoxDef>
      <ControlId>675</ControlId>
      <Position>
        <X>130</X>
        <Y>115</Y>
      </Position>
      <Alignment>
        <TopLeft>true</TopLeft>
      </Alignment>
      <TemplateName>atlantis_map5</TemplateName>
      <AdapterName>none</AdapterName>
      <TextAdapterName></TextAdapterName>
      <Data></Data>
      <LabelWidth>0</LabelWidth>
    </CheckBoxDef>

    <CheckBoxDef>
      <ControlId>676</ControlId>
      <Position>
        <X>130</X>
        <Y>130</Y>
      </Position>
      <Alignment>
        <TopLeft>true</TopLeft>
      </Alignment>
      <TemplateName>atlantis_map9</TemplateName>
      <AdapterName>none</AdapterName>
      <TextAdapterName></TextAdapterName>
      <Data></Data>
      <LabelWidth>0</LabelWidth>
    </CheckBoxDef>

    <CheckBoxDef>
      <ControlId>677</ControlId>
      <Position>
        <X>130</X>
        <Y>145</Y>
      </Position>
      <Alignment>
        <TopLeft>true</TopLeft>
      </Alignment>
      <TemplateName>atlantis_map10</TemplateName>
      <AdapterName>none</AdapterName>
      <TextAdapterName></TextAdapterName>
      <Data></Data>
      <LabelWidth>0</LabelWidth>
    </CheckBoxDef>

    <CheckBoxDef>
      <ControlId>678</ControlId>
      <Position>
        <X>130</X>
        <Y>160</Y>
      </Position>
      <Alignment>
        <TopLeft>true</TopLeft>
      </Alignment>
      <TemplateName>atlantis_map13</TemplateName>
      <AdapterName>none</AdapterName>
      <TextAdapterName></TextAdapterName>
      <Data></Data>
      <LabelWidth>0</LabelWidth>
    </CheckBoxDef>

    <CheckBoxDef>
      <ControlId>679</ControlId>
      <Position>
        <X>130</X>
        <Y>175</Y>
      </Position>
      <Alignment>
        <TopLeft>true</TopLeft>
      </Alignment>
      <TemplateName>atlantis_map14</TemplateName>
      <AdapterName>none</AdapterName>
      <TextAdapterName></TextAdapterName>
      <Data></Data>
      <LabelWidth>0</LabelWidth>
    </CheckBoxDef>

    <CheckBoxDef>
      <ControlId>680</ControlId>
      <Position>
        <X>130</X>
        <Y>190</Y>
      </Position>
      <Alignment>
        <TopLeft>true</TopLeft>
      </Alignment>
      <TemplateName>atlantis_map11</TemplateName>
      <AdapterName>none</AdapterName>
      <TextAdapterName></TextAdapterName>
      <Data></Data>
      <LabelWidth>0</LabelWidth>
    </CheckBoxDef>

    <CheckBoxDef>
      <ControlId>681</ControlId>
      <Position>
        <X>130</X>
        <Y>205</Y>
      </Position>
      <Alignment>
        <TopLeft>true</TopLeft>
      </Alignment>
      <TemplateName>atlantis_map15</TemplateName>
      <AdapterName>none</AdapterName>
      <TextAdapterName></TextAdapterName>
      <Data></Data>
      <LabelWidth>0</LabelWidth>
    </CheckBoxDef>

    <CheckBoxDef>
      <ControlId>681</ControlId>
      <Position>
        <X>130</X>
        <Y>220</Y>
      </Position>
      <Alignment>
        <TopLeft>true</TopLeft>
      </Alignment>
      <TemplateName>atlantis_map7</TemplateName>
      <AdapterName>none</AdapterName>
      <TextAdapterName></TextAdapterName>
      <Data></Data>
      <LabelWidth>0</LabelWidth>
    </CheckBoxDef>

    <CheckBoxDef>
      <ControlId>680</ControlId>
      <Position>
        <X>130</X>
        <Y>235</Y>
      </Position>
      <Alignment>
        <TopLeft>true</TopLeft>
      </Alignment>
      <TemplateName>atlantis_map12</TemplateName>
      <AdapterName>none</AdapterName>
      <TextAdapterName></TextAdapterName>
      <Data></Data>
      <LabelWidth>0</LabelWidth>
    </CheckBoxDef>

  </WindowTemplate>

</Root_Element>
