<?xml version="1.0" encoding="ISO-8859-1"?>
<Root_Element ID="DAOCUi">

<!-- @@ Edited with the DAoC User Interface Editor v1.75 -->
<!-- @@ Free download available at http://www.bradtownsend.com/daoced -->

  <Texture>
    <Name>si_alb_map_texture</Name>
    <File>custom/si_alb_maps.dds</File>
  </Texture>

  <CheckBoxTemplate>
    <Name>si_alb_map1</Name>
    <Size>
      <X>512</X>
      <Y>512</Y>
    </Size>
    <Font>
      <Name></Name>
      <ColorNormal>
        <R>255</R>
        <G>255</G>
        <B>255</B>
        <A>255</A>
      </ColorNormal>
      <ColorPressed>
        <R>255</R>
        <G>255</G>
        <B>255</B>
        <A>255</A>
      </ColorPressed>
      <ColorHighlit>
        <R>255</R>
        <G>255</G>
        <B>255</B>
        <A>255</A>
      </ColorHighlit>
      <ColorDisabled>
        <R>255</R>
        <G>255</G>
        <B>255</B>
        <A>255</A>
      </ColorDisabled>
      <TextOffset>
        <X>0</X>
        <Y>0</Y>
      </TextOffset>
      <TextAlignment>
        <TopLeft>true</TopLeft>
      </TextAlignment>
      <ChangeFontColor>false</ChangeFontColor>
    </Font>
    <Texture>
      <TextureName>si_alb_map_texture</TextureName>
      <Normal>
        <X>1536</X>
        <Y>1536</Y>
      </Normal>
      <Pressed>
        <X>0</X>
        <Y>0</Y>
      </Pressed>
      <NormalHighlit>
        <X>1536</X>
        <Y>1536</Y>
      </NormalHighlit>
      <PressedHighlit>
        <X>0</X>
        <Y>0</Y>
      </PressedHighlit>
      <Disabled>
        <X>1536</X>
        <Y>1536</Y>
      </Disabled>
    </Texture>
  </CheckBoxTemplate>

  <CheckBoxTemplate>
    <Name>si_alb_map2</Name>
    <Size>
      <X>512</X>
      <Y>512</Y>
    </Size>
    <Font>
      <Name></Name>
      <ColorNormal>
        <R>255</R>
        <G>255</G>
        <B>255</B>
        <A>255</A>
      </ColorNormal>
      <ColorPressed>
        <R>255</R>
        <G>255</G>
        <B>255</B>
        <A>255</A>
      </ColorPressed>
      <ColorHighlit>
        <R>255</R>
        <G>255</G>
        <B>255</B>
        <A>255</A>
      </ColorHighlit>
      <ColorDisabled>
        <R>255</R>
        <G>255</G>
        <B>255</B>
        <A>255</A>
      </ColorDisabled>
      <TextOffset>
        <X>0</X>
        <Y>0</Y>
      </TextOffset>
      <TextAlignment>
        <TopLeft>true</TopLeft>
      </TextAlignment>
      <ChangeFontColor>false</ChangeFontColor>
    </Font>
    <Texture>
      <TextureName>si_alb_map_texture</TextureName>
      <Normal>
        <X>1536</X>
        <Y>1536</Y>
      </Normal>
      <Pressed>
        <X>512</X>
        <Y>0</Y>
      </Pressed>
      <NormalHighlit>
        <X>1536</X>
        <Y>1536</Y>
      </NormalHighlit>
      <PressedHighlit>
        <X>512</X>
        <Y>0</Y>
      </PressedHighlit>
      <Disabled>
        <X>1536</X>
        <Y>1536</Y>
      </Disabled>
    </Texture>
  </CheckBoxTemplate>

  <CheckBoxTemplate>
    <Name>si_alb_map3</Name>
    <Size>
      <X>512</X>
      <Y>512</Y>
    </Size>
    <Font>
      <Name></Name>
      <ColorNormal>
        <R>255</R>
        <G>255</G>
        <B>255</B>
        <A>255</A>
      </ColorNormal>
      <ColorPressed>
        <R>255</R>
        <G>255</G>
        <B>255</B>
        <A>255</A>
      </ColorPressed>
      <ColorHighlit>
        <R>255</R>
        <G>255</G>
        <B>255</B>
        <A>255</A>
      </ColorHighlit>
      <ColorDisabled>
        <R>255</R>
        <G>255</G>
        <B>255</B>
        <A>255</A>
      </ColorDisabled>
      <TextOffset>
        <X>0</X>
        <Y>0</Y>
      </TextOffset>
      <TextAlignment>
        <TopLeft>true</TopLeft>
      </TextAlignment>
      <ChangeFontColor>false</ChangeFontColor>
    </Font>
    <Texture>
      <TextureName>si_alb_map_texture</TextureName>
      <Normal>
        <X>1536</X>
        <Y>1536</Y>
      </Normal>
      <Pressed>
        <X>1024</X>
        <Y>0</Y>
      </Pressed>
      <NormalHighlit>
        <X>1536</X>
        <Y>1536</Y>
      </NormalHighlit>
      <PressedHighlit>
        <X>1024</X>
        <Y>0</Y>
      </PressedHighlit>
      <Disabled>
        <X>1536</X>
        <Y>1536</Y>
      </Disabled>
    </Texture>
  </CheckBoxTemplate>

  <CheckBoxTemplate>
    <Name>si_alb_map4</Name>
    <Size>
      <X>512</X>
      <Y>512</Y>
    </Size>
    <Font>
      <Name></Name>
      <ColorNormal>
        <R>255</R>
        <G>255</G>
        <B>255</B>
        <A>255</A>
      </ColorNormal>
      <ColorPressed>
        <R>255</R>
        <G>255</G>
        <B>255</B>
        <A>255</A>
      </ColorPressed>
      <ColorHighlit>
        <R>255</R>
        <G>255</G>
        <B>255</B>
        <A>255</A>
      </ColorHighlit>
      <ColorDisabled>
        <R>255</R>
        <G>255</G>
        <B>255</B>
        <A>255</A>
      </ColorDisabled>
      <TextOffset>
        <X>0</X>
        <Y>0</Y>
      </TextOffset>
      <TextAlignment>
        <TopLeft>true</TopLeft>
      </TextAlignment>
      <ChangeFontColor>false</ChangeFontColor>
    </Font>
    <Texture>
      <TextureName>si_alb_map_texture</TextureName>
      <Normal>
        <X>1536</X>
        <Y>1536</Y>
      </Normal>
      <Pressed>
        <X>1536</X>
        <Y>0</Y>
      </Pressed>
      <NormalHighlit>
        <X>1536</X>
        <Y>1536</Y>
      </NormalHighlit>
      <PressedHighlit>
        <X>1536</X>
        <Y>0</Y>
      </PressedHighlit>
      <Disabled>
        <X>1536</X>
        <Y>1536</Y>
      </Disabled>
    </Texture>
  </CheckBoxTemplate>

  <CheckBoxTemplate>
    <Name>si_alb_map5</Name>
    <Size>
      <X>512</X>
      <Y>512</Y>
    </Size>
    <Font>
      <Name></Name>
      <ColorNormal>
        <R>255</R>
        <G>255</G>
        <B>255</B>
        <A>255</A>
      </ColorNormal>
      <ColorPressed>
        <R>255</R>
        <G>255</G>
        <B>255</B>
        <A>255</A>
      </ColorPressed>
      <ColorHighlit>
        <R>255</R>
        <G>255</G>
        <B>255</B>
        <A>255</A>
      </ColorHighlit>
      <ColorDisabled>
        <R>255</R>
        <G>255</G>
        <B>255</B>
        <A>255</A>
      </ColorDisabled>
      <TextOffset>
        <X>0</X>
        <Y>0</Y>
      </TextOffset>
      <TextAlignment>
        <TopLeft>true</TopLeft>
      </TextAlignment>
      <ChangeFontColor>false</ChangeFontColor>
    </Font>
    <Texture>
      <TextureName>si_alb_map_texture</TextureName>
      <Normal>
        <X>1536</X>
        <Y>1536</Y>
      </Normal>
      <Pressed>
        <X>0</X>
        <Y>512</Y>
      </Pressed>
      <NormalHighlit>
        <X>1536</X>
        <Y>1536</Y>
      </NormalHighlit>
      <PressedHighlit>
        <X>0</X>
        <Y>512</Y>
      </PressedHighlit>
      <Disabled>
        <X>1536</X>
        <Y>1536</Y>
      </Disabled>
    </Texture>
  </CheckBoxTemplate>

  <CheckBoxTemplate>
    <Name>si_alb_map6</Name>
    <Size>
      <X>512</X>
      <Y>512</Y>
    </Size>
    <Font>
      <Name></Name>
      <ColorNormal>
        <R>255</R>
        <G>255</G>
        <B>255</B>
        <A>255</A>
      </ColorNormal>
      <ColorPressed>
        <R>255</R>
        <G>255</G>
        <B>255</B>
        <A>255</A>
      </ColorPressed>
      <ColorHighlit>
        <R>255</R>
        <G>255</G>
        <B>255</B>
        <A>255</A>
      </ColorHighlit>
      <ColorDisabled>
        <R>255</R>
        <G>255</G>
        <B>255</B>
        <A>255</A>
      </ColorDisabled>
      <TextOffset>
        <X>0</X>
        <Y>0</Y>
      </TextOffset>
      <TextAlignment>
        <TopLeft>true</TopLeft>
      </TextAlignment>
      <ChangeFontColor>false</ChangeFontColor>
    </Font>
    <Texture>
      <TextureName>si_alb_map_texture</TextureName>
      <Normal>
        <X>1536</X>
        <Y>1536</Y>
      </Normal>
      <Pressed>
        <X>512</X>
        <Y>512</Y>
      </Pressed>
      <NormalHighlit>
        <X>1536</X>
        <Y>1536</Y>
      </NormalHighlit>
      <PressedHighlit>
        <X>512</X>
        <Y>512</Y>
      </PressedHighlit>
      <Disabled>
        <X>1536</X>
        <Y>1536</Y>
      </Disabled>
    </Texture>
  </CheckBoxTemplate>

  <CheckBoxTemplate>
    <Name>si_alb_map7</Name>
    <Size>
      <X>512</X>
      <Y>512</Y>
    </Size>
    <Font>
      <Name></Name>
      <ColorNormal>
        <R>255</R>
        <G>255</G>
        <B>255</B>
        <A>255</A>
      </ColorNormal>
      <ColorPressed>
        <R>255</R>
        <G>255</G>
        <B>255</B>
        <A>255</A>
      </ColorPressed>
      <ColorHighlit>
        <R>255</R>
        <G>255</G>
        <B>255</B>
        <A>255</A>
      </ColorHighlit>
      <ColorDisabled>
        <R>255</R>
        <G>255</G>
        <B>255</B>
        <A>255</A>
      </ColorDisabled>
      <TextOffset>
        <X>0</X>
        <Y>0</Y>
      </TextOffset>
      <TextAlignment>
        <TopLeft>true</TopLeft>
      </TextAlignment>
      <ChangeFontColor>false</ChangeFontColor>
    </Font>
    <Texture>
      <TextureName>si_alb_map_texture</TextureName>
      <Normal>
        <X>1536</X>
        <Y>1536</Y>
      </Normal>
      <Pressed>
        <X>1024</X>
        <Y>512</Y>
      </Pressed>
      <NormalHighlit>
        <X>1536</X>
        <Y>1536</Y>
      </NormalHighlit>
      <PressedHighlit>
        <X>1024</X>
        <Y>512</Y>
      </PressedHighlit>
      <Disabled>
        <X>1536</X>
        <Y>1536</Y>
      </Disabled>
    </Texture>
  </CheckBoxTemplate>

  <CheckBoxTemplate>
    <Name>si_alb_map8</Name>
    <Size>
      <X>512</X>
      <Y>512</Y>
    </Size>
    <Font>
      <Name></Name>
      <ColorNormal>
        <R>255</R>
        <G>255</G>
        <B>255</B>
        <A>255</A>
      </ColorNormal>
      <ColorPressed>
        <R>255</R>
        <G>255</G>
        <B>255</B>
        <A>255</A>
      </ColorPressed>
      <ColorHighlit>
        <R>255</R>
        <G>255</G>
        <B>255</B>
        <A>255</A>
      </ColorHighlit>
      <ColorDisabled>
        <R>255</R>
        <G>255</G>
        <B>255</B>
        <A>255</A>
      </ColorDisabled>
      <TextOffset>
        <X>0</X>
        <Y>0</Y>
      </TextOffset>
      <TextAlignment>
        <TopLeft>true</TopLeft>
      </TextAlignment>
      <ChangeFontColor>false</ChangeFontColor>
    </Font>
    <Texture>
      <TextureName>si_alb_map_texture</TextureName>
      <Normal>
        <X>1536</X>
        <Y>1536</Y>
      </Normal>
      <Pressed>
        <X>1536</X>
        <Y>512</Y>
      </Pressed>
      <NormalHighlit>
        <X>1536</X>
        <Y>1536</Y>
      </NormalHighlit>
      <PressedHighlit>
        <X>1536</X>
        <Y>512</Y>
      </PressedHighlit>
      <Disabled>
        <X>1536</X>
        <Y>1536</Y>
      </Disabled>
    </Texture>
  </CheckBoxTemplate>

  <CheckBoxTemplate>
    <Name>si_alb_map9</Name>
    <Size>
      <X>512</X>
      <Y>512</Y>
    </Size>
    <Font>
      <Name></Name>
      <ColorNormal>
        <R>255</R>
        <G>255</G>
        <B>255</B>
        <A>255</A>
      </ColorNormal>
      <ColorPressed>
        <R>255</R>
        <G>255</G>
        <B>255</B>
        <A>255</A>
      </ColorPressed>
      <ColorHighlit>
        <R>255</R>
        <G>255</G>
        <B>255</B>
        <A>255</A>
      </ColorHighlit>
      <ColorDisabled>
        <R>255</R>
        <G>255</G>
        <B>255</B>
        <A>255</A>
      </ColorDisabled>
      <TextOffset>
        <X>0</X>
        <Y>0</Y>
      </TextOffset>
      <TextAlignment>
        <TopLeft>true</TopLeft>
      </TextAlignment>
      <ChangeFontColor>false</ChangeFontColor>
    </Font>
    <Texture>
      <TextureName>si_alb_map_texture</TextureName>
      <Normal>
        <X>1536</X>
        <Y>1536</Y>
      </Normal>
      <Pressed>
        <X>0</X>
        <Y>1024</Y>
      </Pressed>
      <NormalHighlit>
        <X>1536</X>
        <Y>1536</Y>
      </NormalHighlit>
      <PressedHighlit>
        <X>0</X>
        <Y>1024</Y>
      </PressedHighlit>
      <Disabled>
        <X>1536</X>
        <Y>1536</Y>
      </Disabled>
    </Texture>
  </CheckBoxTemplate>

  <CheckBoxTemplate>
    <Name>si_alb_map10</Name>
    <Size>
      <X>512</X>
      <Y>512</Y>
    </Size>
    <Font>
      <Name></Name>
      <ColorNormal>
        <R>255</R>
        <G>255</G>
        <B>255</B>
        <A>255</A>
      </ColorNormal>
      <ColorPressed>
        <R>255</R>
        <G>255</G>
        <B>255</B>
        <A>255</A>
      </ColorPressed>
      <ColorHighlit>
        <R>255</R>
        <G>255</G>
        <B>255</B>
        <A>255</A>
      </ColorHighlit>
      <ColorDisabled>
        <R>255</R>
        <G>255</G>
        <B>255</B>
        <A>255</A>
      </ColorDisabled>
      <TextOffset>
        <X>0</X>
        <Y>0</Y>
      </TextOffset>
      <TextAlignment>
        <TopLeft>true</TopLeft>
      </TextAlignment>
      <ChangeFontColor>false</ChangeFontColor>
    </Font>
    <Texture>
      <TextureName>si_alb_map_texture</TextureName>
      <Normal>
        <X>1536</X>
        <Y>1536</Y>
      </Normal>
      <Pressed>
        <X>512</X>
        <Y>1024</Y>
      </Pressed>
      <NormalHighlit>
        <X>1536</X>
        <Y>1536</Y>
      </NormalHighlit>
      <PressedHighlit>
        <X>512</X>
        <Y>1024</Y>
      </PressedHighlit>
      <Disabled>
        <X>1536</X>
        <Y>1536</Y>
      </Disabled>
    </Texture>
  </CheckBoxTemplate>

  <CheckBoxTemplate>
    <Name>si_alb_map11</Name>
    <Size>
      <X>512</X>
      <Y>512</Y>
    </Size>
    <Font>
      <Name></Name>
      <ColorNormal>
        <R>255</R>
        <G>255</G>
        <B>255</B>
        <A>255</A>
      </ColorNormal>
      <ColorPressed>
        <R>255</R>
        <G>255</G>
        <B>255</B>
        <A>255</A>
      </ColorPressed>
      <ColorHighlit>
        <R>255</R>
        <G>255</G>
        <B>255</B>
        <A>255</A>
      </ColorHighlit>
      <ColorDisabled>
        <R>255</R>
        <G>255</G>
        <B>255</B>
        <A>255</A>
      </ColorDisabled>
      <TextOffset>
        <X>0</X>
        <Y>0</Y>
      </TextOffset>
      <TextAlignment>
        <TopLeft>true</TopLeft>
      </TextAlignment>
      <ChangeFontColor>false</ChangeFontColor>
    </Font>
    <Texture>
      <TextureName>si_alb_map_texture</TextureName>
      <Normal>
        <X>1536</X>
        <Y>1536</Y>
      </Normal>
      <Pressed>
        <X>1024</X>
        <Y>1024</Y>
      </Pressed>
      <NormalHighlit>
        <X>1536</X>
        <Y>1536</Y>
      </NormalHighlit>
      <PressedHighlit>
        <X>1024</X>
        <Y>1024</Y>
      </PressedHighlit>
      <Disabled>
        <X>1536</X>
        <Y>1536</Y>
      </Disabled>
    </Texture>
  </CheckBoxTemplate>

  <CheckBoxTemplate>
    <Name>si_alb_map12</Name>
    <Size>
      <X>512</X>
      <Y>512</Y>
    </Size>
    <Font>
      <Name></Name>
      <ColorNormal>
        <R>255</R>
        <G>255</G>
        <B>255</B>
        <A>255</A>
      </ColorNormal>
      <ColorPressed>
        <R>255</R>
        <G>255</G>
        <B>255</B>
        <A>255</A>
      </ColorPressed>
      <ColorHighlit>
        <R>255</R>
        <G>255</G>
        <B>255</B>
        <A>255</A>
      </ColorHighlit>
      <ColorDisabled>
        <R>255</R>
        <G>255</G>
        <B>255</B>
        <A>255</A>
      </ColorDisabled>
      <TextOffset>
        <X>0</X>
        <Y>0</Y>
      </TextOffset>
      <TextAlignment>
        <TopLeft>true</TopLeft>
      </TextAlignment>
      <ChangeFontColor>false</ChangeFontColor>
    </Font>
    <Texture>
      <TextureName>si_alb_map_texture</TextureName>
      <Normal>
        <X>1536</X>
        <Y>1536</Y>
      </Normal>
      <Pressed>
        <X>1536</X>
        <Y>1024</Y>
      </Pressed>
      <NormalHighlit>
        <X>1536</X>
        <Y>1536</Y>
      </NormalHighlit>
      <PressedHighlit>
        <X>1536</X>
        <Y>1024</Y>
      </PressedHighlit>
      <Disabled>
        <X>1536</X>
        <Y>1536</Y>
      </Disabled>
    </Texture>
  </CheckBoxTemplate>

  <CheckBoxTemplate>
    <Name>si_alb_map13</Name>
    <Size>
      <X>512</X>
      <Y>512</Y>
    </Size>
    <Font>
      <Name></Name>
      <ColorNormal>
        <R>255</R>
        <G>255</G>
        <B>255</B>
        <A>255</A>
      </ColorNormal>
      <ColorPressed>
        <R>255</R>
        <G>255</G>
        <B>255</B>
        <A>255</A>
      </ColorPressed>
      <ColorHighlit>
        <R>255</R>
        <G>255</G>
        <B>255</B>
        <A>255</A>
      </ColorHighlit>
      <ColorDisabled>
        <R>255</R>
        <G>255</G>
        <B>255</B>
        <A>255</A>
      </ColorDisabled>
      <TextOffset>
        <X>0</X>
        <Y>0</Y>
      </TextOffset>
      <TextAlignment>
        <TopLeft>true</TopLeft>
      </TextAlignment>
      <ChangeFontColor>false</ChangeFontColor>
    </Font>
    <Texture>
      <TextureName>si_alb_map_texture</TextureName>
      <Normal>
        <X>1536</X>
        <Y>1536</Y>
      </Normal>
      <Pressed>
        <X>0</X>
        <Y>1536</Y>
      </Pressed>
      <NormalHighlit>
        <X>1536</X>
        <Y>1536</Y>
      </NormalHighlit>
      <PressedHighlit>
        <X>0</X>
        <Y>1536</Y>
      </PressedHighlit>
      <Disabled>
        <X>1536</X>
        <Y>1536</Y>
      </Disabled>
    </Texture>
  </CheckBoxTemplate>

  <CheckBoxTemplate>
    <Name>si_alb_map14</Name>
    <Size>
      <X>512</X>
      <Y>512</Y>
    </Size>
    <Font>
      <Name></Name>
      <ColorNormal>
        <R>255</R>
        <G>255</G>
        <B>255</B>
        <A>255</A>
      </ColorNormal>
      <ColorPressed>
        <R>255</R>
        <G>255</G>
        <B>255</B>
        <A>255</A>
      </ColorPressed>
      <ColorHighlit>
        <R>255</R>
        <G>255</G>
        <B>255</B>
        <A>255</A>
      </ColorHighlit>
      <ColorDisabled>
        <R>255</R>
        <G>255</G>
        <B>255</B>
        <A>255</A>
      </ColorDisabled>
      <TextOffset>
        <X>0</X>
        <Y>0</Y>
      </TextOffset>
      <TextAlignment>
        <TopLeft>true</TopLeft>
      </TextAlignment>
      <ChangeFontColor>false</ChangeFontColor>
    </Font>
    <Texture>
      <TextureName>si_alb_map_texture</TextureName>
      <Normal>
        <X>1536</X>
        <Y>1536</Y>
      </Normal>
      <Pressed>
        <X>512</X>
        <Y>1536</Y>
      </Pressed>
      <NormalHighlit>
        <X>1536</X>
        <Y>1536</Y>
      </NormalHighlit>
      <PressedHighlit>
        <X>512</X>
        <Y>1536</Y>
      </PressedHighlit>
      <Disabled>
        <X>1536</X>
        <Y>1536</Y>
      </Disabled>
    </Texture>
  </CheckBoxTemplate>

  <CheckBoxTemplate>
    <Name>si_alb_map15</Name>
    <Size>
      <X>512</X>
      <Y>512</Y>
    </Size>
    <Font>
      <Name></Name>
      <ColorNormal>
        <R>255</R>
        <G>255</G>
        <B>255</B>
        <A>255</A>
      </ColorNormal>
      <ColorPressed>
        <R>255</R>
        <G>255</G>
        <B>255</B>
        <A>255</A>
      </ColorPressed>
      <ColorHighlit>
        <R>255</R>
        <G>255</G>
        <B>255</B>
        <A>255</A>
      </ColorHighlit>
      <ColorDisabled>
        <R>255</R>
        <G>255</G>
        <B>255</B>
        <A>255</A>
      </ColorDisabled>
      <TextOffset>
        <X>0</X>
        <Y>0</Y>
      </TextOffset>
      <TextAlignment>
        <TopLeft>true</TopLeft>
      </TextAlignment>
      <ChangeFontColor>false</ChangeFontColor>
    </Font>
    <Texture>
      <TextureName>si_alb_map_texture</TextureName>
      <Normal>
        <X>1536</X>
        <Y>1536</Y>
      </Normal>
      <Pressed>
        <X>1024</X>
        <Y>1536</Y>
      </Pressed>
      <NormalHighlit>
        <X>1536</X>
        <Y>1536</Y>
      </NormalHighlit>
      <PressedHighlit>
        <X>1024</X>
        <Y>1536</Y>
      </PressedHighlit>
      <Disabled>
        <X>1536</X>
        <Y>1536</Y>
      </Disabled>
    </Texture>
  </CheckBoxTemplate>

  <WindowTemplate>
    <Name>custom16_window</Name>
    <WindowId>custom16_window</WindowId>
    <CloseButton>true</CloseButton>
    <MoveButton>true</MoveButton>
    <TopRightResizeButton>false</TopRightResizeButton>
    <BottomRightResizeButton>false</BottomRightResizeButton>
    <BottomLeftResizeButton>false</BottomLeftResizeButton>
    <ResizeButtonOffsetX>0</ResizeButtonOffsetX>
    <ResizeButtonOffsetY>0</ResizeButtonOffsetY>
    <TitleWidth>150</TitleWidth>
    <TitleHeight>3</TitleHeight>
    <Width>150</Width>
    <Height>180</Height>
    <ResizeableWidth>0</ResizeableWidth>
    <ResizeableHeight>0</ResizeableHeight>
    <ResizeableTwoWayWidth>0</ResizeableTwoWayWidth>
    <ResizeableTwoWayHeight>0</ResizeableTwoWayHeight>
    <MinWidth>150</MinWidth>
    <MinHeight>180</MinHeight>

    <FullResizeImageDef>
      <ControlId>BackgroundImage</ControlId>
      <Position>
        <X>0</X>
        <Y>0</Y>
      </Position>
      <Alignment>
        <TopLeft>true</TopLeft>
      </Alignment>
      <TemplateName>valmer_box</TemplateName>
      <Width>150</Width>
      <Height>180</Height>
    </FullResizeImageDef>

    <LabelDef>
      <ControlId></ControlId>
      <Position>
        <X>14</X>
        <Y>3</Y>
      </Position>
      <Alignment>
        <TopLeft>true</TopLeft>
      </Alignment>
      <FontName>title</FontName>
      <Adapter></Adapter>
      <ColorAdapter></ColorAdapter>
      <Width>100</Width>
      <Height>16</Height>
      <MaxCharacters>30</MaxCharacters>
      <Color>
        <R>255</R>
        <G>102</G>
        <B>102</B>
        <A>255</A>
      </Color>
      <Data>SI-Avalon</Data>
      <EndAligned>false</EndAligned>
      <TextCentered>false</TextCentered>
    </LabelDef>

    <HorizontalResizeImageDef>
      <ControlId></ControlId>
      <Position>
        <X>3</X>
        <Y>23</Y>
      </Position>
      <Alignment>
        <TopLeft>true</TopLeft>
      </Alignment>
      <TemplateName>divider</TemplateName>
      <Width>144</Width>
    </HorizontalResizeImageDef>

    <LabelDef>
      <ControlId></ControlId>
      <Position>
        <X>8</X>
        <Y>25</Y>
      </Position>
      <Alignment>
        <TopLeft>true</TopLeft>
      </Alignment>
      <FontName>arial11</FontName>
      <Adapter></Adapter>
      <ColorAdapter></ColorAdapter>
      <Width>118</Width>
      <Height>16</Height>
      <MaxCharacters>32</MaxCharacters>
      <Color>
        <R>220</R>
        <G>220</G>
        <B>220</B>
        <A>0</A>
      </Color>
      <Data>SI - Isle of Glass</Data>
      <EndAligned>false</EndAligned>
      <TextCentered>false</TextCentered>
    </LabelDef>

    <LabelDef>
      <ControlId></ControlId>
      <Position>
        <X>8</X>
        <Y>40</Y>
      </Position>
      <Alignment>
        <TopLeft>true</TopLeft>
      </Alignment>
      <FontName>arial11</FontName>
      <Adapter></Adapter>
      <ColorAdapter></ColorAdapter>
      <Width>118</Width>
      <Height>16</Height>
      <MaxCharacters>32</MaxCharacters>
      <Color>
        <R>220</R>
        <G>220</G>
        <B>220</B>
        <A>255</A>
      </Color>
      <Data>SI - Avalon Isle</Data>
      <EndAligned>false</EndAligned>
      <TextCentered>false</TextCentered>
    </LabelDef>

    <LabelDef>
      <ControlId></ControlId>
      <Position>
        <X>8</X>
        <Y>55</Y>
      </Position>
      <Alignment>
        <TopLeft>true</TopLeft>
      </Alignment>
      <FontName>arial11</FontName>
      <Adapter></Adapter>
      <ColorAdapter></ColorAdapter>
      <Width>118</Width>
      <Height>16</Height>
      <MaxCharacters>32</MaxCharacters>
      <Color>
        <R>220</R>
        <G>220</G>
        <B>220</B>
        <A>255</A>
      </Color>
      <Data>SI - Dales of Devwy</Data>
      <EndAligned>false</EndAligned>
      <TextCentered>false</TextCentered>
    </LabelDef>

    <LabelDef>
      <ControlId></ControlId>
      <Position>
        <X>8</X>
        <Y>70</Y>
      </Position>
      <Alignment>
        <TopLeft>true</TopLeft>
      </Alignment>
      <FontName>arial11</FontName>
      <Adapter></Adapter>
      <ColorAdapter></ColorAdapter>
      <Width>118</Width>
      <Height>16</Height>
      <MaxCharacters>32</MaxCharacters>
      <Color>
        <R>220</R>
        <G>220</G>
        <B>220</B>
        <A>255</A>
      </Color>
      <Data>SI - Caldey</Data>
      <EndAligned>false</EndAligned>
      <TextCentered>false</TextCentered>
    </LabelDef>

    <LabelDef>
      <ControlId></ControlId>
      <Position>
        <X>8</X>
        <Y>85</Y>
      </Position>
      <Alignment>
        <TopLeft>true</TopLeft>
      </Alignment>
      <FontName>arial11</FontName>
      <Adapter></Adapter>
      <ColorAdapter></ColorAdapter>
      <Width>118</Width>
      <Height>16</Height>
      <MaxCharacters>32</MaxCharacters>
      <Color>
        <R>220</R>
        <G>220</G>
        <B>220</B>
        <A>255</A>
      </Color>
      <Data>SI - Aldland</Data>
      <EndAligned>false</EndAligned>
      <TextCentered>false</TextCentered>
    </LabelDef>

    <LabelDef>
      <ControlId></ControlId>
      <Position>
        <X>8</X>
        <Y>100</Y>
      </Position>
      <Alignment>
        <TopLeft>true</TopLeft>
      </Alignment>
      <FontName>arial11</FontName>
      <Adapter></Adapter>
      <ColorAdapter></ColorAdapter>
      <Width>118</Width>
      <Height>16</Height>
      <MaxCharacters>32</MaxCharacters>
      <Color>
        <R>220</R>
        <G>220</G>
        <B>220</B>
        <A>255</A>
      </Color>
      <Data>SI - Plain of Gwyddneau</Data>
      <EndAligned>false</EndAligned>
      <TextCentered>false</TextCentered>
    </LabelDef>

    <LabelDef>
      <ControlId></ControlId>
      <Position>
        <X>8</X>
        <Y>115</Y>
      </Position>
      <Alignment>
        <TopLeft>true</TopLeft>
      </Alignment>
      <FontName>arial11</FontName>
      <Adapter></Adapter>
      <ColorAdapter></ColorAdapter>
      <Width>118</Width>
      <Height>16</Height>
      <MaxCharacters>32</MaxCharacters>
      <Color>
        <R>220</R>
        <G>220</G>
        <B>220</B>
        <A>255</A>
      </Color>
      <Data>SI - Inishail Island</Data>
      <EndAligned>false</EndAligned>
      <TextCentered>false</TextCentered>
    </LabelDef>

    <LabelDef>
      <ControlId></ControlId>
      <Position>
        <X>8</X>
        <Y>130</Y>
      </Position>
      <Alignment>
        <TopLeft>true</TopLeft>
      </Alignment>
      <FontName>arial11</FontName>
      <Adapter></Adapter>
      <ColorAdapter></ColorAdapter>
      <Width>118</Width>
      <Height>16</Height>
      <MaxCharacters>32</MaxCharacters>
      <Color>
        <R>204</R>
        <G>204</G>
        <B>0</B>
        <A>255</A>
      </Color>
      <Data>SI - Krondon</Data>
      <EndAligned>false</EndAligned>
      <TextCentered>false</TextCentered>
    </LabelDef>

    <LabelDef>
      <ControlId></ControlId>
      <Position>
        <X>8</X>
        <Y>145</Y>
      </Position>
      <Alignment>
        <TopLeft>true</TopLeft>
      </Alignment>
      <FontName>arial11</FontName>
      <Adapter></Adapter>
      <ColorAdapter></ColorAdapter>
      <Width>118</Width>
      <Height>16</Height>
      <MaxCharacters>32</MaxCharacters>
      <Color>
        <R>204</R>
        <G>204</G>
        <B>0</B>
        <A>255</A>
      </Color>
      <Data>SI - Avalon City</Data>
      <EndAligned>false</EndAligned>
      <TextCentered>false</TextCentered>
    </LabelDef>

    <LabelDef>
      <ControlId></ControlId>
      <Position>
        <X>8</X>
        <Y>160</Y>
      </Position>
      <Alignment>
        <TopLeft>true</TopLeft>
      </Alignment>
      <FontName>arial11</FontName>
      <Adapter></Adapter>
      <ColorAdapter></ColorAdapter>
      <Width>118</Width>
      <Height>16</Height>
      <MaxCharacters>32</MaxCharacters>
      <Color>
        <R>204</R>
        <G>204</G>
        <B>0</B>
        <A>255</A>
      </Color>
      <Data>SI - Caer Sidi</Data>
      <EndAligned>false</EndAligned>
      <TextCentered>false</TextCentered>
    </LabelDef>

    <ImageAreaDef>
      <ControlId></ControlId>
      <Position>
        <X>130</X>
        <Y>7</Y>
      </Position>
      <Alignment>
        <TopLeft>true</TopLeft>
      </Alignment>
      <TemplateName>button_map_ovw</TemplateName>
    </ImageAreaDef>

    <ImageAreaDef>
      <ControlId></ControlId>
      <Position>
        <X>130</X>
        <Y>25</Y>
      </Position>
      <Alignment>
        <TopLeft>true</TopLeft>
      </Alignment>
      <TemplateName>button_map_norm</TemplateName>
    </ImageAreaDef>

    <ImageAreaDef>
      <ControlId></ControlId>
      <Position>
        <X>130</X>
        <Y>40</Y>
      </Position>
      <Alignment>
        <TopLeft>true</TopLeft>
      </Alignment>
      <TemplateName>button_map_norm</TemplateName>
    </ImageAreaDef>

    <ImageAreaDef>
      <ControlId></ControlId>
      <Position>
        <X>130</X>
        <Y>55</Y>
      </Position>
      <Alignment>
        <TopLeft>true</TopLeft>
      </Alignment>
      <TemplateName>button_map_norm</TemplateName>
    </ImageAreaDef>

    <ImageAreaDef>
      <ControlId></ControlId>
      <Position>
        <X>130</X>
        <Y>70</Y>
      </Position>
      <Alignment>
        <TopLeft>true</TopLeft>
      </Alignment>
      <TemplateName>button_map_norm</TemplateName>
    </ImageAreaDef>

    <ImageAreaDef>
      <ControlId></ControlId>
      <Position>
        <X>130</X>
        <Y>85</Y>
      </Position>
      <Alignment>
        <TopLeft>true</TopLeft>
      </Alignment>
      <TemplateName>button_map_norm</TemplateName>
    </ImageAreaDef>

    <ImageAreaDef>
      <ControlId></ControlId>
      <Position>
        <X>130</X>
        <Y>100</Y>
      </Position>
      <Alignment>
        <TopLeft>true</TopLeft>
      </Alignment>
      <TemplateName>button_map_norm</TemplateName>
    </ImageAreaDef>

    <ImageAreaDef>
      <ControlId></ControlId>
      <Position>
        <X>130</X>
        <Y>115</Y>
      </Position>
      <Alignment>
        <TopLeft>true</TopLeft>
      </Alignment>
      <TemplateName>button_map_norm</TemplateName>
    </ImageAreaDef>

    <ImageAreaDef>
      <ControlId></ControlId>
      <Position>
        <X>130</X>
        <Y>130</Y>
      </Position>
      <Alignment>
        <TopLeft>true</TopLeft>
      </Alignment>
      <TemplateName>button_map_norm</TemplateName>
    </ImageAreaDef>

    <ImageAreaDef>
      <ControlId></ControlId>
      <Position>
        <X>130</X>
        <Y>145</Y>
      </Position>
      <Alignment>
        <TopLeft>true</TopLeft>
      </Alignment>
      <TemplateName>button_map_norm</TemplateName>
    </ImageAreaDef>

    <ImageAreaDef>
      <ControlId></ControlId>
      <Position>
        <X>130</X>
        <Y>160</Y>
      </Position>
      <Alignment>
        <TopLeft>true</TopLeft>
      </Alignment>
      <TemplateName>button_map_norm</TemplateName>
    </ImageAreaDef>

    <CheckBoxDef>
      <ControlId>668</ControlId>
      <Position>
        <X>130</X>
        <Y>8</Y>
      </Position>
      <Alignment>
        <TopLeft>true</TopLeft>
      </Alignment>
      <TemplateName>si_alb_map14</TemplateName>
      <AdapterName>none</AdapterName>
      <TextAdapterName></TextAdapterName>
      <Data></Data>
      <LabelWidth>0</LabelWidth>
    </CheckBoxDef>

    <CheckBoxDef>
      <ControlId>669</ControlId>
      <Position>
        <X>130</X>
        <Y>25</Y>
      </Position>
      <Alignment>
        <TopLeft>true</TopLeft>
      </Alignment>
      <TemplateName>si_alb_map1</TemplateName>
      <AdapterName>none</AdapterName>
      <TextAdapterName></TextAdapterName>
      <Data></Data>
      <LabelWidth>0</LabelWidth>
    </CheckBoxDef>

    <CheckBoxDef>
      <ControlId>670</ControlId>
      <Position>
        <X>130</X>
        <Y>40</Y>
      </Position>
      <Alignment>
        <TopLeft>true</TopLeft>
      </Alignment>
      <TemplateName>si_alb_map2</TemplateName>
      <AdapterName>none</AdapterName>
      <TextAdapterName></TextAdapterName>
      <Data></Data>
      <LabelWidth>0</LabelWidth>
    </CheckBoxDef>

    <CheckBoxDef>
      <ControlId>671</ControlId>
      <Position>
        <X>130</X>
        <Y>55</Y>
      </Position>
      <Alignment>
        <TopLeft>true</TopLeft>
      </Alignment>
      <TemplateName>si_alb_map3</TemplateName>
      <AdapterName>none</AdapterName>
      <TextAdapterName></TextAdapterName>
      <Data></Data>
      <LabelWidth>0</LabelWidth>
    </CheckBoxDef>

    <CheckBoxDef>
      <ControlId>672</ControlId>
      <Position>
        <X>130</X>
        <Y>70</Y>
      </Position>
      <Alignment>
        <TopLeft>true</TopLeft>
      </Alignment>
      <TemplateName>si_alb_map4</TemplateName>
      <AdapterName>none</AdapterName>
      <TextAdapterName></TextAdapterName>
      <Data></Data>
      <LabelWidth>0</LabelWidth>
    </CheckBoxDef>

    <CheckBoxDef>
      <ControlId>673</ControlId>
      <Position>
        <X>130</X>
        <Y>85</Y>
      </Position>
      <Alignment>
        <TopLeft>true</TopLeft>
      </Alignment>
      <TemplateName>si_alb_map5</TemplateName>
      <AdapterName>none</AdapterName>
      <TextAdapterName></TextAdapterName>
      <Data></Data>
      <LabelWidth>0</LabelWidth>
    </CheckBoxDef>

    <CheckBoxDef>
      <ControlId>674</ControlId>
      <Position>
        <X>130</X>
        <Y>100</Y>
      </Position>
      <Alignment>
        <TopLeft>true</TopLeft>
      </Alignment>
      <TemplateName>si_alb_map6</TemplateName>
      <AdapterName>none</AdapterName>
      <TextAdapterName></TextAdapterName>
      <Data></Data>
      <LabelWidth>0</LabelWidth>
    </CheckBoxDef>

    <CheckBoxDef>
      <ControlId>675</ControlId>
      <Position>
        <X>130</X>
        <Y>115</Y>
      </Position>
      <Alignment>
        <TopLeft>true</TopLeft>
      </Alignment>
      <TemplateName>si_alb_map7</TemplateName>
      <AdapterName>none</AdapterName>
      <TextAdapterName></TextAdapterName>
      <Data></Data>
      <LabelWidth>0</LabelWidth>
    </CheckBoxDef>

    <CheckBoxDef>
      <ControlId>677</ControlId>
      <Position>
        <X>130</X>
        <Y>130</Y>
      </Position>
      <Alignment>
        <TopLeft>true</TopLeft>
      </Alignment>
      <TemplateName>si_alb_map9</TemplateName>
      <AdapterName>none</AdapterName>
      <TextAdapterName></TextAdapterName>
      <Data></Data>
      <LabelWidth>0</LabelWidth>
    </CheckBoxDef>

    <CheckBoxDef>
      <ControlId>678</ControlId>
      <Position>
        <X>130</X>
        <Y>145</Y>
      </Position>
      <Alignment>
        <TopLeft>true</TopLeft>
      </Alignment>
      <TemplateName>si_alb_map10</TemplateName>
      <AdapterName>none</AdapterName>
      <TextAdapterName></TextAdapterName>
      <Data></Data>
      <LabelWidth>0</LabelWidth>
    </CheckBoxDef>

    <CheckBoxDef>
      <ControlId>679</ControlId>
      <Position>
        <X>130</X>
        <Y>160</Y>
      </Position>
      <Alignment>
        <TopLeft>true</TopLeft>
      </Alignment>
      <TemplateName>si_alb_map11</TemplateName>
      <AdapterName>none</AdapterName>
      <TextAdapterName></TextAdapterName>
      <Data></Data>
      <LabelWidth>0</LabelWidth>
    </CheckBoxDef>

  </WindowTemplate>

</Root_Element>
