<?xml version="1.0" encoding="ISO-8859-1"?>
<Root_Element ID="DAOCUi">

<!-- @@ Edited with the DAoC User Interface Editor v1.71 -->
<!-- @@ Free download available at http://www.bradtownsend.com/daoced -->

  <WindowTemplate>
    <Name>custom6_window</Name>
    <WindowId>custom6_window</WindowId>
    <CloseButton>true</CloseButton>
    <MoveButton>true</MoveButton>
    <TopRightResizeButton>false</TopRightResizeButton>
    <BottomRightResizeButton>false</BottomRightResizeButton>
    <BottomLeftResizeButton>false</BottomLeftResizeButton>
    <ResizeButtonOffsetX>0</ResizeButtonOffsetX>
    <ResizeButtonOffsetY>0</ResizeButtonOffsetY>
    <TitleWidth>0</TitleWidth>
    <TitleHeight>0</TitleHeight>
    <Width>300</Width>
    <Height>445</Height>
    <ResizeableWidth>0</ResizeableWidth>
    <ResizeableHeight>0</ResizeableHeight>
    <ResizeableTwoWayWidth>0</ResizeableTwoWayWidth>
    <ResizeableTwoWayHeight>0</ResizeableTwoWayHeight>
    <MinWidth>0</MinWidth>
    <MinHeight>0</MinHeight>

    <FullResizeImageDef>
      <ControlId>BackgroundImage</ControlId>
      <Position>
        <X>0</X>
        <Y>0</Y>
      </Position>
      <Alignment>
        <TopLeft>true</TopLeft>
      </Alignment>
      <TemplateName>valmer_box</TemplateName>
      <Width>300</Width>
      <Height>445</Height>
    </FullResizeImageDef>

    <FullResizeImageDef>
      <ControlId>BackgroundImage</ControlId>
      <Position>
        <X>5</X>
        <Y>25</Y>
      </Position>
      <Alignment>
        <TopLeft>true</TopLeft>
      </Alignment>
      <TemplateName>selection_box</TemplateName>
      <Width>290</Width>
      <Height>140</Height>
    </FullResizeImageDef>

    <FullResizeImageDef>
      <ControlId>BackgroundImage</ControlId>
      <Position>
        <X>5</X>
        <Y>170</Y>
      </Position>
      <Alignment>
        <TopLeft>true</TopLeft>
      </Alignment>
      <TemplateName>selection_box</TemplateName>
      <Width>290</Width>
      <Height>125</Height>
    </FullResizeImageDef>

    <FullResizeImageDef>
      <ControlId>BackgroundImage</ControlId>
      <Position>
        <X>5</X>
        <Y>300</Y>
      </Position>
      <Alignment>
        <TopLeft>true</TopLeft>
      </Alignment>
      <TemplateName>selection_box</TemplateName>
      <Width>290</Width>
      <Height>140</Height>
    </FullResizeImageDef>

    <LabelDef>
      <ControlId></ControlId>
      <Position>
        <X>20</X>
        <Y>3</Y>
      </Position>
      <Alignment>
        <TopLeft>true</TopLeft>
        <GrowWidth>true</GrowWidth>
      </Alignment>
      <FontName>title</FontName>
      <Adapter></Adapter>
      <ColorAdapter></ColorAdapter>
      <Width>190</Width>
      <Height>20</Height>
      <MaxCharacters>128</MaxCharacters>
      <Color>
        <R>255</R>
        <G>255</G>
        <B>204</B>
        <A>255</A>
      </Color>
      <Data>Tabella Resistenze</Data>
      <EndAligned>false</EndAligned>
      <TextCentered>false</TextCentered>
    </LabelDef>

    <LabelDef>
      <ControlId></ControlId>
      <Position>
        <X>85</X>
        <Y>28</Y>
      </Position>
      <Alignment>
        <TopLeft>true</TopLeft>
      </Alignment>
      <FontName>arial11</FontName>
      <Adapter></Adapter>
      <ColorAdapter></ColorAdapter>
      <Width>64</Width>
      <Height>18</Height>
      <MaxCharacters>32</MaxCharacters>
      <Color>
        <R>255</R>
        <G>153</G>
        <B>153</B>
        <A>255</A>
      </Color>
      <Data>Perforaz.</Data>
      <EndAligned>false</EndAligned>
      <TextCentered>false</TextCentered>
    </LabelDef>

    <LabelDef>
      <ControlId></ControlId>
      <Position>
        <X>85</X>
        <Y>173</Y>
      </Position>
      <Alignment>
        <TopLeft>true</TopLeft>
      </Alignment>
      <FontName>arial11</FontName>
      <Adapter></Adapter>
      <ColorAdapter></ColorAdapter>
      <Width>64</Width>
      <Height>18</Height>
      <MaxCharacters>32</MaxCharacters>
      <Color>
        <R>153</R>
        <G>153</G>
        <B>153</B>
        <A>255</A>
      </Color>
      <Data>Perforaz.</Data>
      <EndAligned>false</EndAligned>
      <TextCentered>false</TextCentered>
    </LabelDef>

    <LabelDef>
      <ControlId></ControlId>
      <Position>
        <X>85</X>
        <Y>303</Y>
      </Position>
      <Alignment>
        <TopLeft>true</TopLeft>
      </Alignment>
      <FontName>arial11</FontName>
      <Adapter></Adapter>
      <ColorAdapter></ColorAdapter>
      <Width>64</Width>
      <Height>18</Height>
      <MaxCharacters>32</MaxCharacters>
      <Color>
        <R>0</R>
        <G>204</G>
        <B>204</B>
        <A>255</A>
      </Color>
      <Data>Perforaz.</Data>
      <EndAligned>false</EndAligned>
      <TextCentered>false</TextCentered>
    </LabelDef>

    <LabelDef>
      <ControlId></ControlId>
      <Position>
        <X>155</X>
        <Y>28</Y>
      </Position>
      <Alignment>
        <TopLeft>true</TopLeft>
      </Alignment>
      <FontName>arial11</FontName>
      <Adapter></Adapter>
      <ColorAdapter></ColorAdapter>
      <Width>64</Width>
      <Height>18</Height>
      <MaxCharacters>32</MaxCharacters>
      <Color>
        <R>255</R>
        <G>153</G>
        <B>153</B>
        <A>255</A>
      </Color>
      <Data>Impatto</Data>
      <EndAligned>false</EndAligned>
      <TextCentered>false</TextCentered>
    </LabelDef>

    <LabelDef>
      <ControlId></ControlId>
      <Position>
        <X>155</X>
        <Y>173</Y>
      </Position>
      <Alignment>
        <TopLeft>true</TopLeft>
      </Alignment>
      <FontName>arial11</FontName>
      <Adapter></Adapter>
      <ColorAdapter></ColorAdapter>
      <Width>64</Width>
      <Height>18</Height>
      <MaxCharacters>32</MaxCharacters>
      <Color>
        <R>0</R>
        <G>255</G>
        <B>153</B>
        <A>255</A>
      </Color>
      <Data>Impatto</Data>
      <EndAligned>false</EndAligned>
      <TextCentered>false</TextCentered>
    </LabelDef>

    <LabelDef>
      <ControlId></ControlId>
      <Position>
        <X>155</X>
        <Y>303</Y>
      </Position>
      <Alignment>
        <TopLeft>true</TopLeft>
      </Alignment>
      <FontName>arial11</FontName>
      <Adapter></Adapter>
      <ColorAdapter></ColorAdapter>
      <Width>64</Width>
      <Height>18</Height>
      <MaxCharacters>32</MaxCharacters>
      <Color>
        <R>153</R>
        <G>153</G>
        <B>153</B>
        <A>255</A>
      </Color>
      <Data>Impatto</Data>
      <EndAligned>false</EndAligned>
      <TextCentered>false</TextCentered>
    </LabelDef>

    <LabelDef>
      <ControlId></ControlId>
      <Position>
        <X>225</X>
        <Y>28</Y>
      </Position>
      <Alignment>
        <TopLeft>true</TopLeft>
      </Alignment>
      <FontName>arial11</FontName>
      <Adapter></Adapter>
      <ColorAdapter></ColorAdapter>
      <Width>64</Width>
      <Height>18</Height>
      <MaxCharacters>32</MaxCharacters>
      <Color>
        <R>153</R>
        <G>153</G>
        <B>153</B>
        <A>255</A>
      </Color>
      <Data>Taglio</Data>
      <EndAligned>false</EndAligned>
      <TextCentered>false</TextCentered>
    </LabelDef>

    <LabelDef>
      <ControlId></ControlId>
      <Position>
        <X>225</X>
        <Y>173</Y>
      </Position>
      <Alignment>
        <TopLeft>true</TopLeft>
      </Alignment>
      <FontName>arial11</FontName>
      <Adapter></Adapter>
      <ColorAdapter></ColorAdapter>
      <Width>64</Width>
      <Height>18</Height>
      <MaxCharacters>32</MaxCharacters>
      <Color>
        <R>0</R>
        <G>255</G>
        <B>153</B>
        <A>255</A>
      </Color>
      <Data>Taglio</Data>
      <EndAligned>false</EndAligned>
      <TextCentered>false</TextCentered>
    </LabelDef>

    <LabelDef>
      <ControlId></ControlId>
      <Position>
        <X>225</X>
        <Y>303</Y>
      </Position>
      <Alignment>
        <TopLeft>true</TopLeft>
      </Alignment>
      <FontName>arial11</FontName>
      <Adapter></Adapter>
      <ColorAdapter></ColorAdapter>
      <Width>64</Width>
      <Height>18</Height>
      <MaxCharacters>32</MaxCharacters>
      <Color>
        <R>0</R>
        <G>204</G>
        <B>204</B>
        <A>255</A>
      </Color>
      <Data>Taglio</Data>
      <EndAligned>false</EndAligned>
      <TextCentered>false</TextCentered>
    </LabelDef>

    <LabelDef>
      <ControlId></ControlId>
      <Position>
        <X>12</X>
        <Y>28</Y>
      </Position>
      <Alignment>
        <TopLeft>true</TopLeft>
      </Alignment>
      <FontName>arial11</FontName>
      <Adapter></Adapter>
      <ColorAdapter></ColorAdapter>
      <Width>64</Width>
      <Height>18</Height>
      <MaxCharacters>32</MaxCharacters>
      <Color>
        <R>255</R>
        <G>153</G>
        <B>153</B>
        <A>175</A>
      </Color>
      <Data>ALBION</Data>
      <EndAligned>false</EndAligned>
      <TextCentered>false</TextCentered>
    </LabelDef>

    <LabelDef>
      <ControlId></ControlId>
      <Position>
        <X>12</X>
        <Y>38</Y>
      </Position>
      <Alignment>
        <TopLeft>true</TopLeft>
      </Alignment>
      <FontName>arial9</FontName>
      <Adapter></Adapter>
      <ColorAdapter></ColorAdapter>
      <Width>64</Width>
      <Height>18</Height>
      <MaxCharacters>32</MaxCharacters>
      <Color>
        <R>255</R>
        <G>153</G>
        <B>153</B>
        <A>175</A>
      </Color>
      <Data>(fodero)</Data>
      <EndAligned>false</EndAligned>
      <TextCentered>false</TextCentered>
    </LabelDef>

    <LabelDef>
      <ControlId></ControlId>
      <Position>
        <X>12</X>
        <Y>60</Y>
      </Position>
      <Alignment>
        <TopLeft>true</TopLeft>
      </Alignment>
      <FontName>barb10</FontName>
      <Adapter></Adapter>
      <ColorAdapter></ColorAdapter>
      <Width>64</Width>
      <Height>18</Height>
      <MaxCharacters>32</MaxCharacters>
      <Color>
        <R>255</R>
        <G>153</G>
        <B>0</B>
        <A>255</A>
      </Color>
      <Data>Vulnerabile</Data>
      <EndAligned>false</EndAligned>
      <TextCentered>false</TextCentered>
    </LabelDef>

    <LabelDef>
      <ControlId></ControlId>
      <Position>
        <X>12</X>
        <Y>128</Y>
      </Position>
      <Alignment>
        <TopLeft>true</TopLeft>
      </Alignment>
      <FontName>barb10</FontName>
      <Adapter></Adapter>
      <ColorAdapter></ColorAdapter>
      <Width>64</Width>
      <Height>18</Height>
      <MaxCharacters>32</MaxCharacters>
      <Color>
        <R>204</R>
        <G>255</G>
        <B>204</B>
        <A>255</A>
      </Color>
      <Data>Resistente</Data>
      <EndAligned>false</EndAligned>
      <TextCentered>false</TextCentered>
    </LabelDef>

    <LabelDef>
      <ControlId></ControlId>
      <Position>
        <X>12</X>
        <Y>303</Y>
      </Position>
      <Alignment>
        <TopLeft>true</TopLeft>
      </Alignment>
      <FontName>arial11</FontName>
      <Adapter></Adapter>
      <ColorAdapter></ColorAdapter>
      <Width>64</Width>
      <Height>18</Height>
      <MaxCharacters>32</MaxCharacters>
      <Color>
        <R>0</R>
        <G>204</G>
        <B>204</B>
        <A>175</A>
      </Color>
      <Data>MIDGARD</Data>
      <EndAligned>false</EndAligned>
      <TextCentered>false</TextCentered>
    </LabelDef>

    <LabelDef>
      <ControlId></ControlId>
      <Position>
        <X>12</X>
        <Y>313</Y>
      </Position>
      <Alignment>
        <TopLeft>true</TopLeft>
      </Alignment>
      <FontName>arial9</FontName>
      <Adapter></Adapter>
      <ColorAdapter></ColorAdapter>
      <Width>64</Width>
      <Height>18</Height>
      <MaxCharacters>32</MaxCharacters>
      <Color>
        <R>0</R>
        <G>204</G>
        <B>204</B>
        <A>175</A>
      </Color>
      <Data>(martello)</Data>
      <EndAligned>false</EndAligned>
      <TextCentered>false</TextCentered>
    </LabelDef>

    <LabelDef>
      <ControlId></ControlId>
      <Position>
        <X>12</X>
        <Y>335</Y>
      </Position>
      <Alignment>
        <TopLeft>true</TopLeft>
      </Alignment>
      <FontName>barb10</FontName>
      <Adapter></Adapter>
      <ColorAdapter></ColorAdapter>
      <Width>64</Width>
      <Height>18</Height>
      <MaxCharacters>32</MaxCharacters>
      <Color>
        <R>255</R>
        <G>153</G>
        <B>0</B>
        <A>255</A>
      </Color>
      <Data>Vulnerabile</Data>
      <EndAligned>false</EndAligned>
      <TextCentered>false</TextCentered>
    </LabelDef>

    <LabelDef>
      <ControlId></ControlId>
      <Position>
        <X>12</X>
        <Y>400</Y>
      </Position>
      <Alignment>
        <TopLeft>true</TopLeft>
      </Alignment>
      <FontName>barb10</FontName>
      <Adapter></Adapter>
      <ColorAdapter></ColorAdapter>
      <Width>64</Width>
      <Height>18</Height>
      <MaxCharacters>32</MaxCharacters>
      <Color>
        <R>204</R>
        <G>255</G>
        <B>204</B>
        <A>255</A>
      </Color>
      <Data>Resistente</Data>
      <EndAligned>false</EndAligned>
      <TextCentered>false</TextCentered>
    </LabelDef>

    <LabelDef>
      <ControlId></ControlId>
      <Position>
        <X>12</X>
        <Y>173</Y>
      </Position>
      <Alignment>
        <TopLeft>true</TopLeft>
      </Alignment>
      <FontName>arial11</FontName>
      <Adapter></Adapter>
      <ColorAdapter></ColorAdapter>
      <Width>64</Width>
      <Height>18</Height>
      <MaxCharacters>32</MaxCharacters>
      <Color>
        <R>0</R>
        <G>255</G>
        <B>153</B>
        <A>175</A>
      </Color>
      <Data>HIBERNIA</Data>
      <EndAligned>false</EndAligned>
      <TextCentered>false</TextCentered>
    </LabelDef>

    <LabelDef>
      <ControlId></ControlId>
      <Position>
        <X>12</X>
        <Y>183</Y>
      </Position>
      <Alignment>
        <TopLeft>true</TopLeft>
      </Alignment>
      <FontName>arial9</FontName>
      <Adapter></Adapter>
      <ColorAdapter></ColorAdapter>
      <Width>64</Width>
      <Height>18</Height>
      <MaxCharacters>32</MaxCharacters>
      <Color>
        <R>0</R>
        <G>255</G>
        <B>102</B>
        <A>175</A>
      </Color>
      <Data>(lancia)</Data>
      <EndAligned>false</EndAligned>
      <TextCentered>false</TextCentered>
    </LabelDef>

    <LabelDef>
      <ControlId></ControlId>
      <Position>
        <X>12</X>
        <Y>200</Y>
      </Position>
      <Alignment>
        <TopLeft>true</TopLeft>
      </Alignment>
      <FontName>barb10</FontName>
      <Adapter></Adapter>
      <ColorAdapter></ColorAdapter>
      <Width>64</Width>
      <Height>18</Height>
      <MaxCharacters>32</MaxCharacters>
      <Color>
        <R>255</R>
        <G>153</G>
        <B>0</B>
        <A>255</A>
      </Color>
      <Data>Vulnerabile</Data>
      <EndAligned>false</EndAligned>
      <TextCentered>false</TextCentered>
    </LabelDef>

    <LabelDef>
      <ControlId></ControlId>
      <Position>
        <X>12</X>
        <Y>260</Y>
      </Position>
      <Alignment>
        <TopLeft>true</TopLeft>
      </Alignment>
      <FontName>barb10</FontName>
      <Adapter></Adapter>
      <ColorAdapter></ColorAdapter>
      <Width>64</Width>
      <Height>18</Height>
      <MaxCharacters>32</MaxCharacters>
      <Color>
        <R>204</R>
        <G>255</G>
        <B>204</B>
        <A>255</A>
      </Color>
      <Data>Resistente</Data>
      <EndAligned>false</EndAligned>
      <TextCentered>false</TextCentered>
    </LabelDef>

    <!-- Thrust Vulnerable -->

    <LabelDef>
      <ControlId></ControlId>
      <Position>
        <X>85</X>
        <Y>42</Y>
      </Position>
      <Alignment>
        <TopLeft>true</TopLeft>
      </Alignment>
      <FontName>arial9</FontName>
      <Adapter></Adapter>
      <ColorAdapter></ColorAdapter>
      <Width>64</Width>
      <Height>18</Height>
      <MaxCharacters>32</MaxCharacters>
      <Color>
        <R>255</R>
        <G>255</G>
        <B>255</B>
        <A>175</A>
      </Color>
      <Data>Mercenario</Data>
      <EndAligned>false</EndAligned>
      <TextCentered>false</TextCentered>
    </LabelDef>

    <LabelDef>
      <ControlId></ControlId>
      <Position>
        <X>85</X>
        <Y>53</Y>
      </Position>
      <Alignment>
        <TopLeft>true</TopLeft>
      </Alignment>
      <FontName>arial9</FontName>
      <Adapter></Adapter>
      <ColorAdapter></ColorAdapter>
      <Width>64</Width>
      <Height>18</Height>
      <MaxCharacters>32</MaxCharacters>
      <Color>
        <R>255</R>
        <G>255</G>
        <B>255</B>
        <A>255</A>
      </Color>
      <Data>Reaver</Data>
      <EndAligned>false</EndAligned>
      <TextCentered>false</TextCentered>
    </LabelDef>

    <LabelDef>
      <ControlId></ControlId>
      <Position>
        <X>85</X>
        <Y>64</Y>
      </Position>
      <Alignment>
        <TopLeft>true</TopLeft>
      </Alignment>
      <FontName>arial9</FontName>
      <Adapter></Adapter>
      <ColorAdapter></ColorAdapter>
      <Width>64</Width>
      <Height>18</Height>
      <MaxCharacters>32</MaxCharacters>
      <Color>
        <R>255</R>
        <G>255</G>
        <B>255</B>
        <A>175</A>
      </Color>
      <Data>Chierico</Data>
      <EndAligned>false</EndAligned>
      <TextCentered>false</TextCentered>
    </LabelDef>

    <LabelDef>
      <ControlId></ControlId>
      <Position>
        <X>85</X>
        <Y>75</Y>
      </Position>
      <Alignment>
        <TopLeft>true</TopLeft>
      </Alignment>
      <FontName>arial9</FontName>
      <Adapter></Adapter>
      <ColorAdapter></ColorAdapter>
      <Width>64</Width>
      <Height>18</Height>
      <MaxCharacters>32</MaxCharacters>
      <Color>
        <R>255</R>
        <G>255</G>
        <B>255</B>
        <A>255</A>
      </Color>
      <Data>Menestrello</Data>
      <EndAligned>false</EndAligned>
      <TextCentered>false</TextCentered>
    </LabelDef>

    <LabelDef>
      <ControlId></ControlId>
      <Position>
        <X>85</X>
        <Y>86</Y>
      </Position>
      <Alignment>
        <TopLeft>true</TopLeft>
      </Alignment>
      <FontName>arial9</FontName>
      <Adapter></Adapter>
      <ColorAdapter></ColorAdapter>
      <Width>64</Width>
      <Height>18</Height>
      <MaxCharacters>32</MaxCharacters>
      <Color>
        <R>255</R>
        <G>255</G>
        <B>255</B>
        <A>175</A>
      </Color>
      <Data>Scout</Data>
      <EndAligned>false</EndAligned>
      <TextCentered>false</TextCentered>
    </LabelDef>

    <!-- Crush Resistant -->

    <LabelDef>
      <ControlId></ControlId>
      <Position>
        <X>155</X>
        <Y>106</Y>
      </Position>
      <Alignment>
        <TopLeft>true</TopLeft>
      </Alignment>
      <FontName>arial9</FontName>
      <Adapter></Adapter>
      <ColorAdapter></ColorAdapter>
      <Width>64</Width>
      <Height>18</Height>
      <MaxCharacters>32</MaxCharacters>
      <Color>
        <R>255</R>
        <G>255</G>
        <B>255</B>
        <A>175</A>
      </Color>
      <Data>Mercenario</Data>
      <EndAligned>false</EndAligned>
      <TextCentered>false</TextCentered>
    </LabelDef>

    <LabelDef>
      <ControlId></ControlId>
      <Position>
        <X>155</X>
        <Y>117</Y>
      </Position>
      <Alignment>
        <TopLeft>true</TopLeft>
      </Alignment>
      <FontName>arial9</FontName>
      <Adapter></Adapter>
      <ColorAdapter></ColorAdapter>
      <Width>64</Width>
      <Height>18</Height>
      <MaxCharacters>32</MaxCharacters>
      <Color>
        <R>255</R>
        <G>255</G>
        <B>255</B>
        <A>255</A>
      </Color>
      <Data>Reaver</Data>
      <EndAligned>false</EndAligned>
      <TextCentered>false</TextCentered>
    </LabelDef>

    <LabelDef>
      <ControlId></ControlId>
      <Position>
        <X>155</X>
        <Y>128</Y>
      </Position>
      <Alignment>
        <TopLeft>true</TopLeft>
      </Alignment>
      <FontName>arial9</FontName>
      <Adapter></Adapter>
      <ColorAdapter></ColorAdapter>
      <Width>64</Width>
      <Height>18</Height>
      <MaxCharacters>32</MaxCharacters>
      <Color>
        <R>255</R>
        <G>255</G>
        <B>255</B>
        <A>175</A>
      </Color>
      <Data>Chierico</Data>
      <EndAligned>false</EndAligned>
      <TextCentered>false</TextCentered>
    </LabelDef>

    <LabelDef>
      <ControlId></ControlId>
      <Position>
        <X>155</X>
        <Y>139</Y>
      </Position>
      <Alignment>
        <TopLeft>true</TopLeft>
      </Alignment>
      <FontName>arial9</FontName>
      <Adapter></Adapter>
      <ColorAdapter></ColorAdapter>
      <Width>64</Width>
      <Height>18</Height>
      <MaxCharacters>32</MaxCharacters>
      <Color>
        <R>255</R>
        <G>255</G>
        <B>255</B>
        <A>175</A>
      </Color>
      <Data>Menestrello</Data>
      <EndAligned>false</EndAligned>
      <TextCentered>false</TextCentered>
    </LabelDef>

    <LabelDef>
      <ControlId></ControlId>
      <Position>
        <X>155</X>
        <Y>150</Y>
      </Position>
      <Alignment>
        <TopLeft>true</TopLeft>
      </Alignment>
      <FontName>arial9</FontName>
      <Adapter></Adapter>
      <ColorAdapter></ColorAdapter>
      <Width>64</Width>
      <Height>18</Height>
      <MaxCharacters>32</MaxCharacters>
      <Color>
        <R>255</R>
        <G>255</G>
        <B>255</B>
        <A>255</A>
      </Color>
      <Data>Scout</Data>
      <EndAligned>false</EndAligned>
      <TextCentered>false</TextCentered>
    </LabelDef>

    <!-- Thrust Resistant -->

    <LabelDef>
      <ControlId></ControlId>
      <Position>
        <X>85</X>
        <Y>106</Y>
      </Position>
      <Alignment>
        <TopLeft>true</TopLeft>
      </Alignment>
      <FontName>arial9</FontName>
      <Adapter></Adapter>
      <ColorAdapter></ColorAdapter>
      <Width>64</Width>
      <Height>18</Height>
      <MaxCharacters>32</MaxCharacters>
      <Color>
        <R>255</R>
        <G>255</G>
        <B>255</B>
        <A>175</A>
      </Color>
      <Data>Maestro Armi</Data>
      <EndAligned>false</EndAligned>
      <TextCentered>false</TextCentered>
    </LabelDef>

    <LabelDef>
      <ControlId></ControlId>
      <Position>
        <X>85</X>
        <Y>117</Y>
      </Position>
      <Alignment>
        <TopLeft>true</TopLeft>
      </Alignment>
      <FontName>arial9</FontName>
      <Adapter></Adapter>
      <ColorAdapter></ColorAdapter>
      <Width>64</Width>
      <Height>18</Height>
      <MaxCharacters>32</MaxCharacters>
      <Color>
        <R>255</R>
        <G>255</G>
        <B>255</B>
        <A>255</A>
      </Color>
      <Data>Paladino</Data>
      <EndAligned>false</EndAligned>
      <TextCentered>false</TextCentered>
    </LabelDef>

    <LabelDef>
      <ControlId></ControlId>
      <Position>
        <X>85</X>
        <Y>128</Y>
      </Position>
      <Alignment>
        <TopLeft>true</TopLeft>
      </Alignment>
      <FontName>arial9</FontName>
      <Adapter></Adapter>
      <ColorAdapter></ColorAdapter>
      <Width>64</Width>
      <Height>18</Height>
      <MaxCharacters>32</MaxCharacters>
      <Color>
        <R>255</R>
        <G>255</G>
        <B>255</B>
        <A>175</A>
      </Color>
      <Data>Infiltratore</Data>
      <EndAligned>false</EndAligned>
      <TextCentered>false</TextCentered>
    </LabelDef>

    <LabelDef>
      <ControlId></ControlId>
      <Position>
        <X>85</X>
        <Y>139</Y>
      </Position>
      <Alignment>
        <TopLeft>true</TopLeft>
      </Alignment>
      <FontName>arial9</FontName>
      <Adapter></Adapter>
      <ColorAdapter></ColorAdapter>
      <Width>64</Width>
      <Height>18</Height>
      <MaxCharacters>32</MaxCharacters>
      <Color>
        <R>255</R>
        <G>255</G>
        <B>255</B>
        <A>175</A>
      </Color>
      <Data>Prete</Data>
      <EndAligned>false</EndAligned>
      <TextCentered>false</TextCentered>
    </LabelDef>

    <!-- Crush Vulnerable -->

    <LabelDef>
      <ControlId></ControlId>
      <Position>
        <X>155</X>
        <Y>75</Y>
      </Position>
      <Alignment>
        <TopLeft>true</TopLeft>
      </Alignment>
      <FontName>arial9</FontName>
      <Adapter></Adapter>
      <ColorAdapter></ColorAdapter>
      <Width>90</Width>
      <Height>18</Height>
      <MaxCharacters>32</MaxCharacters>
      <Color>
        <R>255</R>
        <G>255</G>
        <B>255</B>
        <A>175</A>
      </Color>
      <Data>Maestro d'Armi</Data>
      <EndAligned>false</EndAligned>
      <TextCentered>false</TextCentered>
    </LabelDef>

    <LabelDef>
      <ControlId></ControlId>
      <Position>
        <X>155</X>
        <Y>53</Y>
      </Position>
      <Alignment>
        <TopLeft>true</TopLeft>
      </Alignment>
      <FontName>arial9</FontName>
      <Adapter></Adapter>
      <ColorAdapter></ColorAdapter>
      <Width>64</Width>
      <Height>18</Height>
      <MaxCharacters>32</MaxCharacters>
      <Color>
        <R>255</R>
        <G>255</G>
        <B>255</B>
        <A>255</A>
      </Color>
      <Data>Paladino</Data>
      <EndAligned>false</EndAligned>
      <TextCentered>false</TextCentered>
    </LabelDef>

    <LabelDef>
      <ControlId></ControlId>
      <Position>
        <X>155</X>
        <Y>64</Y>
      </Position>
      <Alignment>
        <TopLeft>true</TopLeft>
      </Alignment>
      <FontName>arial9</FontName>
      <Adapter></Adapter>
      <ColorAdapter></ColorAdapter>
      <Width>64</Width>
      <Height>18</Height>
      <MaxCharacters>32</MaxCharacters>
      <Color>
        <R>255</R>
        <G>255</G>
        <B>255</B>
        <A>175</A>
      </Color>
      <Data>Infiltratore</Data>
      <EndAligned>false</EndAligned>
      <TextCentered>false</TextCentered>
    </LabelDef>

    <LabelDef>
      <ControlId></ControlId>
      <Position>
        <X>155</X>
        <Y>42</Y>
      </Position>
      <Alignment>
        <TopLeft>true</TopLeft>
      </Alignment>
      <FontName>arial9</FontName>
      <Adapter></Adapter>
      <ColorAdapter></ColorAdapter>
      <Width>64</Width>
      <Height>18</Height>
      <MaxCharacters>32</MaxCharacters>
      <Color>
        <R>255</R>
        <G>255</G>
        <B>255</B>
        <A>175</A>
      </Color>
      <Data>Prete</Data>
      <EndAligned>false</EndAligned>
      <TextCentered>false</TextCentered>
    </LabelDef>

    <LabelDef>
      <ControlId></ControlId>
      <Position>
        <X>225</X>
        <Y>42</Y>
      </Position>
      <Alignment>
        <TopLeft>true</TopLeft>
      </Alignment>
      <FontName>arial9</FontName>
      <Adapter></Adapter>
      <ColorAdapter></ColorAdapter>
      <Width>64</Width>
      <Height>18</Height>
      <MaxCharacters>32</MaxCharacters>
      <Color>
        <R>153</R>
        <G>153</G>
        <B>153</B>
        <A>255</A>
      </Color>
      <Data>Neutrale</Data>
      <EndAligned>false</EndAligned>
      <TextCentered>false</TextCentered>
    </LabelDef>

    <LabelDef>
      <ControlId></ControlId>
      <Position>
        <X>225</X>
        <Y>106</Y>
      </Position>
      <Alignment>
        <TopLeft>true</TopLeft>
      </Alignment>
      <FontName>arial9</FontName>
      <Adapter></Adapter>
      <ColorAdapter></ColorAdapter>
      <Width>64</Width>
      <Height>18</Height>
      <MaxCharacters>32</MaxCharacters>
      <Color>
        <R>153</R>
        <G>153</G>
        <B>153</B>
        <A>255</A>
      </Color>
      <Data>Neutrale</Data>
      <EndAligned>false</EndAligned>
      <TextCentered>false</TextCentered>
    </LabelDef>

    <LabelDef>
      <ControlId></ControlId>
      <Position>
        <X>85</X>
        <Y>187</Y>
      </Position>
      <Alignment>
        <TopLeft>true</TopLeft>
      </Alignment>
      <FontName>arial9</FontName>
      <Adapter></Adapter>
      <ColorAdapter></ColorAdapter>
      <Width>64</Width>
      <Height>18</Height>
      <MaxCharacters>32</MaxCharacters>
      <Color>
        <R>153</R>
        <G>153</G>
        <B>153</B>
        <A>255</A>
      </Color>
      <Data>Neutrale</Data>
      <EndAligned>false</EndAligned>
      <TextCentered>false</TextCentered>
    </LabelDef>

    <LabelDef>
      <ControlId></ControlId>
      <Position>
        <X>85</X>
        <Y>242</Y>
      </Position>
      <Alignment>
      </Alignment>
      <FontName>arial9</FontName>
      <Adapter></Adapter>
      <ColorAdapter></ColorAdapter>
      <Width>60</Width>
      <Height>10</Height>
      <MaxCharacters>32</MaxCharacters>
      <Color>
        <R>153</R>
        <G>153</G>
        <B>153</B>
        <A>255</A>
      </Color>
      <Data>Neutrale</Data>
      <EndAligned>false</EndAligned>
      <TextCentered>false</TextCentered>
    </LabelDef>

    <LabelDef>
      <ControlId></ControlId>
      <Position>
        <X>155</X>
        <Y>317</Y>
      </Position>
      <Alignment>
        <TopLeft>true</TopLeft>
      </Alignment>
      <FontName>arial9</FontName>
      <Adapter></Adapter>
      <ColorAdapter></ColorAdapter>
      <Width>64</Width>
      <Height>18</Height>
      <MaxCharacters>32</MaxCharacters>
      <Color>
        <R>153</R>
        <G>153</G>
        <B>153</B>
        <A>255</A>
      </Color>
      <Data>Neutrale</Data>
      <EndAligned>false</EndAligned>
      <TextCentered>false</TextCentered>
    </LabelDef>

    <LabelDef>
      <ControlId></ControlId>
      <Position>
        <X>155</X>
        <Y>383</Y>
      </Position>
      <Alignment>
        <TopLeft>true</TopLeft>
      </Alignment>
      <FontName>arial9</FontName>
      <Adapter></Adapter>
      <ColorAdapter></ColorAdapter>
      <Width>64</Width>
      <Height>18</Height>
      <MaxCharacters>32</MaxCharacters>
      <Color>
        <R>153</R>
        <G>153</G>
        <B>153</B>
        <A>255</A>
      </Color>
      <Data>Neutrale</Data>
      <EndAligned>false</EndAligned>
      <TextCentered>false</TextCentered>
    </LabelDef>

    <!-- This is the begining of thrust Vulnerable for Midgard -->

    <LabelDef>
      <ControlId></ControlId>
      <Position>
        <X>85</X>
        <Y>339</Y>
      </Position>
      <Alignment>
        <TopLeft>true</TopLeft>
      </Alignment>
      <FontName>arial9</FontName>
      <Adapter></Adapter>
      <ColorAdapter></ColorAdapter>
      <Width>60</Width>
      <Height>10</Height>
      <MaxCharacters>32</MaxCharacters>
      <Color>
        <R>255</R>
        <G>255</G>
        <B>255</B>
        <A>255</A>
      </Color>
      <Data>Skald</Data>
      <EndAligned>false</EndAligned>
      <TextCentered>false</TextCentered>
    </LabelDef>

    <LabelDef>
      <ControlId></ControlId>
      <Position>
        <X>85</X>
        <Y>328</Y>
      </Position>
      <Alignment>
        <TopLeft>true</TopLeft>
      </Alignment>
      <FontName>arial9</FontName>
      <Adapter></Adapter>
      <ColorAdapter></ColorAdapter>
      <Width>64</Width>
      <Height>18</Height>
      <MaxCharacters>32</MaxCharacters>
      <Color>
        <R>255</R>
        <G>255</G>
        <B>255</B>
        <A>255</A>
      </Color>
      <Data>Thane</Data>
      <EndAligned>false</EndAligned>
      <TextCentered>false</TextCentered>
    </LabelDef>

    <LabelDef>
      <ControlId></ControlId>
      <Position>
        <X>85</X>
        <Y>317</Y>
      </Position>
      <Alignment>
        <TopLeft>true</TopLeft>
      </Alignment>
      <FontName>arial9</FontName>
      <Adapter></Adapter>
      <ColorAdapter></ColorAdapter>
      <Width>64</Width>
      <Height>18</Height>
      <MaxCharacters>32</MaxCharacters>
      <Color>
        <R>255</R>
        <G>255</G>
        <B>255</B>
        <A>175</A>
      </Color>
      <Data>Guerriero</Data>
      <EndAligned>false</EndAligned>
      <TextCentered>false</TextCentered>
    </LabelDef>

    <LabelDef>
      <ControlId></ControlId>
      <Position>
        <X>85</X>
        <Y>350</Y>
      </Position>
      <Alignment>
        <TopLeft>true</TopLeft>
      </Alignment>
      <FontName>arial9</FontName>
      <Adapter></Adapter>
      <ColorAdapter></ColorAdapter>
      <Width>64</Width>
      <Height>18</Height>
      <MaxCharacters>32</MaxCharacters>
      <Color>
        <R>255</R>
        <G>255</G>
        <B>255</B>
        <A>255</A>
      </Color>
      <Data>Guaritore</Data>
      <EndAligned>false</EndAligned>
      <TextCentered>false</TextCentered>
    </LabelDef>

    <LabelDef>
      <ControlId></ControlId>
      <Position>
        <X>85</X>
        <Y>361</Y>
      </Position>
      <Alignment>
        <TopLeft>true</TopLeft>
      </Alignment>
      <FontName>arial9</FontName>
      <Adapter></Adapter>
      <ColorAdapter></ColorAdapter>
      <Width>64</Width>
      <Height>18</Height>
      <MaxCharacters>32</MaxCharacters>
      <Color>
        <R>255</R>
        <G>255</G>
        <B>255</B>
        <A>175</A>
      </Color>
      <Data>Sciamano</Data>
      <EndAligned>false</EndAligned>
      <TextCentered>false</TextCentered>
    </LabelDef>

    <!-- This is the end of Thrust Vulnerable for Midgard -->

    <!-- This is the begining of Slash Resistant for Midgard -->

    <LabelDef>
      <ControlId></ControlId>
      <Position>
        <X>225</X>
        <Y>405</Y>
      </Position>
      <Alignment>
        <TopLeft>true</TopLeft>
      </Alignment>
      <FontName>arial9</FontName>
      <Adapter></Adapter>
      <ColorAdapter></ColorAdapter>
      <Width>60</Width>
      <Height>10</Height>
      <MaxCharacters>32</MaxCharacters>
      <Color>
        <R>255</R>
        <G>255</G>
        <B>255</B>
        <A>255</A>
      </Color>
      <Data>Skald</Data>
      <EndAligned>false</EndAligned>
      <TextCentered>false</TextCentered>
    </LabelDef>

    <LabelDef>
      <ControlId></ControlId>
      <Position>
        <X>225</X>
        <Y>394</Y>
      </Position>
      <Alignment>
        <TopLeft>true</TopLeft>
      </Alignment>
      <FontName>arial9</FontName>
      <Adapter></Adapter>
      <ColorAdapter></ColorAdapter>
      <Width>64</Width>
      <Height>18</Height>
      <MaxCharacters>32</MaxCharacters>
      <Color>
        <R>255</R>
        <G>255</G>
        <B>255</B>
        <A>255</A>
      </Color>
      <Data>Thane</Data>
      <EndAligned>false</EndAligned>
      <TextCentered>false</TextCentered>
    </LabelDef>

    <LabelDef>
      <ControlId></ControlId>
      <Position>
        <X>225</X>
        <Y>383</Y>
      </Position>
      <Alignment>
        <TopLeft>true</TopLeft>
      </Alignment>
      <FontName>arial9</FontName>
      <Adapter></Adapter>
      <ColorAdapter></ColorAdapter>
      <Width>64</Width>
      <Height>18</Height>
      <MaxCharacters>32</MaxCharacters>
      <Color>
        <R>255</R>
        <G>255</G>
        <B>255</B>
        <A>175</A>
      </Color>
      <Data>Guerriero</Data>
      <EndAligned>false</EndAligned>
      <TextCentered>false</TextCentered>
    </LabelDef>

    <LabelDef>
      <ControlId></ControlId>
      <Position>
        <X>225</X>
        <Y>416</Y>
      </Position>
      <Alignment>
        <TopLeft>true</TopLeft>
      </Alignment>
      <FontName>arial9</FontName>
      <Adapter></Adapter>
      <ColorAdapter></ColorAdapter>
      <Width>64</Width>
      <Height>18</Height>
      <MaxCharacters>32</MaxCharacters>
      <Color>
        <R>255</R>
        <G>255</G>
        <B>255</B>
        <A>255</A>
      </Color>
      <Data>Guaritore</Data>
      <EndAligned>false</EndAligned>
      <TextCentered>false</TextCentered>
    </LabelDef>

    <LabelDef>
      <ControlId></ControlId>
      <Position>
        <X>225</X>
        <Y>427</Y>
      </Position>
      <Alignment>
        <TopLeft>true</TopLeft>
      </Alignment>
      <FontName>arial9</FontName>
      <Adapter></Adapter>
      <ColorAdapter></ColorAdapter>
      <Width>64</Width>
      <Height>18</Height>
      <MaxCharacters>32</MaxCharacters>
      <Color>
        <R>255</R>
        <G>255</G>
        <B>255</B>
        <A>175</A>
      </Color>
      <Data>Sciamano</Data>
      <EndAligned>false</EndAligned>
      <TextCentered>false</TextCentered>
    </LabelDef>

    <!-- This is the end of Slash Resistant for Midgard -->

    <!-- This is the begining of Thrust Resistant for Midgard -->

    <LabelDef>
      <ControlId></ControlId>
      <Position>
        <X>85</X>
        <Y>383</Y>
      </Position>
      <Alignment>
        <TopLeft>true</TopLeft>
      </Alignment>
      <FontName>arial9</FontName>
      <Adapter></Adapter>
      <ColorAdapter></ColorAdapter>
      <Width>64</Width>
      <Height>18</Height>
      <MaxCharacters>32</MaxCharacters>
      <Color>
        <R>255</R>
        <G>255</G>
        <B>255</B>
        <A>255</A>
      </Color>
      <Data>Berserker</Data>
      <EndAligned>false</EndAligned>
      <TextCentered>false</TextCentered>
    </LabelDef>

    <LabelDef>
      <ControlId></ControlId>
      <Position>
        <X>85</X>
        <Y>394</Y>
      </Position>
      <Alignment>
        <TopLeft>true</TopLeft>
      </Alignment>
      <FontName>arial9</FontName>
      <Adapter></Adapter>
      <ColorAdapter></ColorAdapter>
      <Width>64</Width>
      <Height>18</Height>
      <MaxCharacters>32</MaxCharacters>
      <Color>
        <R>255</R>
        <G>255</G>
        <B>255</B>
        <A>255</A>
      </Color>
      <Data>Selvaggio</Data>
      <EndAligned>false</EndAligned>
      <TextCentered>false</TextCentered>
    </LabelDef>

    <LabelDef>
      <ControlId></ControlId>
      <Position>
        <X>85</X>
        <Y>405</Y>
      </Position>
      <Alignment>
        <TopLeft>true</TopLeft>
      </Alignment>
      <FontName>arial9</FontName>
      <Adapter></Adapter>
      <ColorAdapter></ColorAdapter>
      <Width>64</Width>
      <Height>18</Height>
      <MaxCharacters>32</MaxCharacters>
      <Color>
        <R>255</R>
        <G>255</G>
        <B>255</B>
        <A>255</A>
      </Color>
      <Data>Cacciatore</Data>
      <EndAligned>false</EndAligned>
      <TextCentered>false</TextCentered>
    </LabelDef>

    <LabelDef>
      <ControlId></ControlId>
      <Position>
        <X>85</X>
        <Y>416</Y>
      </Position>
      <Alignment>
        <TopLeft>true</TopLeft>
      </Alignment>
      <FontName>arial9</FontName>
      <Adapter></Adapter>
      <ColorAdapter></ColorAdapter>
      <Width>70</Width>
      <Height>18</Height>
      <MaxCharacters>32</MaxCharacters>
      <Color>
        <R>255</R>
        <G>255</G>
        <B>255</B>
        <A>255</A>
      </Color>
      <Data>Shadowblade</Data>
      <EndAligned>false</EndAligned>
      <TextCentered>false</TextCentered>
    </LabelDef>

    <!-- This is the end of Thrust Resistant for Midgard -->

    <!-- This is the Begining of Slash Vulnerable for Midgard -->

    <LabelDef>
      <ControlId></ControlId>
      <Position>
        <X>225</X>
        <Y>317</Y>
      </Position>
      <Alignment>
        <TopLeft>true</TopLeft>
      </Alignment>
      <FontName>arial9</FontName>
      <Adapter></Adapter>
      <ColorAdapter></ColorAdapter>
      <Width>64</Width>
      <Height>18</Height>
      <MaxCharacters>32</MaxCharacters>
      <Color>
        <R>255</R>
        <G>255</G>
        <B>255</B>
        <A>255</A>
      </Color>
      <Data>Berserker</Data>
      <EndAligned>false</EndAligned>
      <TextCentered>false</TextCentered>
    </LabelDef>

    <LabelDef>
      <ControlId></ControlId>
      <Position>
        <X>225</X>
        <Y>328</Y>
      </Position>
      <Alignment>
        <TopLeft>true</TopLeft>
      </Alignment>
      <FontName>arial9</FontName>
      <Adapter></Adapter>
      <ColorAdapter></ColorAdapter>
      <Width>64</Width>
      <Height>18</Height>
      <MaxCharacters>32</MaxCharacters>
      <Color>
        <R>255</R>
        <G>255</G>
        <B>255</B>
        <A>255</A>
      </Color>
      <Data>Selvaggio</Data>
      <EndAligned>false</EndAligned>
      <TextCentered>false</TextCentered>
    </LabelDef>

    <LabelDef>
      <ControlId></ControlId>
      <Position>
        <X>225</X>
        <Y>339</Y>
      </Position>
      <Alignment>
        <TopLeft>true</TopLeft>
      </Alignment>
      <FontName>arial9</FontName>
      <Adapter></Adapter>
      <ColorAdapter></ColorAdapter>
      <Width>64</Width>
      <Height>18</Height>
      <MaxCharacters>32</MaxCharacters>
      <Color>
        <R>255</R>
        <G>255</G>
        <B>255</B>
        <A>255</A>
      </Color>
      <Data>Cacciatore</Data>
      <EndAligned>false</EndAligned>
      <TextCentered>false</TextCentered>
    </LabelDef>

    <LabelDef>
      <ControlId></ControlId>
      <Position>
        <X>225</X>
        <Y>350</Y>
      </Position>
      <Alignment>
        <TopLeft>true</TopLeft>
      </Alignment>
      <FontName>arial9</FontName>
      <Adapter></Adapter>
      <ColorAdapter></ColorAdapter>
      <Width>70</Width>
      <Height>18</Height>
      <MaxCharacters>32</MaxCharacters>
      <Color>
        <R>255</R>
        <G>255</G>
        <B>255</B>
        <A>255</A>
      </Color>
      <Data>Shadowblade</Data>
      <EndAligned>false</EndAligned>
      <TextCentered>false</TextCentered>
    </LabelDef>

    <!-- This is the end of Slash Vulnerable for Midgard -->

    <!-- This is the begining of Crush Vulnerable for Hibernia -->

    <LabelDef>
      <ControlId></ControlId>
      <Position>
        <X>155</X>
        <Y>187</Y>
      </Position>
      <Alignment>
        <TopLeft>true</TopLeft>
      </Alignment>
      <FontName>arial9</FontName>
      <Adapter></Adapter>
      <ColorAdapter></ColorAdapter>
      <Width>64</Width>
      <Height>18</Height>
      <MaxCharacters>32</MaxCharacters>
      <Color>
        <R>255</R>
        <G>255</G>
        <B>255</B>
        <A>255</A>
      </Color>
      <Data>Blademaster</Data>
      <EndAligned>false</EndAligned>
      <TextCentered>false</TextCentered>
    </LabelDef>

    <LabelDef>
      <ControlId></ControlId>
      <Position>
        <X>155</X>
        <Y>198</Y>
      </Position>
      <Alignment>
        <TopLeft>true</TopLeft>
      </Alignment>
      <FontName>arial9</FontName>
      <Adapter></Adapter>
      <ColorAdapter></ColorAdapter>
      <Width>64</Width>
      <Height>18</Height>
      <MaxCharacters>32</MaxCharacters>
      <Color>
        <R>255</R>
        <G>255</G>
        <B>255</B>
        <A>255</A>
      </Color>
      <Data>Bardo</Data>
      <EndAligned>false</EndAligned>
      <TextCentered>false</TextCentered>
    </LabelDef>

    <LabelDef>
      <ControlId></ControlId>
      <Position>
        <X>155</X>
        <Y>209</Y>
      </Position>
      <Alignment>
        <TopLeft>true</TopLeft>
      </Alignment>
      <FontName>arial9</FontName>
      <Adapter></Adapter>
      <ColorAdapter></ColorAdapter>
      <Width>64</Width>
      <Height>18</Height>
      <MaxCharacters>32</MaxCharacters>
      <Color>
        <R>255</R>
        <G>255</G>
        <B>255</B>
        <A>255</A>
      </Color>
      <Data>Ombra</Data>
      <EndAligned>false</EndAligned>
      <TextCentered>false</TextCentered>
    </LabelDef>

    <LabelDef>
      <ControlId></ControlId>
      <Position>
        <X>155</X>
        <Y>220</Y>
      </Position>
      <Alignment>
        <TopLeft>true</TopLeft>
      </Alignment>
      <FontName>arial9</FontName>
      <Adapter></Adapter>
      <ColorAdapter></ColorAdapter>
      <Width>64</Width>
      <Height>18</Height>
      <MaxCharacters>32</MaxCharacters>
      <Color>
        <R>255</R>
        <G>255</G>
        <B>255</B>
        <A>255</A>
      </Color>
      <Data>Ranger</Data>
      <EndAligned>false</EndAligned>
      <TextCentered>false</TextCentered>
    </LabelDef>

    <!-- This is the end of Crush Vulnerable for Hibernia -->

    <!-- This is the begining of crush resistant for Hibernia -->

    <LabelDef>
      <ControlId></ControlId>
      <Position>
        <X>155</X>
        <Y>242</Y>
      </Position>
      <Alignment>
        <TopLeft>true</TopLeft>
      </Alignment>
      <FontName>arial9</FontName>
      <Adapter></Adapter>
      <ColorAdapter></ColorAdapter>
      <Width>64</Width>
      <Height>18</Height>
      <MaxCharacters>32</MaxCharacters>
      <Color>
        <R>255</R>
        <G>255</G>
        <B>255</B>
        <A>255</A>
      </Color>
      <Data>Eroe</Data>
      <EndAligned>false</EndAligned>
      <TextCentered>false</TextCentered>
    </LabelDef>

    <LabelDef>
      <ControlId></ControlId>
      <Position>
        <X>155</X>
        <Y>253</Y>
      </Position>
      <Alignment>
        <TopLeft>true</TopLeft>
      </Alignment>
      <FontName>arial9</FontName>
      <Adapter></Adapter>
      <ColorAdapter></ColorAdapter>
      <Width>64</Width>
      <Height>18</Height>
      <MaxCharacters>32</MaxCharacters>
      <Color>
        <R>255</R>
        <G>255</G>
        <B>255</B>
        <A>255</A>
      </Color>
      <Data>Campione</Data>
      <EndAligned>false</EndAligned>
      <TextCentered>false</TextCentered>
    </LabelDef>

    <LabelDef>
      <ControlId></ControlId>
      <Position>
        <X>155</X>
        <Y>264</Y>
      </Position>
      <Alignment>
        <TopLeft>true</TopLeft>
      </Alignment>
      <FontName>arial9</FontName>
      <Adapter></Adapter>
      <ColorAdapter></ColorAdapter>
      <Width>64</Width>
      <Height>18</Height>
      <MaxCharacters>32</MaxCharacters>
      <Color>
        <R>255</R>
        <G>255</G>
        <B>255</B>
        <A>255</A>
      </Color>
      <Data>Druido</Data>
      <EndAligned>false</EndAligned>
      <TextCentered>false</TextCentered>
    </LabelDef>

    <LabelDef>
      <ControlId></ControlId>
      <Position>
        <X>155</X>
        <Y>275</Y>
      </Position>
      <Alignment>
        <TopLeft>true</TopLeft>
      </Alignment>
      <FontName>arial9</FontName>
      <Adapter></Adapter>
      <ColorAdapter></ColorAdapter>
      <Width>64</Width>
      <Height>18</Height>
      <MaxCharacters>32</MaxCharacters>
      <Color>
        <R>255</R>
        <G>255</G>
        <B>255</B>
        <A>255</A>
      </Color>
      <Data>Custode</Data>
      <EndAligned>false</EndAligned>
      <TextCentered>false</TextCentered>
    </LabelDef>

    <!-- This is the end of crush resistant for Hibernia -->

    <!-- This is the begining of slash vulnerable for Hibernia -->

    <LabelDef>
      <ControlId></ControlId>
      <Position>
        <X>225</X>
        <Y>187</Y>
      </Position>
      <Alignment>
        <TopLeft>true</TopLeft>
      </Alignment>
      <FontName>arial9</FontName>
      <Adapter></Adapter>
      <ColorAdapter></ColorAdapter>
      <Width>64</Width>
      <Height>18</Height>
      <MaxCharacters>32</MaxCharacters>
      <Color>
        <R>255</R>
        <G>255</G>
        <B>255</B>
        <A>255</A>
      </Color>
      <Data>Eroe</Data>
      <EndAligned>false</EndAligned>
      <TextCentered>false</TextCentered>
    </LabelDef>

    <LabelDef>
      <ControlId></ControlId>
      <Position>
        <X>225</X>
        <Y>198</Y>
      </Position>
      <Alignment>
        <TopLeft>true</TopLeft>
      </Alignment>
      <FontName>arial9</FontName>
      <Adapter></Adapter>
      <ColorAdapter></ColorAdapter>
      <Width>64</Width>
      <Height>18</Height>
      <MaxCharacters>32</MaxCharacters>
      <Color>
        <R>255</R>
        <G>255</G>
        <B>255</B>
        <A>255</A>
      </Color>
      <Data>Campione</Data>
      <EndAligned>false</EndAligned>
      <TextCentered>false</TextCentered>
    </LabelDef>

    <LabelDef>
      <ControlId></ControlId>
      <Position>
        <X>225</X>
        <Y>209</Y>
      </Position>
      <Alignment>
        <TopLeft>true</TopLeft>
      </Alignment>
      <FontName>arial9</FontName>
      <Adapter></Adapter>
      <ColorAdapter></ColorAdapter>
      <Width>64</Width>
      <Height>18</Height>
      <MaxCharacters>32</MaxCharacters>
      <Color>
        <R>255</R>
        <G>255</G>
        <B>255</B>
        <A>255</A>
      </Color>
      <Data>Druido</Data>
      <EndAligned>false</EndAligned>
      <TextCentered>false</TextCentered>
    </LabelDef>

    <LabelDef>
      <ControlId></ControlId>
      <Position>
        <X>225</X>
        <Y>220</Y>
      </Position>
      <Alignment>
        <TopLeft>true</TopLeft>
      </Alignment>
      <FontName>arial9</FontName>
      <Adapter></Adapter>
      <ColorAdapter></ColorAdapter>
      <Width>64</Width>
      <Height>18</Height>
      <MaxCharacters>32</MaxCharacters>
      <Color>
        <R>255</R>
        <G>255</G>
        <B>255</B>
        <A>255</A>
      </Color>
      <Data>Custode</Data>
      <EndAligned>false</EndAligned>
      <TextCentered>false</TextCentered>
    </LabelDef>

    <!-- This is the end of slash vulnerable for Hibernia -->

    <!-- This is the begining of slash resistant for Hibernia -->

    <LabelDef>
      <ControlId></ControlId>
      <Position>
        <X>225</X>
        <Y>242</Y>
      </Position>
      <Alignment>
        <TopLeft>true</TopLeft>
      </Alignment>
      <FontName>arial9</FontName>
      <Adapter></Adapter>
      <ColorAdapter></ColorAdapter>
      <Width>64</Width>
      <Height>18</Height>
      <MaxCharacters>32</MaxCharacters>
      <Color>
        <R>255</R>
        <G>255</G>
        <B>255</B>
        <A>255</A>
      </Color>
      <Data>Blademaster</Data>
      <EndAligned>false</EndAligned>
      <TextCentered>false</TextCentered>
    </LabelDef>

    <LabelDef>
      <ControlId></ControlId>
      <Position>
        <X>225</X>
        <Y>253</Y>
      </Position>
      <Alignment>
        <TopLeft>true</TopLeft>
      </Alignment>
      <FontName>arial9</FontName>
      <Adapter></Adapter>
      <ColorAdapter></ColorAdapter>
      <Width>64</Width>
      <Height>18</Height>
      <MaxCharacters>32</MaxCharacters>
      <Color>
        <R>255</R>
        <G>255</G>
        <B>255</B>
        <A>255</A>
      </Color>
      <Data>Bardo</Data>
      <EndAligned>false</EndAligned>
      <TextCentered>false</TextCentered>
    </LabelDef>

    <LabelDef>
      <ControlId></ControlId>
      <Position>
        <X>225</X>
        <Y>264</Y>
      </Position>
      <Alignment>
        <TopLeft>true</TopLeft>
      </Alignment>
      <FontName>arial9</FontName>
      <Adapter></Adapter>
      <ColorAdapter></ColorAdapter>
      <Width>64</Width>
      <Height>18</Height>
      <MaxCharacters>32</MaxCharacters>
      <Color>
        <R>255</R>
        <G>255</G>
        <B>255</B>
        <A>255</A>
      </Color>
      <Data>Ombra</Data>
      <EndAligned>false</EndAligned>
      <TextCentered>false</TextCentered>
    </LabelDef>

    <LabelDef>
      <ControlId></ControlId>
      <Position>
        <X>225</X>
        <Y>275</Y>
      </Position>
      <Alignment>
        <TopLeft>true</TopLeft>
      </Alignment>
      <FontName>arial9</FontName>
      <Adapter></Adapter>
      <ColorAdapter></ColorAdapter>
      <Width>64</Width>
      <Height>18</Height>
      <MaxCharacters>32</MaxCharacters>
      <Color>
        <R>255</R>
        <G>255</G>
        <B>255</B>
        <A>255</A>
      </Color>
      <Data>Ranger</Data>
      <EndAligned>false</EndAligned>
      <TextCentered>false</TextCentered>
    </LabelDef>

    <!-- This is the end of slash resistant for Hibernia -->

    <HorizontalResizeImageDef>
      <ControlId></ControlId>
      <Position>
        <X>3</X>
        <Y>22</Y>
      </Position>
      <Alignment>
        <TopLeft>true</TopLeft>
      </Alignment>
      <TemplateName>divider</TemplateName>
      <Width>294</Width>
    </HorizontalResizeImageDef>

    <HorizontalResizeImageDef>
      <ControlId></ControlId>
      <Position>
        <X>8</X>
        <Y>102</Y>
      </Position>
      <Alignment>
        <TopLeft>true</TopLeft>
      </Alignment>
      <TemplateName>divider</TemplateName>
      <Width>284</Width>
    </HorizontalResizeImageDef>

    <HorizontalResizeImageDef>
      <ControlId></ControlId>
      <Position>
        <X>8</X>
        <Y>236</Y>
      </Position>
      <Alignment>
        <TopLeft>true</TopLeft>
      </Alignment>
      <TemplateName>divider</TemplateName>
      <Width>284</Width>
    </HorizontalResizeImageDef>

    <HorizontalResizeImageDef>
      <ControlId></ControlId>
      <Position>
        <X>8</X>
        <Y>377</Y>
      </Position>
      <Alignment>
        <TopLeft>true</TopLeft>
      </Alignment>
      <TemplateName>divider</TemplateName>
      <Width>284</Width>
    </HorizontalResizeImageDef>

    <ButtonDef>
      <ControlId></ControlId>
      <Position>
        <X>225</X>
        <Y>5</Y>
      </Position>
      <Alignment>
        <TopLeft>true</TopLeft>
      </Alignment>
      <TemplateName>button_large</TemplateName>
      <Label>Resist</Label>
      <onClickEvent>Bonuses</onClickEvent>
    </ButtonDef>

  </WindowTemplate>

</Root_Element>
