<?xml version="1.0" encoding="ISO-8859-1"?>
<Root_Element ID="DAOCUi">

<!-- @@ Edited with the DAoC User Interface Editor v1.71 -->
<!-- @@ Free download available at http://www.bradtownsend.com/daoced -->

  <ImageAreaTemplate>
    <Name>ext_hor_bar</Name>
    <TextureName>valmer_01</TextureName>
    <Size>
      <X>170</X>
      <Y>40</Y>
    </Size>
    <TopLeft>
      <X>0</X>
      <Y>471</Y>
    </TopLeft>
  </ImageAreaTemplate>

  <ButtonTemplate>
    <Name>button_stick</Name>
    <Size>
      <X>31</X>
      <Y>31</Y>
    </Size>
    <Font>
      <Name>brit9</Name>
      <ColorNormal>
        <R>255</R>
        <G>255</G>
        <B>255</B>
        <A>255</A>
      </ColorNormal>
      <ColorHighlit>
        <R>255</R>
        <G>127</G>
        <B>0</B>
        <A>255</A>
      </ColorHighlit>
      <ColorPressed>
        <R>0</R>
        <G>0</G>
        <B>0</B>
        <A>0</A>
      </ColorPressed>
      <ColorDisabled>
        <R>255</R>
        <G>0</G>
        <B>255</B>
        <A>255</A>
      </ColorDisabled>
    </Font>
    <Texture>
      <TextureName>valmer_01</TextureName>
      <Normal>
        <X>160</X>
        <Y>309</Y>
      </Normal>
      <Pressed>
        <X>192</X>
        <Y>309</Y>
      </Pressed>
      <NormalHighlit>
        <X>160</X>
        <Y>309</Y>
      </NormalHighlit>
      <PressedHighlit>
        <X>192</X>
        <Y>309</Y>
      </PressedHighlit>
      <Disabled>
        <X>160</X>
        <Y>309</Y>
      </Disabled>
    </Texture>
  </ButtonTemplate>

  <ButtonTemplate>
    <Name>button_follow</Name>
    <Size>
      <X>31</X>
      <Y>31</Y>
    </Size>
    <Font>
      <Name>brit9</Name>
      <ColorNormal>
        <R>255</R>
        <G>255</G>
        <B>255</B>
        <A>255</A>
      </ColorNormal>
      <ColorHighlit>
        <R>255</R>
        <G>127</G>
        <B>0</B>
        <A>255</A>
      </ColorHighlit>
      <ColorPressed>
        <R>0</R>
        <G>0</G>
        <B>0</B>
        <A>0</A>
      </ColorPressed>
      <ColorDisabled>
        <R>255</R>
        <G>0</G>
        <B>255</B>
        <A>255</A>
      </ColorDisabled>
    </Font>
    <Texture>
      <TextureName>valmer_01</TextureName>
      <Normal>
        <X>160</X>
        <Y>341</Y>
      </Normal>
      <Pressed>
        <X>192</X>
        <Y>341</Y>
      </Pressed>
      <NormalHighlit>
        <X>160</X>
        <Y>341</Y>
      </NormalHighlit>
      <PressedHighlit>
        <X>192</X>
        <Y>341</Y>
      </PressedHighlit>
      <Disabled>
        <X>192</X>
        <Y>341</Y>
      </Disabled>
    </Texture>
  </ButtonTemplate>

  <ButtonTemplate>
    <Name>button_face</Name>
    <Size>
      <X>31</X>
      <Y>31</Y>
    </Size>
    <Font>
      <Name>brit9</Name>
      <ColorNormal>
        <R>127</R>
        <G>0</G>
        <B>0</B>
        <A>255</A>
      </ColorNormal>
      <ColorHighlit>
        <R>255</R>
        <G>127</G>
        <B>0</B>
        <A>255</A>
      </ColorHighlit>
      <ColorPressed>
        <R>0</R>
        <G>0</G>
        <B>0</B>
        <A>0</A>
      </ColorPressed>
      <ColorDisabled>
        <R>255</R>
        <G>0</G>
        <B>255</B>
        <A>255</A>
      </ColorDisabled>
    </Font>
    <Texture>
      <TextureName>valmer_01</TextureName>
      <Normal>
        <X>160</X>
        <Y>373</Y>
      </Normal>
      <Pressed>
        <X>192</X>
        <Y>373</Y>
      </Pressed>
      <NormalHighlit>
        <X>160</X>
        <Y>373</Y>
      </NormalHighlit>
      <PressedHighlit>
        <X>192</X>
        <Y>373</Y>
      </PressedHighlit>
      <Disabled>
        <X>192</X>
        <Y>373</Y>
      </Disabled>
    </Texture>
  </ButtonTemplate>

  <ButtonTemplate>
    <Name>button_assist</Name>
    <Size>
      <X>31</X>
      <Y>31</Y>
    </Size>
    <Font>
      <Name>brit9</Name>
      <ColorNormal>
        <R>127</R>
        <G>0</G>
        <B>0</B>
        <A>255</A>
      </ColorNormal>
      <ColorHighlit>
        <R>255</R>
        <G>127</G>
        <B>0</B>
        <A>255</A>
      </ColorHighlit>
      <ColorPressed>
        <R>0</R>
        <G>0</G>
        <B>0</B>
        <A>0</A>
      </ColorPressed>
      <ColorDisabled>
        <R>255</R>
        <G>0</G>
        <B>255</B>
        <A>255</A>
      </ColorDisabled>
    </Font>
    <Texture>
      <TextureName>valmer_01</TextureName>
      <Normal>
        <X>160</X>
        <Y>405</Y>
      </Normal>
      <Pressed>
        <X>192</X>
        <Y>405</Y>
      </Pressed>
      <NormalHighlit>
        <X>160</X>
        <Y>405</Y>
      </NormalHighlit>
      <PressedHighlit>
        <X>192</X>
        <Y>405</Y>
      </PressedHighlit>
      <Disabled>
        <X>192</X>
        <Y>405</Y>
      </Disabled>
    </Texture>
  </ButtonTemplate>

  <ButtonTemplate>
    <Name>button_sprint</Name>
    <Size>
      <X>31</X>
      <Y>31</Y>
    </Size>
    <Font>
      <Name>brit9</Name>
      <ColorNormal>
        <R>0</R>
        <G>255</G>
        <B>0</B>
        <A>127</A>
      </ColorNormal>
      <ColorHighlit>
        <R>255</R>
        <G>127</G>
        <B>0</B>
        <A>255</A>
      </ColorHighlit>
      <ColorPressed>
        <R>0</R>
        <G>0</G>
        <B>0</B>
        <A>0</A>
      </ColorPressed>
      <ColorDisabled>
        <R>255</R>
        <G>0</G>
        <B>255</B>
        <A>255</A>
      </ColorDisabled>
    </Font>
    <Texture>
      <TextureName>valmer_01</TextureName>
      <Normal>
        <X>160</X>
        <Y>437</Y>
      </Normal>
      <Pressed>
        <X>192</X>
        <Y>437</Y>
      </Pressed>
      <NormalHighlit>
        <X>160</X>
        <Y>437</Y>
      </NormalHighlit>
      <PressedHighlit>
        <X>192</X>
        <Y>437</Y>
      </PressedHighlit>
      <Disabled>
        <X>192</X>
        <Y>437</Y>
      </Disabled>
    </Texture>
  </ButtonTemplate>
  <WindowTemplate>
    <Name>custom4_window</Name>
    <WindowId>Custom4</WindowId>
    <CloseButton>false</CloseButton>
    <MoveButton>false</MoveButton>
    <TopRightResizeButton>false</TopRightResizeButton>
    <BottomRightResizeButton>false</BottomRightResizeButton>
    <BottomLeftResizeButton>false</BottomLeftResizeButton>
    <ResizeButtonOffsetX>0</ResizeButtonOffsetX>
    <ResizeButtonOffsetY>0</ResizeButtonOffsetY>
    <TitleWidth>0</TitleWidth>
    <TitleHeight>0</TitleHeight>
    <Width>170</Width>
    <Height>40</Height>
    <ResizeableWidth>0</ResizeableWidth>
    <ResizeableHeight>0</ResizeableHeight>
    <ResizeableTwoWayWidth>0</ResizeableTwoWayWidth>
    <ResizeableTwoWayHeight>0</ResizeableTwoWayHeight>
    <MinWidth>0</MinWidth>
    <MinHeight>0</MinHeight>

    <ImageAreaDef>
      <ControlId></ControlId>
      <Position>
        <X>0</X>
        <Y>0</Y>
      </Position>
      <Alignment>
        <TopLeft>true</TopLeft>
      </Alignment>
      <TemplateName>ext_hor_bar</TemplateName>
    </ImageAreaDef>

    <!--   BOTTONE 1   -->
    <ButtonDef>
      <ControlId></ControlId>
      <Position>
        <X>1</X>
        <Y>10</Y>
      </Position>
      <Alignment>
        <TopLeft>true</TopLeft>
      </Alignment>
      <TemplateName>button_stick</TemplateName>
      <Label>Stick</Label>
      <onClickEvent>STICK</onClickEvent>
    </ButtonDef>

    <!--   BOTTONE 2   -->
    <ButtonDef>
      <ControlId></ControlId>
      <Position>
        <X>35</X>
        <Y>10</Y>
      </Position>
      <Alignment>
        <TopLeft>true</TopLeft>
      </Alignment>
      <TemplateName>button_follow</TemplateName>
      <Label>Follow</Label>
      <onClickEvent>FOLLOW</onClickEvent>
    </ButtonDef>

    <!--   BOTTONE 3   -->
    <ButtonDef>
      <ControlId></ControlId>
      <Position>
        <X>69</X>
        <Y>10</Y>
      </Position>
      <Alignment>
        <TopLeft>true</TopLeft>
      </Alignment>
      <TemplateName>button_face</TemplateName>
      <Label>Face</Label>
      <onClickEvent>FACE</onClickEvent>
    </ButtonDef>

    <!--   BOTTONE 4   -->
    <ButtonDef>
      <ControlId></ControlId>
      <Position>
        <X>103</X>
        <Y>10</Y>
      </Position>
      <Alignment>
        <TopLeft>true</TopLeft>
      </Alignment>
      <TemplateName>button_assist</TemplateName>
      <Label>Assist</Label>
      <onClickEvent>AssistTarget</onClickEvent>
    </ButtonDef>

    <!--   BOTTONE 5   -->
    <ButtonDef>
      <ControlId></ControlId>
      <Position>
        <X>137</X>
        <Y>10</Y>
      </Position>
      <Alignment>
        <TopLeft>true</TopLeft>
      </Alignment>
      <TemplateName>button_sprint</TemplateName>
      <Label>Sprint</Label>
      <onClickEvent>SPRINT</onClickEvent>
    </ButtonDef>


  </WindowTemplate>

</Root_Element>
