<?xml version="1.0" encoding="ISO-8859-1"?>
<Root_Element ID="DAOCUi">

<!-- @@ Edited with the DAoC User Interface Editor v1.77a -->
<!-- @@ Free download available at http://www.bradtownsend.com/daoced -->

  <Texture>
    <Name>common_map_texture</Name>
    <File>custom/common_maps.dds</File>
  </Texture>

  <CheckBoxTemplate>
    <Name>common_map1</Name>
    <Size>
      <X>512</X>
      <Y>512</Y>
    </Size>
    <Font>
      <Name></Name>
      <ColorNormal>
        <R>255</R>
        <G>255</G>
        <B>255</B>
        <A>255</A>
      </ColorNormal>
      <ColorPressed>
        <R>255</R>
        <G>255</G>
        <B>255</B>
        <A>255</A>
      </ColorPressed>
      <ColorHighlit>
        <R>255</R>
        <G>255</G>
        <B>255</B>
        <A>255</A>
      </ColorHighlit>
      <ColorDisabled>
        <R>255</R>
        <G>255</G>
        <B>255</B>
        <A>255</A>
      </ColorDisabled>
      <TextOffset>
        <X>0</X>
        <Y>0</Y>
      </TextOffset>
      <TextAlignment>
        <TopLeft>true</TopLeft>
      </TextAlignment>
      <ChangeFontColor>false</ChangeFontColor>
    </Font>
    <Texture>
      <TextureName>common_map_texture</TextureName>
      <Normal>
        <X>1536</X>
        <Y>1536</Y>
      </Normal>
      <Pressed>
        <X>0</X>
        <Y>0</Y>
      </Pressed>
      <NormalHighlit>
        <X>1536</X>
        <Y>1536</Y>
      </NormalHighlit>
      <PressedHighlit>
        <X>0</X>
        <Y>0</Y>
      </PressedHighlit>
      <Disabled>
        <X>1536</X>
        <Y>1536</Y>
      </Disabled>
    </Texture>
  </CheckBoxTemplate>

  <CheckBoxTemplate>
    <Name>common_map2</Name>
    <Size>
      <X>512</X>
      <Y>512</Y>
    </Size>
    <Font>
      <Name></Name>
      <ColorNormal>
        <R>255</R>
        <G>255</G>
        <B>255</B>
        <A>255</A>
      </ColorNormal>
      <ColorPressed>
        <R>255</R>
        <G>255</G>
        <B>255</B>
        <A>255</A>
      </ColorPressed>
      <ColorHighlit>
        <R>255</R>
        <G>255</G>
        <B>255</B>
        <A>255</A>
      </ColorHighlit>
      <ColorDisabled>
        <R>255</R>
        <G>255</G>
        <B>255</B>
        <A>255</A>
      </ColorDisabled>
      <TextOffset>
        <X>0</X>
        <Y>0</Y>
      </TextOffset>
      <TextAlignment>
        <TopLeft>true</TopLeft>
      </TextAlignment>
      <ChangeFontColor>false</ChangeFontColor>
    </Font>
    <Texture>
      <TextureName>common_map_texture</TextureName>
      <Normal>
        <X>1536</X>
        <Y>1536</Y>
      </Normal>
      <Pressed>
        <X>512</X>
        <Y>0</Y>
      </Pressed>
      <NormalHighlit>
        <X>1536</X>
        <Y>1536</Y>
      </NormalHighlit>
      <PressedHighlit>
        <X>512</X>
        <Y>0</Y>
      </PressedHighlit>
      <Disabled>
        <X>1536</X>
        <Y>1536</Y>
      </Disabled>
    </Texture>
  </CheckBoxTemplate>

  <CheckBoxTemplate>
    <Name>common_map3</Name>
    <Size>
      <X>512</X>
      <Y>512</Y>
    </Size>
    <Font>
      <Name></Name>
      <ColorNormal>
        <R>255</R>
        <G>255</G>
        <B>255</B>
        <A>255</A>
      </ColorNormal>
      <ColorPressed>
        <R>255</R>
        <G>255</G>
        <B>255</B>
        <A>255</A>
      </ColorPressed>
      <ColorHighlit>
        <R>255</R>
        <G>255</G>
        <B>255</B>
        <A>255</A>
      </ColorHighlit>
      <ColorDisabled>
        <R>255</R>
        <G>255</G>
        <B>255</B>
        <A>255</A>
      </ColorDisabled>
      <TextOffset>
        <X>0</X>
        <Y>0</Y>
      </TextOffset>
      <TextAlignment>
        <TopLeft>true</TopLeft>
      </TextAlignment>
      <ChangeFontColor>false</ChangeFontColor>
    </Font>
    <Texture>
      <TextureName>common_map_texture</TextureName>
      <Normal>
        <X>1536</X>
        <Y>1536</Y>
      </Normal>
      <Pressed>
        <X>1024</X>
        <Y>0</Y>
      </Pressed>
      <NormalHighlit>
        <X>1536</X>
        <Y>1536</Y>
      </NormalHighlit>
      <PressedHighlit>
        <X>1024</X>
        <Y>0</Y>
      </PressedHighlit>
      <Disabled>
        <X>1536</X>
        <Y>1536</Y>
      </Disabled>
    </Texture>
  </CheckBoxTemplate>

  <CheckBoxTemplate>
    <Name>common_map4</Name>
    <Size>
      <X>512</X>
      <Y>512</Y>
    </Size>
    <Font>
      <Name></Name>
      <ColorNormal>
        <R>255</R>
        <G>255</G>
        <B>255</B>
        <A>255</A>
      </ColorNormal>
      <ColorPressed>
        <R>255</R>
        <G>255</G>
        <B>255</B>
        <A>255</A>
      </ColorPressed>
      <ColorHighlit>
        <R>255</R>
        <G>255</G>
        <B>255</B>
        <A>255</A>
      </ColorHighlit>
      <ColorDisabled>
        <R>255</R>
        <G>255</G>
        <B>255</B>
        <A>255</A>
      </ColorDisabled>
      <TextOffset>
        <X>0</X>
        <Y>0</Y>
      </TextOffset>
      <TextAlignment>
        <TopLeft>true</TopLeft>
      </TextAlignment>
      <ChangeFontColor>false</ChangeFontColor>
    </Font>
    <Texture>
      <TextureName>common_map_texture</TextureName>
      <Normal>
        <X>1536</X>
        <Y>1536</Y>
      </Normal>
      <Pressed>
        <X>1536</X>
        <Y>0</Y>
      </Pressed>
      <NormalHighlit>
        <X>1536</X>
        <Y>1536</Y>
      </NormalHighlit>
      <PressedHighlit>
        <X>1536</X>
        <Y>0</Y>
      </PressedHighlit>
      <Disabled>
        <X>1536</X>
        <Y>1536</Y>
      </Disabled>
    </Texture>
  </CheckBoxTemplate>

  <CheckBoxTemplate>
    <Name>common_map5</Name>
    <Size>
      <X>512</X>
      <Y>512</Y>
    </Size>
    <Font>
      <Name></Name>
      <ColorNormal>
        <R>255</R>
        <G>255</G>
        <B>255</B>
        <A>255</A>
      </ColorNormal>
      <ColorPressed>
        <R>255</R>
        <G>255</G>
        <B>255</B>
        <A>255</A>
      </ColorPressed>
      <ColorHighlit>
        <R>255</R>
        <G>255</G>
        <B>255</B>
        <A>255</A>
      </ColorHighlit>
      <ColorDisabled>
        <R>255</R>
        <G>255</G>
        <B>255</B>
        <A>255</A>
      </ColorDisabled>
      <TextOffset>
        <X>0</X>
        <Y>0</Y>
      </TextOffset>
      <TextAlignment>
        <TopLeft>true</TopLeft>
      </TextAlignment>
      <ChangeFontColor>false</ChangeFontColor>
    </Font>
    <Texture>
      <TextureName>common_map_texture</TextureName>
      <Normal>
        <X>1536</X>
        <Y>1536</Y>
      </Normal>
      <Pressed>
        <X>0</X>
        <Y>512</Y>
      </Pressed>
      <NormalHighlit>
        <X>1536</X>
        <Y>1536</Y>
      </NormalHighlit>
      <PressedHighlit>
        <X>0</X>
        <Y>512</Y>
      </PressedHighlit>
      <Disabled>
        <X>1536</X>
        <Y>1536</Y>
      </Disabled>
    </Texture>
  </CheckBoxTemplate>

  <CheckBoxTemplate>
    <Name>common_map6</Name>
    <Size>
      <X>512</X>
      <Y>512</Y>
    </Size>
    <Font>
      <Name></Name>
      <ColorNormal>
        <R>255</R>
        <G>255</G>
        <B>255</B>
        <A>255</A>
      </ColorNormal>
      <ColorPressed>
        <R>255</R>
        <G>255</G>
        <B>255</B>
        <A>255</A>
      </ColorPressed>
      <ColorHighlit>
        <R>255</R>
        <G>255</G>
        <B>255</B>
        <A>255</A>
      </ColorHighlit>
      <ColorDisabled>
        <R>255</R>
        <G>255</G>
        <B>255</B>
        <A>255</A>
      </ColorDisabled>
      <TextOffset>
        <X>0</X>
        <Y>0</Y>
      </TextOffset>
      <TextAlignment>
        <TopLeft>true</TopLeft>
      </TextAlignment>
      <ChangeFontColor>false</ChangeFontColor>
    </Font>
    <Texture>
      <TextureName>common_map_texture</TextureName>
      <Normal>
        <X>1536</X>
        <Y>1536</Y>
      </Normal>
      <Pressed>
        <X>512</X>
        <Y>512</Y>
      </Pressed>
      <NormalHighlit>
        <X>1536</X>
        <Y>1536</Y>
      </NormalHighlit>
      <PressedHighlit>
        <X>512</X>
        <Y>512</Y>
      </PressedHighlit>
      <Disabled>
        <X>1536</X>
        <Y>1536</Y>
      </Disabled>
    </Texture>
  </CheckBoxTemplate>

  <CheckBoxTemplate>
    <Name>common_map7</Name>
    <Size>
      <X>512</X>
      <Y>512</Y>
    </Size>
    <Font>
      <Name></Name>
      <ColorNormal>
        <R>255</R>
        <G>255</G>
        <B>255</B>
        <A>255</A>
      </ColorNormal>
      <ColorPressed>
        <R>255</R>
        <G>255</G>
        <B>255</B>
        <A>255</A>
      </ColorPressed>
      <ColorHighlit>
        <R>255</R>
        <G>255</G>
        <B>255</B>
        <A>255</A>
      </ColorHighlit>
      <ColorDisabled>
        <R>255</R>
        <G>255</G>
        <B>255</B>
        <A>255</A>
      </ColorDisabled>
      <TextOffset>
        <X>0</X>
        <Y>0</Y>
      </TextOffset>
      <TextAlignment>
        <TopLeft>true</TopLeft>
      </TextAlignment>
      <ChangeFontColor>false</ChangeFontColor>
    </Font>
    <Texture>
      <TextureName>common_map_texture</TextureName>
      <Normal>
        <X>1536</X>
        <Y>1536</Y>
      </Normal>
      <Pressed>
        <X>1024</X>
        <Y>512</Y>
      </Pressed>
      <NormalHighlit>
        <X>1536</X>
        <Y>1536</Y>
      </NormalHighlit>
      <PressedHighlit>
        <X>1024</X>
        <Y>512</Y>
      </PressedHighlit>
      <Disabled>
        <X>1536</X>
        <Y>1536</Y>
      </Disabled>
    </Texture>
  </CheckBoxTemplate>

  <CheckBoxTemplate>
    <Name>common_map8</Name>
    <Size>
      <X>512</X>
      <Y>512</Y>
    </Size>
    <Font>
      <Name></Name>
      <ColorNormal>
        <R>255</R>
        <G>255</G>
        <B>255</B>
        <A>255</A>
      </ColorNormal>
      <ColorPressed>
        <R>255</R>
        <G>255</G>
        <B>255</B>
        <A>255</A>
      </ColorPressed>
      <ColorHighlit>
        <R>255</R>
        <G>255</G>
        <B>255</B>
        <A>255</A>
      </ColorHighlit>
      <ColorDisabled>
        <R>255</R>
        <G>255</G>
        <B>255</B>
        <A>255</A>
      </ColorDisabled>
      <TextOffset>
        <X>0</X>
        <Y>0</Y>
      </TextOffset>
      <TextAlignment>
        <TopLeft>true</TopLeft>
      </TextAlignment>
      <ChangeFontColor>false</ChangeFontColor>
    </Font>
    <Texture>
      <TextureName>common_map_texture</TextureName>
      <Normal>
        <X>1536</X>
        <Y>1536</Y>
      </Normal>
      <Pressed>
        <X>1536</X>
        <Y>512</Y>
      </Pressed>
      <NormalHighlit>
        <X>1536</X>
        <Y>1536</Y>
      </NormalHighlit>
      <PressedHighlit>
        <X>1536</X>
        <Y>512</Y>
      </PressedHighlit>
      <Disabled>
        <X>1536</X>
        <Y>1536</Y>
      </Disabled>
    </Texture>
  </CheckBoxTemplate>

  <CheckBoxTemplate>
    <Name>common_map9</Name>
    <Size>
      <X>512</X>
      <Y>512</Y>
    </Size>
    <Font>
      <Name></Name>
      <ColorNormal>
        <R>255</R>
        <G>255</G>
        <B>255</B>
        <A>255</A>
      </ColorNormal>
      <ColorPressed>
        <R>255</R>
        <G>255</G>
        <B>255</B>
        <A>255</A>
      </ColorPressed>
      <ColorHighlit>
        <R>255</R>
        <G>255</G>
        <B>255</B>
        <A>255</A>
      </ColorHighlit>
      <ColorDisabled>
        <R>255</R>
        <G>255</G>
        <B>255</B>
        <A>255</A>
      </ColorDisabled>
      <TextOffset>
        <X>0</X>
        <Y>0</Y>
      </TextOffset>
      <TextAlignment>
        <TopLeft>true</TopLeft>
      </TextAlignment>
      <ChangeFontColor>false</ChangeFontColor>
    </Font>
    <Texture>
      <TextureName>common_map_texture</TextureName>
      <Normal>
        <X>1536</X>
        <Y>1536</Y>
      </Normal>
      <Pressed>
        <X>0</X>
        <Y>1024</Y>
      </Pressed>
      <NormalHighlit>
        <X>1536</X>
        <Y>1536</Y>
      </NormalHighlit>
      <PressedHighlit>
        <X>0</X>
        <Y>1024</Y>
      </PressedHighlit>
      <Disabled>
        <X>1536</X>
        <Y>1536</Y>
      </Disabled>
    </Texture>
  </CheckBoxTemplate>

  <CheckBoxTemplate>
    <Name>common_map10</Name>
    <Size>
      <X>512</X>
      <Y>512</Y>
    </Size>
    <Font>
      <Name></Name>
      <ColorNormal>
        <R>255</R>
        <G>255</G>
        <B>255</B>
        <A>255</A>
      </ColorNormal>
      <ColorPressed>
        <R>255</R>
        <G>255</G>
        <B>255</B>
        <A>255</A>
      </ColorPressed>
      <ColorHighlit>
        <R>255</R>
        <G>255</G>
        <B>255</B>
        <A>255</A>
      </ColorHighlit>
      <ColorDisabled>
        <R>255</R>
        <G>255</G>
        <B>255</B>
        <A>255</A>
      </ColorDisabled>
      <TextOffset>
        <X>0</X>
        <Y>0</Y>
      </TextOffset>
      <TextAlignment>
        <TopLeft>true</TopLeft>
      </TextAlignment>
      <ChangeFontColor>false</ChangeFontColor>
    </Font>
    <Texture>
      <TextureName>common_map_texture</TextureName>
      <Normal>
        <X>1536</X>
        <Y>1536</Y>
      </Normal>
      <Pressed>
        <X>512</X>
        <Y>1024</Y>
      </Pressed>
      <NormalHighlit>
        <X>1536</X>
        <Y>1536</Y>
      </NormalHighlit>
      <PressedHighlit>
        <X>512</X>
        <Y>1024</Y>
      </PressedHighlit>
      <Disabled>
        <X>1536</X>
        <Y>1536</Y>
      </Disabled>
    </Texture>
  </CheckBoxTemplate>

  <CheckBoxTemplate>
    <Name>common_map11</Name>
    <Size>
      <X>512</X>
      <Y>512</Y>
    </Size>
    <Font>
      <Name></Name>
      <ColorNormal>
        <R>255</R>
        <G>255</G>
        <B>255</B>
        <A>255</A>
      </ColorNormal>
      <ColorPressed>
        <R>255</R>
        <G>255</G>
        <B>255</B>
        <A>255</A>
      </ColorPressed>
      <ColorHighlit>
        <R>255</R>
        <G>255</G>
        <B>255</B>
        <A>255</A>
      </ColorHighlit>
      <ColorDisabled>
        <R>255</R>
        <G>255</G>
        <B>255</B>
        <A>255</A>
      </ColorDisabled>
      <TextOffset>
        <X>0</X>
        <Y>0</Y>
      </TextOffset>
      <TextAlignment>
        <TopLeft>true</TopLeft>
      </TextAlignment>
      <ChangeFontColor>false</ChangeFontColor>
    </Font>
    <Texture>
      <TextureName>common_map_texture</TextureName>
      <Normal>
        <X>1536</X>
        <Y>1536</Y>
      </Normal>
      <Pressed>
        <X>1024</X>
        <Y>1024</Y>
      </Pressed>
      <NormalHighlit>
        <X>1536</X>
        <Y>1536</Y>
      </NormalHighlit>
      <PressedHighlit>
        <X>1024</X>
        <Y>1024</Y>
      </PressedHighlit>
      <Disabled>
        <X>1536</X>
        <Y>1536</Y>
      </Disabled>
    </Texture>
  </CheckBoxTemplate>

  <CheckBoxTemplate>
    <Name>common_map12</Name>
    <Size>
      <X>512</X>
      <Y>512</Y>
    </Size>
    <Font>
      <Name></Name>
      <ColorNormal>
        <R>255</R>
        <G>255</G>
        <B>255</B>
        <A>255</A>
      </ColorNormal>
      <ColorPressed>
        <R>255</R>
        <G>255</G>
        <B>255</B>
        <A>255</A>
      </ColorPressed>
      <ColorHighlit>
        <R>255</R>
        <G>255</G>
        <B>255</B>
        <A>255</A>
      </ColorHighlit>
      <ColorDisabled>
        <R>255</R>
        <G>255</G>
        <B>255</B>
        <A>255</A>
      </ColorDisabled>
      <TextOffset>
        <X>0</X>
        <Y>0</Y>
      </TextOffset>
      <TextAlignment>
        <TopLeft>true</TopLeft>
      </TextAlignment>
      <ChangeFontColor>false</ChangeFontColor>
    </Font>
    <Texture>
      <TextureName>common_map_texture</TextureName>
      <Normal>
        <X>1536</X>
        <Y>1536</Y>
      </Normal>
      <Pressed>
        <X>1536</X>
        <Y>1024</Y>
      </Pressed>
      <NormalHighlit>
        <X>1536</X>
        <Y>1536</Y>
      </NormalHighlit>
      <PressedHighlit>
        <X>1536</X>
        <Y>1024</Y>
      </PressedHighlit>
      <Disabled>
        <X>1536</X>
        <Y>1536</Y>
      </Disabled>
    </Texture>
  </CheckBoxTemplate>

  <CheckBoxTemplate>
    <Name>common_map13</Name>
    <Size>
      <X>512</X>
      <Y>512</Y>
    </Size>
    <Font>
      <Name></Name>
      <ColorNormal>
        <R>255</R>
        <G>255</G>
        <B>255</B>
        <A>255</A>
      </ColorNormal>
      <ColorPressed>
        <R>255</R>
        <G>255</G>
        <B>255</B>
        <A>255</A>
      </ColorPressed>
      <ColorHighlit>
        <R>255</R>
        <G>255</G>
        <B>255</B>
        <A>255</A>
      </ColorHighlit>
      <ColorDisabled>
        <R>255</R>
        <G>255</G>
        <B>255</B>
        <A>255</A>
      </ColorDisabled>
      <TextOffset>
        <X>0</X>
        <Y>0</Y>
      </TextOffset>
      <TextAlignment>
        <TopLeft>true</TopLeft>
      </TextAlignment>
      <ChangeFontColor>false</ChangeFontColor>
    </Font>
    <Texture>
      <TextureName>common_map_texture</TextureName>
      <Normal>
        <X>1536</X>
        <Y>1536</Y>
      </Normal>
      <Pressed>
        <X>0</X>
        <Y>1536</Y>
      </Pressed>
      <NormalHighlit>
        <X>1536</X>
        <Y>1536</Y>
      </NormalHighlit>
      <PressedHighlit>
        <X>0</X>
        <Y>1536</Y>
      </PressedHighlit>
      <Disabled>
        <X>1536</X>
        <Y>1536</Y>
      </Disabled>
    </Texture>
  </CheckBoxTemplate>

  <CheckBoxTemplate>
    <Name>common_map14</Name>
    <Size>
      <X>512</X>
      <Y>512</Y>
    </Size>
    <Font>
      <Name></Name>
      <ColorNormal>
        <R>255</R>
        <G>255</G>
        <B>255</B>
        <A>255</A>
      </ColorNormal>
      <ColorPressed>
        <R>255</R>
        <G>255</G>
        <B>255</B>
        <A>255</A>
      </ColorPressed>
      <ColorHighlit>
        <R>255</R>
        <G>255</G>
        <B>255</B>
        <A>255</A>
      </ColorHighlit>
      <ColorDisabled>
        <R>255</R>
        <G>255</G>
        <B>255</B>
        <A>255</A>
      </ColorDisabled>
      <TextOffset>
        <X>0</X>
        <Y>0</Y>
      </TextOffset>
      <TextAlignment>
        <TopLeft>true</TopLeft>
      </TextAlignment>
      <ChangeFontColor>false</ChangeFontColor>
    </Font>
    <Texture>
      <TextureName>common_map_texture</TextureName>
      <Normal>
        <X>1536</X>
        <Y>1536</Y>
      </Normal>
      <Pressed>
        <X>512</X>
        <Y>1536</Y>
      </Pressed>
      <NormalHighlit>
        <X>1536</X>
        <Y>1536</Y>
      </NormalHighlit>
      <PressedHighlit>
        <X>512</X>
        <Y>1536</Y>
      </PressedHighlit>
      <Disabled>
        <X>1536</X>
        <Y>1536</Y>
      </Disabled>
    </Texture>
  </CheckBoxTemplate>

  <CheckBoxTemplate>
    <Name>common_map15</Name>
    <Size>
      <X>512</X>
      <Y>512</Y>
    </Size>
    <Font>
      <Name></Name>
      <ColorNormal>
        <R>255</R>
        <G>255</G>
        <B>255</B>
        <A>255</A>
      </ColorNormal>
      <ColorPressed>
        <R>255</R>
        <G>255</G>
        <B>255</B>
        <A>255</A>
      </ColorPressed>
      <ColorHighlit>
        <R>255</R>
        <G>255</G>
        <B>255</B>
        <A>255</A>
      </ColorHighlit>
      <ColorDisabled>
        <R>255</R>
        <G>255</G>
        <B>255</B>
        <A>255</A>
      </ColorDisabled>
      <TextOffset>
        <X>0</X>
        <Y>0</Y>
      </TextOffset>
      <TextAlignment>
        <TopLeft>true</TopLeft>
      </TextAlignment>
      <ChangeFontColor>false</ChangeFontColor>
    </Font>
    <Texture>
      <TextureName>common_map_texture</TextureName>
      <Normal>
        <X>1536</X>
        <Y>1536</Y>
      </Normal>
      <Pressed>
        <X>1024</X>
        <Y>1536</Y>
      </Pressed>
      <NormalHighlit>
        <X>1536</X>
        <Y>1536</Y>
      </NormalHighlit>
      <PressedHighlit>
        <X>1024</X>
        <Y>1536</Y>
      </PressedHighlit>
      <Disabled>
        <X>1536</X>
        <Y>1536</Y>
      </Disabled>
    </Texture>
  </CheckBoxTemplate>

  <WindowTemplate>
    <Name>custom19_window</Name>
    <WindowId>custom19_window</WindowId>
    <CloseButton>true</CloseButton>
    <MoveButton>true</MoveButton>
    <TopRightResizeButton>false</TopRightResizeButton>
    <BottomRightResizeButton>false</BottomRightResizeButton>
    <BottomLeftResizeButton>false</BottomLeftResizeButton>
    <ResizeButtonOffsetX>0</ResizeButtonOffsetX>
    <ResizeButtonOffsetY>0</ResizeButtonOffsetY>
    <TitleWidth>150</TitleWidth>
    <TitleHeight>3</TitleHeight>
    <Width>150</Width>
    <Height>248</Height>
    <ResizeableWidth>0</ResizeableWidth>
    <ResizeableHeight>0</ResizeableHeight>
    <ResizeableTwoWayWidth>0</ResizeableTwoWayWidth>
    <ResizeableTwoWayHeight>0</ResizeableTwoWayHeight>
    <MinWidth>150</MinWidth>
    <MinHeight>248</MinHeight>

    <FullResizeImageDef>
      <ControlId>BackgroundImage</ControlId>
      <Position>
        <X>0</X>
        <Y>0</Y>
      </Position>
      <Alignment>
        <TopLeft>true</TopLeft>
      </Alignment>
      <TemplateName>valmer_box</TemplateName>
      <Width>150</Width>
      <Height>248</Height>
    </FullResizeImageDef>

    <LabelDef>
      <ControlId></ControlId>
      <Position>
        <X>14</X>
        <Y>3</Y>
      </Position>
      <Alignment>
        <TopLeft>true</TopLeft>
      </Alignment>
      <Color>
        <R>255</R>
        <G>204</G>
        <B>0</B>
        <A>255</A>
      </Color>
      <FontName>title</FontName>
      <Width>130</Width>
      <Height>18</Height>
      <ColorAdapter></ColorAdapter>
      <MaxCharacters>30</MaxCharacters>
      <Data>+ Dungeons</Data>
      <EndAligned>false</EndAligned>
      <TextCentered>false</TextCentered>
      <Adapter></Adapter>
    </LabelDef>

    <HorizontalResizeImageDef>
      <ControlId></ControlId>
      <Position>
        <X>3</X>
        <Y>23</Y>
      </Position>
      <Alignment>
        <TopLeft>true</TopLeft>
      </Alignment>
      <TemplateName>divider</TemplateName>
      <Width>144</Width>
    </HorizontalResizeImageDef>

    <LabelDef>
      <ControlId></ControlId>
      <Position>
        <X>8</X>
        <Y>25</Y>
      </Position>
      <Alignment>
        <TopLeft>true</TopLeft>
      </Alignment>
      <Color>
        <R>220</R>
        <G>220</G>
        <B>220</B>
        <A>0</A>
      </Color>
      <FontName>arial11</FontName>
      <Width>118</Width>
      <Height>16</Height>
      <ColorAdapter></ColorAdapter>
      <MaxCharacters>32</MaxCharacters>
      <Data>DF - Albion</Data>
      <EndAligned>false</EndAligned>
      <TextCentered>false</TextCentered>
      <Adapter></Adapter>
    </LabelDef>

    <LabelDef>
      <ControlId></ControlId>
      <Position>
        <X>8</X>
        <Y>40</Y>
      </Position>
      <Alignment>
        <TopLeft>true</TopLeft>
      </Alignment>
      <Color>
        <R>220</R>
        <G>220</G>
        <B>220</B>
        <A>255</A>
      </Color>
      <FontName>arial11</FontName>
      <Width>118</Width>
      <Height>16</Height>
      <ColorAdapter></ColorAdapter>
      <MaxCharacters>32</MaxCharacters>
      <Data>DF - Hibernia</Data>
      <EndAligned>false</EndAligned>
      <TextCentered>false</TextCentered>
      <Adapter></Adapter>
    </LabelDef>

    <LabelDef>
      <ControlId></ControlId>
      <Position>
        <X>8</X>
        <Y>55</Y>
      </Position>
      <Alignment>
        <TopLeft>true</TopLeft>
      </Alignment>
      <Color>
        <R>220</R>
        <G>220</G>
        <B>220</B>
        <A>255</A>
      </Color>
      <FontName>arial11</FontName>
      <Width>118</Width>
      <Height>16</Height>
      <ColorAdapter></ColorAdapter>
      <MaxCharacters>32</MaxCharacters>
      <Data>DF - Midgard</Data>
      <EndAligned>false</EndAligned>
      <TextCentered>false</TextCentered>
      <Adapter></Adapter>
    </LabelDef>

    <LabelDef>
      <ControlId></ControlId>
      <Position>
        <X>8</X>
        <Y>70</Y>
      </Position>
      <Alignment>
        <TopLeft>true</TopLeft>
      </Alignment>
      <Color>
        <R>220</R>
        <G>220</G>
        <B>220</B>
        <A>255</A>
      </Color>
      <FontName>arial11</FontName>
      <Width>118</Width>
      <Height>16</Height>
      <ColorAdapter></ColorAdapter>
      <MaxCharacters>32</MaxCharacters>
      <Data>DF - Prince Raid</Data>
      <EndAligned>false</EndAligned>
      <TextCentered>false</TextCentered>
      <Adapter></Adapter>
    </LabelDef>

    <LabelDef>
      <ControlId></ControlId>
      <Position>
        <X>8</X>
        <Y>85</Y>
      </Position>
      <Alignment>
        <TopLeft>true</TopLeft>
      </Alignment>
      <Color>
        <R>220</R>
        <G>220</G>
        <B>220</B>
        <A>255</A>
      </Color>
      <FontName>arial11</FontName>
      <Width>118</Width>
      <Height>16</Height>
      <ColorAdapter></ColorAdapter>
      <MaxCharacters>32</MaxCharacters>
      <Data>DF - Legion raid</Data>
      <EndAligned>false</EndAligned>
      <TextCentered>false</TextCentered>
      <Adapter></Adapter>
    </LabelDef>

    <LabelDef>
      <ControlId></ControlId>
      <Position>
        <X>8</X>
        <Y>100</Y>
      </Position>
      <Alignment>
        <TopLeft>true</TopLeft>
      </Alignment>
      <Color>
        <R>220</R>
        <G>220</G>
        <B>220</B>
        <A>255</A>
      </Color>
      <FontName>arial11</FontName>
      <Width>118</Width>
      <Height>16</Height>
      <ColorAdapter></ColorAdapter>
      <MaxCharacters>32</MaxCharacters>
      <Data>DF - 3 Realms</Data>
      <EndAligned>false</EndAligned>
      <TextCentered>false</TextCentered>
      <Adapter></Adapter>
    </LabelDef>

    <HorizontalResizeImageDef>
      <ControlId></ControlId>
      <Position>
        <X>3</X>
        <Y>116</Y>
      </Position>
      <Alignment>
        <TopLeft>true</TopLeft>
      </Alignment>
      <TemplateName>divider</TemplateName>
      <Width>144</Width>
    </HorizontalResizeImageDef>

    <LabelDef>
      <ControlId></ControlId>
      <Position>
        <X>8</X>
        <Y>118</Y>
      </Position>
      <Alignment>
        <TopLeft>true</TopLeft>
      </Alignment>
      <Color>
        <R>220</R>
        <G>220</G>
        <B>220</B>
        <A>255</A>
      </Color>
      <FontName>arial11</FontName>
      <Width>118</Width>
      <Height>16</Height>
      <ColorAdapter></ColorAdapter>
      <MaxCharacters>32</MaxCharacters>
      <Data>NF - P. of Conflict</Data>
      <EndAligned>false</EndAligned>
      <TextCentered>false</TextCentered>
      <Adapter></Adapter>
    </LabelDef>

    <LabelDef>
      <ControlId></ControlId>
      <Position>
        <X>8</X>
        <Y>133</Y>
      </Position>
      <Alignment>
        <TopLeft>true</TopLeft>
      </Alignment>
      <Color>
        <R>220</R>
        <G>220</G>
        <B>220</B>
        <A>255</A>
      </Color>
      <FontName>arial11</FontName>
      <Width>118</Width>
      <Height>16</Height>
      <ColorAdapter></ColorAdapter>
      <MaxCharacters>32</MaxCharacters>
      <Data>NF - Summ. Hall</Data>
      <EndAligned>false</EndAligned>
      <TextCentered>false</TextCentered>
      <Adapter></Adapter>
    </LabelDef>

    <HorizontalResizeImageDef>
      <ControlId></ControlId>
      <Position>
        <X>3</X>
        <Y>149</Y>
      </Position>
      <Alignment>
        <TopLeft>true</TopLeft>
      </Alignment>
      <TemplateName>divider</TemplateName>
      <Width>144</Width>
    </HorizontalResizeImageDef>

    <LabelDef>
      <ControlId></ControlId>
      <Position>
        <X>8</X>
        <Y>151</Y>
      </Position>
      <Alignment>
        <TopLeft>true</TopLeft>
      </Alignment>
      <Color>
        <R>220</R>
        <G>220</G>
        <B>220</B>
        <A>255</A>
      </Color>
      <FontName>arial11</FontName>
      <Width>118</Width>
      <Height>16</Height>
      <ColorAdapter></ColorAdapter>
      <MaxCharacters>32</MaxCharacters>
      <Data>ToA - Aerus City</Data>
      <EndAligned>false</EndAligned>
      <TextCentered>false</TextCentered>
      <Adapter></Adapter>
    </LabelDef>

    <HorizontalResizeImageDef>
      <ControlId></ControlId>
      <Position>
        <X>3</X>
        <Y>167</Y>
      </Position>
      <Alignment>
        <TopLeft>true</TopLeft>
      </Alignment>
      <TemplateName>divider</TemplateName>
      <Width>144</Width>
    </HorizontalResizeImageDef>

    <LabelDef>
      <ControlId></ControlId>
      <Position>
        <X>8</X>
        <Y>169</Y>
      </Position>
      <Alignment>
        <TopLeft>true</TopLeft>
      </Alignment>
      <Color>
        <R>220</R>
        <G>220</G>
        <B>220</B>
        <A>255</A>
      </Color>
      <FontName>arial11</FontName>
      <Width>118</Width>
      <Height>16</Height>
      <ColorAdapter></ColorAdapter>
      <MaxCharacters>32</MaxCharacters>
      <Data>LotM - 0 Entrance</Data>
      <EndAligned>false</EndAligned>
      <TextCentered>false</TextCentered>
      <Adapter></Adapter>
    </LabelDef>

    <LabelDef>
      <ControlId></ControlId>
      <Position>
        <X>8</X>
        <Y>184</Y>
      </Position>
      <Alignment>
        <TopLeft>true</TopLeft>
      </Alignment>
      <Color>
        <R>220</R>
        <G>220</G>
        <B>220</B>
        <A>255</A>
      </Color>
      <FontName>arial11</FontName>
      <Width>118</Width>
      <Height>16</Height>
      <ColorAdapter></ColorAdapter>
      <MaxCharacters>32</MaxCharacters>
      <Data>LotM - 1 Clockwork</Data>
      <EndAligned>false</EndAligned>
      <TextCentered>false</TextCentered>
      <Adapter></Adapter>
    </LabelDef>

    <LabelDef>
      <ControlId></ControlId>
      <Position>
        <X>8</X>
        <Y>199</Y>
      </Position>
      <Alignment>
        <TopLeft>true</TopLeft>
      </Alignment>
      <Color>
        <R>220</R>
        <G>220</G>
        <B>220</B>
        <A>255</A>
      </Color>
      <FontName>arial11</FontName>
      <Width>118</Width>
      <Height>16</Height>
      <ColorAdapter></ColorAdapter>
      <MaxCharacters>32</MaxCharacters>
      <Data>LotM - 2 Collapsed</Data>
      <EndAligned>false</EndAligned>
      <TextCentered>false</TextCentered>
      <Adapter></Adapter>
    </LabelDef>

    <LabelDef>
      <ControlId></ControlId>
      <Position>
        <X>8</X>
        <Y>214</Y>
      </Position>
      <Alignment>
        <TopLeft>true</TopLeft>
      </Alignment>
      <Color>
        <R>220</R>
        <G>220</G>
        <B>220</B>
        <A>255</A>
      </Color>
      <FontName>arial11</FontName>
      <Width>118</Width>
      <Height>16</Height>
      <ColorAdapter></ColorAdapter>
      <MaxCharacters>32</MaxCharacters>
      <Data>LotM - 3 Flooded U</Data>
      <EndAligned>false</EndAligned>
      <TextCentered>false</TextCentered>
      <Adapter></Adapter>
    </LabelDef>

    <LabelDef>
      <ControlId></ControlId>
      <Position>
        <X>8</X>
        <Y>229</Y>
      </Position>
      <Alignment>
        <TopLeft>true</TopLeft>
      </Alignment>
      <Color>
        <R>220</R>
        <G>220</G>
        <B>220</B>
        <A>255</A>
      </Color>
      <FontName>arial11</FontName>
      <Width>118</Width>
      <Height>16</Height>
      <ColorAdapter></ColorAdapter>
      <MaxCharacters>32</MaxCharacters>
      <Data>LotM - 4 Flooded D</Data>
      <EndAligned>false</EndAligned>
      <TextCentered>false</TextCentered>
      <Adapter></Adapter>
    </LabelDef>

    <ImageAreaDef>
      <ControlId></ControlId>
      <Position>
        <X>130</X>
        <Y>25</Y>
      </Position>
      <Alignment>
        <TopLeft>true</TopLeft>
      </Alignment>
      <TemplateName>button_map_norm</TemplateName>
    </ImageAreaDef>

    <ImageAreaDef>
      <ControlId></ControlId>
      <Position>
        <X>130</X>
        <Y>40</Y>
      </Position>
      <Alignment>
        <TopLeft>true</TopLeft>
      </Alignment>
      <TemplateName>button_map_norm</TemplateName>
    </ImageAreaDef>

    <ImageAreaDef>
      <ControlId></ControlId>
      <Position>
        <X>130</X>
        <Y>55</Y>
      </Position>
      <Alignment>
        <TopLeft>true</TopLeft>
      </Alignment>
      <TemplateName>button_map_norm</TemplateName>
    </ImageAreaDef>

    <ImageAreaDef>
      <ControlId></ControlId>
      <Position>
        <X>130</X>
        <Y>70</Y>
      </Position>
      <Alignment>
        <TopLeft>true</TopLeft>
      </Alignment>
      <TemplateName>button_map_norm</TemplateName>
    </ImageAreaDef>

    <ImageAreaDef>
      <ControlId></ControlId>
      <Position>
        <X>130</X>
        <Y>85</Y>
      </Position>
      <Alignment>
        <TopLeft>true</TopLeft>
      </Alignment>
      <TemplateName>button_map_norm</TemplateName>
    </ImageAreaDef>

    <ImageAreaDef>
      <ControlId></ControlId>
      <Position>
        <X>130</X>
        <Y>100</Y>
      </Position>
      <Alignment>
        <TopLeft>true</TopLeft>
      </Alignment>
      <TemplateName>button_map_ovw</TemplateName>
    </ImageAreaDef>

    <ImageAreaDef>
      <ControlId></ControlId>
      <Position>
        <X>130</X>
        <Y>118</Y>
      </Position>
      <Alignment>
        <TopLeft>true</TopLeft>
      </Alignment>
      <TemplateName>button_map_norm</TemplateName>
    </ImageAreaDef>

    <ImageAreaDef>
      <ControlId></ControlId>
      <Position>
        <X>130</X>
        <Y>133</Y>
      </Position>
      <Alignment>
        <TopLeft>true</TopLeft>
      </Alignment>
      <TemplateName>button_map_norm</TemplateName>
    </ImageAreaDef>

    <ImageAreaDef>
      <ControlId></ControlId>
      <Position>
        <X>130</X>
        <Y>151</Y>
      </Position>
      <Alignment>
        <TopLeft>true</TopLeft>
      </Alignment>
      <TemplateName>button_map_norm</TemplateName>
    </ImageAreaDef>

    <ImageAreaDef>
      <ControlId></ControlId>
      <Position>
        <X>130</X>
        <Y>169</Y>
      </Position>
      <Alignment>
        <TopLeft>true</TopLeft>
      </Alignment>
      <TemplateName>button_map_norm</TemplateName>
    </ImageAreaDef>

    <ImageAreaDef>
      <ControlId></ControlId>
      <Position>
        <X>130</X>
        <Y>184</Y>
      </Position>
      <Alignment>
        <TopLeft>true</TopLeft>
      </Alignment>
      <TemplateName>button_map_norm</TemplateName>
    </ImageAreaDef>

    <ImageAreaDef>
      <ControlId></ControlId>
      <Position>
        <X>130</X>
        <Y>199</Y>
      </Position>
      <Alignment>
        <TopLeft>true</TopLeft>
      </Alignment>
      <TemplateName>button_map_norm</TemplateName>
    </ImageAreaDef>

    <ImageAreaDef>
      <ControlId></ControlId>
      <Position>
        <X>130</X>
        <Y>214</Y>
      </Position>
      <Alignment>
        <TopLeft>true</TopLeft>
      </Alignment>
      <TemplateName>button_map_norm</TemplateName>
    </ImageAreaDef>

    <ImageAreaDef>
      <ControlId></ControlId>
      <Position>
        <X>130</X>
        <Y>229</Y>
      </Position>
      <Alignment>
        <TopLeft>true</TopLeft>
      </Alignment>
      <TemplateName>button_map_norm</TemplateName>
    </ImageAreaDef>

    <CheckBoxDef>
      <ControlId>669</ControlId>
      <Position>
        <X>130</X>
        <Y>25</Y>
      </Position>
      <Alignment>
        <TopLeft>true</TopLeft>
      </Alignment>
      <TemplateName>common_map1</TemplateName>
      <AdapterName>none</AdapterName>
      <TextAdapterName></TextAdapterName>
      <Data></Data>
      <LabelWidth>0</LabelWidth>
      <OnClickEvent></OnClickEvent>
    </CheckBoxDef>

    <CheckBoxDef>
      <ControlId>670</ControlId>
      <Position>
        <X>130</X>
        <Y>40</Y>
      </Position>
      <Alignment>
        <TopLeft>true</TopLeft>
      </Alignment>
      <TemplateName>common_map2</TemplateName>
      <AdapterName>none</AdapterName>
      <TextAdapterName></TextAdapterName>
      <Data></Data>
      <LabelWidth>0</LabelWidth>
      <OnClickEvent></OnClickEvent>
    </CheckBoxDef>

    <CheckBoxDef>
      <ControlId>671</ControlId>
      <Position>
        <X>130</X>
        <Y>55</Y>
      </Position>
      <Alignment>
        <TopLeft>true</TopLeft>
      </Alignment>
      <TemplateName>common_map3</TemplateName>
      <AdapterName>none</AdapterName>
      <TextAdapterName></TextAdapterName>
      <Data></Data>
      <LabelWidth>0</LabelWidth>
      <OnClickEvent></OnClickEvent>
    </CheckBoxDef>

    <CheckBoxDef>
      <ControlId>672</ControlId>
      <Position>
        <X>130</X>
        <Y>70</Y>
      </Position>
      <Alignment>
        <TopLeft>true</TopLeft>
      </Alignment>
      <TemplateName>common_map4</TemplateName>
      <AdapterName>none</AdapterName>
      <TextAdapterName></TextAdapterName>
      <Data></Data>
      <LabelWidth>0</LabelWidth>
      <OnClickEvent></OnClickEvent>
    </CheckBoxDef>

    <CheckBoxDef>
      <ControlId>673</ControlId>
      <Position>
        <X>130</X>
        <Y>85</Y>
      </Position>
      <Alignment>
        <TopLeft>true</TopLeft>
      </Alignment>
      <TemplateName>common_map5</TemplateName>
      <AdapterName>none</AdapterName>
      <TextAdapterName></TextAdapterName>
      <Data></Data>
      <LabelWidth>0</LabelWidth>
      <OnClickEvent></OnClickEvent>
    </CheckBoxDef>

    <CheckBoxDef>
      <ControlId>674</ControlId>
      <Position>
        <X>130</X>
        <Y>100</Y>
      </Position>
      <Alignment>
        <TopLeft>true</TopLeft>
      </Alignment>
      <TemplateName>common_map6</TemplateName>
      <AdapterName>none</AdapterName>
      <TextAdapterName></TextAdapterName>
      <Data></Data>
      <LabelWidth>0</LabelWidth>
      <OnClickEvent></OnClickEvent>
    </CheckBoxDef>

    <CheckBoxDef>
      <ControlId>675</ControlId>
      <Position>
        <X>130</X>
        <Y>118</Y>
      </Position>
      <Alignment>
        <TopLeft>true</TopLeft>
      </Alignment>
      <TemplateName>common_map7</TemplateName>
      <AdapterName>none</AdapterName>
      <TextAdapterName></TextAdapterName>
      <Data></Data>
      <LabelWidth>0</LabelWidth>
      <OnClickEvent></OnClickEvent>
    </CheckBoxDef>

    <CheckBoxDef>
      <ControlId>676</ControlId>
      <Position>
        <X>130</X>
        <Y>133</Y>
      </Position>
      <Alignment>
        <TopLeft>true</TopLeft>
      </Alignment>
      <TemplateName>common_map8</TemplateName>
      <AdapterName>none</AdapterName>
      <TextAdapterName></TextAdapterName>
      <Data></Data>
      <LabelWidth>0</LabelWidth>
      <OnClickEvent></OnClickEvent>
    </CheckBoxDef>

    <CheckBoxDef>
      <ControlId>677</ControlId>
      <Position>
        <X>130</X>
        <Y>151</Y>
      </Position>
      <Alignment>
        <TopLeft>true</TopLeft>
      </Alignment>
      <TemplateName>common_map11</TemplateName>
      <AdapterName>none</AdapterName>
      <TextAdapterName></TextAdapterName>
      <Data></Data>
      <LabelWidth>0</LabelWidth>
      <OnClickEvent></OnClickEvent>
    </CheckBoxDef>

    <CheckBoxDef>
      <ControlId>678</ControlId>
      <Position>
        <X>130</X>
        <Y>169</Y>
      </Position>
      <Alignment>
        <TopLeft>true</TopLeft>
      </Alignment>
      <TemplateName>common_map9</TemplateName>
      <AdapterName>none</AdapterName>
      <TextAdapterName></TextAdapterName>
      <Data></Data>
      <LabelWidth>0</LabelWidth>
      <OnClickEvent></OnClickEvent>
    </CheckBoxDef>

    <CheckBoxDef>
      <ControlId>679</ControlId>
      <Position>
        <X>130</X>
        <Y>184</Y>
      </Position>
      <Alignment>
        <TopLeft>true</TopLeft>
      </Alignment>
      <TemplateName>common_map10</TemplateName>
      <AdapterName>none</AdapterName>
      <TextAdapterName></TextAdapterName>
      <Data></Data>
      <LabelWidth>0</LabelWidth>
      <OnClickEvent></OnClickEvent>
    </CheckBoxDef>

    <CheckBoxDef>
      <ControlId>680</ControlId>
      <Position>
        <X>130</X>
        <Y>199</Y>
      </Position>
      <Alignment>
        <TopLeft>true</TopLeft>
      </Alignment>
      <TemplateName>common_map13</TemplateName>
      <AdapterName>none</AdapterName>
      <TextAdapterName></TextAdapterName>
      <Data></Data>
      <LabelWidth>0</LabelWidth>
      <OnClickEvent></OnClickEvent>
    </CheckBoxDef>

    <CheckBoxDef>
      <ControlId>681</ControlId>
      <Position>
        <X>130</X>
        <Y>214</Y>
      </Position>
      <Alignment>
        <TopLeft>true</TopLeft>
      </Alignment>
      <TemplateName>common_map14</TemplateName>
      <AdapterName>none</AdapterName>
      <TextAdapterName></TextAdapterName>
      <Data></Data>
      <LabelWidth>0</LabelWidth>
      <OnClickEvent></OnClickEvent>
    </CheckBoxDef>

    <CheckBoxDef>
      <ControlId>682</ControlId>
      <Position>
        <X>130</X>
        <Y>229</Y>
      </Position>
      <Alignment>
        <TopLeft>true</TopLeft>
      </Alignment>
      <TemplateName>common_map15</TemplateName>
      <AdapterName>none</AdapterName>
      <TextAdapterName></TextAdapterName>
      <Data></Data>
      <LabelWidth>0</LabelWidth>
      <OnClickEvent></OnClickEvent>
    </CheckBoxDef>

  </WindowTemplate>

</Root_Element>
