<?xml version="1.0" encoding="ISO-8859-1"?>
<Root_Element ID="DAOCUi">
    <WindowTemplate>
        <Name>float_level_exp_window</Name>
        <WindowId>float_level_exp</WindowId>
        <CloseButton>true</CloseButton>
        <MoveButton>true</MoveButton>
        <TopRightResizeButton>false</TopRightResizeButton>
        <BottomRightResizeButton>false</BottomRightResizeButton>
        <BottomLeftResizeButton>false</BottomLeftResizeButton>
        <ResizeButtonOffsetX>0</ResizeButtonOffsetX>
        <ResizeButtonOffsetY>0</ResizeButtonOffsetY>
        <TitleWidth>108</TitleWidth>
        <TitleHeight>40</TitleHeight>
        <Width>108</Width>
        <Height>40</Height>
        <ResizeableWidth>0</ResizeableWidth>
        <ResizeableHeight>0</ResizeableHeight>
        <ResizeableTwoWayWidth>0</ResizeableTwoWayWidth>
        <ResizeableTwoWayHeight>0</ResizeableTwoWayHeight>
        <MinWidth>0</MinWidth>
        <MinHeight>0</MinHeight>
        <ContextTemplateName></ContextTemplateName>


        <FullResizeImageDef>
            <ControlId>ImageBackground</ControlId>
            <Position>
                <X>0</X>
                <Y>0</Y>
            </Position>
            <Alignment>
                <TopLeft>true</TopLeft>
            </Alignment>
            <TemplateName>valmer_box</TemplateName>
            <Width>108</Width>
            <Height>40</Height>
        </FullResizeImageDef>


        <StatusBarDef>
            <ControlId></ControlId>
            <Position>
                <X>8</X>
                <Y>9</Y>
            </Position>
            <Alignment>
                <TopLeft>true</TopLeft>
            </Alignment>
            <TemplateName>exp_bubbles</TemplateName>
            <AdapterName>summary_exp_coarse</AdapterName>
            <Width>90</Width>
        </StatusBarDef>


        <StatusBarDef>
            <ControlId></ControlId>
            <Position>
                <X>8</X>
                <Y>19</Y>
            </Position>
            <Alignment>
                <TopLeft>true</TopLeft>
            </Alignment>
            <TemplateName>blue_status</TemplateName>
            <AdapterName>summary_exp_fine</AdapterName>
            <Width>90</Width>
        </StatusBarDef>


        <ScalarLabelDef>
            <ControlId></ControlId>
            <Position>
                <X>68</X>
                <Y>25</Y>
            </Position>
            <Alignment>
                <TopLeft>true</TopLeft>
            </Alignment>
            <FontName>arial9</FontName>
            <Adapter>stats_level</Adapter>
            <ColorAdapter></ColorAdapter>
            <Width>28</Width>
            <Height>10</Height>
            <MaxCharacters>32</MaxCharacters>
            <Color>
                <R>255</R>
                <G>255</G>
                <B>255</B>
                <A>255</A>
            </Color>
            <Data></Data>
            <EndAligned>false</EndAligned>
            <TextCentered>false</TextCentered>
            <DontDrawWhenZero>false</DontDrawWhenZero>
        </ScalarLabelDef>


        <LabelDef>
            <ControlId></ControlId>
            <Position>
                <X>30</X>
                <Y>25</Y>
            </Position>
            <Alignment>
                <TopLeft>true</TopLeft>
            </Alignment>
            <Color>
                <R>255</R>
                <G>255</G>
                <B>255</B>
                <A>200</A>
            </Color>
            <FontName>arial9</FontName>
            <Width>35</Width>
            <Height>11</Height>
            <ColorAdapter></ColorAdapter>
            <MaxCharacters>32</MaxCharacters>
            <Data>Livello:</Data>
            <EndAligned>false</EndAligned>
            <TextCentered>false</TextCentered>
            <Adapter></Adapter>
        </LabelDef>


    </WindowTemplate>


</Root_Element>
