<?xml version="1.0" encoding="ISO-8859-1"?>
<Root_Element ID="DAOCUi">

<!-- @@ Edited with the DAoC User Interface Editor v1.71 -->
<!-- @@ Free download available at http://www.bradtownsend.com/daoced -->

  <ListBoxTemplate>
    <Name>listbox_gr</Name>
    <LinePadding>1</LinePadding>
    <CellPadding>2</CellPadding>
    <LabelLength>128</LabelLength>
    <ScrollbarTemplate>vscroll_no_gutter</ScrollbarTemplate>
    <DrawScroll>true</DrawScroll>
    <ScrollbarTopOffset>0</ScrollbarTopOffset>
    <ScrollbarBottomOffset>0</ScrollbarBottomOffset>
    <ScrollbarRightOffset>0</ScrollbarRightOffset>
    <Sorting>false</Sorting>
    <BackgroundTemplate>none</BackgroundTemplate>
    <IconTemplate>plain_icon_small</IconTemplate>
    <IconSize>
      <X>16</X>
      <Y>16</Y>
    </IconSize>
    <TextFont>
      <Name>arial9</Name>
      <ColorNormal>
        <R>192</R>
        <G>192</G>
        <B>192</B>
        <A>255</A>
      </ColorNormal>
      <ColorHighlit>
        <R>255</R>
        <G>192</G>
        <B>0</B>
        <A>255</A>
      </ColorHighlit>
      <ColorGreyed>
        <R>127</R>
        <G>127</G>
        <B>127</B>
        <A>255</A>
      </ColorGreyed>
      <TextTopOffset>0</TextTopOffset>
      <TextBottomOffset>0</TextBottomOffset>
      <TextLeftOffset>0</TextLeftOffset>
      <TextRightOffset>0</TextRightOffset>
      <LineOffset>0</LineOffset>
    </TextFont>
  </ListBoxTemplate>

  <WindowTemplate>
    <Name>group_results</Name>
    <WindowId></WindowId>
    <CloseButton>true</CloseButton>
    <MoveButton>true</MoveButton>
    <TopRightResizeButton>false</TopRightResizeButton>
    <BottomRightResizeButton>false</BottomRightResizeButton>
    <BottomLeftResizeButton>false</BottomLeftResizeButton>
    <ResizeButtonOffsetX>0</ResizeButtonOffsetX>
    <ResizeButtonOffsetY>0</ResizeButtonOffsetY>
    <TitleWidth>300</TitleWidth>
    <TitleHeight>18</TitleHeight>
    <Width>484</Width>
    <Height>430</Height>
    <ResizeableWidth>0</ResizeableWidth>
    <ResizeableHeight>0</ResizeableHeight>
    <ResizeableTwoWayWidth>0</ResizeableTwoWayWidth>
    <ResizeableTwoWayHeight>0</ResizeableTwoWayHeight>
    <MinWidth>0</MinWidth>
    <MinHeight>0</MinHeight>

    <FullResizeImageDef>
      <ControlId>Background</ControlId>
      <Position>
        <X>0</X>
        <Y>0</Y>
      </Position>
      <Alignment>
        <GrowWidth>true</GrowWidth>
        <GrowHeight>true</GrowHeight>
      </Alignment>
      <TemplateName>valmer_box</TemplateName>
      <Width>484</Width>
      <Height>430</Height>
    </FullResizeImageDef>

    <ListBoxDef>
      <ControlId>1000</ControlId>
      <Position>
        <X>14</X>
        <Y>27</Y>
      </Position>
      <Alignment>
        <GrowWidth>true</GrowWidth>
        <GrowHeight>true</GrowHeight>
      </Alignment>
      <TemplateName>listbox_gr</TemplateName>
      <AdapterName>group_results</AdapterName>
      <Sorting>false</Sorting>
      <Columns>0</Columns>
      <Width>456</Width>
      <Height>370</Height>
    </ListBoxDef>

    <ButtonDef>
      <ControlId>1001</ControlId>
      <Position>
        <X>25</X>
        <Y>8</Y>
      </Position>
      <Alignment>
        <OffsetBottom>true</OffsetBottom>
      </Alignment>
      <TemplateName>button_large</TemplateName>
      <Label>Trova</Label>
      <onClickEvent></onClickEvent>
    </ButtonDef>

    <LabelDef>
      <ControlId>1002</ControlId>
      <Position>
        <X>89</X>
        <Y>7</Y>
      </Position>
      <Alignment>
        <OffsetBottom>true</OffsetBottom>
      </Alignment>
      <FontName>arial11</FontName>
      <Adapter></Adapter>
      <ColorAdapter></ColorAdapter>
      <Width>365</Width>
      <Height>16</Height>
      <MaxCharacters>200</MaxCharacters>
      <Color>
        <R>192</R>
        <G>192</G>
        <B>192</B>
        <A>255</A>
      </Color>
      <Data></Data>
      <EndAligned>false</EndAligned>
      <TextCentered>false</TextCentered>
    </LabelDef>

    <!--                                                                     column headers                                                                     -->

    <LabelDef>
      <ControlId></ControlId>
      <Position>
        <X>16</X>
        <Y>10</Y>
      </Position>
      <Alignment>
        <TopLeft>true</TopLeft>
      </Alignment>
      <FontName>arial11</FontName>
      <Adapter></Adapter>
      <ColorAdapter></ColorAdapter>
      <Width>100</Width>
      <Height>16</Height>
      <MaxCharacters>64</MaxCharacters>
      <Color>
        <R>128</R>
        <G>255</G>
        <B>128</B>
        <A>255</A>
      </Color>
      <Data>Nome</Data>
      <EndAligned>false</EndAligned>
      <TextCentered>false</TextCentered>
    </LabelDef>

    <LabelDef>
      <ControlId></ControlId>
      <Position>
        <X>85</X>
        <Y>10</Y>
      </Position>
      <Alignment>
        <TopLeft>true</TopLeft>
      </Alignment>
      <FontName>arial11</FontName>
      <Adapter></Adapter>
      <ColorAdapter></ColorAdapter>
      <Width>64</Width>
      <Height>16</Height>
      <MaxCharacters>64</MaxCharacters>
      <Color>
        <R>128</R>
        <G>255</G>
        <B>128</B>
        <A>255</A>
      </Color>
      <Data>Classe</Data>
      <EndAligned>false</EndAligned>
      <TextCentered>false</TextCentered>
    </LabelDef>

    <LabelDef>
      <ControlId></ControlId>
      <Position>
        <X>127</X>
        <Y>10</Y>
      </Position>
      <Alignment>
        <TopLeft>true</TopLeft>
      </Alignment>
      <FontName>arial11</FontName>
      <Adapter></Adapter>
      <ColorAdapter></ColorAdapter>
      <Width>64</Width>
      <Height>16</Height>
      <MaxCharacters>64</MaxCharacters>
      <Color>
        <R>128</R>
        <G>255</G>
        <B>128</B>
        <A>255</A>
      </Color>
      <Data>Liv</Data>
      <EndAligned>false</EndAligned>
      <TextCentered>false</TextCentered>
    </LabelDef>

    <LabelDef>
      <ControlId></ControlId>
      <Position>
        <X>153</X>
        <Y>10</Y>
      </Position>
      <Alignment>
        <TopLeft>true</TopLeft>
      </Alignment>
      <FontName>arial11</FontName>
      <Adapter></Adapter>
      <ColorAdapter></ColorAdapter>
      <Width>64</Width>
      <Height>16</Height>
      <MaxCharacters>64</MaxCharacters>
      <Color>
        <R>128</R>
        <G>255</G>
        <B>128</B>
        <A>255</A>
      </Color>
      <Data>Zona</Data>
      <EndAligned>false</EndAligned>
      <TextCentered>false</TextCentered>
    </LabelDef>

    <LabelDef>
      <ControlId></ControlId>
      <Position>
        <X>253</X>
        <Y>10</Y>
      </Position>
      <Alignment>
        <TopLeft>true</TopLeft>
      </Alignment>
      <FontName>arial11</FontName>
      <Adapter></Adapter>
      <ColorAdapter></ColorAdapter>
      <Width>64</Width>
      <Height>16</Height>
      <MaxCharacters>64</MaxCharacters>
      <Color>
        <R>128</R>
        <G>255</G>
        <B>128</B>
        <A>255</A>
      </Color>
      <Data>Tempo</Data>
      <EndAligned>false</EndAligned>
      <TextCentered>false</TextCentered>
    </LabelDef>

    <LabelDef>
      <ControlId></ControlId>
      <Position>
        <X>320</X>
        <Y>10</Y>
      </Position>
      <Alignment>
        <TopLeft>true</TopLeft>
      </Alignment>
      <FontName>arial11</FontName>
      <Adapter></Adapter>
      <ColorAdapter></ColorAdapter>
      <Width>64</Width>
      <Height>16</Height>
      <MaxCharacters>64</MaxCharacters>
      <Color>
        <R>128</R>
        <G>255</G>
        <B>128</B>
        <A>255</A>
      </Color>
      <Data>Stato</Data>
      <EndAligned>false</EndAligned>
      <TextCentered>false</TextCentered>
    </LabelDef>

    <LabelDef>
      <ControlId></ControlId>
      <Position>
        <X>372</X>
        <Y>10</Y>
      </Position>
      <Alignment>
        <TopLeft>true</TopLeft>
      </Alignment>
      <FontName>arial11</FontName>
      <Adapter></Adapter>
      <ColorAdapter></ColorAdapter>
      <Width>64</Width>
      <Height>16</Height>
      <MaxCharacters>64</MaxCharacters>
      <Color>
        <R>128</R>
        <G>255</G>
        <B>128</B>
        <A>255</A>
      </Color>
      <Data>Obiettivo</Data>
      <EndAligned>false</EndAligned>
      <TextCentered>false</TextCentered>
    </LabelDef>

    <InvisibleButtonDef>
      <ControlId>2000</ControlId>
      <Position>
        <X>14</X>
        <Y>10</Y>
      </Position>
      <Alignment>
        <TopLeft>true</TopLeft>
      </Alignment>
      <Label></Label>
      <OnClickEvent></OnClickEvent>
      <Width>70</Width>
      <Height>15</Height>
    </InvisibleButtonDef>

    <InvisibleButtonDef>
      <ControlId>2001</ControlId>
      <Position>
        <X>87</X>
        <Y>10</Y>
      </Position>
      <Alignment>
        <TopLeft>true</TopLeft>
      </Alignment>
      <Label></Label>
      <OnClickEvent></OnClickEvent>
      <Width>33</Width>
      <Height>16</Height>
    </InvisibleButtonDef>

    <InvisibleButtonDef>
      <ControlId>2002</ControlId>
      <Position>
        <X>123</X>
        <Y>10</Y>
      </Position>
      <Alignment>
        <TopLeft>true</TopLeft>
      </Alignment>
      <Label></Label>
      <OnClickEvent></OnClickEvent>
      <Width>24</Width>
      <Height>16</Height>
    </InvisibleButtonDef>

    <InvisibleButtonDef>
      <ControlId>2003</ControlId>
      <Position>
        <X>147</X>
        <Y>10</Y>
      </Position>
      <Alignment>
        <TopLeft>true</TopLeft>
      </Alignment>
      <Label></Label>
      <OnClickEvent></OnClickEvent>
      <Width>100</Width>
      <Height>16</Height>
    </InvisibleButtonDef>

    <InvisibleButtonDef>
      <ControlId>2004</ControlId>
      <Position>
        <X>247</X>
        <Y>10</Y>
      </Position>
      <Alignment>
        <TopLeft>true</TopLeft>
      </Alignment>
      <Label></Label>
      <OnClickEvent></OnClickEvent>
      <Width>65</Width>
      <Height>16</Height>
    </InvisibleButtonDef>

    <InvisibleButtonDef>
      <ControlId>2005</ControlId>
      <Position>
        <X>312</X>
        <Y>10</Y>
      </Position>
      <Alignment>
        <TopLeft>true</TopLeft>
      </Alignment>
      <Label></Label>
      <OnClickEvent></OnClickEvent>
      <Width>50</Width>
      <Height>16</Height>
    </InvisibleButtonDef>

    <InvisibleButtonDef>
      <ControlId>2006</ControlId>
      <Position>
        <X>362</X>
        <Y>10</Y>
      </Position>
      <Alignment>
        <TopLeft>true</TopLeft>
      </Alignment>
      <Label></Label>
      <OnClickEvent></OnClickEvent>
      <Width>100</Width>
      <Height>16</Height>
    </InvisibleButtonDef>

  </WindowTemplate>

</Root_Element>
