<?xml version="1.0" encoding="ISO-8859-1"?>
<Root_Element ID="DAOCUi">

<!-- @@ Edited with the DAoC User Interface Editor v1.71 -->
<!-- @@ Free download available at http://www.bradtownsend.com/daoced -->

  <WindowTemplate>
    <Name>help</Name>
    <WindowId>Help</WindowId>
    <CloseButton>true</CloseButton>
    <MoveButton>true</MoveButton>
    <TopRightResizeButton>false</TopRightResizeButton>
    <BottomRightResizeButton>true</BottomRightResizeButton>
    <BottomLeftResizeButton>true</BottomLeftResizeButton>
    <ResizeButtonOffsetX>4</ResizeButtonOffsetX>
    <ResizeButtonOffsetY>2</ResizeButtonOffsetY>
    <TitleWidth>300</TitleWidth>
    <TitleHeight>18</TitleHeight>
    <Width>300</Width>
    <Height>448</Height>
    <ResizeableWidth>5</ResizeableWidth>
    <ResizeableHeight>5</ResizeableHeight>
    <ResizeableTwoWayWidth>8</ResizeableTwoWayWidth>
    <ResizeableTwoWayHeight>8</ResizeableTwoWayHeight>
    <MinWidth>250</MinWidth>
    <MinHeight>150</MinHeight>

    <FullResizeImageDef>
      <ControlId></ControlId>
      <Position>
        <X>0</X>
        <Y>0</Y>
      </Position>
      <Alignment>
        <GrowWidth>true</GrowWidth>
        <GrowHeight>true</GrowHeight>
      </Alignment>
      <TemplateName>valmer_box</TemplateName>
      <Width>300</Width>
      <Height>448</Height>
    </FullResizeImageDef>

    <LabelDef>
      <ControlId>1003</ControlId>
      <Position>
        <X>0</X>
        <Y>2</Y>
      </Position>
      <Alignment>
        <GrowWidth>true</GrowWidth>
        <CenterHorizontally>true</CenterHorizontally>
      </Alignment>
      <FontName>title</FontName>
      <Adapter></Adapter>
      <ColorAdapter></ColorAdapter>
      <Width>300</Width>
      <Height>20</Height>
      <MaxCharacters>128</MaxCharacters>
      <Color>
        <R>255</R>
        <G>255</G>
        <B>255</B>
        <A>255</A>
      </Color>
      <Data>update me!</Data>
      <EndAligned>false</EndAligned>
      <TextCentered>false</TextCentered>
    </LabelDef>

    <TextAreaDef>
      <ControlId>1000</ControlId>
      <Position>
        <X>5</X>
        <Y>22</Y>
      </Position>
      <Alignment>
        <GrowWidth>true</GrowWidth>
        <GrowHeight>true</GrowHeight>
        <CenterHorizontally>true</CenterHorizontally>
      </Alignment>
      <TemplateName>generic_textarea</TemplateName>
      <AdapterName>help_text</AdapterName>
      <HasHotspots>true</HasHotspots>
      <MaxCharacters>32768</MaxCharacters>
      <Width>290</Width>
      <Height>400</Height>
    </TextAreaDef>

    <CheckBoxDef>
      <ControlId>1001</ControlId>
      <Position>
        <X>30</X>
        <Y>10</Y>
      </Position>
      <Alignment>
        <OffsetBottom>true</OffsetBottom>
      </Alignment>
      <TemplateName>small_font_check</TemplateName>
      <AdapterName></AdapterName>
      <TextAdapterName></TextAdapterName>
      <Data>Mostra Aiuto all'inizio?</Data>
      <LabelWidth>120</LabelWidth>
    </CheckBoxDef>

    <ButtonDef>
      <ControlId>1002</ControlId>
      <Position>
        <X>25</X>
        <Y>7</Y>
      </Position>
      <Alignment>
        <OffsetBottom>true</OffsetBottom>
        <OffsetRight>true</OffsetRight>
      </Alignment>
      <TemplateName>button_large</TemplateName>
      <Label>Chiudi</Label>
      <onClickEvent></onClickEvent>
    </ButtonDef>

  </WindowTemplate>

</Root_Element>
