<?xml version="1.0" encoding="ISO-8859-1"?>
<Root_Element ID="DAOCUi">
   <WindowTemplate>
      <Name>interface_elements_window</Name>
      <WindowId>interface_elements</WindowId>
      <CloseButton>true</CloseButton>
      <MoveButton>true</MoveButton>
      <TopRightResizeButton>false</TopRightResizeButton>
      <BottomRightResizeButton>false</BottomRightResizeButton>
      <BottomLeftResizeButton>false</BottomLeftResizeButton>
      <ResizeButtonOffsetX>0</ResizeButtonOffsetX>
      <ResizeButtonOffsetY>0</ResizeButtonOffsetY>
      <TitleWidth>350</TitleWidth>
      <TitleHeight>8</TitleHeight>
      <Width>350</Width>
      <Height>475</Height>
      <ResizeableWidth>0</ResizeableWidth>
      <ResizeableHeight>0</ResizeableHeight>
      <ResizeableTwoWayWidth>0</ResizeableTwoWayWidth>
      <ResizeableTwoWayHeight>0</ResizeableTwoWayHeight>
      <MinWidth>0</MinWidth>
      <MinHeight>0</MinHeight>
      <ContextTemplateName></ContextTemplateName>
      <FullResizeImageDef>
         <ControlId>ImageBackground</ControlId>
         <Position>
            <X>0</X>
            <Y>0</Y>
         </Position>
         <Alignment>
            <TopLeft>true</TopLeft>
         </Alignment>
         <TemplateName>valmer_menu_box</TemplateName>
         <Width>350</Width>
         <Height>475</Height>
      </FullResizeImageDef>
      <LabelDef>
         <ControlId></ControlId>
         <Position>
            <X>75</X>
            <Y>20</Y>
         </Position>
         <Alignment>
         </Alignment>
         <Color>
            <R>255</R>
            <G>255</G>
            <B>255</B>
            <A>255</A>
         </Color>
         <FontName>title</FontName>
         <Width>300</Width>
         <Height>20</Height>
         <ColorAdapter></ColorAdapter>
         <MaxCharacters>999</MaxCharacters>
         <Data>Elementi dell'Interfaccia</Data>
         <EndAligned>false</EndAligned>
         <TextCentered>false</TextCentered>
         <Adapter></Adapter>
      </LabelDef>
      <HorizontalResizeButtonDef>
         <ControlId></ControlId>
         <Position>
            <X>35</X>
            <Y>330</Y>
         </Position>
         <Alignment>
         </Alignment>
         <TemplateName>generic_hr_button</TemplateName>
         <Label>Qualit� Collegamento</Label>
         <Width>125</Width>
         <onClickEvent>TogglePerformanceMeter</onClickEvent>
      </HorizontalResizeButtonDef>
      <HorizontalResizeButtonDef>
         <ControlId></ControlId>
         <Position>
            <X>190</X>
            <Y>360</Y>
         </Position>
         <Alignment>
         </Alignment>
         <TemplateName>generic_hr_button</TemplateName>
         <Label>Benefici di Reame</Label>
         <Width>125</Width>
         <onClickEvent>WarmapUpdateBonuses</onClickEvent>
      </HorizontalResizeButtonDef>
      <HorizontalResizeButtonDef>
         <ControlId></ControlId>
         <Position>
            <X>190</X>
            <Y>380</Y>
         </Position>
         <Alignment>
         </Alignment>
         <TemplateName>generic_hr_button</TemplateName>
         <Label>Stato delle Reliquie</Label>
         <Width>125</Width>
         <onClickEvent>Relic</onClickEvent>
      </HorizontalResizeButtonDef>
      <HorizontalResizeButtonDef>
         <ControlId></ControlId>
         <Position>
            <X>190</X>
            <Y>400</Y>
         </Position>
         <Alignment>
         </Alignment>
         <TemplateName>generic_hr_button</TemplateName>
         <Label>Stato delle Fortezze</Label>
         <Width>125</Width>
         <onClickEvent>Realm</onClickEvent>
      </HorizontalResizeButtonDef>
      <HorizontalResizeButtonDef>
         <ControlId></ControlId>
         <Position>
            <X>190</X>
            <Y>420</Y>
         </Position>
         <Alignment>
         </Alignment>
         <TemplateName>generic_hr_button</TemplateName>
         <Label>Gradi di Reame</Label>
         <Width>125</Width>
         <onClickEvent>ToggleCustom0</onClickEvent>
      </HorizontalResizeButtonDef>
      <HorizontalResizeButtonDef>
         <ControlId></ControlId>
         <Position>
            <X>190</X>
            <Y>260</Y>
         </Position>
         <Alignment>
         </Alignment>
         <TemplateName>generic_hr_button</TemplateName>
         <Label>Diario delle Missioni</Label>
         <Width>125</Width>
         <onClickEvent>ToggleJournal</onClickEvent>
      </HorizontalResizeButtonDef>
      <HorizontalResizeButtonDef>
         <ControlId></ControlId>
         <Position>
            <X>190</X>
            <Y>280</Y>
         </Position>
         <Alignment>
         </Alignment>
         <TemplateName>generic_hr_button</TemplateName>
         <Label>Mappa</Label>
         <Width>125</Width>
         <onClickEvent>ToggleMap</onClickEvent>
      </HorizontalResizeButtonDef>
      <HorizontalResizeButtonDef>
         <ControlId></ControlId>
         <Position>
            <X>190</X>
            <Y>300</Y>
         </Position>
         <Alignment>
         </Alignment>
         <TemplateName>generic_hr_button</TemplateName>
         <Label>Mappa di Guerra</Label>
         <Width>125</Width>
         <onClickEvent>ShowWarmap</onClickEvent>
      </HorizontalResizeButtonDef>
      <HorizontalResizeButtonDef>
         <ControlId></ControlId>
         <Position>
            <X>35</X>
            <Y>270</Y>
         </Position>
         <Alignment>
         </Alignment>
         <TemplateName>generic_hr_button</TemplateName>
         <Label>Cavallo</Label>
         <Width>125</Width>
         <onClickEvent>ToggleMount</onClickEvent>
      </HorizontalResizeButtonDef>
      <HorizontalResizeButtonDef>
         <ControlId></ControlId>
         <Position>
            <X>35</X>
            <Y>250</Y>
         </Position>
         <Alignment>
         </Alignment>
         <TemplateName>generic_hr_button</TemplateName>
         <Label>Titoli</Label>
         <Width>125</Width>
         <onClickEvent>ToggleTitle</onClickEvent>
      </HorizontalResizeButtonDef>
      <HorizontalResizeButtonDef>
         <ControlId></ControlId>
         <Position>
            <X>190</X>
            <Y>240</Y>
         </Position>
         <Alignment>
         </Alignment>
         <TemplateName>generic_hr_button</TemplateName>
         <Label>Livelli ToA (ML)</Label>
         <Width>125</Width>
         <onClickEvent>ToggleMasterLevel</onClickEvent>
      </HorizontalResizeButtonDef>
      <HorizontalResizeButtonDef>
         <ControlId></ControlId>
         <Position>
            <X>35</X>
            <Y>70</Y>
         </Position>
         <Alignment>
         </Alignment>
         <TemplateName>generic_hr_button</TemplateName>
         <Label>Sommario</Label>
         <Width>125</Width>
         <onClickEvent>ToggleSummary</onClickEvent>
      </HorizontalResizeButtonDef>
      <HorizontalResizeButtonDef>
         <ControlId></ControlId>
         <Position>
            <X>35</X>
            <Y>90</Y>
         </Position>
         <Alignment>
         </Alignment>
         <TemplateName>generic_hr_button</TemplateName>
         <Label>Sommario Nuovo</Label>
         <Width>125</Width>
         <onClickEvent>ToggleNewSummary</onClickEvent>
      </HorizontalResizeButtonDef>
      <HorizontalResizeButtonDef>
         <ControlId></ControlId>
         <Position>
            <X>35</X>
            <Y>110</Y>
         </Position>
         <Alignment>
         </Alignment>
         <TemplateName>generic_hr_button</TemplateName>
         <Label>Benefici Personali</Label>
         <Width>125</Width>
         <onClickEvent>Bonuses</onClickEvent>
      </HorizontalResizeButtonDef>
      <HorizontalResizeButtonDef>
         <ControlId></ControlId>
         <Position>
            <X>35</X>
            <Y>350</Y>
         </Position>
         <Alignment>
         </Alignment>
         <TemplateName>generic_hr_button</TemplateName>
         <Label>Orologio</Label>
         <Width>125</Width>
         <onClickEvent>ToggleClock</onClickEvent>
      </HorizontalResizeButtonDef>
      <HorizontalResizeButtonDef>
         <ControlId></ControlId>
         <Position>
            <X>35</X>
            <Y>370</Y>
         </Position>
         <Alignment>
         </Alignment>
         <TemplateName>generic_hr_button</TemplateName>
         <Label>Bussola</Label>
         <Width>125</Width>
         <onClickEvent>ToggleCompassWindow</onClickEvent>
      </HorizontalResizeButtonDef>
      <HorizontalResizeButtonDef>
         <ControlId></ControlId>
         <Position>
            <X>35</X>
            <Y>150</Y>
         </Position>
         <Alignment>
         </Alignment>
         <TemplateName>generic_hr_button</TemplateName>
         <Label>Livello Espeienza</Label>
         <Width>125</Width>
         <onClickEvent>ToggleFloatLevelXP</onClickEvent>
      </HorizontalResizeButtonDef>
      <HorizontalResizeButtonDef>
         <ControlId></ControlId>
         <Position>
            <X>35</X>
            <Y>170</Y>
         </Position>
         <Alignment>
         </Alignment>
         <TemplateName>generic_hr_button</TemplateName>
         <Label>Esperienza di Reame</Label>
         <Width>125</Width>
         <onClickEvent>ToggleFloatRealmXP</onClickEvent>
      </HorizontalResizeButtonDef>
      <HorizontalResizeButtonDef>
         <ControlId></ControlId>
         <Position>
            <X>35</X>
            <Y>190</Y>
         </Position>
         <Alignment>
         </Alignment>
         <TemplateName>generic_hr_button</TemplateName>
         <Label>Esperienza Campioni</Label>
         <Width>125</Width>
         <onClickEvent>ToggleFloatChampXP</onClickEvent>
      </HorizontalResizeButtonDef>
      <HorizontalResizeButtonDef>
         <ControlId></ControlId>
         <Position>
            <X>35</X>
            <Y>390</Y>
         </Position>
         <Alignment>
         </Alignment>
         <TemplateName>generic_hr_button</TemplateName>
         <Label>Comandi</Label>
         <Width>125</Width>
         <onClickEvent>ToggleCommandWindow</onClickEvent>
      </HorizontalResizeButtonDef>
      <HorizontalResizeButtonDef>
         <ControlId></ControlId>
         <Position>
            <X>35</X>
            <Y>410</Y>
         </Position>
         <Alignment>
         </Alignment>
         <TemplateName>generic_hr_button</TemplateName>
         <Label>Barra di Menu</Label>
         <Width>125</Width>
         <onClickEvent>ToggleMenuBar</onClickEvent>
      </HorizontalResizeButtonDef>
      <HorizontalResizeButtonDef>
         <ControlId></ControlId>
         <Position>
            <X>190</X>
            <Y>180</Y>
         </Position>
         <Alignment>
         </Alignment>
         <TemplateName>generic_hr_button</TemplateName>
         <Label>Amici</Label>
         <Width>125</Width>
         <onClickEvent>ToggleMiniFriends</onClickEvent>
      </HorizontalResizeButtonDef>
      <HorizontalResizeButtonDef>
         <ControlId></ControlId>
         <Position>
            <X>35</X>
            <Y>230</Y>
         </Position>
         <Alignment>
         </Alignment>
         <TemplateName>generic_hr_button</TemplateName>
         <Label>Faretra</Label>
         <Width>125</Width>
         <onClickEvent>ToggleQuiver</onClickEvent>
      </HorizontalResizeButtonDef>
      <HorizontalResizeButtonDef>
         <ControlId></ControlId>
         <Position>
            <X>35</X>
            <Y>210</Y>
         </Position>
         <Alignment>
         </Alignment>
         <TemplateName>generic_hr_button</TemplateName>
         <Label>Seguace (Pet)</Label>
         <Width>125</Width>
         <onClickEvent>ToggleMiniPet</onClickEvent>
      </HorizontalResizeButtonDef>
      <HorizontalResizeButtonDef>
         <ControlId></ControlId>
         <Position>
            <X>190</X>
            <Y>80</Y>
         </Position>
         <Alignment>
         </Alignment>
         <TemplateName>generic_hr_button</TemplateName>
         <Label>Concentrazione</Label>
         <Width>125</Width>
         <onClickEvent>ToggleConcentration</onClickEvent>
      </HorizontalResizeButtonDef>
      <HorizontalResizeButtonDef>
         <ControlId></ControlId>
         <Position>
            <X>190</X>
            <Y>160</Y>
         </Position>
         <Alignment>
         </Alignment>
         <TemplateName>generic_hr_button</TemplateName>
         <Label>Comunit� e Notizie</Label>
         <Width>125</Width>
         <onClickEvent>Community</onClickEvent>
      </HorizontalResizeButtonDef>
      <HorizontalResizeButtonDef>
         <ControlId></ControlId>
         <Position>
            <X>190</X>
            <Y>100</Y>
         </Position>
         <Alignment>
         </Alignment>
         <TemplateName>generic_hr_button</TemplateName>
         <Label>Benefici di Gruppo</Label>
         <Width>125</Width>
         <onClickEvent>ToggleGroupBuffs</onClickEvent>
      </HorizontalResizeButtonDef>
      <HorizontalResizeButtonDef>
         <ControlId></ControlId>
         <Position>
            <X>190</X>
            <Y>140</Y>
         </Position>
         <Alignment>
         </Alignment>
         <TemplateName>generic_hr_button</TemplateName>
         <Label>Gruppo</Label>
         <Width>125</Width>
         <onClickEvent>ToggleMiniGroup</onClickEvent>
      </HorizontalResizeButtonDef>
      <HorizontalResizeButtonDef>
         <ControlId></ControlId>
         <Position>
            <X>190</X>
            <Y>120</Y>
         </Position>
         <Alignment>
         </Alignment>
         <TemplateName>generic_hr_button</TemplateName>
         <Label>Gruppo Flottante</Label>
         <Width>125</Width>
         <onClickEvent>ToggleNewGroup</onClickEvent>
      </HorizontalResizeButtonDef>
      <HorizontalResizeButtonDef>
         <ControlId></ControlId>
         <Position>
            <X>35</X>
            <Y>130</Y>
         </Position>
         <Alignment>
         </Alignment>
         <TemplateName>generic_hr_button</TemplateName>
         <Label>Obiettivo Flottante</Label>
         <Width>125</Width>
         <onClickEvent>ToggleFloatTarget</onClickEvent>
      </HorizontalResizeButtonDef>
      <LabelDef>
         <ControlId></ControlId>
         <Position>
            <X>30</X>
            <Y>310</Y>
         </Position>
         <Alignment>
            <TopLeft>true</TopLeft>
         </Alignment>
         <Color>
            <R>204</R>
            <G>204</G>
            <B>0</B>
            <A>255</A>
         </Color>
         <FontName>button_large</FontName>
         <Width>120</Width>
         <Height>15</Height>
         <ColorAdapter></ColorAdapter>
         <MaxCharacters>999</MaxCharacters>
         <Data>Altre Varie:</Data>
         <EndAligned>false</EndAligned>
         <TextCentered>false</TextCentered>
         <Adapter></Adapter>
      </LabelDef>
      <LabelDef>
         <ControlId></ControlId>
         <Position>
            <X>180</X>
            <Y>60</Y>
         </Position>
         <Alignment>
            <TopLeft>true</TopLeft>
         </Alignment>
         <Color>
            <R>204</R>
            <G>204</G>
            <B>0</B>
            <A>255</A>
         </Color>
         <FontName>button_large</FontName>
         <Width>120</Width>
         <Height>15</Height>
         <ColorAdapter></ColorAdapter>
         <MaxCharacters>999</MaxCharacters>
         <Data>Gruppo &amp; Buffs:</Data>
         <EndAligned>false</EndAligned>
         <TextCentered>false</TextCentered>
         <Adapter></Adapter>
      </LabelDef>
      <LabelDef>
         <ControlId></ControlId>
         <Position>
            <X>30</X>
            <Y>50</Y>
         </Position>
         <Alignment>
            <TopLeft>true</TopLeft>
         </Alignment>
         <Color>
            <R>204</R>
            <G>204</G>
            <B>0</B>
            <A>255</A>
         </Color>
         <FontName>button_large</FontName>
         <Width>120</Width>
         <Height>15</Height>
         <ColorAdapter></ColorAdapter>
         <MaxCharacters>999</MaxCharacters>
         <Data>Info Personali:</Data>
         <EndAligned>false</EndAligned>
         <TextCentered>false</TextCentered>
         <Adapter></Adapter>
      </LabelDef>
      <LabelDef>
         <ControlId></ControlId>
         <Position>
            <X>180</X>
            <Y>340</Y>
         </Position>
         <Alignment>
            <TopLeft>true</TopLeft>
         </Alignment>
         <Color>
            <R>204</R>
            <G>204</G>
            <B>0</B>
            <A>255</A>
         </Color>
         <FontName>button_large</FontName>
         <Width>120</Width>
         <Height>15</Height>
         <ColorAdapter></ColorAdapter>
         <MaxCharacters>999</MaxCharacters>
         <Data>Info di Reame:</Data>
         <EndAligned>false</EndAligned>
         <TextCentered>false</TextCentered>
         <Adapter></Adapter>
      </LabelDef>
      <LabelDef>
         <ControlId></ControlId>
         <Position>
            <X>180</X>
            <Y>220</Y>
         </Position>
         <Alignment>
            <TopLeft>true</TopLeft>
         </Alignment>
         <Color>
            <R>204</R>
            <G>204</G>
            <B>0</B>
            <A>255</A>
         </Color>
         <FontName>button_large</FontName>
         <Width>120</Width>
         <Height>15</Height>
         <ColorAdapter></ColorAdapter>
         <MaxCharacters>999</MaxCharacters>
         <Data>Mappe &amp; Diario:</Data>
         <EndAligned>false</EndAligned>
         <TextCentered>false</TextCentered>
         <Adapter></Adapter>
      </LabelDef>
   </WindowTemplate>
</Root_Element>
