<?xml version="1.0" encoding="ISO-8859-1"?>
<Root_Element ID="DAOCUi">
	<WindowTemplate>
		<Name>keep_upgrade</Name>
		<CloseButton>true</CloseButton>
		<MoveButton>true</MoveButton>
		<Width>256</Width>
		<Height>128</Height>
		<TitleWidth>216</TitleWidth>
		<TitleHeight>18</TitleHeight>
		<ResizeableWidth>0</ResizeableWidth>
		<ResizeableHeight>0</ResizeableHeight>
		<ResizeableTwoWayWidth>0</ResizeableTwoWayWidth>
		<ResizeableTwoWayHeight>0</ResizeableTwoWayHeight>
		<MinWidth>0</MinWidth>
		<MinHeight>0</MinHeight>
		<FullResizeImageDef>
			<ControlId>Background</ControlId>
			<Height>128</Height>
			<Width>256</Width>
			<Position>
				<X>0</X>
				<Y>0</Y>
			</Position>
			<TemplateName>valmer_box</TemplateName>
			<Alignment>
				<GrowWidth>true</GrowWidth>
				<GrowHeight>true</GrowHeight>
			</Alignment>
		</FullResizeImageDef>
		<LabelDef>
			<Color>
				<R>255</R>
				<G>255</G>
				<B>255</B>
				<A>255</A>
			</Color>
			<FontName>button_large</FontName>
			<Width>256</Width>
			<Height>15</Height>
			<MaxCharacters>128</MaxCharacters>
			<Data>Dun Scathaig</Data>
			<Position>
				<X>0</X>
				<Y>5</Y>
			</Position>
			<Alignment>
				<CenterHorizontally>true</CenterHorizontally>
				<GrowWidth>true</GrowWidth>
			</Alignment>
			<Adapter>keep_upgrade_title</Adapter>
		</LabelDef>
		<LabelDef>
			<Color>
				<R>192</R>
				<G>192</G>
				<B>192</B>
				<A>255</A>
			</Color>
			<FontName>arial11</FontName>
			<Width>216</Width>
			<Height>15</Height>
			<MaxCharacters>128</MaxCharacters>
			<Data>Livello Fortezza da raggiungere</Data>
			<Position>
				<X>5</X>
				<Y>32</Y>
			</Position>
		</LabelDef>
		<ScalarLabelDef>
			<Color>
				<R>192</R>
				<G>192</G>
				<B>192</B>
				<A>255</A>
			</Color>
			<FontName>arial11</FontName>
			<Width>216</Width>
			<Height>15</Height>
			<MaxCharacters>128</MaxCharacters>
			<Position>
				<X>213</X>
				<Y>32</Y>
			</Position>
			<Adapter>keep_upgrade_target</Adapter>
		</ScalarLabelDef>
		<LabelDef>
			<Color>
				<R>192</R>
				<G>192</G>
				<B>192</B>
				<A>255</A>
			</Color>
			<FontName>arial11</FontName>
			<Width>216</Width>
			<Height>15</Height>
			<MaxCharacters>128</MaxCharacters>
			<Data>Livello Attuale della Fortezza</Data>
			<Position>
				<X>5</X>
				<Y>52</Y>
			</Position>
		</LabelDef>
		<ScalarLabelDef>
			<Color>
				<R>192</R>
				<G>192</G>
				<B>192</B>
				<A>255</A>
			</Color>
			<FontName>arial11</FontName>
			<Width>216</Width>
			<Height>15</Height>
			<MaxCharacters>128</MaxCharacters>
			<Position>
				<X>213</X>
				<Y>52</Y>
			</Position>
			<Adapter>keep_upgrade_level</Adapter>
		</ScalarLabelDef>
		<LabelDef>
			<Color>
				<R>192</R>
				<G>192</G>
				<B>192</B>
				<A>255</A>
			</Color>
			<FontName>arial11</FontName>
			<Width>216</Width>
			<Height>15</Height>
			<MaxCharacters>128</MaxCharacters>
			<Data>Abbandona Fortezza</Data>
			<Position>
				<X>5</X>
				<Y>72</Y>
			</Position>
			<ControlId>1005</ControlId>
		</LabelDef>
		<ButtonDef>
			<TemplateName>button_small</TemplateName>
			<OnClickEvent>KeepUpgradeRelease</OnClickEvent>
			<Label>Abbandona</Label>
			<Position>
				<X>193</X>
				<Y>70</Y>
			</Position>
			<ControlId>1004</ControlId>
		</ButtonDef>
		<ButtonDef>
			<TemplateName>button_large_new</TemplateName>
			<OnClickEvent>KeepUpgradeCancel</OnClickEvent>
			<Label>Chiudi</Label>
			<Position>
				<X>130</X>
				<Y>99</Y>
			</Position>
		</ButtonDef>
	</WindowTemplate>
</Root_Element>
