<?xml version="1.0" encoding="ISO-8859-1"?>
<Root_Element ID="DAOCUi">

	<ListBoxTemplate>
		<Name>keyconfig_listbox</Name>
		<Parent>none</Parent>
		<LinePadding>4</LinePadding>
		<CellPadding>4</CellPadding>
		<LabelLength>128</LabelLength>
		<ScrollbarTemplate>generic_vscroll</ScrollbarTemplate>
		<DrawScroll>true</DrawScroll>
		<Sorting>false</Sorting>
		<BackgroundTemplate>dlg_interior_large</BackgroundTemplate>
		<IconTemplate>plain_icon_small</IconTemplate>
		<TextFont>
			<Name>arial11</Name>
			<ColorNormal>
				<R>192</R>
				<G>192</G>
				<B>192</B>
				<A>255</A>
			</ColorNormal>
			<ColorHighlit>
				<R>255</R>
				<G>192</G>
				<B>0</B>
				<A>255</A>
			</ColorHighlit>
			<ColorGreyed>
				<R>0</R>
				<G>126</G>
				<B>255</B>
				<A>255</A>
			</ColorGreyed>
		</TextFont>
		<IconSize>
			<X>16</X>
			<Y>16</Y>
		</IconSize>
	</ListBoxTemplate>
	<WindowTemplate>
		<Name>key_config</Name>
		<CloseButton>true</CloseButton>
		<MoveButton>true</MoveButton>
		<Width>300</Width>
		<Height>440</Height>
		<TitleWidth>200</TitleWidth>
		<TitleHeight>18</TitleHeight>
		<ResizeableWidth>0</ResizeableWidth>
		<ResizeableHeight>0</ResizeableHeight>
		<ResizeableTwoWayWidth>0</ResizeableTwoWayWidth>
		<ResizeableTwoWayHeight>0</ResizeableTwoWayHeight>
		<MinWidth>0</MinWidth>
		<MinHeight>0</MinHeight>
		<WindowId>KeyConfig</WindowId>
		<FullResizeImageDef>
			<Height>440</Height>
			<Width>300</Width>
			<Position>
				<X>0</X>
				<Y>0</Y>
			</Position>
			<TemplateName>valmer_menu_box</TemplateName>
			<Alignment>
				<GrowWidth>true</GrowWidth>
				<GrowHeight>true</GrowHeight>
			</Alignment>
		</FullResizeImageDef>
		<LabelDef>
			<Color>
				<R>255</R>
				<G>255</G>
				<B>255</B>
				<A>255</A>
			</Color>
			<FontName>title</FontName>
			<Width>300</Width>
			<Height>20</Height>
			<MaxCharacters>128</MaxCharacters>
			<Data>Configurazione Tastiera</Data>
			<Position>
				<X>0</X>
				<Y>8</Y>
			</Position>
			<Alignment>
				<CenterHorizontally>true</CenterHorizontally>
				<GrowWidth>true</GrowWidth>
			</Alignment>
		</LabelDef>
		<LabelDef>
			<Color>
				<R>128</R>
				<G>192</G>
				<B>192</B>
				<A>255</A>
			</Color>
			<FontName>arial11</FontName>
			<Width>64</Width>
			<Height>15</Height>
			<MaxCharacters>32</MaxCharacters>
			<Data>Azione</Data>
			<Position>
				<X>17</X>
				<Y>29</Y>
			</Position>
		</LabelDef>
		<LabelDef>
			<Color>
				<R>128</R>
				<G>192</G>
				<B>192</B>
				<A>255</A>
			</Color>
			<FontName>arial11</FontName>
			<Width>64</Width>
			<Height>15</Height>
			<MaxCharacters>32</MaxCharacters>
			<Data>Tasto</Data>
			<Position>
				<X>200</X>
				<Y>29</Y>
			</Position>
		</LabelDef>
		<ListBoxDef>
			<ControlId>1000</ControlId>
			<Height>230</Height>
			<Width>280</Width>
			<TemplateName>keyconfig_listbox</TemplateName>
			<Position>
				<X>10</X>
				<Y>45</Y>
			</Position>
			<Sorting>false</Sorting>
			<Columns>2</Columns>
			<IconTemplate>plain_icon_small</IconTemplate>
			<AdapterName>key_config</AdapterName>
		</ListBoxDef>

      <HorizontalResizeButtonDef>
         <ControlId>20</ControlId>
         <Position>
            <X>12</X>
            <Y>330</Y>
         </Position>
         <TemplateName>generic_hr_button</TemplateName>
         <Label>Rimuovi Tasto</Label>
         <Width>100</Width>
	<OnClickEvent>InGameKeyConfigClearKey</OnClickEvent>
      </HorizontalResizeButtonDef>

      <HorizontalResizeButtonDef>
         <ControlId>20</ControlId>
         <Position>
            <X>188</X>
            <Y>330</Y>
         </Position>
         <TemplateName>generic_hr_button</TemplateName>
         <Label>Default RPG</Label>
         <Width>100</Width>
	<OnClickEvent>InGameKeyConfigResetRPG</OnClickEvent>
      </HorizontalResizeButtonDef>

      <HorizontalResizeButtonDef>
         <ControlId>20</ControlId>
         <Position>
            <X>188</X>
            <Y>355</Y>
         </Position>
         <TemplateName>generic_hr_button</TemplateName>
         <Label>Default FPS</Label>
         <Width>100</Width>
	<OnClickEvent>InGameKeyConfigResetFPS</OnClickEvent>
      </HorizontalResizeButtonDef>

      <HorizontalResizeButtonDef>
         <ControlId>20</ControlId>
         <Position>
            <X>188</X>
            <Y>380</Y>
         </Position>
         <TemplateName>generic_hr_button</TemplateName>
         <Label>Default MMO</Label>
         <Width>100</Width>
	<OnClickEvent>InGameKeyConfigResetMMO</OnClickEvent>
      </HorizontalResizeButtonDef>

      <HorizontalResizeButtonDef>
         <ControlId>20</ControlId>
         <Position>
            <X>12</X>
            <Y>355</Y>
         </Position>
         <TemplateName>generic_hr_button</TemplateName>
         <Label>/QBINDS</Label>
         <Width>100</Width>
	<onClickEvent>QuickBind</onClickEvent>
      </HorizontalResizeButtonDef>

		<ButtonDef>
			<TemplateName>button_large</TemplateName>
			<Label>Chiudi</Label>
			<Position>
				<X>85</X>
				<Y>415</Y>
			</Position>
			<OnClickEvent>InGameKeyConfigCancel</OnClickEvent>
		</ButtonDef>
		<ButtonDef>
			<TemplateName>button_large</TemplateName>
			<Label>Accetta</Label>
			<Position>
				<X>152</X>
				<Y>415</Y>
			</Position>
			<OnClickEvent>InGameKeyConfigAccept</OnClickEvent>
		</ButtonDef>
		<CheckBoxDef>
			<Position>
				<X>12</X>
				<Y>380</Y>
			</Position>
			<ControlId>1010</ControlId>
			<TemplateName>generic_check</TemplateName>
			<Data>+ Tasto CTRL</Data>
			<LabelWidth>180</LabelWidth>
		</CheckBoxDef>
		<CheckBoxDef>
			<Position>
				<X>12</X>
				<Y>395</Y>
			</Position>
			<ControlId>1011</ControlId>
			<TemplateName>generic_check</TemplateName>
			<Data>+ Tasto ALT</Data>
			<LabelWidth>180</LabelWidth>
		</CheckBoxDef>
		<LabelDef>
         		<Position>
          			<X>13</X>
            			<Y>281</Y>
         		</Position>
         	        <Color>
            			<R>192</R>
            			<G>192</G>
            			<B>192</B>
            			<A>255</A>
         		</Color>
         		<FontName>arial9</FontName>
         		<Width>275</Width>
         		<Height>13</Height>
         		<MaxCharacters>999</MaxCharacters>
         		<Data>Per cambiare l'azione di un tasto, cliccare sul lato destro</Data>
      		</LabelDef>
      		<LabelDef>
         		<Position>
            			<X>13</X>
            			<Y>295</Y>
         		</Position>
         		<Color>
            			<R>192</R>
            			<G>192</G>
           			<B>192</B>
            			<A>255</A>
         		</Color>
         		<FontName>arial9</FontName>
         		<Width>275</Width>
         		<Height>13</Height>
         		<MaxCharacters>999</MaxCharacters>
         		<Data>della lista cos� che il dato diventi blu, quindi premere</Data>
      		</LabelDef>
      		<LabelDef>
         		<Position>
            			<X>13</X>
            			<Y>310</Y>
         		</Position>
         		<Color>
            			<R>192</R>
            			<G>192</G>
            			<B>192</B>
            			<A>255</A>
         		</Color>
         		<FontName>arial9</FontName>
         		<Width>275</Width>
         		<Height>13</Height>
         		<MaxCharacters>999</MaxCharacters>
         		<Data>il tasto sulla tastiera a cui si vuole assegnare l'azione.</Data>
      		</LabelDef>
	</WindowTemplate>
</Root_Element>
