<?xml version="1.0" encoding="ISO-8859-1"?>
<Root_Element ID="DAOCUi">
   <WindowTemplate>
      <Name>main_menu_window</Name>
      <WindowId>main_menu</WindowId>
      <CloseButton>true</CloseButton>
      <MoveButton>true</MoveButton>
      <TopRightResizeButton>false</TopRightResizeButton>
      <BottomRightResizeButton>false</BottomRightResizeButton>
      <BottomLeftResizeButton>false</BottomLeftResizeButton>
      <ResizeButtonOffsetX>0</ResizeButtonOffsetX>
      <ResizeButtonOffsetY>0</ResizeButtonOffsetY>
      <TitleWidth>225</TitleWidth>
      <TitleHeight>16</TitleHeight>
      <Width>225</Width>
      <Height>250</Height>
      <ResizeableWidth>0</ResizeableWidth>
      <ResizeableHeight>0</ResizeableHeight>
      <ResizeableTwoWayWidth>0</ResizeableTwoWayWidth>
      <ResizeableTwoWayHeight>0</ResizeableTwoWayHeight>
      <MinWidth>0</MinWidth>
      <MinHeight>0</MinHeight>
      <ContextTemplateName></ContextTemplateName>
      <FullResizeImageDef>
         <ControlId>ImageBackground</ControlId>
         <Position>
            <X>1</X>
            <Y>1</Y>
         </Position>
         <Alignment>
         </Alignment>
         <TemplateName>valmer_menu_box</TemplateName>
         <Width>224</Width>
         <Height>250</Height>
      </FullResizeImageDef>
      <LabelDef>
         <ControlId></ControlId>
         <Position>
            <X>30</X>
            <Y>20</Y>
         </Position>
         <Alignment>
            <CenterHorizontally>true</CenterHorizontally>
         </Alignment>
         <Color>
            <R>255</R>
            <G>255</G>
            <B>255</B>
            <A>255</A>
         </Color>
         <FontName>title</FontName>
         <Width>150</Width>
         <Height>20</Height>
         <ColorAdapter></ColorAdapter>
         <MaxCharacters>999</MaxCharacters>
         <Data>MENU Principale</Data>
         <EndAligned>false</EndAligned>
         <TextCentered>false</TextCentered>
         <Adapter></Adapter>
      </LabelDef>
      <HorizontalResizeButtonDef>
         <ControlId>20</ControlId>
         <Position>
            <X>31</X>
            <Y>123</Y>
         </Position>
         <Alignment>
         </Alignment>
         <TemplateName>generic_hr_button</TemplateName>
         <Label>Opzioni di Gioco</Label>
         <Width>160</Width>
         <onClickEvent>ToggleOptions</onClickEvent>
      </HorizontalResizeButtonDef>
      <HorizontalResizeButtonDef>
         <ControlId>20</ControlId>
         <Position>
            <X>31</X>
            <Y>152</Y>
         </Position>
         <Alignment>
         </Alignment>
         <TemplateName>generic_hr_button</TemplateName>
         <Label>Configurazione Tastiera</Label>
         <Width>160</Width>
         <onClickEvent>ShowKeyboardConfig</onClickEvent>
      </HorizontalResizeButtonDef>
      <HorizontalResizeButtonDef>
         <ControlId>20</ControlId>
         <Position>
            <X>30</X>
            <Y>200</Y>
         </Position>
         <Alignment>
         </Alignment>
         <TemplateName>generic_hr_button</TemplateName>
         <Label>ABBANDONA</Label>
         <Width>160</Width>
         <onClickEvent>Quit</onClickEvent>
      </HorizontalResizeButtonDef>
      <HorizontalResizeButtonDef>
         <ControlId>20</ControlId>
         <Position>
            <X>31</X>
            <Y>65</Y>
         </Position>
         <Alignment>
         </Alignment>
         <TemplateName>generic_hr_button</TemplateName>
         <Label>Aiuto</Label>
         <Width>160</Width>
         <onClickEvent>ToggleHelp</onClickEvent>
      </HorizontalResizeButtonDef>
      <HorizontalResizeButtonDef>
         <ControlId>20</ControlId>
         <Position>
            <X>32</X>
            <Y>94</Y>
         </Position>
         <Alignment>
         </Alignment>
         <TemplateName>generic_hr_button</TemplateName>
         <Label>Elementi di Interfaccia</Label>
         <Width>160</Width>
         <onClickEvent>ToggleInterfaceElements</onClickEvent>
      </HorizontalResizeButtonDef>
   </WindowTemplate>
</Root_Element>
