<?xml version="1.0" encoding="ISO-8859-1"?>
<Root_Element ID="DAOCUi">

<!-- @@ Edited with the DAoC User Interface Editor v1.75 -->
<!-- @@ Free download available at http://www.bradtownsend.com/daoced -->

  <Texture>
    <Name>no_map</Name>
    <File>custom/maps/no_map.dds</File>
  </Texture>

  <TextAreaTemplate>
    <Name>map_textarea</Name>
    <BackgroundTemplate>none</BackgroundTemplate>
    <ScrollbarTemplate>vscroll_no_gutter</ScrollbarTemplate>
    <LinePadding>0</LinePadding>
    <TextOffset>
      <X>0</X>
      <Y>0</Y>
    </TextOffset>
    <ScrollbarOffset>
      <X>0</X>
      <Y>0</Y>
    </ScrollbarOffset>
    <ScrollbarSizeOffset>
      <X>0</X>
      <Y>0</Y>
    </ScrollbarSizeOffset>
    <Font>
      <Name>barb10</Name>
      <ColorNormal>
        <R>192</R>
        <G>192</G>
        <B>192</B>
        <A>255</A>
      </ColorNormal>
      <ColorActive>
        <R>255</R>
        <G>255</G>
        <B>255</B>
        <A>255</A>
      </ColorActive>
    </Font>
  </TextAreaTemplate>

  <ButtonTemplate>
    <Name>button_wide</Name>
    <Size>
      <X>100</X>
      <Y>16</Y>
    </Size>
    <Font>
      <Name>button_large</Name>
      <ColorNormal>
        <R>192</R>
        <G>192</G>
        <B>192</B>
        <A>255</A>
      </ColorNormal>
      <ColorPressed>
        <R>255</R>
        <G>192</G>
        <B>0</B>
        <A>255</A>
      </ColorPressed>
      <ColorHighlit>
        <R>255</R>
        <G>255</G>
        <B>255</B>
        <A>255</A>
      </ColorHighlit>
      <ColorDisabled>
        <R>128</R>
        <G>128</G>
        <B>128</B>
        <A>255</A>
      </ColorDisabled>
    </Font>
    <Texture>
      <TextureName>page3</TextureName>
      <Normal>
        <X>155</X>
        <Y>222</Y>
      </Normal>
      <Pressed>
        <X>155</X>
        <Y>239</Y>
      </Pressed>
      <NormalHighlit>
        <X>155</X>
        <Y>205</Y>
      </NormalHighlit>
      <PressedHighlit>
        <X>155</X>
        <Y>239</Y>
      </PressedHighlit>
      <Disabled>
        <X>155</X>
        <Y>222</Y>
      </Disabled>
    </Texture>
  </ButtonTemplate>

  <ImageAreaTemplate>
    <Name>group_location0</Name>
    <TextureName>valmer_01</TextureName>
    <Size>
      <X>16</X>
      <Y>16</Y>
    </Size>
    <TopLeft>
      <X>0</X>
      <Y>454</Y>
    </TopLeft>
  </ImageAreaTemplate>

  <ImageAreaTemplate>
    <Name>group_location1</Name>
    <TextureName>valmer_01</TextureName>
    <Size>
      <X>16</X>
      <Y>16</Y>
    </Size>
    <TopLeft>
      <X>12</X>
      <Y>454</Y>
    </TopLeft>
  </ImageAreaTemplate>

  <ImageAreaTemplate>
    <Name>group_location2</Name>
    <TextureName>valmer_01</TextureName>
    <Size>
      <X>16</X>
      <Y>16</Y>
    </Size>
    <TopLeft>
      <X>24</X>
      <Y>454</Y>
    </TopLeft>
  </ImageAreaTemplate>

  <ImageAreaTemplate>
    <Name>group_location3</Name>
    <TextureName>valmer_01</TextureName>
    <Size>
      <X>16</X>
      <Y>16</Y>
    </Size>
    <TopLeft>
      <X>36</X>
      <Y>454</Y>
    </TopLeft>
  </ImageAreaTemplate>

  <ImageAreaTemplate>
    <Name>group_location4</Name>
    <TextureName>valmer_01</TextureName>
    <Size>
      <X>16</X>
      <Y>16</Y>
    </Size>
    <TopLeft>
      <X>48</X>
      <Y>454</Y>
    </TopLeft>
  </ImageAreaTemplate>

  <ImageAreaTemplate>
    <Name>group_location5</Name>
    <TextureName>valmer_01</TextureName>
    <Size>
      <X>16</X>
      <Y>16</Y>
    </Size>
    <TopLeft>
      <X>60</X>
      <Y>454</Y>
    </TopLeft>
  </ImageAreaTemplate>

  <ImageAreaTemplate>
    <Name>group_location6</Name>
    <TextureName>valmer_01</TextureName>
    <Size>
      <X>16</X>
      <Y>16</Y>
    </Size>
    <TopLeft>
      <X>72</X>
      <Y>454</Y>
    </TopLeft>
  </ImageAreaTemplate>

  <ImageAreaTemplate>
    <Name>group_location7</Name>
    <TextureName>valmer_01</TextureName>
    <Size>
      <X>16</X>
      <Y>16</Y>
    </Size>
    <TopLeft>
      <X>84</X>
      <Y>454</Y>
    </TopLeft>
  </ImageAreaTemplate>

  <WindowTemplate>
    <Name>map_window</Name>
    <WindowId></WindowId>
    <CloseButton>true</CloseButton>
    <MoveButton>true</MoveButton>
    <TopRightResizeButton>false</TopRightResizeButton>
    <BottomRightResizeButton>false</BottomRightResizeButton>
    <BottomLeftResizeButton>false</BottomLeftResizeButton>
    <ResizeButtonOffsetX>0</ResizeButtonOffsetX>
    <ResizeButtonOffsetY>0</ResizeButtonOffsetY>
    <TitleWidth>270</TitleWidth>
    <TitleHeight>18</TitleHeight>
    <Width>270</Width>
    <Height>458</Height>
    <ResizeableWidth>0</ResizeableWidth>
    <ResizeableHeight>0</ResizeableHeight>
    <ResizeableTwoWayWidth>0</ResizeableTwoWayWidth>
    <ResizeableTwoWayHeight>0</ResizeableTwoWayHeight>
    <MinWidth>0</MinWidth>
    <MinHeight>0</MinHeight>

    <FullResizeImageDef>
      <ControlId>Background</ControlId>
      <Position>
        <X>0</X>
        <Y>0</Y>
      </Position>
      <Alignment>
        <GrowWidth>true</GrowWidth>
        <GrowHeight>true</GrowHeight>
      </Alignment>
      <TemplateName>valmer_box</TemplateName>
      <Width>270</Width>
      <Height>454</Height>
    </FullResizeImageDef>

    <LabelDef>
      <ControlId></ControlId>
      <Position>
        <X>0</X>
        <Y>3</Y>
      </Position>
      <Alignment>
        <GrowWidth>true</GrowWidth>
        <CenterHorizontally>true</CenterHorizontally>
      </Alignment>
      <FontName>title</FontName>
      <Adapter>map_title</Adapter>
      <ColorAdapter></ColorAdapter>
      <Width>270</Width>
      <Height>16</Height>
      <MaxCharacters>128</MaxCharacters>
      <Color>
        <R>255</R>
        <G>255</G>
        <B>255</B>
        <A>255</A>
      </Color>
      <Data>MAP TITLE GOES HERE</Data>
      <EndAligned>false</EndAligned>
      <TextCentered>false</TextCentered>
    </LabelDef>

    <LabelDef>
      <ControlId></ControlId>
      <Position>
        <X>12</X>
        <Y>334</Y>
      </Position>
      <Alignment>
        <TopLeft>true</TopLeft>
      </Alignment>
      <FontName>arial9</FontName>
      <Adapter>map_info0</Adapter>
      <ColorAdapter></ColorAdapter>
      <Width>320</Width>
      <Height>15</Height>
      <MaxCharacters>128</MaxCharacters>
      <Color>
        <R>192</R>
        <G>192</G>
        <B>192</B>
        <A>255</A>
      </Color>
      <Data></Data>
      <EndAligned>false</EndAligned>
      <TextCentered>false</TextCentered>
    </LabelDef>

    <TextAreaDef>
      <ControlId>1005</ControlId>
      <Position>
        <X>7</X>
        <Y>329</Y>
      </Position>
      <Alignment>
        <TopLeft>true</TopLeft>
      </Alignment>
      <TemplateName>map_textarea</TemplateName>
      <AdapterName>map_info</AdapterName>
      <HasHotSpots>false</HasHotSpots>
      <MaxCharacters>32768</MaxCharacters>
      <Width>256</Width>
      <Height>118</Height>
    </TextAreaDef>

    <ButtonDef>
      <ControlId>1003</ControlId>
      <Position>
        <X>7</X>
        <Y>27</Y>
      </Position>
      <Alignment>
        <TopLeft>true</TopLeft>
      </Alignment>
      <TemplateName>button_large</TemplateName>
      <Label>Note</Label>
      <onClickEvent></onClickEvent>
    </ButtonDef>

    <ButtonDef>
      <ControlId>1006</ControlId>
      <Position>
        <X>7</X>
        <Y>47</Y>
      </Position>
      <Alignment>
        <TopLeft>true</TopLeft>
      </Alignment>
      <TemplateName>button_large</TemplateName>
      <Label>Aggiorna</Label>
      <onClickEvent></onClickEvent>
    </ButtonDef>

    <DynamicImageDef>
      <ControlId>1000</ControlId>
      <Position>
        <X>7</X>
        <Y>70</Y>
      </Position>
      <Alignment>
        <TopLeft>true</TopLeft>
      </Alignment>
      <TextureName>no_map</TextureName>
      <Dimensions>
        <X>256</X>
        <Y>256</Y>
      </Dimensions>
      <TextureCoords>
        <X>0</X>
        <Y>0</Y>
      </TextureCoords>
    </DynamicImageDef>

    <ImageAreaDef>
      <ControlId>1004</ControlId>
      <Position>
        <X>0</X>
        <Y>0</Y>
      </Position>
      <Alignment>
        <TopLeft>true</TopLeft>
      </Alignment>
      <TemplateName>player_location</TemplateName>
    </ImageAreaDef>

    <ImageAreaDef>
      <ControlId>1100</ControlId>
      <Position>
        <X>0</X>
        <Y>0</Y>
      </Position>
      <Alignment>
        <TopLeft>true</TopLeft>
      </Alignment>
      <TemplateName>group_location0</TemplateName>
    </ImageAreaDef>

    <ImageAreaDef>
      <ControlId>1101</ControlId>
      <Position>
        <X>0</X>
        <Y>0</Y>
      </Position>
      <Alignment>
        <TopLeft>true</TopLeft>
      </Alignment>
      <TemplateName>group_location1</TemplateName>
    </ImageAreaDef>

    <ImageAreaDef>
      <ControlId>1102</ControlId>
      <Position>
        <X>0</X>
        <Y>0</Y>
      </Position>
      <Alignment>
        <TopLeft>true</TopLeft>
      </Alignment>
      <TemplateName>group_location2</TemplateName>
    </ImageAreaDef>

    <ImageAreaDef>
      <ControlId>1103</ControlId>
      <Position>
        <X>0</X>
        <Y>0</Y>
      </Position>
      <Alignment>
        <TopLeft>true</TopLeft>
      </Alignment>
      <TemplateName>group_location3</TemplateName>
    </ImageAreaDef>

    <ImageAreaDef>
      <ControlId>1104</ControlId>
      <Position>
        <X>0</X>
        <Y>0</Y>
      </Position>
      <Alignment>
        <TopLeft>true</TopLeft>
      </Alignment>
      <TemplateName>group_location4</TemplateName>
    </ImageAreaDef>

    <ImageAreaDef>
      <ControlId>1105</ControlId>
      <Position>
        <X>0</X>
        <Y>0</Y>
      </Position>
      <Alignment>
        <TopLeft>true</TopLeft>
      </Alignment>
      <TemplateName>group_location5</TemplateName>
    </ImageAreaDef>

    <ImageAreaDef>
      <ControlId>1106</ControlId>
      <Position>
        <X>0</X>
        <Y>0</Y>
      </Position>
      <Alignment>
        <TopLeft>true</TopLeft>
      </Alignment>
      <TemplateName>group_location6</TemplateName>
    </ImageAreaDef>

    <ImageAreaDef>
      <ControlId>1107</ControlId>
      <Position>
        <X>0</X>
        <Y>0</Y>
      </Position>
      <Alignment>
        <TopLeft>true</TopLeft>
      </Alignment>
      <TemplateName>group_location7</TemplateName>
    </ImageAreaDef>

    <LabelDef>
      <ControlId>1007</ControlId>
      <Position>
        <X>90</X>
        <Y>26</Y>
      </Position>
      <Alignment>
        <TopLeft>true</TopLeft>
      </Alignment>
      <FontName>arial11</FontName>
      <Adapter></Adapter>
      <ColorAdapter></ColorAdapter>
      <Width>35</Width>
      <Height>10</Height>
      <MaxCharacters>128</MaxCharacters>
      <Color>
        <R>196</R>
        <G>196</G>
        <B>196</B>
        <A>255</A>
      </Color>
      <Data>Zone</Data>
      <EndAligned>false</EndAligned>
      <TextCentered>false</TextCentered>
    </LabelDef>

    <LabelDef>
      <ControlId>1008</ControlId>
      <Position>
        <X>90</X>
        <Y>48</Y>
      </Position>
      <Alignment>
        <TopLeft>true</TopLeft>
      </Alignment>
      <FontName>arial11</FontName>
      <Adapter></Adapter>
      <ColorAdapter></ColorAdapter>
      <Width>35</Width>
      <Height>10</Height>
      <MaxCharacters>128</MaxCharacters>
      <Color>
        <R>196</R>
        <G>196</G>
        <B>196</B>
        <A>255</A>
      </Color>
      <Data>Area</Data>
      <EndAligned>false</EndAligned>
      <TextCentered>false</TextCentered>
    </LabelDef>

    <ComboBoxDef>
      <ControlId>1001</ControlId>
      <Position>
        <X>126</X>
        <Y>24</Y>
      </Position>
      <Alignment>
        <TopLeft>true</TopLeft>
      </Alignment>
      <TemplateName>generic_combobox</TemplateName>
    </ComboBoxDef>

    <ComboBoxDef>
      <ControlId>1002</ControlId>
      <Position>
        <X>126</X>
        <Y>46</Y>
      </Position>
      <Alignment>
        <TopLeft>true</TopLeft>
      </Alignment>
      <TemplateName>generic_combobox</TemplateName>
    </ComboBoxDef>

  </WindowTemplate>

</Root_Element>
