<?xml version="1.0" encoding="ISO-8859-1"?>
<Root_Element ID="DAOCUi">

<!-- @@ Edited with the DAoC User Interface Editor v1.71 -->
<!-- @@ Free download available at http://www.bradtownsend.com/daoced -->

  <ImageAreaTemplate>
    <Name>master_title</Name>
    <TextureName>page3</TextureName>
    <Size>
      <X>79</X>
      <Y>25</Y>
    </Size>
    <TopLeft>
      <X>0</X>
      <Y>55</Y>
    </TopLeft>
  </ImageAreaTemplate>

  <WindowTemplate>
    <Name>master_level</Name>
    <WindowId>MasterLevel</WindowId>
    <CloseButton>true</CloseButton>
    <MoveButton>true</MoveButton>
    <TopRightResizeButton>false</TopRightResizeButton>
    <BottomRightResizeButton>true</BottomRightResizeButton>
    <BottomLeftResizeButton>true</BottomLeftResizeButton>
    <ResizeButtonOffsetX>2</ResizeButtonOffsetX>
    <ResizeButtonOffsetY>2</ResizeButtonOffsetY>
    <TitleWidth>200</TitleWidth>
    <TitleHeight>18</TitleHeight>
    <Width>300</Width>
    <Height>158</Height>
    <ResizeableWidth>5</ResizeableWidth>
    <ResizeableHeight>5</ResizeableHeight>
    <ResizeableTwoWayWidth>0</ResizeableTwoWayWidth>
    <ResizeableTwoWayHeight>0</ResizeableTwoWayHeight>
    <MinWidth>300</MinWidth>
    <MinHeight>158</MinHeight>

    <FullResizeImageDef>
      <ControlId>Background</ControlId>
      <Position>
        <X>0</X>
        <Y>0</Y>
      </Position>
      <Alignment>
        <GrowWidth>true</GrowWidth>
        <GrowHeight>true</GrowHeight>
      </Alignment>
      <TemplateName>valmer_box</TemplateName>
      <Width>300</Width>
      <Height>160</Height>
    </FullResizeImageDef>

    <ImageAreaDef>
      <ControlId></ControlId>
      <Position>
        <X>-5</X>
        <Y>15</Y>
      </Position>
      <Alignment>
        <TopLeft>true</TopLeft>
      </Alignment>
      <TemplateName>top_endcap</TemplateName>
    </ImageAreaDef>

    <ImageAreaDef>
      <ControlId></ControlId>
      <Position>
        <X>-5</X>
        <Y>13</Y>
      </Position>
      <Alignment>
        <OffsetBottom>true</OffsetBottom>
      </Alignment>
      <TemplateName>bottom_endcap</TemplateName>
    </ImageAreaDef>

    <VerticalStatusbarDef>
      <ControlId>1000</ControlId>
      <Position>
        <X>2</X>
        <Y>25</Y>
      </Position>
      <Alignment>
        <GrowHeight>true</GrowHeight>
      </Alignment>
      <TemplateName>vstatus_red</TemplateName>
      <AdapterName>master_rp</AdapterName>
      <Height>108</Height>
      <DontDrawWhenZero>false</DontDrawWhenZero>
    </VerticalStatusbarDef>

    <ImageAreaDef>
      <ControlId></ControlId>
      <Position>
        <X>-5</X>
        <Y>15</Y>
      </Position>
      <Alignment>
        <OffsetRight>true</OffsetRight>
      </Alignment>
      <TemplateName>top_endcap</TemplateName>
    </ImageAreaDef>

    <ImageAreaDef>
      <ControlId></ControlId>
      <Position>
        <X>-5</X>
        <Y>13</Y>
      </Position>
      <Alignment>
        <OffsetBottom>true</OffsetBottom>
        <OffsetRight>true</OffsetRight>
      </Alignment>
      <TemplateName>bottom_endcap</TemplateName>
    </ImageAreaDef>

    <VerticalStatusbarDef>
      <ControlId>1001</ControlId>
      <Position>
        <X>2</X>
        <Y>25</Y>
      </Position>
      <Alignment>
        <OffsetRight>true</OffsetRight>
        <GrowHeight>true</GrowHeight>
      </Alignment>
      <TemplateName>vstatus_blue</TemplateName>
      <AdapterName>master_exp</AdapterName>
      <Height>108</Height>
      <DontDrawWhenZero>false</DontDrawWhenZero>
    </VerticalStatusbarDef>

    <ScalarLabelDef>
      <ControlId></ControlId>
      <Position>
        <X>12</X>
        <Y>31</Y>
      </Position>
      <Alignment>
        <OffsetRight>true</OffsetRight>
      </Alignment>
      <FontName>arial11</FontName>
      <Adapter>master_exp</Adapter>
      <ColorAdapter></ColorAdapter>
      <Width>20</Width>
      <Height>16</Height>
      <MaxCharacters>5</MaxCharacters>
      <Color>
        <R>153</R>
        <G>204</G>
        <B>255</B>
        <A>255</A>
      </Color>
      <Data></Data>
      <EndAligned>false</EndAligned>
      <TextCentered>false</TextCentered>
      <DontDrawWhenZero>false</DontDrawWhenZero>
    </ScalarLabelDef>

    <LabelDef>
      <ControlId></ControlId>
      <Position>
        <X>15</X>
        <Y>5</Y>
      </Position>
      <Alignment>
        <CenterHorizontally>true</CenterHorizontally>
      </Alignment>
      <FontName>title</FontName>
      <Adapter>master_window_title</Adapter>
      <ColorAdapter></ColorAdapter>
      <Width>266</Width>
      <Height>20</Height>
      <MaxCharacters>128</MaxCharacters>
      <Color>
        <R>255</R>
        <G>255</G>
        <B>255</B>
        <A>255</A>
      </Color>
      <Data></Data>
      <EndAligned>false</EndAligned>
      <TextCentered>false</TextCentered>
    </LabelDef>

    <LabelDef>
      <ControlId></ControlId>
      <Position>
        <X>16</X>
        <Y>33</Y>
      </Position>
      <Alignment>
        <TopLeft>true</TopLeft>
      </Alignment>
      <FontName>barb10</FontName>
      <Adapter></Adapter>
      <ColorAdapter></ColorAdapter>
      <Width>40</Width>
      <Height>16</Height>
      <MaxCharacters>128</MaxCharacters>
      <Color>
        <R>153</R>
        <G>255</G>
        <B>204</B>
        <A>255</A>
      </Color>
      <Data>Titolo</Data>
      <EndAligned>false</EndAligned>
      <TextCentered>false</TextCentered>
    </LabelDef>

    <LabelDef>
      <ControlId></ControlId>
      <Position>
        <X>58</X>
        <Y>32</Y>
      </Position>
      <Alignment>
        <TopLeft>true</TopLeft>
      </Alignment>
      <FontName>arial11</FontName>
      <Adapter>master_title</Adapter>
      <ColorAdapter></ColorAdapter>
      <Width>100</Width>
      <Height>16</Height>
      <MaxCharacters>128</MaxCharacters>
      <Color>
        <R>255</R>
        <G>255</G>
        <B>255</B>
        <A>255</A>
      </Color>
      <Data></Data>
      <EndAligned>false</EndAligned>
      <TextCentered>false</TextCentered>
    </LabelDef>

    <LabelDef>
      <ControlId></ControlId>
      <Position>
        <X>165</X>
        <Y>33</Y>
      </Position>
      <Alignment>
        <TopLeft>true</TopLeft>
      </Alignment>
      <FontName>barb10</FontName>
      <Adapter></Adapter>
      <ColorAdapter></ColorAdapter>
      <Width>35</Width>
      <Height>16</Height>
      <MaxCharacters>128</MaxCharacters>
      <Color>
        <R>153</R>
        <G>255</G>
        <B>204</B>
        <A>255</A>
      </Color>
      <Data>Grado</Data>
      <EndAligned>false</EndAligned>
      <TextCentered>false</TextCentered>
    </LabelDef>

    <ScalarLabelDef>
      <ControlId></ControlId>
      <Position>
        <X>205</X>
        <Y>32</Y>
      </Position>
      <Alignment>
        <TopLeft>true</TopLeft>
      </Alignment>
      <FontName>arial11</FontName>
      <Adapter>master_rank</Adapter>
      <ColorAdapter></ColorAdapter>
      <Width>20</Width>
      <Height>16</Height>
      <MaxCharacters>128</MaxCharacters>
      <Color>
        <R>255</R>
        <G>255</G>
        <B>255</B>
        <A>255</A>
      </Color>
      <Data></Data>
      <EndAligned>false</EndAligned>
      <TextCentered>false</TextCentered>
      <DontDrawWhenZero>false</DontDrawWhenZero>
    </ScalarLabelDef>

    <TextAreaDef>
      <ControlId>2000</ControlId>
      <Position>
        <X>15</X>
        <Y>48</Y>
      </Position>
      <Alignment>
        <GrowWidth>true</GrowWidth>
        <GrowHeight>true</GrowHeight>
      </Alignment>
      <TemplateName>generic_textarea</TemplateName>
      <AdapterName>master_list</AdapterName>
      <HasHotspots>false</HasHotspots>
      <MaxCharacters>32768</MaxCharacters>
      <Width>266</Width>
      <Height>83</Height>
    </TextAreaDef>

      <HorizontalResizeButtonDef>
         <ControlId>20</ControlId>
         <Position>
            <X>30</X>
            <Y>5</Y>
         </Position>
      <Alignment>
        <OffsetBottom>true</OffsetBottom>
      </Alignment>
         <TemplateName>generic_hr_button</TemplateName>
         <Label>Precedente</Label>
         <Width>100</Width>
      <onClickEvent>MasterLevelPagePrevious</onClickEvent>
      </HorizontalResizeButtonDef>

      <HorizontalResizeButtonDef>
         <ControlId>20</ControlId>
         <Position>
            <X>30</X>
            <Y>5</Y>
         </Position>
      <Alignment>
        <OffsetBottom>true</OffsetBottom>
        <OffsetRight>true</OffsetRight>
      </Alignment>
         <TemplateName>generic_hr_button</TemplateName>
         <Label>Successivo</Label>
         <Width>100</Width>
         <onClickEvent>MasterLevelPageNext</onClickEvent>
      </HorizontalResizeButtonDef>

  </WindowTemplate>

</Root_Element>
