<?xml version="1.0" encoding="ISO-8859-1"?>
<Root_Element ID="DAOCUi">

<!-- @@ Edited with the DAoC User Interface Editor v1.71 -->
<!-- @@ Free download available at http://www.bradtownsend.com/daoced -->

  <WindowTemplate>
    <Name>merchant</Name>
    <WindowId>Merchant</WindowId>
    <CloseButton>true</CloseButton>
    <MoveButton>true</MoveButton>
    <TopRightResizeButton>false</TopRightResizeButton>
    <BottomRightResizeButton>false</BottomRightResizeButton>
    <BottomLeftResizeButton>false</BottomLeftResizeButton>
    <ResizeButtonOffsetX>0</ResizeButtonOffsetX>
    <ResizeButtonOffsetY>0</ResizeButtonOffsetY>
    <TitleWidth>350</TitleWidth>
    <TitleHeight>18</TitleHeight>
    <Width>350</Width>
    <Height>450</Height>
    <ResizeableWidth>0</ResizeableWidth>
    <ResizeableHeight>0</ResizeableHeight>
    <ResizeableTwoWayWidth>0</ResizeableTwoWayWidth>
    <ResizeableTwoWayHeight>0</ResizeableTwoWayHeight>
    <MinWidth>0</MinWidth>
    <MinHeight>0</MinHeight>

    <!--background elements-->

    <FullResizeImageDef>
      <ControlId>Background</ControlId>
      <Position>
        <X>0</X>
        <Y>0</Y>
      </Position>
      <Alignment>
        <GrowWidth>true</GrowWidth>
        <GrowHeight>true</GrowHeight>
      </Alignment>
      <TemplateName>valmer_box</TemplateName>
      <Width>350</Width>
      <Height>450</Height>
    </FullResizeImageDef>

    <HorizontalResizeImageDef>
      <ControlId></ControlId>
      <Position>
        <X>64</X>
        <Y>360</Y>
      </Position>
      <Alignment>
        <TopLeft>true</TopLeft>
      </Alignment>
      <TemplateName>dialog_inset</TemplateName>
      <Width>35</Width>
    </HorizontalResizeImageDef>

    <HorizontalResizeImageDef>
      <ControlId></ControlId>
      <Position>
        <X>109</X>
        <Y>360</Y>
      </Position>
      <Alignment>
        <TopLeft>true</TopLeft>
      </Alignment>
      <TemplateName>dialog_inset</TemplateName>
      <Width>35</Width>
    </HorizontalResizeImageDef>

    <HorizontalResizeImageDef>
      <ControlId></ControlId>
      <Position>
        <X>154</X>
        <Y>360</Y>
      </Position>
      <Alignment>
        <TopLeft>true</TopLeft>
      </Alignment>
      <TemplateName>dialog_inset</TemplateName>
      <Width>35</Width>
    </HorizontalResizeImageDef>

    <HorizontalResizeImageDef>
      <ControlId></ControlId>
      <Position>
        <X>199</X>
        <Y>360</Y>
      </Position>
      <Alignment>
        <TopLeft>true</TopLeft>
      </Alignment>
      <TemplateName>dialog_inset</TemplateName>
      <Width>35</Width>
    </HorizontalResizeImageDef>

    <HorizontalResizeImageDef>
      <ControlId></ControlId>
      <Position>
        <X>244</X>
        <Y>360</Y>
      </Position>
      <Alignment>
        <TopLeft>true</TopLeft>
      </Alignment>
      <TemplateName>dialog_inset</TemplateName>
      <Width>35</Width>
    </HorizontalResizeImageDef>

    <LabelDef>
      <ControlId></ControlId>
      <Position>
        <X>70</X>
        <Y>397</Y>
      </Position>
      <Alignment>
        <TopLeft>true</TopLeft>
      </Alignment>
      <FontName>arial11</FontName>
      <Adapter></Adapter>
      <ColorAdapter></ColorAdapter>
      <Width>128</Width>
      <Height>16</Height>
      <MaxCharacters>128</MaxCharacters>
      <Color>
        <R>255</R>
        <G>255</G>
        <B>255</B>
        <A>255</A>
      </Color>
      <Data>Quantita'</Data>
      <EndAligned>false</EndAligned>
      <TextCentered>false</TextCentered>
    </LabelDef>

    <HorizontalResizeImageDef>
      <ControlId></ControlId>
      <Position>
        <X>125</X>
        <Y>396</Y>
      </Position>
      <Alignment>
        <TopLeft>true</TopLeft>
      </Alignment>
      <TemplateName>dialog_inset</TemplateName>
      <Width>88</Width>
    </HorizontalResizeImageDef>

    <ImageAreaDef>
      <ControlId></ControlId>
      <Position>
        <X>75</X>
        <Y>380</Y>
      </Position>
      <Alignment>
        <TopLeft>true</TopLeft>
      </Alignment>
      <TemplateName>mithril_decal</TemplateName>
    </ImageAreaDef>

    <ImageAreaDef>
      <ControlId></ControlId>
      <Position>
        <X>120</X>
        <Y>380</Y>
      </Position>
      <Alignment>
        <TopLeft>true</TopLeft>
      </Alignment>
      <TemplateName>platinum_decal</TemplateName>
    </ImageAreaDef>

    <ImageAreaDef>
      <ControlId></ControlId>
      <Position>
        <X>165</X>
        <Y>380</Y>
      </Position>
      <Alignment>
        <TopLeft>true</TopLeft>
      </Alignment>
      <TemplateName>gold_decal</TemplateName>
    </ImageAreaDef>

    <ImageAreaDef>
      <ControlId></ControlId>
      <Position>
        <X>210</X>
        <Y>380</Y>
      </Position>
      <Alignment>
        <TopLeft>true</TopLeft>
      </Alignment>
      <TemplateName>silver_decal</TemplateName>
    </ImageAreaDef>

    <ImageAreaDef>
      <ControlId></ControlId>
      <Position>
        <X>255</X>
        <Y>380</Y>
      </Position>
      <Alignment>
        <TopLeft>true</TopLeft>
      </Alignment>
      <TemplateName>copper_decal</TemplateName>
    </ImageAreaDef>

    <!--functional elements-->

    <ListBoxDef>
      <ControlId>1005</ControlId>
      <Position>
        <X>10</X>
        <Y>21</Y>
      </Position>
      <Alignment>
        <GrowWidth>true</GrowWidth>
      </Alignment>
      <TemplateName>listbox_bg_icons</TemplateName>
      <AdapterName>merchant_page0</AdapterName>
      <Sorting>false</Sorting>
      <Columns>2</Columns>
      <Width>330</Width>
      <Height>334</Height>
    </ListBoxDef>

    <LabelDef>
      <ControlId>1006</ControlId>
      <Position>
        <X>0</X>
        <Y>6</Y>
      </Position>
      <Alignment>
        <CenterHorizontally>true</CenterHorizontally>
      </Alignment>
      <FontName>arial11</FontName>
      <Adapter>merchant_title</Adapter>
      <ColorAdapter></ColorAdapter>
      <Width>350</Width>
      <Height>16</Height>
      <MaxCharacters>128</MaxCharacters>
      <Color>
        <R>255</R>
        <G>255</G>
        <B>255</B>
        <A>255</A>
      </Color>
      <Data>Merchant</Data>
      <EndAligned>false</EndAligned>
      <TextCentered>false</TextCentered>
    </LabelDef>

    <ButtonDef>
      <ControlId>1000</ControlId>
      <Position>
        <X>228</X>
        <Y>425</Y>
      </Position>
      <Alignment>
        <TopLeft>true</TopLeft>
      </Alignment>
      <TemplateName>button_left</TemplateName>
      <Label></Label>
      <onClickEvent></onClickEvent>
    </ButtonDef>

    <ButtonDef>
      <ControlId>1001</ControlId>
      <Position>
        <X>248</X>
        <Y>425</Y>
      </Position>
      <Alignment>
        <TopLeft>true</TopLeft>
      </Alignment>
      <TemplateName>button_right</TemplateName>
      <Label></Label>
      <onClickEvent></onClickEvent>
    </ButtonDef>

    <ButtonDef>
      <ControlId>1002</ControlId>
      <Position>
        <X>10</X>
        <Y>425</Y>
      </Position>
      <Alignment>
        <TopLeft>true</TopLeft>
      </Alignment>
      <TemplateName>button_large_new</TemplateName>
      <Label>Compra</Label>
      <onClickEvent></onClickEvent>
    </ButtonDef>

    <ButtonDef>
      <ControlId>1003</ControlId>
      <Position>
        <X>82</X>
        <Y>425</Y>
      </Position>
      <Alignment>
        <TopLeft>true</TopLeft>
      </Alignment>
      <TemplateName>button_large_new</TemplateName>
      <Label>Vendi</Label>
      <onClickEvent></onClickEvent>
    </ButtonDef>

    <ButtonDef>
      <ControlId>1004</ControlId>
      <Position>
        <X>155</X>
        <Y>425</Y>
      </Position>
      <Alignment>
        <TopLeft>true</TopLeft>
      </Alignment>
      <TemplateName>button_large_new</TemplateName>
      <Label>Stima</Label>
      <onClickEvent></onClickEvent>
    </ButtonDef>

    <LabelDef>
      <ControlId></ControlId>
      <Position>
        <X>68</X>
        <Y>361</Y>
      </Position>
      <Alignment>
        <TopLeft>true</TopLeft>
      </Alignment>
      <FontName>arial11</FontName>
      <Adapter>merchant_mithril</Adapter>
      <ColorAdapter></ColorAdapter>
      <Width>35</Width>
      <Height>16</Height>
      <MaxCharacters>128</MaxCharacters>
      <Color>
        <R>255</R>
        <G>255</G>
        <B>255</B>
        <A>255</A>
      </Color>
      <Data>M:999</Data>
      <EndAligned>false</EndAligned>
      <TextCentered>false</TextCentered>
    </LabelDef>

    <LabelDef>
      <ControlId></ControlId>
      <Position>
        <X>114</X>
        <Y>361</Y>
      </Position>
      <Alignment>
        <TopLeft>true</TopLeft>
      </Alignment>
      <FontName>arial11</FontName>
      <Adapter>merchant_platinum</Adapter>
      <ColorAdapter></ColorAdapter>
      <Width>35</Width>
      <Height>16</Height>
      <MaxCharacters>128</MaxCharacters>
      <Color>
        <R>255</R>
        <G>255</G>
        <B>255</B>
        <A>255</A>
      </Color>
      <Data>P:999</Data>
      <EndAligned>false</EndAligned>
      <TextCentered>false</TextCentered>
    </LabelDef>

    <LabelDef>
      <ControlId></ControlId>
      <Position>
        <X>158</X>
        <Y>361</Y>
      </Position>
      <Alignment>
        <TopLeft>true</TopLeft>
      </Alignment>
      <FontName>arial11</FontName>
      <Adapter>merchant_gold</Adapter>
      <ColorAdapter></ColorAdapter>
      <Width>35</Width>
      <Height>16</Height>
      <MaxCharacters>128</MaxCharacters>
      <Color>
        <R>255</R>
        <G>255</G>
        <B>255</B>
        <A>255</A>
      </Color>
      <Data>G:999</Data>
      <EndAligned>false</EndAligned>
      <TextCentered>false</TextCentered>
    </LabelDef>

    <LabelDef>
      <ControlId></ControlId>
      <Position>
        <X>203</X>
        <Y>361</Y>
      </Position>
      <Alignment>
        <TopLeft>true</TopLeft>
      </Alignment>
      <FontName>arial11</FontName>
      <Adapter>merchant_silver</Adapter>
      <ColorAdapter></ColorAdapter>
      <Width>35</Width>
      <Height>16</Height>
      <MaxCharacters>128</MaxCharacters>
      <Color>
        <R>255</R>
        <G>255</G>
        <B>255</B>
        <A>255</A>
      </Color>
      <Data>S:999</Data>
      <EndAligned>false</EndAligned>
      <TextCentered>false</TextCentered>
    </LabelDef>

    <LabelDef>
      <ControlId></ControlId>
      <Position>
        <X>248</X>
        <Y>361</Y>
      </Position>
      <Alignment>
        <TopLeft>true</TopLeft>
      </Alignment>
      <FontName>arial11</FontName>
      <Adapter>merchant_copper</Adapter>
      <ColorAdapter></ColorAdapter>
      <Width>35</Width>
      <Height>16</Height>
      <MaxCharacters>128</MaxCharacters>
      <Color>
        <R>255</R>
        <G>255</G>
        <B>255</B>
        <A>255</A>
      </Color>
      <Data>C:999</Data>
      <EndAligned>false</EndAligned>
      <TextCentered>false</TextCentered>
    </LabelDef>

    <LabelDef>
      <ControlId></ControlId>
      <Position>
        <X>275</X>
        <Y>426</Y>
      </Position>
      <Alignment>
        <TopLeft>true</TopLeft>
      </Alignment>
      <FontName>arial11</FontName>
      <Adapter>merchant_page_display</Adapter>
      <ColorAdapter></ColorAdapter>
      <Width>128</Width>
      <Height>16</Height>
      <MaxCharacters>128</MaxCharacters>
      <Color>
        <R>255</R>
        <G>255</G>
        <B>255</B>
        <A>255</A>
      </Color>
      <Data>Page 1 of 1</Data>
      <EndAligned>false</EndAligned>
      <TextCentered>false</TextCentered>
    </LabelDef>

    <ButtonDef>
      <ControlId>1007</ControlId>
      <Position>
        <X>228</X>
        <Y>396</Y>
      </Position>
      <Alignment>
        <TopLeft>true</TopLeft>
      </Alignment>
      <TemplateName>button_left</TemplateName>
      <Label></Label>
      <onClickEvent></onClickEvent>
    </ButtonDef>

    <ButtonDef>
      <ControlId>1008</ControlId>
      <Position>
        <X>248</X>
        <Y>396</Y>
      </Position>
      <Alignment>
        <TopLeft>true</TopLeft>
      </Alignment>
      <TemplateName>button_right</TemplateName>
      <Label></Label>
      <onClickEvent></onClickEvent>
    </ButtonDef>

    <LabelDef>
      <ControlId></ControlId>
      <Position>
        <X>130</X>
        <Y>397</Y>
      </Position>
      <Alignment>
        <TopLeft>true</TopLeft>
      </Alignment>
      <FontName>arial11</FontName>
      <Adapter>merchant_quantity</Adapter>
      <ColorAdapter></ColorAdapter>
      <Width>80</Width>
      <Height>16</Height>
      <MaxCharacters>128</MaxCharacters>
      <Color>
        <R>255</R>
        <G>255</G>
        <B>255</B>
        <A>255</A>
      </Color>
      <Data>10 x 20</Data>
      <EndAligned>false</EndAligned>
      <TextCentered>false</TextCentered>
    </LabelDef>

    <CheckBoxDef>
      <ControlId>1009</ControlId>
      <Position>
        <X>275</X>
        <Y>398</Y>
      </Position>
      <Alignment>
        <TopLeft>true</TopLeft>
      </Alignment>
      <TemplateName>small_font_check</TemplateName>
      <AdapterName></AdapterName>
      <TextAdapterName></TextAdapterName>
      <Data>Tieni quant.</Data>
      <LabelWidth>55</LabelWidth>
    </CheckBoxDef>

  </WindowTemplate>

</Root_Element>
