<?xml version="1.0" encoding="ISO-8859-1"?>
<Root_Element ID="DAOCUi">
	<WindowTemplate>
		<Name>mini_friends</Name>
		<CloseButton>true</CloseButton>
		<MoveButton>true</MoveButton>
		<Width>128</Width>
		<Height>96</Height>
		<TitleWidth>128</TitleWidth>
		<TitleHeight>18</TitleHeight>
		<ResizeableWidth>5</ResizeableWidth>
		<ResizeableHeight>5</ResizeableHeight>
		<WindowId>MiniFriends</WindowId>
		<MinWidth>128</MinWidth>
		<MinHeight>96</MinHeight>
		<BottomRightResizeButton>true</BottomRightResizeButton>
		<BottomLeftResizeButton>true</BottomLeftResizeButton>
		<ResizeButtonOffsetX>4</ResizeButtonOffsetX>
		<FullResizeImageDef>
			<ControlId>Background</ControlId>
			<Height>96</Height>
			<Width>128</Width>
			<Position>
				<X>0</X>
				<Y>0</Y>
			</Position>
			<TemplateName>valmer_box</TemplateName>
			<Alignment>
				<GrowWidth>true</GrowWidth>
				<GrowHeight>true</GrowHeight>
			</Alignment>
		</FullResizeImageDef>
		<TextAreaDef>
			<TemplateName>nobg_textarea</TemplateName>
			<Position>
				<X>6</X>
				<Y>18</Y>
			</Position>
			<Width>116</Width>
			<Height>65</Height>
			<Alignment>
				<CenterHorizontally>true</CenterHorizontally>
				<GrowWidth>true</GrowWidth>
				<GrowHeight>true</GrowHeight>
			</Alignment>
			<ControlId>1009</ControlId>
			<HasHotspots>false</HasHotspots>
			<MaxCharacters>32768</MaxCharacters>
			<AdapterName>mini_friends_text</AdapterName>
		</TextAreaDef>
		<LabelDef>
			<Color>
				<R>104</R>
				<G>255</G>
				<B>104</B>
				<A>255</A>
			</Color>
			<FontName>arial11</FontName>
			<Width>96</Width>
			<Height>16</Height>
			<MaxCharacters>64</MaxCharacters>
			<Data>Lista Amici</Data>
			<Position>
				<X>0</X>
				<Y>4</Y>
			</Position>
			<Adapter>none</Adapter>
			<Alignment>
				<CenterHorizontally>true</CenterHorizontally>
			</Alignment>
		</LabelDef>
	</WindowTemplate>
</Root_Element>
