<?xml version="1.0" encoding="ISO-8859-1"?>
<Root_Element ID="DAOCUi">

<!-- @@ Edited with the DAoC User Interface Editor v1.77a -->
<!-- @@ Free download available at http://www.bradtownsend.com/daoced -->

  <WindowTemplate>
    <Name>mino_relic</Name>
    <WindowId>MinoRelic</WindowId>
    <CloseButton>false</CloseButton>
    <MoveButton>true</MoveButton>
    <TopRightResizeButton>false</TopRightResizeButton>
    <BottomRightResizeButton>false</BottomRightResizeButton>
    <BottomLeftResizeButton>false</BottomLeftResizeButton>
    <ResizeButtonOffsetX>0</ResizeButtonOffsetX>
    <ResizeButtonOffsetY>0</ResizeButtonOffsetY>
    <TitleWidth>250</TitleWidth>
    <TitleHeight>20</TitleHeight>
    <Width>250</Width>
    <Height>44</Height>
    <ResizeableWidth>0</ResizeableWidth>
    <ResizeableHeight>0</ResizeableHeight>
    <ResizeableTwoWayWidth>0</ResizeableTwoWayWidth>
    <ResizeableTwoWayHeight>0</ResizeableTwoWayHeight>
    <MinWidth>0</MinWidth>
    <MinHeight>0</MinHeight>

    <!-- Background -->

    <FullResizeImageDef>
      <ControlId>BackgroundImage</ControlId>
      <Position>
        <X>0</X>
        <Y>0</Y>
      </Position>
      <Alignment>
        <TopLeft>true</TopLeft>
      </Alignment>
      <TemplateName>valmer_box</TemplateName>
      <Width>250</Width>
      <Height>44</Height>
    </FullResizeImageDef>

    <!-- Title -->

    <HorizontalResizeImageDef>
      <ControlId></ControlId>
      <Position>
        <X>20</X>
        <Y>4</Y>
      </Position>
      <Alignment>
        <TopLeft>true</TopLeft>
      </Alignment>
      <TemplateName>dialog_inset</TemplateName>
      <Width>210</Width>
    </HorizontalResizeImageDef>

    <LabelDef>
      <ControlId></ControlId>
      <Position>
        <X>0</X>
        <Y>5</Y>
      </Position>
      <Alignment>
        <GrowWidth>true</GrowWidth>
        <CenterHorizontally>true</CenterHorizontally>
      </Alignment>
      <Color>
        <R>255</R>
        <G>255</G>
        <B>255</B>
        <A>255</A>
      </Color>
      <FontName>button_large</FontName>
      <Width>250</Width>
      <Height>15</Height>
      <ColorAdapter></ColorAdapter>
      <MaxCharacters>128</MaxCharacters>
      <Data>Minotaur Relic Timer</Data>
      <EndAligned>false</EndAligned>
      <TextCentered>false</TextCentered>
      <Adapter></Adapter>
    </LabelDef>

    <!-- Drop button -->

    <ButtonDef>
      <ControlId>1000</ControlId>
      <Position>
        <X>4</X>
        <Y>22</Y>
      </Position>
      <Alignment>
        <TopLeft>true</TopLeft>
      </Alignment>
      <TemplateName>button_large_new</TemplateName>
      <Label>Lascia</Label>
      <onClickEvent>MinoRelicDrop</onClickEvent>
    </ButtonDef>

    <!-- Timer bar -->

    <StatusBarDef>
      <ControlId></ControlId>
      <Position>
        <X>70</X>
        <Y>27</Y>
      </Position>
      <Alignment>
        <TopLeft>true</TopLeft>
      </Alignment>
      <TemplateName>yellow_status</TemplateName>
      <AdapterName>mino_relic_time_percent</AdapterName>
      <Width>146</Width>
    </StatusBarDef>

    <ScalarLabelDef>
      <ControlId></ControlId>
      <Position>
        <X>222</X>
        <Y>25</Y>
      </Position>
      <Alignment>
        <TopLeft>true</TopLeft>
      </Alignment>
      <FontName>arial9</FontName>
      <Adapter>mino_relic_time_percent</Adapter>
      <ColorAdapter></ColorAdapter>
      <Width>30</Width>
      <Height>25</Height>
      <MaxCharacters>10</MaxCharacters>
      <Color>
        <R>255</R>
        <G>255</G>
        <B>153</B>
        <A>255</A>
      </Color>
      <Data></Data>
      <EndAligned>false</EndAligned>
      <TextCentered>false</TextCentered>
      <DontDrawWhenZero>false</DontDrawWhenZero>
    </ScalarLabelDef>

    <ImageAreaDef>
      <ControlId></ControlId>
      <Position>
        <X>68</X>
        <Y>27</Y>
      </Position>
      <Alignment>
        <TopLeft>true</TopLeft>
      </Alignment>
      <TemplateName>sm_horiz_endcap_left_thin</TemplateName>
    </ImageAreaDef>

    <ImageAreaDef>
      <ControlId></ControlId>
      <Position>
        <X>216</X>
        <Y>27</Y>
      </Position>
      <Alignment>
        <TopLeft>true</TopLeft>
      </Alignment>
      <TemplateName>sm_horiz_endcap_right_thin</TemplateName>
    </ImageAreaDef>

  </WindowTemplate>

</Root_Element>
