<?xml version="1.0" encoding="ISO-8859-1"?>
<Root_Element ID="DAOCUi">
	<ImageAreaTemplate>
		<Name>quest_title_right</Name>
		<Parent>none</Parent>
		<Size>
			<X>128</X>
			<Y>16</Y>
		</Size>
		<TopLeft>
			<X>0</X>
			<Y>36</Y>
		</TopLeft>
		<TextureName>page3</TextureName>
	</ImageAreaTemplate>
	<ImageAreaTemplate>
		<Name>quest_title_left</Name>
		<Parent>none</Parent>
		<Size>
			<X>128</X>
			<Y>16</Y>
		</Size>
		<TopLeft>
			<X>0</X>
			<Y>20</Y>
		</TopLeft>
		<TextureName>page3</TextureName>
	</ImageAreaTemplate>
	<ImageAreaTemplate>
		<Name>quest_title</Name>
		<Parent>none</Parent>
		<Size>
			<X>128</X>
			<Y>20</Y>
		</Size>
		<TopLeft>
			<X>0</X>
			<Y>0</Y>
		</TopLeft>
		<TextureName>page3</TextureName>
	</ImageAreaTemplate>
	<TreeControlTemplate>
		<Name>quest_tree_control</Name>
		<BackgroundTemplate>none</BackgroundTemplate>
		<CheckBoxTemplate>tree_check</CheckBoxTemplate>
		<IconTemplate>plain_icon_small</IconTemplate>
		<ScrollbarTemplate>vscroll_no_gutter</ScrollbarTemplate>
		<FontName>arial9</FontName>
		<FontColor>
			<R>192</R>
			<G>192</G>
			<B>192</B>
			<A>255</A>
		</FontColor>
		<LinePadding>0</LinePadding>
		<OffsetX>0</OffsetX>
		<OffsetY>0</OffsetY>
		<TextOffset>2</TextOffset>
	</TreeControlTemplate>
	<WindowTemplate>
		<Name>new_quest_journal</Name>
		<CloseButton>true</CloseButton>
		<MoveButton>true</MoveButton>
		<BottomRightResizeButton>true</BottomRightResizeButton>
		<BottomLeftResizeButton>true</BottomLeftResizeButton>
		<Width>512</Width>
		<Height>256</Height>
		<TitleWidth>512</TitleWidth>
		<TitleHeight>18</TitleHeight>
		<ResizeableWidth>6</ResizeableWidth>
		<ResizeableHeight>6</ResizeableHeight>
		<WindowId>Quest</WindowId>
		<MinHeight>180</MinHeight>
		<MinWidth>440</MinWidth>
		<ResizeButtonOffsetX>2</ResizeButtonOffsetX>
		<ResizeButtonOffsetY>2</ResizeButtonOffsetY>
		<FullResizeImageDef>
			<ControlId>Background</ControlId>
			<Width>512</Width>
			<Height>256</Height>
			<Position>
				<X>0</X>
				<Y>0</Y>
			</Position>
			<TemplateName>valmer_box</TemplateName>
			<Alignment>
				<GrowWidth>false</GrowWidth>
				<GrowHeight>true</GrowHeight>
			</Alignment>
		</FullResizeImageDef>
		<HorizontalResizeImageDef>
			<Position>
				<X>8</X>
				<Y>24</Y>
			</Position>
			<TemplateName>dialog_inset</TemplateName>
			<Width>280</Width>
			<Height>18</Height>
		</HorizontalResizeImageDef>
		<LabelDef>
			<Color>
				<R>192</R>
				<G>192</G>
				<B>192</B>
				<A>192</A>
			</Color>
			<FontName>arial11</FontName>
			<Width>272</Width>
			<Height>18</Height>
			<MaxCharacters>256</MaxCharacters>
			<Position>
				<X>13</X>
				<Y>25</Y>
			</Position>
			<Data>Missioni attuali:</Data>
		</LabelDef>
		<FullResizeImageDef>
			<ControlId>BackgroundImage</ControlId>
			<Width>492</Width>
			<Height>176</Height>
			<Position>
				<X>8</X>
				<Y>42</Y>
			</Position>
			<Alignment>
				<GrowWidth>false</GrowWidth>
				<GrowHeight>true</GrowHeight>
			</Alignment>
			<TemplateName>dlg_interior_large</TemplateName>
		</FullResizeImageDef>
		<TreeControlDef>
			<TemplateName>quest_tree_control</TemplateName>
			<Width>484</Width>
			<Height>176</Height>
			<Position>
				<X>14</X>
				<Y>46</Y>
			</Position>
			<Alignment>
				<GrowWidth>false</GrowWidth>
				<GrowHeight>true</GrowHeight>
			</Alignment>
			<ControlId>1001</ControlId>
			<Column1Width>470</Column1Width>
			<Column2Width>355</Column2Width>
			<Column1Offset>10</Column1Offset>
			<Column2Offset>125</Column2Offset>
			<AdapterName>new_quest_journal_entries</AdapterName>
		</TreeControlDef>
		<ImageAreaDef>
			<TemplateName>quest_title_right</TemplateName>
			<ControlId>1002</ControlId>
			<Position>
				<X>25</X>
				<Y>4</Y>
			</Position>
		</ImageAreaDef>
		<ImageAreaDef>
			<TemplateName>quest_title_left</TemplateName>
			<ControlId>1003</ControlId>
			<Position>
				<X>25</X>
				<Y>4</Y>
			</Position>
			<Alignment>
				<OffsetRight>true</OffsetRight>
			</Alignment>
		</ImageAreaDef>
		<ImageAreaDef>
			<TemplateName>quest_title</TemplateName>
			<ControlId>1004</ControlId>
			<Position>
				<X>0</X>
				<Y>5</Y>
			</Position>
			<Alignment>
				<CenterHorizontally>true</CenterHorizontally>
			</Alignment>
		</ImageAreaDef>
		<ButtonDef>
			<Alignment>
				<OffsetBottom>true</OffsetBottom>
			</Alignment>
			<TemplateName>button_large</TemplateName>
			<OnClickEvent>RemoveQuest</OnClickEvent>
			<ControlId>1000</ControlId>
			<Label>Rimuovi</Label>
			<Position>
				<X>30</X>
				<Y>15</Y>
			</Position>
		</ButtonDef>
		<HorizontalResizeImageDef>
			<Alignment>
				<OffsetBottom>true</OffsetBottom>
			</Alignment>
			<Position>
				<X>94</X>
				<Y>15</Y>
			</Position>
			<TemplateName>dialog_inset</TemplateName>
			<Width>308</Width>
		</HorizontalResizeImageDef>
		<LabelDef>
			<ControlId>1005</ControlId>
			<Color>
				<R>192</R>
				<G>192</G>
				<B>192</B>
				<A>192</A>
			</Color>
			<FontName>arial11</FontName>
			<Alignment>
				<OffsetBottom>true</OffsetBottom>
			</Alignment>
			<Width>300</Width>
			<Height>18</Height>
			<MaxCharacters>256</MaxCharacters>
			<Position>
				<X>99</X>
				<Y>11</Y>
			</Position>
			<Data>Nessuna missione selezionata</Data>
		</LabelDef>
	</WindowTemplate>
</Root_Element>
