<?xml version="1.0" encoding="ISO-8859-1"?>
<Root_Element ID="DAOCUi">
   <WindowTemplate>
      <Name>new_group_window</Name>
      <WindowId>new_group</WindowId>
      <CloseButton>true</CloseButton>
      <MoveButton>true</MoveButton>
      <TopRightResizeButton>false</TopRightResizeButton>
      <BottomRightResizeButton>false</BottomRightResizeButton>
      <BottomLeftResizeButton>false</BottomLeftResizeButton>
      <ResizeButtonOffsetX>0</ResizeButtonOffsetX>
      <ResizeButtonOffsetY>0</ResizeButtonOffsetY>
      <TitleWidth>0</TitleWidth>
      <TitleHeight>0</TitleHeight>
      <Width>300</Width>
      <Height>150</Height>
      <ResizeableWidth>0</ResizeableWidth>
      <ResizeableHeight>0</ResizeableHeight>
      <ResizeableTwoWayWidth>0</ResizeableTwoWayWidth>
      <ResizeableTwoWayHeight>0</ResizeableTwoWayHeight>
      <MinWidth>0</MinWidth>
      <MinHeight>0</MinHeight>
      <ContextTemplateName></ContextTemplateName>
      <FullResizeImageDef>
         <ControlId>Background</ControlId>
         <Position>
            <X>0</X>
            <Y>0</Y>
         </Position>
         <Alignment>
            <TopLeft>true</TopLeft>
         </Alignment>
         <TemplateName>valmer_box</TemplateName>
         <Width>300</Width>
         <Height>150</Height>
      </FullResizeImageDef>
      <StatusBarDef>
         <ControlId></ControlId>
         <Position>
            <X>43</X>
            <Y>7</Y>
         </Position>
         <Alignment>
            <TopLeft>true</TopLeft>
         </Alignment>
         <TemplateName>red_status_thick</TemplateName>
         <AdapterName>group_health0</AdapterName>
         <Width>235</Width>
      </StatusBarDef>
      <StatusBarDef>
         <ControlId></ControlId>
         <Position>
            <X>43</X>
            <Y>25</Y>
         </Position>
         <Alignment>
            <TopLeft>true</TopLeft>
         </Alignment>
         <TemplateName>red_status_thick</TemplateName>
         <AdapterName>group_health1</AdapterName>
         <Width>235</Width>
      </StatusBarDef>
      <StatusBarDef>
         <ControlId></ControlId>
         <Position>
            <X>43</X>
            <Y>43</Y>
         </Position>
         <Alignment>
            <TopLeft>true</TopLeft>
         </Alignment>
         <TemplateName>red_status_thick</TemplateName>
         <AdapterName>group_health2</AdapterName>
         <Width>235</Width>
      </StatusBarDef>
      <StatusBarDef>
         <ControlId></ControlId>
         <Position>
            <X>43</X>
            <Y>61</Y>
         </Position>
         <Alignment>
            <TopLeft>true</TopLeft>
         </Alignment>
         <TemplateName>red_status_thick</TemplateName>
         <AdapterName>group_health3</AdapterName>
         <Width>235</Width>
      </StatusBarDef>
      <StatusBarDef>
         <ControlId></ControlId>
         <Position>
            <X>43</X>
            <Y>79</Y>
         </Position>
         <Alignment>
            <TopLeft>true</TopLeft>
         </Alignment>
         <TemplateName>red_status_thick</TemplateName>
         <AdapterName>group_health4</AdapterName>
         <Width>235</Width>
      </StatusBarDef>
      <StatusBarDef>
         <ControlId></ControlId>
         <Position>
            <X>43</X>
            <Y>97</Y>
         </Position>
         <Alignment>
            <TopLeft>true</TopLeft>
         </Alignment>
         <TemplateName>red_status_thick</TemplateName>
         <AdapterName>group_health5</AdapterName>
         <Width>235</Width>
      </StatusBarDef>
      <StatusBarDef>
         <ControlId></ControlId>
         <Position>
            <X>43</X>
            <Y>115</Y>
         </Position>
         <Alignment>
            <TopLeft>true</TopLeft>
         </Alignment>
         <TemplateName>red_status_thick</TemplateName>
         <AdapterName>group_health6</AdapterName>
         <Width>235</Width>
      </StatusBarDef>
      <StatusBarDef>
         <ControlId></ControlId>
         <Position>
            <X>43</X>
            <Y>133</Y>
         </Position>
         <Alignment>
            <TopLeft>true</TopLeft>
         </Alignment>
         <TemplateName>red_status_thick</TemplateName>
         <AdapterName>group_health7</AdapterName>
         <Width>235</Width>
      </StatusBarDef>
      <LabelDef>
         <ControlId>1000</ControlId>
         <Position>
            <X>50</X>
            <Y>7</Y>
         </Position>
         <Alignment>
         </Alignment>
         <Color>
            <R>255</R>
            <G>255</G>
            <B>255</B>
            <A>255</A>
         </Color>
         <FontName>arial11</FontName>
         <Width>100</Width>
         <Height>18</Height>
         <ColorAdapter>group_color0</ColorAdapter>
         <MaxCharacters>24</MaxCharacters>
         <Data>group0</Data>
         <EndAligned>false</EndAligned>
         <TextCentered>false</TextCentered>
         <Adapter>group_name0</Adapter>
      </LabelDef>
      <LabelDef>
         <ControlId>1001</ControlId>
         <Position>
            <X>50</X>
            <Y>25</Y>
         </Position>
         <Alignment>
         </Alignment>
         <Color>
            <R>255</R>
            <G>255</G>
            <B>255</B>
            <A>255</A>
         </Color>
         <FontName>arial11</FontName>
         <Width>100</Width>
         <Height>18</Height>
         <ColorAdapter>group_color1</ColorAdapter>
         <MaxCharacters>24</MaxCharacters>
         <Data>group1</Data>
         <EndAligned>false</EndAligned>
         <TextCentered>false</TextCentered>
         <Adapter>group_name1</Adapter>
      </LabelDef>
      <LabelDef>
         <ControlId>1002</ControlId>
         <Position>
            <X>50</X>
            <Y>43</Y>
         </Position>
         <Alignment>
         </Alignment>
         <Color>
            <R>255</R>
            <G>255</G>
            <B>255</B>
            <A>255</A>
         </Color>
         <FontName>arial11</FontName>
         <Width>100</Width>
         <Height>18</Height>
         <ColorAdapter>group_color2</ColorAdapter>
         <MaxCharacters>24</MaxCharacters>
         <Data>group2</Data>
         <EndAligned>false</EndAligned>
         <TextCentered>false</TextCentered>
         <Adapter>group_name2</Adapter>
      </LabelDef>
      <LabelDef>
         <ControlId>1003</ControlId>
         <Position>
            <X>50</X>
            <Y>61</Y>
         </Position>
         <Alignment>
         </Alignment>
         <Color>
            <R>255</R>
            <G>255</G>
            <B>255</B>
            <A>255</A>
         </Color>
         <FontName>arial11</FontName>
         <Width>100</Width>
         <Height>18</Height>
         <ColorAdapter>group_color3</ColorAdapter>
         <MaxCharacters>24</MaxCharacters>
         <Data>group3</Data>
         <EndAligned>false</EndAligned>
         <TextCentered>false</TextCentered>
         <Adapter>group_name3</Adapter>
      </LabelDef>
      <LabelDef>
         <ControlId>1004</ControlId>
         <Position>
            <X>50</X>
            <Y>79</Y>
         </Position>
         <Alignment>
         </Alignment>
         <Color>
            <R>255</R>
            <G>255</G>
            <B>255</B>
            <A>255</A>
         </Color>
         <FontName>arial11</FontName>
         <Width>100</Width>
         <Height>18</Height>
         <ColorAdapter>group_color4</ColorAdapter>
         <MaxCharacters>24</MaxCharacters>
         <Data>group4</Data>
         <EndAligned>false</EndAligned>
         <TextCentered>false</TextCentered>
         <Adapter>group_name4</Adapter>
      </LabelDef>
      <LabelDef>
         <ControlId>1005</ControlId>
         <Position>
            <X>50</X>
            <Y>97</Y>
         </Position>
         <Alignment>
         </Alignment>
         <Color>
            <R>255</R>
            <G>255</G>
            <B>255</B>
            <A>255</A>
         </Color>
         <FontName>arial11</FontName>
         <Width>100</Width>
         <Height>18</Height>
         <ColorAdapter>group_color5</ColorAdapter>
         <MaxCharacters>24</MaxCharacters>
         <Data>group5</Data>
         <EndAligned>false</EndAligned>
         <TextCentered>false</TextCentered>
         <Adapter>group_name5</Adapter>
      </LabelDef>
      <LabelDef>
         <ControlId>1006</ControlId>
         <Position>
            <X>50</X>
            <Y>115</Y>
         </Position>
         <Alignment>
         </Alignment>
         <Color>
            <R>255</R>
            <G>255</G>
            <B>255</B>
            <A>255</A>
         </Color>
         <FontName>arial11</FontName>
         <Width>100</Width>
         <Height>18</Height>
         <ColorAdapter>group_color6</ColorAdapter>
         <MaxCharacters>24</MaxCharacters>
         <Data>group6</Data>
         <EndAligned>false</EndAligned>
         <TextCentered>false</TextCentered>
         <Adapter>group_name6</Adapter>
      </LabelDef>
      <LabelDef>
         <ControlId>1007</ControlId>
         <Position>
            <X>50</X>
            <Y>133</Y>
         </Position>
         <Alignment>
         </Alignment>
         <Color>
            <R>255</R>
            <G>255</G>
            <B>255</B>
            <A>255</A>
         </Color>
         <FontName>arial11</FontName>
         <Width>100</Width>
         <Height>18</Height>
         <ColorAdapter>group_color7</ColorAdapter>
         <MaxCharacters>24</MaxCharacters>
         <Data>group7</Data>
         <EndAligned>false</EndAligned>
         <TextCentered>false</TextCentered>
         <Adapter>group_name7</Adapter>
      </LabelDef>
      <ScalarLabelDef>
         <ControlId></ControlId>
         <Position>
            <X>22</X>
            <Y>7</Y>
         </Position>
         <Alignment>
         </Alignment>
         <FontName>arial11</FontName>
         <Adapter>group_endurance0</Adapter>
         <ColorAdapter></ColorAdapter>
         <Width>20</Width>
         <Height>15</Height>
         <MaxCharacters>999</MaxCharacters>
         <Color>
            <R>0</R>
            <G>204</G>
            <B>0</B>
            <A>255</A>
         </Color>
         <Data></Data>
         <EndAligned>false</EndAligned>
         <TextCentered>true</TextCentered>
         <DontDrawWhenNegOne>true</DontDrawWhenNegOne>
      </ScalarLabelDef>
      <ScalarLabelDef>
         <ControlId></ControlId>
         <Position>
            <X>22</X>
            <Y>25</Y>
         </Position>
         <Alignment>
         </Alignment>
         <FontName>arial11</FontName>
         <Adapter>group_endurance1</Adapter>
         <ColorAdapter></ColorAdapter>
         <Width>20</Width>
         <Height>15</Height>
         <MaxCharacters>999</MaxCharacters>
         <Color>
            <R>0</R>
            <G>204</G>
            <B>0</B>
            <A>255</A>
         </Color>
         <Data></Data>
         <EndAligned>false</EndAligned>
         <TextCentered>true</TextCentered>
         <DontDrawWhenNegOne>true</DontDrawWhenNegOne>
      </ScalarLabelDef>
      <ScalarLabelDef>
         <ControlId></ControlId>
         <Position>
            <X>22</X>
            <Y>43</Y>
         </Position>
         <Alignment>
         </Alignment>
         <FontName>arial11</FontName>
         <Adapter>group_endurance2</Adapter>
         <ColorAdapter></ColorAdapter>
         <Width>20</Width>
         <Height>15</Height>
         <MaxCharacters>999</MaxCharacters>
         <Color>
            <R>0</R>
            <G>204</G>
            <B>0</B>
            <A>255</A>
         </Color>
         <Data></Data>
         <EndAligned>false</EndAligned>
         <TextCentered>true</TextCentered>
         <DontDrawWhenNegOne>true</DontDrawWhenNegOne>
      </ScalarLabelDef>
      <ScalarLabelDef>
         <ControlId></ControlId>
         <Position>
            <X>22</X>
            <Y>61</Y>
         </Position>
         <Alignment>
         </Alignment>
         <FontName>arial11</FontName>
         <Adapter>group_endurance3</Adapter>
         <ColorAdapter></ColorAdapter>
         <Width>20</Width>
         <Height>15</Height>
         <MaxCharacters>999</MaxCharacters>
         <Color>
            <R>0</R>
            <G>204</G>
            <B>0</B>
            <A>255</A>
         </Color>
         <Data></Data>
         <EndAligned>false</EndAligned>
         <TextCentered>true</TextCentered>
         <DontDrawWhenNegOne>true</DontDrawWhenNegOne>
      </ScalarLabelDef>
      <ScalarLabelDef>
         <ControlId></ControlId>
         <Position>
            <X>22</X>
            <Y>79</Y>
         </Position>
         <Alignment>
         </Alignment>
         <FontName>arial11</FontName>
         <Adapter>group_endurance4</Adapter>
         <ColorAdapter></ColorAdapter>
         <Width>20</Width>
         <Height>15</Height>
         <MaxCharacters>999</MaxCharacters>
         <Color>
            <R>0</R>
            <G>204</G>
            <B>0</B>
            <A>255</A>
         </Color>
         <Data></Data>
         <EndAligned>false</EndAligned>
         <TextCentered>true</TextCentered>
         <DontDrawWhenNegOne>true</DontDrawWhenNegOne>
      </ScalarLabelDef>
      <ScalarLabelDef>
         <ControlId></ControlId>
         <Position>
            <X>22</X>
            <Y>97</Y>
         </Position>
         <Alignment>
         </Alignment>
         <FontName>arial11</FontName>
         <Adapter>group_endurance5</Adapter>
         <ColorAdapter></ColorAdapter>
         <Width>20</Width>
         <Height>15</Height>
         <MaxCharacters>999</MaxCharacters>
         <Color>
            <R>0</R>
            <G>204</G>
            <B>0</B>
            <A>255</A>
         </Color>
         <Data></Data>
         <EndAligned>false</EndAligned>
         <TextCentered>true</TextCentered>
         <DontDrawWhenNegOne>true</DontDrawWhenNegOne>
      </ScalarLabelDef>
      <ScalarLabelDef>
         <ControlId></ControlId>
         <Position>
            <X>22</X>
            <Y>115</Y>
         </Position>
         <Alignment>
         </Alignment>
         <FontName>arial11</FontName>
         <Adapter>group_endurance6</Adapter>
         <ColorAdapter></ColorAdapter>
         <Width>20</Width>
         <Height>15</Height>
         <MaxCharacters>999</MaxCharacters>
         <Color>
            <R>0</R>
            <G>204</G>
            <B>0</B>
            <A>255</A>
         </Color>
         <Data></Data>
         <EndAligned>false</EndAligned>
         <TextCentered>true</TextCentered>
         <DontDrawWhenNegOne>true</DontDrawWhenNegOne>
      </ScalarLabelDef>
      <ScalarLabelDef>
         <ControlId></ControlId>
         <Position>
            <X>22</X>
            <Y>133</Y>
         </Position>
         <Alignment>
            <TopLeft>true</TopLeft>
         </Alignment>
         <FontName>arial11</FontName>
         <Adapter>group_endurance7</Adapter>
         <ColorAdapter></ColorAdapter>
         <Width>20</Width>
         <Height>15</Height>
         <MaxCharacters>999</MaxCharacters>
         <Color>
            <R>0</R>
            <G>204</G>
            <B>0</B>
            <A>255</A>
         </Color>
         <Data></Data>
         <EndAligned>false</EndAligned>
         <TextCentered>true</TextCentered>
         <DontDrawWhenNegOne>true</DontDrawWhenNegOne>
      </ScalarLabelDef>
      <ScalarLabelDef>
         <ControlId></ControlId>
         <Position>
            <X>150</X>
            <Y>7</Y>
         </Position>
         <Alignment>
         </Alignment>
         <FontName>arial11</FontName>
         <Adapter>group_health0</Adapter>
         <ColorAdapter></ColorAdapter>
         <Width>20</Width>
         <Height>15</Height>
         <MaxCharacters>999</MaxCharacters>
         <Color>
            <R>255</R>
            <G>255</G>
            <B>255</B>
            <A>255</A>
         </Color>
         <Data></Data>
         <EndAligned>false</EndAligned>
         <TextCentered>true</TextCentered>
         <DontDrawWhenNegOne>true</DontDrawWhenNegOne>
      </ScalarLabelDef>
      <ScalarLabelDef>
         <ControlId></ControlId>
         <Position>
            <X>150</X>
            <Y>25</Y>
         </Position>
         <Alignment>
         </Alignment>
         <FontName>arial11</FontName>
         <Adapter>group_health1</Adapter>
         <ColorAdapter></ColorAdapter>
         <Width>20</Width>
         <Height>15</Height>
         <MaxCharacters>999</MaxCharacters>
         <Color>
            <R>255</R>
            <G>255</G>
            <B>255</B>
            <A>255</A>
         </Color>
         <Data></Data>
         <EndAligned>false</EndAligned>
         <TextCentered>true</TextCentered>
         <DontDrawWhenNegOne>true</DontDrawWhenNegOne>
      </ScalarLabelDef>
      <ScalarLabelDef>
         <ControlId></ControlId>
         <Position>
            <X>150</X>
            <Y>43</Y>
         </Position>
         <Alignment>
         </Alignment>
         <FontName>arial11</FontName>
         <Adapter>group_health2</Adapter>
         <ColorAdapter></ColorAdapter>
         <Width>20</Width>
         <Height>15</Height>
         <MaxCharacters>999</MaxCharacters>
         <Color>
            <R>255</R>
            <G>255</G>
            <B>255</B>
            <A>255</A>
         </Color>
         <Data></Data>
         <EndAligned>false</EndAligned>
         <TextCentered>true</TextCentered>
         <DontDrawWhenNegOne>true</DontDrawWhenNegOne>
      </ScalarLabelDef>
      <ScalarLabelDef>
         <ControlId></ControlId>
         <Position>
            <X>150</X>
            <Y>61</Y>
         </Position>
         <Alignment>
         </Alignment>
         <FontName>arial11</FontName>
         <Adapter>group_health3</Adapter>
         <ColorAdapter></ColorAdapter>
         <Width>20</Width>
         <Height>15</Height>
         <MaxCharacters>999</MaxCharacters>
         <Color>
            <R>255</R>
            <G>255</G>
            <B>255</B>
            <A>255</A>
         </Color>
         <Data></Data>
         <EndAligned>false</EndAligned>
         <TextCentered>true</TextCentered>
         <DontDrawWhenNegOne>true</DontDrawWhenNegOne>
      </ScalarLabelDef>
      <ScalarLabelDef>
         <ControlId></ControlId>
         <Position>
            <X>150</X>
            <Y>79</Y>
         </Position>
         <Alignment>
         </Alignment>
         <FontName>arial11</FontName>
         <Adapter>group_health4</Adapter>
         <ColorAdapter></ColorAdapter>
         <Width>20</Width>
         <Height>15</Height>
         <MaxCharacters>999</MaxCharacters>
         <Color>
            <R>255</R>
            <G>255</G>
            <B>255</B>
            <A>255</A>
         </Color>
         <Data></Data>
         <EndAligned>false</EndAligned>
         <TextCentered>true</TextCentered>
         <DontDrawWhenNegOne>true</DontDrawWhenNegOne>
      </ScalarLabelDef>
      <ScalarLabelDef>
         <ControlId></ControlId>
         <Position>
            <X>150</X>
            <Y>97</Y>
         </Position>
         <Alignment>
         </Alignment>
         <FontName>arial11</FontName>
         <Adapter>group_health5</Adapter>
         <ColorAdapter></ColorAdapter>
         <Width>20</Width>
         <Height>15</Height>
         <MaxCharacters>999</MaxCharacters>
         <Color>
            <R>255</R>
            <G>255</G>
            <B>255</B>
            <A>255</A>
         </Color>
         <Data></Data>
         <EndAligned>false</EndAligned>
         <TextCentered>true</TextCentered>
         <DontDrawWhenNegOne>true</DontDrawWhenNegOne>
      </ScalarLabelDef>
      <ScalarLabelDef>
         <ControlId></ControlId>
         <Position>
            <X>150</X>
            <Y>115</Y>
         </Position>
         <Alignment>
         </Alignment>
         <FontName>arial11</FontName>
         <Adapter>group_health6</Adapter>
         <ColorAdapter></ColorAdapter>
         <Width>20</Width>
         <Height>15</Height>
         <MaxCharacters>999</MaxCharacters>
         <Color>
            <R>255</R>
            <G>255</G>
            <B>255</B>
            <A>255</A>
         </Color>
         <Data></Data>
         <EndAligned>false</EndAligned>
         <TextCentered>true</TextCentered>
         <DontDrawWhenNegOne>true</DontDrawWhenNegOne>
      </ScalarLabelDef>
      <ScalarLabelDef>
         <ControlId></ControlId>
         <Position>
            <X>150</X>
            <Y>133</Y>
         </Position>
         <Alignment>
         </Alignment>
         <FontName>arial11</FontName>
         <Adapter>group_health7</Adapter>
         <ColorAdapter></ColorAdapter>
         <Width>20</Width>
         <Height>15</Height>
         <MaxCharacters>999</MaxCharacters>
         <Color>
            <R>255</R>
            <G>255</G>
            <B>255</B>
            <A>255</A>
         </Color>
         <Data></Data>
         <EndAligned>false</EndAligned>
         <TextCentered>true</TextCentered>
         <DontDrawWhenNegOne>true</DontDrawWhenNegOne>
      </ScalarLabelDef>
      <ScalarLabelDef>
         <ControlId></ControlId>
         <Position>
            <X>2</X>
            <Y>7</Y>
         </Position>
         <Alignment>
         </Alignment>
         <FontName>arial11</FontName>
         <Adapter>group_power0</Adapter>
         <ColorAdapter></ColorAdapter>
         <Width>20</Width>
         <Height>15</Height>
         <MaxCharacters>999</MaxCharacters>
         <Color>
            <R>204</R>
            <G>204</G>
            <B>0</B>
            <A>255</A>
         </Color>
         <Data></Data>
         <EndAligned>false</EndAligned>
         <TextCentered>true</TextCentered>
         <DontDrawWhenNegOne>true</DontDrawWhenNegOne>
      </ScalarLabelDef>
      <ScalarLabelDef>
         <ControlId></ControlId>
         <Position>
            <X>2</X>
            <Y>25</Y>
         </Position>
         <Alignment>
         </Alignment>
         <FontName>arial11</FontName>
         <Adapter>group_power1</Adapter>
         <ColorAdapter></ColorAdapter>
         <Width>20</Width>
         <Height>15</Height>
         <MaxCharacters>999</MaxCharacters>
         <Color>
            <R>204</R>
            <G>204</G>
            <B>0</B>
            <A>255</A>
         </Color>
         <Data></Data>
         <EndAligned>false</EndAligned>
         <TextCentered>true</TextCentered>
         <DontDrawWhenNegOne>true</DontDrawWhenNegOne>
      </ScalarLabelDef>
      <ScalarLabelDef>
         <ControlId></ControlId>
         <Position>
            <X>2</X>
            <Y>43</Y>
         </Position>
         <Alignment>
         </Alignment>
         <FontName>arial11</FontName>
         <Adapter>group_power2</Adapter>
         <ColorAdapter></ColorAdapter>
         <Width>20</Width>
         <Height>15</Height>
         <MaxCharacters>999</MaxCharacters>
         <Color>
            <R>204</R>
            <G>204</G>
            <B>0</B>
            <A>255</A>
         </Color>
         <Data></Data>
         <EndAligned>false</EndAligned>
         <TextCentered>true</TextCentered>
         <DontDrawWhenNegOne>true</DontDrawWhenNegOne>
      </ScalarLabelDef>
      <ScalarLabelDef>
         <ControlId></ControlId>
         <Position>
            <X>2</X>
            <Y>61</Y>
         </Position>
         <Alignment>
         </Alignment>
         <FontName>arial11</FontName>
         <Adapter>group_power3</Adapter>
         <ColorAdapter></ColorAdapter>
         <Width>20</Width>
         <Height>15</Height>
         <MaxCharacters>999</MaxCharacters>
         <Color>
            <R>204</R>
            <G>204</G>
            <B>0</B>
            <A>255</A>
         </Color>
         <Data></Data>
         <EndAligned>false</EndAligned>
         <TextCentered>true</TextCentered>
         <DontDrawWhenNegOne>true</DontDrawWhenNegOne>
      </ScalarLabelDef>
      <ScalarLabelDef>
         <ControlId></ControlId>
         <Position>
            <X>2</X>
            <Y>79</Y>
         </Position>
         <Alignment>
         </Alignment>
         <FontName>arial11</FontName>
         <Adapter>group_power4</Adapter>
         <ColorAdapter></ColorAdapter>
         <Width>20</Width>
         <Height>15</Height>
         <MaxCharacters>999</MaxCharacters>
         <Color>
            <R>204</R>
            <G>204</G>
            <B>0</B>
            <A>255</A>
         </Color>
         <Data></Data>
         <EndAligned>false</EndAligned>
         <TextCentered>true</TextCentered>
         <DontDrawWhenNegOne>true</DontDrawWhenNegOne>
      </ScalarLabelDef>
      <ScalarLabelDef>
         <ControlId></ControlId>
         <Position>
            <X>2</X>
            <Y>97</Y>
         </Position>
         <Alignment>
         </Alignment>
         <FontName>arial11</FontName>
         <Adapter>group_power5</Adapter>
         <ColorAdapter></ColorAdapter>
         <Width>20</Width>
         <Height>15</Height>
         <MaxCharacters>999</MaxCharacters>
         <Color>
            <R>204</R>
            <G>204</G>
            <B>0</B>
            <A>255</A>
         </Color>
         <Data></Data>
         <EndAligned>false</EndAligned>
         <TextCentered>true</TextCentered>
         <DontDrawWhenNegOne>true</DontDrawWhenNegOne>
      </ScalarLabelDef>
      <ScalarLabelDef>
         <ControlId></ControlId>
         <Position>
            <X>2</X>
            <Y>115</Y>
         </Position>
         <Alignment>
         </Alignment>
         <FontName>arial11</FontName>
         <Adapter>group_power6</Adapter>
         <ColorAdapter></ColorAdapter>
         <Width>20</Width>
         <Height>15</Height>
         <MaxCharacters>999</MaxCharacters>
         <Color>
            <R>204</R>
            <G>204</G>
            <B>0</B>
            <A>255</A>
         </Color>
         <Data></Data>
         <EndAligned>false</EndAligned>
         <TextCentered>true</TextCentered>
         <DontDrawWhenNegOne>true</DontDrawWhenNegOne>
      </ScalarLabelDef>
      <ScalarLabelDef>
         <ControlId></ControlId>
         <Position>
            <X>2</X>
            <Y>133</Y>
         </Position>
         <Alignment>
         </Alignment>
         <FontName>arial11</FontName>
         <Adapter>group_power7</Adapter>
         <ColorAdapter></ColorAdapter>
         <Width>20</Width>
         <Height>15</Height>
         <MaxCharacters>999</MaxCharacters>
         <Color>
            <R>204</R>
            <G>204</G>
            <B>0</B>
            <A>255</A>
         </Color>
         <Data></Data>
         <EndAligned>false</EndAligned>
         <TextCentered>true</TextCentered>
         <DontDrawWhenNegOne>true</DontDrawWhenNegOne>
      </ScalarLabelDef>
      <ScalarLabelDef>
         <ControlId>2007</ControlId>
         <Position>
            <X>280</X>
            <Y>7</Y>
         </Position>
         <Alignment>
            <TopLeft>true</TopLeft>
         </Alignment>
         <FontName>arial11</FontName>
         <Adapter>group_level0</Adapter>
         <ColorAdapter></ColorAdapter>
         <Width>64</Width>
         <Height>16</Height>
         <MaxCharacters>16</MaxCharacters>
         <Color>
            <R>255</R>
            <G>255</G>
            <B>255</B>
            <A>255</A>
         </Color>
         <Data></Data>
         <EndAligned>false</EndAligned>
         <TextCentered>false</TextCentered>
         <DontDrawWhenZero>true</DontDrawWhenZero>
      </ScalarLabelDef>
      <ScalarLabelDef>
         <ControlId>2007</ControlId>
         <Position>
            <X>280</X>
            <Y>25</Y>
         </Position>
         <Alignment>
            <TopLeft>true</TopLeft>
         </Alignment>
         <FontName>arial11</FontName>
         <Adapter>group_level1</Adapter>
         <ColorAdapter></ColorAdapter>
         <Width>64</Width>
         <Height>16</Height>
         <MaxCharacters>16</MaxCharacters>
         <Color>
            <R>255</R>
            <G>255</G>
            <B>255</B>
            <A>255</A>
         </Color>
         <Data></Data>
         <EndAligned>false</EndAligned>
         <TextCentered>false</TextCentered>
         <DontDrawWhenZero>true</DontDrawWhenZero>
      </ScalarLabelDef>
      <ScalarLabelDef>
         <ControlId>2007</ControlId>
         <Position>
            <X>280</X>
            <Y>43</Y>
         </Position>
         <Alignment>
            <TopLeft>true</TopLeft>
         </Alignment>
         <FontName>arial11</FontName>
         <Adapter>group_level2</Adapter>
         <ColorAdapter></ColorAdapter>
         <Width>64</Width>
         <Height>16</Height>
         <MaxCharacters>16</MaxCharacters>
         <Color>
            <R>255</R>
            <G>255</G>
            <B>255</B>
            <A>255</A>
         </Color>
         <Data></Data>
         <EndAligned>false</EndAligned>
         <TextCentered>false</TextCentered>
         <DontDrawWhenZero>true</DontDrawWhenZero>
      </ScalarLabelDef>
      <ScalarLabelDef>
         <ControlId>2007</ControlId>
         <Position>
            <X>280</X>
            <Y>61</Y>
         </Position>
         <Alignment>
            <TopLeft>true</TopLeft>
         </Alignment>
         <FontName>arial11</FontName>
         <Adapter>group_level3</Adapter>
         <ColorAdapter></ColorAdapter>
         <Width>64</Width>
         <Height>16</Height>
         <MaxCharacters>16</MaxCharacters>
         <Color>
            <R>255</R>
            <G>255</G>
            <B>255</B>
            <A>255</A>
         </Color>
         <Data></Data>
         <EndAligned>false</EndAligned>
         <TextCentered>false</TextCentered>
         <DontDrawWhenZero>true</DontDrawWhenZero>
      </ScalarLabelDef>
      <ScalarLabelDef>
         <ControlId>2007</ControlId>
         <Position>
            <X>280</X>
            <Y>79</Y>
         </Position>
         <Alignment>
            <TopLeft>true</TopLeft>
         </Alignment>
         <FontName>arial11</FontName>
         <Adapter>group_level4</Adapter>
         <ColorAdapter></ColorAdapter>
         <Width>64</Width>
         <Height>16</Height>
         <MaxCharacters>16</MaxCharacters>
         <Color>
            <R>255</R>
            <G>255</G>
            <B>255</B>
            <A>255</A>
         </Color>
         <Data></Data>
         <EndAligned>false</EndAligned>
         <TextCentered>false</TextCentered>
         <DontDrawWhenZero>true</DontDrawWhenZero>
      </ScalarLabelDef>
      <ScalarLabelDef>
         <ControlId>2007</ControlId>
         <Position>
            <X>280</X>
            <Y>97</Y>
         </Position>
         <Alignment>
            <TopLeft>true</TopLeft>
         </Alignment>
         <FontName>arial11</FontName>
         <Adapter>group_level5</Adapter>
         <ColorAdapter></ColorAdapter>
         <Width>64</Width>
         <Height>16</Height>
         <MaxCharacters>16</MaxCharacters>
         <Color>
            <R>255</R>
            <G>255</G>
            <B>255</B>
            <A>255</A>
         </Color>
         <Data></Data>
         <EndAligned>false</EndAligned>
         <TextCentered>false</TextCentered>
         <DontDrawWhenZero>true</DontDrawWhenZero>
      </ScalarLabelDef>
      <ScalarLabelDef>
         <ControlId>2007</ControlId>
         <Position>
            <X>280</X>
            <Y>115</Y>
         </Position>
         <Alignment>
            <TopLeft>true</TopLeft>
         </Alignment>
         <FontName>arial11</FontName>
         <Adapter>group_level6</Adapter>
         <ColorAdapter></ColorAdapter>
         <Width>64</Width>
         <Height>16</Height>
         <MaxCharacters>16</MaxCharacters>
         <Color>
            <R>255</R>
            <G>255</G>
            <B>255</B>
            <A>255</A>
         </Color>
         <Data></Data>
         <EndAligned>false</EndAligned>
         <TextCentered>false</TextCentered>
         <DontDrawWhenZero>true</DontDrawWhenZero>
      </ScalarLabelDef>
      <ScalarLabelDef>
         <ControlId>2007</ControlId>
         <Position>
            <X>280</X>
            <Y>133</Y>
         </Position>
         <Alignment>
            <TopLeft>true</TopLeft>
         </Alignment>
         <FontName>arial11</FontName>
         <Adapter>group_level7</Adapter>
         <ColorAdapter></ColorAdapter>
         <Width>64</Width>
         <Height>16</Height>
         <MaxCharacters>16</MaxCharacters>
         <Color>
            <R>255</R>
            <G>255</G>
            <B>255</B>
            <A>255</A>
         </Color>
         <Data></Data>
         <EndAligned>false</EndAligned>
         <TextCentered>false</TextCentered>
         <DontDrawWhenZero>true</DontDrawWhenZero>
      </ScalarLabelDef>
      <LabelDef>
         <ControlId></ControlId>
         <Position>
            <X>185</X>
            <Y>7</Y>
         </Position>
         <Alignment>
            <TopLeft>true</TopLeft>
         </Alignment>
         <Color>
            <R>255</R>
            <G>255</G>
            <B>255</B>
            <A>255</A>
         </Color>
         <FontName>arial11</FontName>
         <Width>128</Width>
         <Height>18</Height>
         <ColorAdapter></ColorAdapter>
         <MaxCharacters>32</MaxCharacters>
         <Data></Data>
         <EndAligned>false</EndAligned>
         <TextCentered>false</TextCentered>
         <Adapter>group_class0</Adapter>
      </LabelDef>
      <LabelDef>
         <ControlId></ControlId>
         <Position>
            <X>185</X>
            <Y>25</Y>
         </Position>
         <Alignment>
            <TopLeft>true</TopLeft>
         </Alignment>
         <Color>
            <R>255</R>
            <G>255</G>
            <B>255</B>
            <A>255</A>
         </Color>
         <FontName>arial11</FontName>
         <Width>128</Width>
         <Height>18</Height>
         <ColorAdapter></ColorAdapter>
         <MaxCharacters>32</MaxCharacters>
         <Data></Data>
         <EndAligned>false</EndAligned>
         <TextCentered>false</TextCentered>
         <Adapter>group_class1</Adapter>
      </LabelDef>
      <LabelDef>
         <ControlId></ControlId>
         <Position>
            <X>185</X>
            <Y>43</Y>
         </Position>
         <Alignment>
            <TopLeft>true</TopLeft>
         </Alignment>
         <Color>
            <R>255</R>
            <G>255</G>
            <B>255</B>
            <A>255</A>
         </Color>
         <FontName>arial11</FontName>
         <Width>128</Width>
         <Height>18</Height>
         <ColorAdapter></ColorAdapter>
         <MaxCharacters>32</MaxCharacters>
         <Data></Data>
         <EndAligned>false</EndAligned>
         <TextCentered>false</TextCentered>
         <Adapter>group_class2</Adapter>
      </LabelDef>
      <LabelDef>
         <ControlId></ControlId>
         <Position>
            <X>185</X>
            <Y>61</Y>
         </Position>
         <Alignment>
            <TopLeft>true</TopLeft>
         </Alignment>
         <Color>
            <R>255</R>
            <G>255</G>
            <B>255</B>
            <A>255</A>
         </Color>
         <FontName>arial11</FontName>
         <Width>128</Width>
         <Height>18</Height>
         <ColorAdapter></ColorAdapter>
         <MaxCharacters>32</MaxCharacters>
         <Data></Data>
         <EndAligned>false</EndAligned>
         <TextCentered>false</TextCentered>
         <Adapter>group_class3</Adapter>
      </LabelDef>
      <LabelDef>
         <ControlId></ControlId>
         <Position>
            <X>185</X>
            <Y>79</Y>
         </Position>
         <Alignment>
            <TopLeft>true</TopLeft>
         </Alignment>
         <Color>
            <R>255</R>
            <G>255</G>
            <B>255</B>
            <A>255</A>
         </Color>
         <FontName>arial11</FontName>
         <Width>128</Width>
         <Height>18</Height>
         <ColorAdapter></ColorAdapter>
         <MaxCharacters>32</MaxCharacters>
         <Data></Data>
         <EndAligned>false</EndAligned>
         <TextCentered>false</TextCentered>
         <Adapter>group_class4</Adapter>
      </LabelDef>
      <LabelDef>
         <ControlId></ControlId>
         <Position>
            <X>185</X>
            <Y>97</Y>
         </Position>
         <Alignment>
            <TopLeft>true</TopLeft>
         </Alignment>
         <Color>
            <R>255</R>
            <G>255</G>
            <B>255</B>
            <A>255</A>
         </Color>
         <FontName>arial11</FontName>
         <Width>128</Width>
         <Height>18</Height>
         <ColorAdapter></ColorAdapter>
         <MaxCharacters>32</MaxCharacters>
         <Data></Data>
         <EndAligned>false</EndAligned>
         <TextCentered>false</TextCentered>
         <Adapter>group_class5</Adapter>
      </LabelDef>
      <LabelDef>
         <ControlId></ControlId>
         <Position>
            <X>185</X>
            <Y>115</Y>
         </Position>
         <Alignment>
            <TopLeft>true</TopLeft>
         </Alignment>
         <Color>
            <R>255</R>
            <G>255</G>
            <B>255</B>
            <A>255</A>
         </Color>
         <FontName>arial11</FontName>
         <Width>128</Width>
         <Height>18</Height>
         <ColorAdapter></ColorAdapter>
         <MaxCharacters>32</MaxCharacters>
         <Data></Data>
         <EndAligned>false</EndAligned>
         <TextCentered>false</TextCentered>
         <Adapter>group_class6</Adapter>
      </LabelDef>
      <LabelDef>
         <ControlId></ControlId>
         <Position>
            <X>185</X>
            <Y>133</Y>
         </Position>
         <Alignment>
            <TopLeft>true</TopLeft>
         </Alignment>
         <Color>
            <R>255</R>
            <G>255</G>
            <B>255</B>
            <A>255</A>
         </Color>
         <FontName>arial11</FontName>
         <Width>128</Width>
         <Height>18</Height>
         <ColorAdapter></ColorAdapter>
         <MaxCharacters>32</MaxCharacters>
         <Data></Data>
         <EndAligned>false</EndAligned>
         <TextCentered>false</TextCentered>
         <Adapter>group_class7</Adapter>
      </LabelDef>
      <InvisibleButtonDef>
         <ControlId></ControlId>
         <Position>
            <X>1</X>
            <Y>3</Y>
         </Position>
         <Alignment>
         </Alignment>
         <Label>grouptarget0</Label>
         <OnClickEvent>SelectGroupMember0</OnClickEvent>
         <Width>298</Width>
         <Height>18</Height>
      </InvisibleButtonDef>
      <InvisibleButtonDef>
         <ControlId></ControlId>
         <Position>
            <X>1</X>
            <Y>21</Y>
         </Position>
         <Alignment>
         </Alignment>
         <Label>grouptarget1</Label>
         <OnClickEvent>SelectGroupMember1</OnClickEvent>
         <Width>298</Width>
         <Height>18</Height>
      </InvisibleButtonDef>
      <InvisibleButtonDef>
         <ControlId></ControlId>
         <Position>
            <X>1</X>
            <Y>39</Y>
         </Position>
         <Alignment>
         </Alignment>
         <Label>grouptarget2</Label>
         <OnClickEvent>SelectGroupMember2</OnClickEvent>
         <Width>298</Width>
         <Height>18</Height>
      </InvisibleButtonDef>
      <InvisibleButtonDef>
         <ControlId></ControlId>
         <Position>
            <X>1</X>
            <Y>57</Y>
         </Position>
         <Alignment>
         </Alignment>
         <Label>grouptarget3</Label>
         <OnClickEvent>SelectGroupMember3</OnClickEvent>
         <Width>298</Width>
         <Height>18</Height>
      </InvisibleButtonDef>
      <InvisibleButtonDef>
         <ControlId></ControlId>
         <Position>
            <X>1</X>
            <Y>75</Y>
         </Position>
         <Alignment>
         </Alignment>
         <Label>grouptarget4</Label>
         <OnClickEvent>SelectGroupMember4</OnClickEvent>
         <Width>298</Width>
         <Height>18</Height>
      </InvisibleButtonDef>
      <InvisibleButtonDef>
         <ControlId></ControlId>
         <Position>
            <X>1</X>
            <Y>93</Y>
         </Position>
         <Alignment>
         </Alignment>
         <Label>grouptarget5</Label>
         <OnClickEvent>SelectGroupMember5</OnClickEvent>
         <Width>298</Width>
         <Height>18</Height>
      </InvisibleButtonDef>
      <InvisibleButtonDef>
         <ControlId></ControlId>
         <Position>
            <X>1</X>
            <Y>111</Y>
         </Position>
         <Alignment>
         </Alignment>
         <Label>grouptarget6</Label>
         <OnClickEvent>SelectGroupMember6</OnClickEvent>
         <Width>298</Width>
         <Height>18</Height>
      </InvisibleButtonDef>
      <InvisibleButtonDef>
         <ControlId></ControlId>
         <Position>
            <X>1</X>
            <Y>129</Y>
         </Position>
         <Alignment>
         </Alignment>
         <Label>grouptarget7</Label>
         <OnClickEvent>SelectGroupMember7</OnClickEvent>
         <Width>298</Width>
         <Height>18</Height>
      </InvisibleButtonDef>
   </WindowTemplate>
</Root_Element>
