<?xml version="1.0" encoding="ISO-8859-1"?>
<Root_Element ID="DAOCUi">
	<WindowTemplate>
		<Name>options_window</Name>
		<CloseButton>true</CloseButton>
		<MoveButton>true</MoveButton>
		<Height>600</Height>
		<Width>390</Width>
		<TitleWidth>300</TitleWidth>
		<TitleHeight>18</TitleHeight>
		<WindowId>Options</WindowId>
		<FullResizeImageDef>
			<Height>600</Height>
			<Width>390</Width>
			<Position>
				<X>0</X>
				<Y>0</Y>
			</Position>
			<TemplateName>valmer_menu_box</TemplateName>
		</FullResizeImageDef>
		<LabelDef>
			<Color>
				<R>255</R>
				<G>255</G>
				<B>255</B>
				<A>255</A>
			</Color>
			<FontName>title</FontName>
			<Width>390</Width>
			<Height>20</Height>
			<MaxCharacters>50</MaxCharacters>
			<Data>Opzioni di Gioco</Data>
			<Position>
				<X>0</X>
				<Y>10</Y>
			</Position>
			<Alignment>
				<CenterHorizontally>true</CenterHorizontally>
			</Alignment>
		</LabelDef>
		<ButtonDef>
			<TemplateName>button_large</TemplateName>
			<ControlId>1016</ControlId>
			<Label>OK</Label>
			<Position>
				<X>165</X>
				<Y>562</Y>
			</Position>
		</ButtonDef>
		<LabelDef>
			<Color>
				<R>255</R>
				<G>127</G>
				<B>127</B>
				<A>255</A>
			</Color>
			<FontName>arial11</FontName>
			<Width>300</Width>
			<Height>15</Height>
			<MaxCharacters>50</MaxCharacters>
			<Data>Configurazione AUDIO</Data>
			<Position>
				<X>30</X>
				<Y>60</Y>
			</Position>
		</LabelDef>
		<LabelDef>
			<Color>
				<R>255</R>
				<G>127</G>
				<B>127</B>
				<A>255</A>
			</Color>
			<FontName>arial11</FontName>
			<Width>300</Width>
			<Height>15</Height>
			<MaxCharacters>50</MaxCharacters>
			<Data>Configurazione VIDEO e CAMERA</Data>
			<Position>
				<X>30</X>
				<Y>180</Y>
			</Position>
		</LabelDef>
		<LabelDef>
			<Color>
				<R>255</R>
				<G>127</G>
				<B>127</B>
				<A>255</A>
			</Color>
			<FontName>arial11</FontName>
			<Width>100</Width>
			<Height>15</Height>
			<MaxCharacters>50</MaxCharacters>
			<Data>Interfaccia</Data>
			<Position>
				<X>30</X>
				<Y>425</Y>
			</Position>
		</LabelDef>
		<CheckBoxDef>
			<Position>
				<X>170</X>
				<Y>485</Y>
			</Position>
			<ControlId>1017</ControlId>
			<TemplateName>generic_check</TemplateName>
			<Data>Uno</Data>
			<LabelWidth>35</LabelWidth>
		</CheckBoxDef>
		<CheckBoxDef>
			<Position>
				<X>215</X>
				<Y>485</Y>
			</Position>
			<ControlId>1018</ControlId>
			<TemplateName>generic_check</TemplateName>
			<Data>Due (Alt)</Data>
			<LabelWidth>70</LabelWidth>
		</CheckBoxDef>
		<CheckBoxDef>
			<Position>
				<X>290</X>
				<Y>485</Y>
			</Position>
			<ControlId>1019</ControlId>
			<TemplateName>generic_check</TemplateName>
			<Data>Tre (Ctrl)</Data>
			<LabelWidth>70</LabelWidth>
		</CheckBoxDef>
		<LabelDef>
			<Color>
				<R>255</R>
				<G>127</G>
				<B>127</B>
				<A>255</A>
			</Color>
			<FontName>arial11</FontName>
			<Width>300</Width>
			<Height>15</Height>
			<MaxCharacters>50</MaxCharacters>
			<Data>Visualizza Nomi</Data>
			<Position>
				<X>30</X>
				<Y>340</Y>
			</Position>
		</LabelDef>
		<CheckBoxDef>
			<Position>
				<X>40</X>
				<Y>360</Y>
			</Position>
			<ControlId>1009</ControlId>
			<TemplateName>generic_check</TemplateName>
			<Data>Mostri/NPCs</Data>
			<LabelWidth>150</LabelWidth>
		</CheckBoxDef>
		<CheckBoxDef>
			<Position>
				<X>40</X>
				<Y>375</Y>
			</Position>
			<ControlId>1010</ControlId>
			<TemplateName>generic_check</TemplateName>
			<Data>Tombe</Data>
			<LabelWidth>150</LabelWidth>
		</CheckBoxDef>
		<CheckBoxDef>
			<Position>
				<X>40</X>
				<Y>390</Y>
			</Position>
			<ControlId>1011</ControlId>
			<TemplateName>generic_check</TemplateName>
			<Data>Giocatori</Data>
			<LabelWidth>150</LabelWidth>
		</CheckBoxDef>
		<CheckBoxDef>
			<Position>
				<X>40</X>
				<Y>405</Y>
			</Position>
			<TemplateName>generic_check</TemplateName>
			<Data>Tuo Nome</Data>
			<LabelWidth>150</LabelWidth>
			<ControlId>1012</ControlId>
		</CheckBoxDef>
		<CheckBoxDef>
			<Position>
				<X>215</X>
				<Y>360</Y>
			</Position>
			<ControlId>1013</ControlId>
			<TemplateName>generic_check</TemplateName>
			<Data>Compagni di Gruppo</Data>
			<LabelWidth>150</LabelWidth>
		</CheckBoxDef>
		<CheckBoxDef>
			<Position>
				<X>215</X>
				<Y>375</Y>
			</Position>
			<ControlId>1014</ControlId>
			<TemplateName>generic_check</TemplateName>
			<Data>Membri della Gilda</Data>
			<LabelWidth>150</LabelWidth>
		</CheckBoxDef>
		<CheckBoxDef>
			<Position>
				<X>215</X>
				<Y>390</Y>
			</Position>
			<ControlId>1015</ControlId>
			<TemplateName>generic_check</TemplateName>
			<Data>Giocatori Nemici</Data>
			<LabelWidth>150</LabelWidth>
		</CheckBoxDef>
		<LabelDef>
			<Color>
				<R>192</R>
				<G>192</G>
				<B>192</B>
				<A>255</A>
			</Color>
			<FontName>arial11</FontName>
			<Width>150</Width>
			<Height>15</Height>
			<MaxCharacters>50</MaxCharacters>
			<Data>Mostra Espressioni</Data>
			<Position>
				<X>40</X>
				<Y>320</Y>
			</Position>
		</LabelDef>
		<ComboBoxDef>
			<Position>
				<X>215</X>
				<Y>320</Y>
				<ControlId>1022</ControlId>
			</Position>
			<ControlId>1022</ControlId>
			<Templatename>generic_combobox</Templatename>
		</ComboBoxDef>
		<LabelDef>
			<Color>
				<R>192</R>
				<G>192</G>
				<B>192</B>
				<A>255</A>
			</Color>
			<FontName>arial11</FontName>
			<Width>150</Width>
			<Height>15</Height>
			<MaxCharacters>50</MaxCharacters>
			<Data>Snapback</Data>
			<Position>
				<X>40</X>
				<Y>295</Y>
			</Position>
		</LabelDef>
		<ComboBoxDef>
			<Position>
				<X>215</X>
				<Y>295</Y>
				<ControlId>1021</ControlId>
			</Position>
			<ControlId>1021</ControlId>
			<Templatename>generic_combobox</Templatename>
		</ComboBoxDef>
		<LabelDef>
			<Color>
				<R>192</R>
				<G>192</G>
				<B>192</B>
				<A>255</A>
			</Color>
			<FontName>arial11</FontName>
			<Width>150</Width>
			<Height>15</Height>
			<MaxCharacters>50</MaxCharacters>
			<Data>Ombre</Data>
			<Position>
				<X>40</X>
				<Y>270</Y>
			</Position>
		</LabelDef>
		<ComboBoxDef>
			<Position>
				<X>215</X>
				<Y>270</Y>
				<ControlId>1008</ControlId>
			</Position>
			<ControlId>1008</ControlId>
			<Templatename>generic_combobox</Templatename>
		</ComboBoxDef>
		<LabelDef>
			<Color>
				<R>192</R>
				<G>192</G>
				<B>192</B>
				<A>255</A>
			</Color>
			<FontName>arial11</FontName>
			<Width>125</Width>
			<Height>15</Height>
			<MaxCharacters>50</MaxCharacters>
			<Data>Trasparenza Etichetta</Data>
			<Position>
				<X>40</X>
				<Y>445</Y>
			</Position>
		</LabelDef>
		<LabelDef>
			<Color>
				<R>192</R>
				<G>192</G>
				<B>192</B>
				<A>255</A>
			</Color>
			<FontName>arial11</FontName>
			<Width>125</Width>
			<Height>15</Height>
			<MaxCharacters>50</MaxCharacters>
			<Data>Ritardo Etichetta</Data>
			<Position>
				<X>40</X>
				<Y>465</Y>
			</Position>
		</LabelDef>
		<LabelDef>
			<Color>
				<R>192</R>
				<G>192</G>
				<B>192</B>
				<A>255</A>
			</Color>
			<FontName>arial11</FontName>
			<Width>75</Width>
			<Height>15</Height>
			<MaxCharacters>50</MaxCharacters>
			<Data>Barre Icone</Data>
			<Position>
				<X>40</X>
				<Y>485</Y>
			</Position>
		</LabelDef>
		<LabelDef>
			<Color>
				<R>192</R>
				<G>192</G>
				<B>192</B>
				<A>255</A>
			</Color>
			<FontName>arial11</FontName>
			<Width>150</Width>
			<Height>15</Height>
			<MaxCharacters>50</MaxCharacters>
			<Data>Distanza Figure</Data>
			<Position>
				<X>40</X>
				<Y>245</Y>
			</Position>
		</LabelDef>
		<ComboBoxDef>
			<Position>
				<X>215</X>
				<Y>245</Y>
			</Position>
			<ControlId>1020</ControlId>
			<Templatename>generic_combobox</Templatename>
		</ComboBoxDef>
		<LabelDef>
			<Color>
				<R>192</R>
				<G>192</G>
				<B>192</B>
				<A>255</A>
			</Color>
			<FontName>arial11</FontName>
			<Width>150</Width>
			<Height>15</Height>
			<MaxCharacters>50</MaxCharacters>
			<Data>Distanza Terreno</Data>
			<Position>
				<X>40</X>
				<Y>220</Y>
			</Position>
		</LabelDef>
		<ComboBoxDef>
			<Position>
				<X>215</X>
				<Y>220</Y>
			</Position>
			<ControlId>1006</ControlId>
			<Templatename>generic_combobox</Templatename>
		</ComboBoxDef>
		<LabelDef>
			<Color>
				<R>192</R>
				<G>192</G>
				<B>192</B>
				<A>255</A>
			</Color>
			<FontName>arial11</FontName>
			<Width>150</Width>
			<Height>15</Height>
			<MaxCharacters>50</MaxCharacters>
			<Data>Effetti Magie</Data>
			<Position>
				<X>40</X>
				<Y>195</Y>
			</Position>
		</LabelDef>
		<ComboBoxDef>
			<Position>
				<X>215</X>
				<Y>195</Y>
			</Position>
			<ControlId>1005</ControlId>
			<Templatename>generic_combobox</Templatename>
		</ComboBoxDef>
		<LabelDef>
			<Color>
				<R>192</R>
				<G>192</G>
				<B>192</B>
				<A>255</A>
			</Color>
			<FontName>arial11</FontName>
			<Width>200</Width>
			<Height>15</Height>
			<MaxCharacters>50</MaxCharacters>
			<Data>Volume Musica d'Ambiente</Data>
			<Position>
				<X>40</X>
				<Y>150</Y>
			</Position>
		</LabelDef>
		<ComboBoxDef>
			<Position>
				<X>215</X>
				<Y>150</Y>
			</Position>
			<ControlId>1004</ControlId>
			<Templatename>generic_combobox</Templatename>
		</ComboBoxDef>
		<LabelDef>
			<Color>
				<R>192</R>
				<G>192</G>
				<B>192</B>
				<A>255</A>
			</Color>
			<FontName>arial11</FontName>
			<Width>200</Width>
			<Height>15</Height>
			<MaxCharacters>50</MaxCharacters>
			<Data>Volume Suoni d'Ambiente</Data>
			<Position>
				<X>40</X>
				<Y>125</Y>
			</Position>
		</LabelDef>
		<ComboBoxDef>
			<Position>
				<X>215</X>
				<Y>125</Y>
			</Position>
			<ControlId>1003</ControlId>
			<Templatename>generic_combobox</Templatename>
		</ComboBoxDef>
		<LabelDef>
			<Color>
				<R>192</R>
				<G>192</G>
				<B>192</B>
				<A>255</A>
			</Color>
			<FontName>arial11</FontName>
			<Width>200</Width>
			<Height>15</Height>
			<MaxCharacters>50</MaxCharacters>
			<Data>Volume Musica</Data>
			<Position>
				<X>40</X>
				<Y>100</Y>
			</Position>
		</LabelDef>
		<ComboBoxDef>
			<Position>
				<X>215</X>
				<Y>100</Y>
			</Position>
			<ControlId>1002</ControlId>
			<Templatename>generic_combobox</Templatename>
		</ComboBoxDef>
		<LabelDef>
			<Color>
				<R>192</R>
				<G>192</G>
				<B>192</B>
				<A>255</A>
			</Color>
			<FontName>arial11</FontName>
			<Width>200</Width>
			<Height>15</Height>
			<MaxCharacters>50</MaxCharacters>
			<Data>Volume Effetti del Suono</Data>
			<Position>
				<X>40</X>
				<Y>75</Y>
			</Position>
		</LabelDef>
		<ComboBoxDef>
			<Position>
				<X>215</X>
				<Y>75</Y>
			</Position>
			<Templatename>generic_combobox</Templatename>
			<ControlId>1001</ControlId>
		</ComboBoxDef>
		<LabelDef>
			<Color>
				<R>255</R>
				<G>127</G>
				<B>127</B>
				<A>255</A>
			</Color>
			<FontName>arial11</FontName>
			<Width>50</Width>
			<Height>15</Height>
			<MaxCharacters>50</MaxCharacters>
			<Data>Nomi</Data>
			<Position>
				<X>30</X>
				<Y>35</Y>
			</Position>
		</LabelDef>
		<ComboBoxDef>
			<Position>
				<X>215</X>
				<Y>35</Y>
			</Position>
			<ControlId>1000</ControlId>
			<Templatename>generic_combobox</Templatename>
		</ComboBoxDef>
		<!--SpellEffectIcons-->
		<LabelDef>
			<Color>
				<R>255</R>
				<G>127</G>
				<B>127</B>
				<A>255</A>
			</Color>
			<FontName>arial11</FontName>
			<Width>150</Width>
			<Height>15</Height>
			<MaxCharacters>50</MaxCharacters>
			<Data>Icone Effetti Magie</Data>
			<Position>
				<X>30</X>
				<Y>505</Y>
			</Position>
		</LabelDef>
		<!--SpellEffectIconsWidth-->
		<LabelDef>
			<Color>
				<R>192</R>
				<G>192</G>
				<B>192</B>
				<A>255</A>
			</Color>
			<FontName>arial11</FontName>
			<Width>85</Width>
			<Height>15</Height>
			<MaxCharacters>50</MaxCharacters>
			<Data>Colonne</Data>
			<Position>
				<X>40</X>
				<Y>525</Y>
			</Position>
		</LabelDef>
		<LabelDef>
			<Color>
				<R>192</R>
				<G>192</G>
				<B>192</B>
				<A>255</A>
			</Color>
			<FontName>arial11</FontName>
			<Width>40</Width>
			<Height>11</Height>
			<Alignment>
				<CenterHorizontally>true</CenterHorizontally>
			</Alignment>
			<MaxCharacters>32</MaxCharacters>
			<Position>
				<X>96</X>
				<Y>525</Y>
			</Position>
			<Data>99</Data>
			<ControlId>1025</ControlId>
		</LabelDef>
		<ButtonDef>
			<TemplateName>button_left</TemplateName>
			<ControlId>1023</ControlId>
			<Label/>
			<Position>
				<X>86</X>
				<Y>523</Y>
			</Position>
		</ButtonDef>
		<ButtonDef>
			<TemplateName>button_right</TemplateName>
			<ControlId>1024</ControlId>
			<Label/>
			<Position>
				<X>128</X>
				<Y>523</Y>
			</Position>
		</ButtonDef>
		<!--SpellEffectIconsHeight-->
		<LabelDef>
			<Color>
				<R>192</R>
				<G>192</G>
				<B>192</B>
				<A>255</A>
			</Color>
			<FontName>arial11</FontName>
			<Width>75</Width>
			<Height>15</Height>
			<MaxCharacters>50</MaxCharacters>
			<Data>Righe</Data>
			<Position>
				<X>165</X>
				<Y>525</Y>
			</Position>
		</LabelDef>
		<LabelDef>
			<Color>
				<R>192</R>
				<G>192</G>
				<B>192</B>
				<A>255</A>
			</Color>
			<FontName>arial11</FontName>
			<Width>40</Width>
			<Height>11</Height>
			<Alignment>
				<CenterHorizontally>true</CenterHorizontally>
			</Alignment>
			<MaxCharacters>32</MaxCharacters>
			<Position>
				<X>221</X>
				<Y>525</Y>
			</Position>
			<Data>99</Data>
			<ControlId>1028</ControlId>
		</LabelDef>
		<ButtonDef>
			<TemplateName>button_left</TemplateName>
			<ControlId>1026</ControlId>
			<Label/>
			<Position>
				<X>211</X>
				<Y>523</Y>
			</Position>
		</ButtonDef>
		<ButtonDef>
			<TemplateName>button_right</TemplateName>
			<ControlId>1027</ControlId>
			<Label/>
			<Position>
				<X>253</X>
				<Y>523</Y>
			</Position>
		</ButtonDef>
		<!--SpellEffectIconsOrder-->
		<CheckBoxDef>
			<Position>
				<X>290</X>
				<Y>525</Y>
			</Position>
			<TemplateName>generic_check</TemplateName>
			<Data>In ordine</Data>
			<LabelWidth>150</LabelWidth>
			<ControlId>1029</ControlId>
		</CheckBoxDef>
		<LabelDef>
			<Color>
				<R>192</R>
				<G>192</G>
				<B>192</B>
				<A>255</A>
			</Color>
			<FontName>arial11</FontName>
			<Width>60</Width>
			<Height>15</Height>
			<MaxCharacters>50</MaxCharacters>
			<Data>di tempo</Data>
			<Position>
				<X>304</X>
				<Y>537</Y>
			</Position>
		</LabelDef>

		<ComboBoxDef>
			<Position>
				<X>215</X>
				<Y>461</Y>
			</Position>
			<Templatename>generic_combobox</Templatename>
			<ControlId>1031</ControlId>
		</ComboBoxDef>
		<ComboBoxDef>
			<Position>
				<X>215</X>
				<Y>438</Y>
			</Position>
			<Templatename>generic_combobox</Templatename>
			<ControlId>1030</ControlId>
		</ComboBoxDef>
	</WindowTemplate>
</Root_Element>
