<?xml version="1.0" encoding="ISO-8859-1"?>
<Root_Element ID="DAOCUi">

<!-- @@ Edited with the DAoC User Interface Editor v1.71 -->
<!-- @@ Free download available at http://www.bradtownsend.com/daoced -->

  <ImageAreaTemplate>
    <Name>quest_title_right</Name>
    <TextureName>page3</TextureName>
    <Size>
      <X>128</X>
      <Y>16</Y>
    </Size>
    <TopLeft>
      <X>0</X>
      <Y>36</Y>
    </TopLeft>
  </ImageAreaTemplate>

  <ImageAreaTemplate>
    <Name>quest_title_left</Name>
    <TextureName>page3</TextureName>
    <Size>
      <X>128</X>
      <Y>16</Y>
    </Size>
    <TopLeft>
      <X>0</X>
      <Y>20</Y>
    </TopLeft>
  </ImageAreaTemplate>

  <ImageAreaTemplate>
    <Name>quest_title</Name>
    <TextureName>page3</TextureName>
    <Size>
      <X>128</X>
      <Y>20</Y>
    </Size>
    <TopLeft>
      <X>0</X>
      <Y>0</Y>
    </TopLeft>
  </ImageAreaTemplate>

  <WindowTemplate>
    <Name>quest</Name>
    <WindowId>Quest</WindowId>
    <CloseButton>true</CloseButton>
    <MoveButton>true</MoveButton>
    <TopRightResizeButton>false</TopRightResizeButton>
    <BottomRightResizeButton>true</BottomRightResizeButton>
    <BottomLeftResizeButton>true</BottomLeftResizeButton>
    <ResizeButtonOffsetX>4</ResizeButtonOffsetX>
    <ResizeButtonOffsetY>2</ResizeButtonOffsetY>
    <TitleWidth>420</TitleWidth>
    <TitleHeight>18</TitleHeight>
    <Width>420</Width>
    <Height>130</Height>
    <ResizeableWidth>6</ResizeableWidth>
    <ResizeableHeight>6</ResizeableHeight>
    <ResizeableTwoWayWidth>0</ResizeableTwoWayWidth>
    <ResizeableTwoWayHeight>0</ResizeableTwoWayHeight>
    <MinWidth>420</MinWidth>
    <MinHeight>130</MinHeight>

    <FullResizeImageDef>
      <ControlId>Background</ControlId>
      <Position>
        <X>0</X>
        <Y>0</Y>
      </Position>
      <Alignment>
        <GrowWidth>true</GrowWidth>
        <GrowHeight>true</GrowHeight>
      </Alignment>
      <TemplateName>valmer_box</TemplateName>
      <Width>420</Width>
      <Height>130</Height>
    </FullResizeImageDef>

    <TextAreaDef>
      <ControlId>1001</ControlId>
      <Position>
        <X>10</X>
        <Y>24</Y>
      </Position>
      <Alignment>
        <GrowWidth>true</GrowWidth>
        <GrowHeight>true</GrowHeight>
      </Alignment>
      <TemplateName>generic_textarea</TemplateName>
      <AdapterName>quest_text</AdapterName>
      <HasHotspots>false</HasHotspots>
      <MaxCharacters>32768</MaxCharacters>
      <Width>400</Width>
      <Height>90</Height>
    </TextAreaDef>

    <ImageAreaDef>
      <ControlId>1002</ControlId>
      <Position>
        <X>0</X>
        <Y>4</Y>
      </Position>
      <Alignment>
        <TopLeft>true</TopLeft>
      </Alignment>
      <TemplateName>quest_title_right</TemplateName>
    </ImageAreaDef>

    <ImageAreaDef>
      <ControlId>1003</ControlId>
      <Position>
        <X>0</X>
        <Y>4</Y>
      </Position>
      <Alignment>
        <OffsetRight>true</OffsetRight>
      </Alignment>
      <TemplateName>quest_title_left</TemplateName>
    </ImageAreaDef>

    <LabelDef>
      <ControlId></ControlId>
      <Position>
        <X>0</X>
        <Y>4</Y>
      </Position>
      <Alignment>
        <CenterHorizontally>true</CenterHorizontally>
      </Alignment>
      <FontName>title</FontName>
      <Adapter></Adapter>
      <ColorAdapter></ColorAdapter>
      <Width>250</Width>
      <Height>25</Height>
      <MaxCharacters>999</MaxCharacters>
      <Color>
        <R>255</R>
        <G>255</G>
        <B>255</B>
        <A>255</A>
      </Color>
      <Data>QUEST JOURNAL</Data>
      <EndAligned>false</EndAligned>
      <TextCentered>false</TextCentered>
    </LabelDef>

  </WindowTemplate>

</Root_Element>
