<?xml version="1.0" encoding="ISO-8859-1"?>
<Root_Element ID="DAOCUi">
	<WindowTemplate>
		<Name>quiver</Name>
		<CloseButton>true</CloseButton>
		<MoveButton>true</MoveButton>
		<Width>240</Width>
		<Height>100</Height>
		<TitleWidth>240</TitleWidth>
		<TitleHeight>18</TitleHeight>
		<WindowId>WindowQuiver</WindowId>
		<MinWidth>128</MinWidth>
		<MinHeight>100</MinHeight>
		<ResizeableWidth>5</ResizeableWidth>
		<ResizeableHeight>5</ResizeableHeight>
		<BottomRightResizeButton>true</BottomRightResizeButton>
		<BottomLeftResizeButton>true</BottomLeftResizeButton>
		<FullResizeImageDef>
			<ControlId>Background</ControlId>
			<Height>100</Height>
			<Width>240</Width>
			<Position>
				<X>0</X>
				<Y>0</Y>
			</Position>
			<TemplateName>valmer_box</TemplateName>
			<Alignment>
				<GrowWidth>true</GrowWidth>
				<GrowHeight>true</GrowHeight>
			</Alignment>
		</FullResizeImageDef>
		<FullResizeImageDef>
			<ControlId>5000</ControlId>
			<Height>18</Height>
			<Width>232</Width>
			<Position>
				<X>1</X>
				<Y>15</Y>
			</Position>
			<TemplateName>selection_box</TemplateName>
			<Alignment>
				<GrowWidth>true</GrowWidth>
			</Alignment>
		</FullResizeImageDef>
		<LabelDef>
			<Color>
				<R>255</R>
				<G>255</G>
				<B>255</B>
				<A>255</A>
			</Color>
			<FontName>arial11</FontName>
			<Width>75</Width>
			<Height>16</Height>
			<MaxCharacters>64</MaxCharacters>
			<Data>Faretra</Data>
			<Position>
				<X>0</X>
				<Y>4</Y>
			</Position>
			<Alignment>
				<CenterHorizontally>true</CenterHorizontally>
			</Alignment>
		</LabelDef>
		<IconDef>
			<ControlId>1000</ControlId>
			<Position>
				<X>4</X>
				<Y>16</Y>
			</Position>
			<IconId>234</IconId>
			<TemplateName>plain_icon_small</TemplateName>
			<AdapterName>quiver_icon0</AdapterName>
		</IconDef>
		<LabelDef>
			<Color>
				<R>192</R>
				<G>192</G>
				<B>192</B>
				<A>192</A>
			</Color>
			<FontName>arial9</FontName>
			<Width>215</Width>
			<Height>16</Height>
			<MaxCharacters>64</MaxCharacters>
			<Position>
				<X>21</X>
				<Y>18</Y>
			</Position>
			<Adapter>quiver_count_string0</Adapter>
			<Alignment>
				<GrowWidth>true</GrowWidth>
			</Alignment>
		</LabelDef>
		<InvisibleButtonDef>
			<OnClickEvent>QuiverSelect0</OnClickEvent>
			<Width>220</Width>
			<Height>16</Height>
			<Position>
				<X>20</X>
				<Y>16</Y>
			</Position>
			<Alignment>
				<GrowWidth>true</GrowWidth>
			</Alignment>
		</InvisibleButtonDef>
		<InvisibleButtonDef>
			<OnClickEvent>QuiverAdd0</OnClickEvent>
			<Width>16</Width>
			<Height>16</Height>
			<Position>
				<X>4</X>
				<Y>16</Y>
			</Position>
		</InvisibleButtonDef>
		<IconDef>
			<ControlId>1001</ControlId>
			<Position>
				<X>4</X>
				<Y>33</Y>
			</Position>
			<IconId>235</IconId>
			<TemplateName>plain_icon_small</TemplateName>
			<AdapterName>quiver_icon1</AdapterName>
		</IconDef>
		<LabelDef>
			<Color>
				<R>192</R>
				<G>192</G>
				<B>192</B>
				<A>255</A>
			</Color>
			<FontName>arial9</FontName>
			<Width>215</Width>
			<Height>16</Height>
			<MaxCharacters>64</MaxCharacters>
			<Position>
				<X>21</X>
				<Y>35</Y>
			</Position>
			<Adapter>quiver_count_string1</Adapter>
			<Alignment>
				<GrowWidth>true</GrowWidth>
			</Alignment>
		</LabelDef>
		<InvisibleButtonDef>
			<OnClickEvent>QuiverSelect1</OnClickEvent>
			<Width>220</Width>
			<Height>16</Height>
			<Position>
				<X>20</X>
				<Y>33</Y>
			</Position>
			<Alignment>
				<GrowWidth>true</GrowWidth>
			</Alignment>
		</InvisibleButtonDef>
		<InvisibleButtonDef>
			<OnClickEvent>QuiverAdd1</OnClickEvent>
			<Width>16</Width>
			<Height>16</Height>
			<Position>
				<X>4</X>
				<Y>33</Y>
			</Position>
		</InvisibleButtonDef>
		<IconDef>
			<ControlId>1002</ControlId>
			<Position>
				<X>4</X>
				<Y>50</Y>
			</Position>
			<IconId>236</IconId>
			<TemplateName>plain_icon_small</TemplateName>
			<AdapterName>quiver_icon2</AdapterName>
		</IconDef>
		<LabelDef>
			<Color>
				<R>192</R>
				<G>192</G>
				<B>192</B>
				<A>255</A>
			</Color>
			<FontName>arial9</FontName>
			<Width>215</Width>
			<Height>16</Height>
			<MaxCharacters>64</MaxCharacters>
			<Position>
				<X>21</X>
				<Y>52</Y>
			</Position>
			<Adapter>quiver_count_string2</Adapter>
			<Alignment>
				<GrowWidth>true</GrowWidth>
			</Alignment>
		</LabelDef>
		<InvisibleButtonDef>
			<OnClickEvent>QuiverSelect2</OnClickEvent>
			<Width>220</Width>
			<Height>16</Height>
			<Position>
				<X>20</X>
				<Y>50</Y>
			</Position>
			<Alignment>
				<GrowWidth>true</GrowWidth>
			</Alignment>
		</InvisibleButtonDef>
		<InvisibleButtonDef>
			<OnClickEvent>QuiverAdd2</OnClickEvent>
			<Width>16</Width>
			<Height>16</Height>
			<Position>
				<X>4</X>
				<Y>50</Y>
			</Position>
		</InvisibleButtonDef>
		<IconDef>
			<ControlId>1003</ControlId>
			<Position>
				<X>4</X>
				<Y>67</Y>
			</Position>
			<IconId>237</IconId>
			<TemplateName>plain_icon_small</TemplateName>
			<AdapterName>quiver_icon3</AdapterName>
		</IconDef>
		<LabelDef>
			<Color>
				<R>192</R>
				<G>192</G>
				<B>192</B>
				<A>255</A>
			</Color>
			<FontName>arial9</FontName>
			<Width>215</Width>
			<Height>16</Height>
			<MaxCharacters>64</MaxCharacters>
			<Data>87</Data>
			<Position>
				<X>21</X>
				<Y>69</Y>
			</Position>
			<Adapter>quiver_count_string3</Adapter>
			<Alignment>
				<GrowWidth>true</GrowWidth>
			</Alignment>
		</LabelDef>
		<InvisibleButtonDef>
			<OnClickEvent>QuiverSelect3</OnClickEvent>
			<Width>220</Width>
			<Height>16</Height>
			<Position>
				<X>20</X>
				<Y>67</Y>
			</Position>
			<Alignment>
				<GrowWidth>true</GrowWidth>
			</Alignment>
		</InvisibleButtonDef>
		<InvisibleButtonDef>
			<OnClickEvent>QuiverAdd3</OnClickEvent>
			<Width>16</Width>
			<Height>16</Height>
			<Position>
				<X>4</X>
				<Y>67</Y>
			</Position>
		</InvisibleButtonDef>
	</WindowTemplate>
</Root_Element>
