<?xml version="1.0" encoding="ISO-8859-1"?>
<Root_Element ID="DAOCUi">

<!-- @@ Edited with the DAoC User Interface Editor v1.71 -->
<!-- @@ Free download available at http://www.bradtownsend.com/daoced -->

  <WindowTemplate>
    <Name>realm_bonuses</Name>
    <WindowId></WindowId>
    <CloseButton>true</CloseButton>
    <MoveButton>true</MoveButton>
    <TopRightResizeButton>false</TopRightResizeButton>
    <BottomRightResizeButton>false</BottomRightResizeButton>
    <BottomLeftResizeButton>false</BottomLeftResizeButton>
    <ResizeButtonOffsetX>0</ResizeButtonOffsetX>
    <ResizeButtonOffsetY>0</ResizeButtonOffsetY>
    <TitleWidth>300</TitleWidth>
    <TitleHeight>18</TitleHeight>
    <Width>300</Width>
    <Height>390</Height>
    <ResizeableWidth>0</ResizeableWidth>
    <ResizeableHeight>0</ResizeableHeight>
    <ResizeableTwoWayWidth>0</ResizeableTwoWayWidth>
    <ResizeableTwoWayHeight>0</ResizeableTwoWayHeight>
    <MinWidth>0</MinWidth>
    <MinHeight>0</MinHeight>

    <FullResizeImageDef>
      <ControlId></ControlId>
      <Position>
        <X>0</X>
        <Y>0</Y>
      </Position>
      <Alignment>
        <GrowWidth>true</GrowWidth>
        <GrowHeight>true</GrowHeight>
      </Alignment>
      <TemplateName>valmer_box</TemplateName>
      <Width>300</Width>
      <Height>390</Height>
    </FullResizeImageDef>

    <LabelDef>
      <ControlId></ControlId>
      <Position>
        <X>50</X>
        <Y>5</Y>
      </Position>
      <Alignment>
        <CenterHorizontally>true</CenterHorizontally>
      </Alignment>
      <FontName>title</FontName>
      <Adapter></Adapter>
      <ColorAdapter></ColorAdapter>
      <Width>200</Width>
      <Height>20</Height>
      <MaxCharacters>128</MaxCharacters>
      <Color>
        <R>204</R>
        <G>255</G>
        <B>255</B>
        <A>255</A>
      </Color>
      <Data>Benefici di Reame</Data>
      <EndAligned>false</EndAligned>
      <TextCentered>false</TextCentered>
    </LabelDef>

    <!--Keeps-->

    <FullResizeImageDef>
      <ControlId></ControlId>
      <Position>
        <X>5</X>
        <Y>46</Y>
      </Position>
      <Alignment>
        <GrowWidth>true</GrowWidth>
        <GrowHeight>true</GrowHeight>
      </Alignment>
      <TemplateName>dlg_interior_small</TemplateName>
      <Width>290</Width>
      <Height>192</Height>
    </FullResizeImageDef>

    <LabelDef>
      <ControlId></ControlId>
      <Position>
        <X>10</X>
        <Y>30</Y>
      </Position>
      <Alignment>
        <TopLeft>true</TopLeft>
      </Alignment>
      <FontName>arial11</FontName>
      <Adapter>realm_keep_text</Adapter>
      <ColorAdapter>realm_color</ColorAdapter>
      <Width>220</Width>
      <Height>16</Height>
      <MaxCharacters>128</MaxCharacters>
      <Color>
        <R>255</R>
        <G>255</G>
        <B>255</B>
        <A>255</A>
      </Color>
      <Data></Data>
      <EndAligned>false</EndAligned>
      <TextCentered>false</TextCentered>
    </LabelDef>

    <LabelDef>
      <ControlId></ControlId>
      <Position>
        <X>20</X>
        <Y>51</Y>
      </Position>
      <Alignment>
        <TopLeft>true</TopLeft>
      </Alignment>
      <FontName>arial11</FontName>
      <Adapter>realm_df_text</Adapter>
      <ColorAdapter>realm_df_color</ColorAdapter>
      <Width>220</Width>
      <Height>16</Height>
      <MaxCharacters>128</MaxCharacters>
      <Color>
        <R>192</R>
        <G>192</G>
        <B>192</B>
        <A>255</A>
      </Color>
      <Data>Darkness Falls</Data>
      <EndAligned>false</EndAligned>
      <TextCentered>false</TextCentered>
    </LabelDef>

    <LabelDef>
      <ControlId></ControlId>
      <Position>
        <X>22</X>
        <Y>65</Y>
      </Position>
      <Alignment>
        <TopLeft>true</TopLeft>
      </Alignment>
      <FontName>arial9</FontName>
      <Adapter></Adapter>
      <ColorAdapter>realm_bonus_color8</ColorAdapter>
      <Width>200</Width>
      <Height>16</Height>
      <MaxCharacters>128</MaxCharacters>
      <Color>
        <R>192</R>
        <G>192</G>
        <B>192</B>
        <A>255</A>
      </Color>
      <Data>8 Keeps Posseduti</Data>
      <EndAligned>false</EndAligned>
      <TextCentered>false</TextCentered>
    </LabelDef>

    <LabelDef>
      <ControlId></ControlId>
      <Position>
        <X>125</X>
        <Y>65</Y>
      </Position>
      <Alignment>
        <TopLeft>true</TopLeft>
      </Alignment>
      <FontName>arial9</FontName>
      <Adapter></Adapter>
      <ColorAdapter>realm_bonus_color8</ColorAdapter>
      <Width>200</Width>
      <Height>16</Height>
      <MaxCharacters>128</MaxCharacters>
      <Color>
        <R>192</R>
        <G>192</G>
        <B>192</B>
        <A>255</A>
      </Color>
      <Data>+3% di soldi nei drop</Data>
      <EndAligned>false</EndAligned>
      <TextCentered>false</TextCentered>
    </LabelDef>

    <LabelDef>
      <ControlId></ControlId>
      <Position>
        <X>22</X>
        <Y>77</Y>
      </Position>
      <Alignment>
        <TopLeft>true</TopLeft>
      </Alignment>
      <FontName>arial9</FontName>
      <Adapter></Adapter>
      <ColorAdapter>realm_bonus_color9</ColorAdapter>
      <Width>200</Width>
      <Height>16</Height>
      <MaxCharacters>128</MaxCharacters>
      <Color>
        <R>192</R>
        <G>192</G>
        <B>192</B>
        <A>255</A>
      </Color>
      <Data>9 Keeps Posseduti</Data>
      <EndAligned>false</EndAligned>
      <TextCentered>false</TextCentered>
    </LabelDef>

    <LabelDef>
      <ControlId></ControlId>
      <Position>
        <X>125</X>
        <Y>77</Y>
      </Position>
      <Alignment>
        <TopLeft>true</TopLeft>
      </Alignment>
      <FontName>arial9</FontName>
      <Adapter></Adapter>
      <ColorAdapter>realm_bonus_color9</ColorAdapter>
      <Width>200</Width>
      <Height>16</Height>
      <MaxCharacters>128</MaxCharacters>
      <Color>
        <R>192</R>
        <G>192</G>
        <B>192</B>
        <A>255</A>
      </Color>
      <Data>+3% di exp guadagnata</Data>
      <EndAligned>false</EndAligned>
      <TextCentered>false</TextCentered>
    </LabelDef>

    <LabelDef>
      <ControlId></ControlId>
      <Position>
        <X>18</X>
        <Y>89</Y>
      </Position>
      <Alignment>
        <TopLeft>true</TopLeft>
      </Alignment>
      <FontName>arial9</FontName>
      <Adapter></Adapter>
      <ColorAdapter>realm_bonus_color10</ColorAdapter>
      <Width>200</Width>
      <Height>16</Height>
      <MaxCharacters>128</MaxCharacters>
      <Color>
        <R>192</R>
        <G>192</G>
        <B>192</B>
        <A>255</A>
      </Color>
      <Data>10 Keeps Posseduti</Data>
      <EndAligned>false</EndAligned>
      <TextCentered>false</TextCentered>
    </LabelDef>

    <LabelDef>
      <ControlId></ControlId>
      <Position>
        <X>125</X>
        <Y>89</Y>
      </Position>
      <Alignment>
        <TopLeft>true</TopLeft>
      </Alignment>
      <FontName>arial9</FontName>
      <Adapter></Adapter>
      <ColorAdapter>realm_bonus_color10</ColorAdapter>
      <Width>200</Width>
      <Height>16</Height>
      <MaxCharacters>128</MaxCharacters>
      <Color>
        <R>192</R>
        <G>192</G>
        <B>192</B>
        <A>255</A>
      </Color>
      <Data>+3% di Punti Taglia guadagnati</Data>
      <EndAligned>false</EndAligned>
      <TextCentered>false</TextCentered>
    </LabelDef>

    <LabelDef>
      <ControlId></ControlId>
      <Position>
        <X>19</X>
        <Y>101</Y>
      </Position>
      <Alignment>
        <TopLeft>true</TopLeft>
      </Alignment>
      <FontName>arial9</FontName>
      <Adapter></Adapter>
      <ColorAdapter>realm_bonus_color11</ColorAdapter>
      <Width>200</Width>
      <Height>16</Height>
      <MaxCharacters>128</MaxCharacters>
      <Color>
        <R>192</R>
        <G>192</G>
        <B>192</B>
        <A>255</A>
      </Color>
      <Data>11 Keeps Posseduti</Data>
      <EndAligned>false</EndAligned>
      <TextCentered>false</TextCentered>
    </LabelDef>

    <LabelDef>
      <ControlId></ControlId>
      <Position>
        <X>125</X>
        <Y>101</Y>
      </Position>
      <Alignment>
        <TopLeft>true</TopLeft>
      </Alignment>
      <FontName>arial9</FontName>
      <Adapter></Adapter>
      <ColorAdapter>realm_bonus_color11</ColorAdapter>
      <Width>200</Width>
      <Height>16</Height>
      <MaxCharacters>128</MaxCharacters>
      <Color>
        <R>192</R>
        <G>192</G>
        <B>192</B>
        <A>255</A>
      </Color>
      <Data>-3% a tutti i tempi di craft</Data>
      <EndAligned>false</EndAligned>
      <TextCentered>false</TextCentered>
    </LabelDef>

    <LabelDef>
      <ControlId></ControlId>
      <Position>
        <X>18</X>
        <Y>113</Y>
      </Position>
      <Alignment>
        <TopLeft>true</TopLeft>
      </Alignment>
      <FontName>arial9</FontName>
      <Adapter></Adapter>
      <ColorAdapter>realm_bonus_color12</ColorAdapter>
      <Width>200</Width>
      <Height>16</Height>
      <MaxCharacters>128</MaxCharacters>
      <Color>
        <R>192</R>
        <G>192</G>
        <B>192</B>
        <A>255</A>
      </Color>
      <Data>12 Keeps Posseduti</Data>
      <EndAligned>false</EndAligned>
      <TextCentered>false</TextCentered>
    </LabelDef>

    <LabelDef>
      <ControlId></ControlId>
      <Position>
        <X>125</X>
        <Y>113</Y>
      </Position>
      <Alignment>
        <TopLeft>true</TopLeft>
      </Alignment>
      <FontName>arial9</FontName>
      <Adapter></Adapter>
      <ColorAdapter>realm_bonus_color12</ColorAdapter>
      <Width>200</Width>
      <Height>16</Height>
      <MaxCharacters>128</MaxCharacters>
      <Color>
        <R>192</R>
        <G>192</G>
        <B>192</B>
        <A>255</A>
      </Color>
      <Data>+5% di soldi nei drop</Data>
      <EndAligned>false</EndAligned>
      <TextCentered>false</TextCentered>
    </LabelDef>

    <LabelDef>
      <ControlId></ControlId>
      <Position>
        <X>18</X>
        <Y>125</Y>
      </Position>
      <Alignment>
        <TopLeft>true</TopLeft>
      </Alignment>
      <FontName>arial9</FontName>
      <Adapter></Adapter>
      <ColorAdapter>realm_bonus_color13</ColorAdapter>
      <Width>200</Width>
      <Height>16</Height>
      <MaxCharacters>128</MaxCharacters>
      <Color>
        <R>192</R>
        <G>192</G>
        <B>192</B>
        <A>255</A>
      </Color>
      <Data>13 Keeps Posseduti</Data>
      <EndAligned>false</EndAligned>
      <TextCentered>false</TextCentered>
    </LabelDef>

    <LabelDef>
      <ControlId></ControlId>
      <Position>
        <X>125</X>
        <Y>125</Y>
      </Position>
      <Alignment>
        <TopLeft>true</TopLeft>
      </Alignment>
      <FontName>arial9</FontName>
      <Adapter></Adapter>
      <ColorAdapter>realm_bonus_color13</ColorAdapter>
      <Width>200</Width>
      <Height>16</Height>
      <MaxCharacters>128</MaxCharacters>
      <Color>
        <R>192</R>
        <G>192</G>
        <B>192</B>
        <A>255</A>
      </Color>
      <Data>+5% di exp guadagnata</Data>
      <EndAligned>false</EndAligned>
      <TextCentered>false</TextCentered>
    </LabelDef>

    <LabelDef>
      <ControlId></ControlId>
      <Position>
        <X>18</X>
        <Y>137</Y>
      </Position>
      <Alignment>
        <TopLeft>true</TopLeft>
      </Alignment>
      <FontName>arial9</FontName>
      <Adapter></Adapter>
      <ColorAdapter>realm_bonus_color14</ColorAdapter>
      <Width>200</Width>
      <Height>16</Height>
      <MaxCharacters>128</MaxCharacters>
      <Color>
        <R>192</R>
        <G>192</G>
        <B>192</B>
        <A>255</A>
      </Color>
      <Data>14 Keeps Posseduti</Data>
      <EndAligned>false</EndAligned>
      <TextCentered>false</TextCentered>
    </LabelDef>

    <LabelDef>
      <ControlId></ControlId>
      <Position>
        <X>125</X>
        <Y>137</Y>
      </Position>
      <Alignment>
        <TopLeft>true</TopLeft>
      </Alignment>
      <FontName>arial9</FontName>
      <Adapter></Adapter>
      <ColorAdapter>realm_bonus_color14</ColorAdapter>
      <Width>200</Width>
      <Height>16</Height>
      <MaxCharacters>128</MaxCharacters>
      <Color>
        <R>192</R>
        <G>192</G>
        <B>192</B>
        <A>255</A>
      </Color>
      <Data>+5% di Punti Taglia guadagnati</Data>
      <EndAligned>false</EndAligned>
      <TextCentered>false</TextCentered>
    </LabelDef>

    <LabelDef>
      <ControlId></ControlId>
      <Position>
        <X>18</X>
        <Y>149</Y>
      </Position>
      <Alignment>
        <TopLeft>true</TopLeft>
      </Alignment>
      <FontName>arial9</FontName>
      <Adapter></Adapter>
      <ColorAdapter>realm_bonus_color15</ColorAdapter>
      <Width>200</Width>
      <Height>16</Height>
      <MaxCharacters>128</MaxCharacters>
      <Color>
        <R>192</R>
        <G>192</G>
        <B>192</B>
        <A>255</A>
      </Color>
      <Data>15 Keeps Posseduti</Data>
      <EndAligned>false</EndAligned>
      <TextCentered>false</TextCentered>
    </LabelDef>

    <LabelDef>
      <ControlId></ControlId>
      <Position>
        <X>125</X>
        <Y>149</Y>
      </Position>
      <Alignment>
        <TopLeft>true</TopLeft>
      </Alignment>
      <FontName>arial9</FontName>
      <Adapter></Adapter>
      <ColorAdapter>realm_bonus_color15</ColorAdapter>
      <Width>200</Width>
      <Height>16</Height>
      <MaxCharacters>128</MaxCharacters>
      <Color>
        <R>192</R>
        <G>192</G>
        <B>192</B>
        <A>255</A>
      </Color>
      <Data>-5% a tutti i tempi di craft</Data>
      <EndAligned>false</EndAligned>
      <TextCentered>false</TextCentered>
    </LabelDef>

    <LabelDef>
      <ControlId></ControlId>
      <Position>
        <X>18</X>
        <Y>161</Y>
      </Position>
      <Alignment>
        <TopLeft>true</TopLeft>
      </Alignment>
      <FontName>arial9</FontName>
      <Adapter></Adapter>
      <ColorAdapter>realm_bonus_color16</ColorAdapter>
      <Width>200</Width>
      <Height>16</Height>
      <MaxCharacters>128</MaxCharacters>
      <Color>
        <R>192</R>
        <G>192</G>
        <B>192</B>
        <A>255</A>
      </Color>
      <Data>16 Keeps Posseduti</Data>
      <EndAligned>false</EndAligned>
      <TextCentered>false</TextCentered>
    </LabelDef>

    <LabelDef>
      <ControlId></ControlId>
      <Position>
        <X>125</X>
        <Y>161</Y>
      </Position>
      <Alignment>
        <TopLeft>true</TopLeft>
      </Alignment>
      <FontName>arial9</FontName>
      <Adapter></Adapter>
      <ColorAdapter>realm_bonus_color16</ColorAdapter>
      <Width>200</Width>
      <Height>16</Height>
      <MaxCharacters>128</MaxCharacters>
      <Color>
        <R>192</R>
        <G>192</G>
        <B>192</B>
        <A>255</A>
      </Color>
      <Data>+5% alla pozza di Potere</Data>
      <EndAligned>false</EndAligned>
      <TextCentered>false</TextCentered>
    </LabelDef>

    <LabelDef>
      <ControlId></ControlId>
      <Position>
        <X>18</X>
        <Y>173</Y>
      </Position>
      <Alignment>
        <TopLeft>true</TopLeft>
      </Alignment>
      <FontName>arial9</FontName>
      <Adapter></Adapter>
      <ColorAdapter>realm_bonus_color17</ColorAdapter>
      <Width>200</Width>
      <Height>16</Height>
      <MaxCharacters>128</MaxCharacters>
      <Color>
        <R>192</R>
        <G>192</G>
        <B>192</B>
        <A>255</A>
      </Color>
      <Data>17 Keeps Posseduti</Data>
      <EndAligned>false</EndAligned>
      <TextCentered>false</TextCentered>
    </LabelDef>

    <LabelDef>
      <ControlId></ControlId>
      <Position>
        <X>125</X>
        <Y>173</Y>
      </Position>
      <Alignment>
        <TopLeft>true</TopLeft>
      </Alignment>
      <FontName>arial9</FontName>
      <Adapter></Adapter>
      <ColorAdapter>realm_bonus_color17</ColorAdapter>
      <Width>200</Width>
      <Height>16</Height>
      <MaxCharacters>128</MaxCharacters>
      <Color>
        <R>192</R>
        <G>192</G>
        <B>192</B>
        <A>255</A>
      </Color>
      <Data>+5% alla pozza di Endurance</Data>
      <EndAligned>false</EndAligned>
      <TextCentered>false</TextCentered>
    </LabelDef>

    <LabelDef>
      <ControlId></ControlId>
      <Position>
        <X>18</X>
        <Y>185</Y>
      </Position>
      <Alignment>
        <TopLeft>true</TopLeft>
      </Alignment>
      <FontName>arial9</FontName>
      <Adapter></Adapter>
      <ColorAdapter>realm_bonus_color18</ColorAdapter>
      <Width>200</Width>
      <Height>16</Height>
      <MaxCharacters>128</MaxCharacters>
      <Color>
        <R>192</R>
        <G>192</G>
        <B>192</B>
        <A>255</A>
      </Color>
      <Data>18 Keeps Posseduti</Data>
      <EndAligned>false</EndAligned>
      <TextCentered>false</TextCentered>
    </LabelDef>

    <LabelDef>
      <ControlId></ControlId>
      <Position>
        <X>125</X>
        <Y>185</Y>
      </Position>
      <Alignment>
        <TopLeft>true</TopLeft>
      </Alignment>
      <FontName>arial9</FontName>
      <Adapter></Adapter>
      <ColorAdapter>realm_bonus_color18</ColorAdapter>
      <Width>200</Width>
      <Height>16</Height>
      <MaxCharacters>128</MaxCharacters>
      <Color>
        <R>192</R>
        <G>192</G>
        <B>192</B>
        <A>255</A>
      </Color>
      <Data>aumentata rigenerazione di Potere</Data>
      <EndAligned>false</EndAligned>
      <TextCentered>false</TextCentered>
    </LabelDef>

    <LabelDef>
      <ControlId></ControlId>
      <Position>
        <X>18</X>
        <Y>197</Y>
      </Position>
      <Alignment>
        <TopLeft>true</TopLeft>
      </Alignment>
      <FontName>arial9</FontName>
      <Adapter></Adapter>
      <ColorAdapter>realm_bonus_color19</ColorAdapter>
      <Width>200</Width>
      <Height>16</Height>
      <MaxCharacters>128</MaxCharacters>
      <Color>
        <R>192</R>
        <G>192</G>
        <B>192</B>
        <A>255</A>
      </Color>
      <Data>19 Keeps Posseduti</Data>
      <EndAligned>false</EndAligned>
      <TextCentered>false</TextCentered>
    </LabelDef>

    <LabelDef>
      <ControlId></ControlId>
      <Position>
        <X>125</X>
        <Y>197</Y>
      </Position>
      <Alignment>
        <TopLeft>true</TopLeft>
      </Alignment>
      <FontName>arial9</FontName>
      <Adapter></Adapter>
      <ColorAdapter>realm_bonus_color19</ColorAdapter>
      <Width>200</Width>
      <Height>16</Height>
      <MaxCharacters>128</MaxCharacters>
      <Color>
        <R>192</R>
        <G>192</G>
        <B>192</B>
        <A>255</A>
      </Color>
      <Data>aumentata rigenerazione di PF</Data>
      <EndAligned>false</EndAligned>
      <TextCentered>false</TextCentered>
    </LabelDef>

    <LabelDef>
      <ControlId></ControlId>
      <Position>
        <X>16</X>
        <Y>209</Y>
      </Position>
      <Alignment>
        <TopLeft>true</TopLeft>
      </Alignment>
      <FontName>arial9</FontName>
      <Adapter></Adapter>
      <ColorAdapter>realm_bonus_color20</ColorAdapter>
      <Width>200</Width>
      <Height>16</Height>
      <MaxCharacters>128</MaxCharacters>
      <Color>
        <R>192</R>
        <G>192</G>
        <B>192</B>
        <A>255</A>
      </Color>
      <Data>20 Keeps Posseduti</Data>
      <EndAligned>false</EndAligned>
      <TextCentered>false</TextCentered>
    </LabelDef>

    <LabelDef>
      <ControlId></ControlId>
      <Position>
        <X>125</X>
        <Y>209</Y>
      </Position>
      <Alignment>
        <TopLeft>true</TopLeft>
      </Alignment>
      <FontName>arial9</FontName>
      <Adapter></Adapter>
      <ColorAdapter>realm_bonus_color20</ColorAdapter>
      <Width>200</Width>
      <Height>16</Height>
      <MaxCharacters>128</MaxCharacters>
      <Color>
        <R>192</R>
        <G>192</G>
        <B>192</B>
        <A>255</A>
      </Color>
      <Data>+5% di poss. di critico in combat</Data>
      <EndAligned>false</EndAligned>
      <TextCentered>false</TextCentered>
    </LabelDef>

    <LabelDef>
      <ControlId></ControlId>
      <Position>
        <X>17</X>
        <Y>221</Y>
      </Position>
      <Alignment>
        <TopLeft>true</TopLeft>
      </Alignment>
      <FontName>arial9</FontName>
      <Adapter></Adapter>
      <ColorAdapter>realm_bonus_color21</ColorAdapter>
      <Width>200</Width>
      <Height>16</Height>
      <MaxCharacters>128</MaxCharacters>
      <Color>
        <R>192</R>
        <G>192</G>
        <B>192</B>
        <A>255</A>
      </Color>
      <Data>21 Keeps Posseduti</Data>
      <EndAligned>false</EndAligned>
      <TextCentered>false</TextCentered>
    </LabelDef>

    <LabelDef>
      <ControlId></ControlId>
      <Position>
        <X>125</X>
        <Y>221</Y>
      </Position>
      <Alignment>
        <TopLeft>true</TopLeft>
      </Alignment>
      <FontName>arial9</FontName>
      <Adapter></Adapter>
      <ColorAdapter>realm_bonus_color21</ColorAdapter>
      <Width>200</Width>
      <Height>16</Height>
      <MaxCharacters>128</MaxCharacters>
      <Color>
        <R>192</R>
        <G>192</G>
        <B>192</B>
        <A>255</A>
      </Color>
      <Data>+5% poss. di critico nelle magie</Data>
      <EndAligned>false</EndAligned>
      <TextCentered>false</TextCentered>
    </LabelDef>

    <!--Power Relics-->

    <FullResizeImageDef>
      <ControlId></ControlId>
      <Position>
        <X>5</X>
        <Y>260</Y>
      </Position>
      <Alignment>
        <GrowWidth>true</GrowWidth>
        <GrowHeight>true</GrowHeight>
      </Alignment>
      <TemplateName>dlg_interior_small</TemplateName>
      <Width>290</Width>
      <Height>50</Height>
    </FullResizeImageDef>

    <LabelDef>
      <ControlId></ControlId>
      <Position>
        <X>10</X>
        <Y>243</Y>
      </Position>
      <Alignment>
        <TopLeft>true</TopLeft>
      </Alignment>
      <FontName>arial11</FontName>
      <Adapter>realm_power_text</Adapter>
      <ColorAdapter>realm_color</ColorAdapter>
      <Width>200</Width>
      <Height>16</Height>
      <MaxCharacters>128</MaxCharacters>
      <Color>
        <R>255</R>
        <G>255</G>
        <B>255</B>
        <A>255</A>
      </Color>
      <Data></Data>
      <EndAligned>false</EndAligned>
      <TextCentered>false</TextCentered>
    </LabelDef>

    <LabelDef>
      <ControlId></ControlId>
      <Position>
        <X>20</X>
        <Y>265</Y>
      </Position>
      <Alignment>
        <TopLeft>true</TopLeft>
      </Alignment>
      <FontName>arial11</FontName>
      <Adapter></Adapter>
      <ColorAdapter>realm_power_color0</ColorAdapter>
      <Width>200</Width>
      <Height>16</Height>
      <MaxCharacters>128</MaxCharacters>
      <Color>
        <R>255</R>
        <G>255</G>
        <B>255</B>
        <A>255</A>
      </Color>
      <Data>Vostra Relic del Potere</Data>
      <EndAligned>false</EndAligned>
      <TextCentered>false</TextCentered>
    </LabelDef>

    <LabelDef>
      <ControlId></ControlId>
      <Position>
        <X>20</X>
        <Y>280</Y>
      </Position>
      <Alignment>
        <TopLeft>true</TopLeft>
      </Alignment>
      <FontName>arial9</FontName>
      <Adapter></Adapter>
      <ColorAdapter>realm_power_color1</ColorAdapter>
      <Width>200</Width>
      <Height>16</Height>
      <MaxCharacters>128</MaxCharacters>
      <Color>
        <R>255</R>
        <G>255</G>
        <B>255</B>
        <A>255</A>
      </Color>
      <Data>1 Relic nemica</Data>
      <EndAligned>false</EndAligned>
      <TextCentered>false</TextCentered>
    </LabelDef>

    <LabelDef>
      <ControlId></ControlId>
      <Position>
        <X>125</X>
        <Y>280</Y>
      </Position>
      <Alignment>
        <TopLeft>true</TopLeft>
      </Alignment>
      <FontName>arial9</FontName>
      <Adapter></Adapter>
      <ColorAdapter>realm_power_color1</ColorAdapter>
      <Width>200</Width>
      <Height>16</Height>
      <MaxCharacters>128</MaxCharacters>
      <Color>
        <R>255</R>
        <G>255</G>
        <B>255</B>
        <A>255</A>
      </Color>
      <Data>+10% Forza nelle Magie</Data>
      <EndAligned>false</EndAligned>
      <TextCentered>false</TextCentered>
    </LabelDef>

    <LabelDef>
      <ControlId></ControlId>
      <Position>
        <X>20</X>
        <Y>292</Y>
      </Position>
      <Alignment>
        <TopLeft>true</TopLeft>
      </Alignment>
      <FontName>arial9</FontName>
      <Adapter></Adapter>
      <ColorAdapter>realm_power_color2</ColorAdapter>
      <Width>200</Width>
      <Height>16</Height>
      <MaxCharacters>128</MaxCharacters>
      <Color>
        <R>255</R>
        <G>255</G>
        <B>255</B>
        <A>255</A>
      </Color>
      <Data>2 Relic nemiche</Data>
      <EndAligned>false</EndAligned>
      <TextCentered>false</TextCentered>
    </LabelDef>

    <LabelDef>
      <ControlId></ControlId>
      <Position>
        <X>125</X>
        <Y>292</Y>
      </Position>
      <Alignment>
        <TopLeft>true</TopLeft>
      </Alignment>
      <FontName>arial9</FontName>
      <Adapter></Adapter>
      <ColorAdapter>realm_power_color2</ColorAdapter>
      <Width>200</Width>
      <Height>16</Height>
      <MaxCharacters>128</MaxCharacters>
      <Color>
        <R>255</R>
        <G>255</G>
        <B>255</B>
        <A>255</A>
      </Color>
      <Data>+20% Forza nelle Magie</Data>
      <EndAligned>false</EndAligned>
      <TextCentered>false</TextCentered>
    </LabelDef>

    <!--Strength Relics-->

    <FullResizeImageDef>
      <ControlId></ControlId>
      <Position>
        <X>5</X>
        <Y>330</Y>
      </Position>
      <Alignment>
        <GrowWidth>true</GrowWidth>
        <GrowHeight>true</GrowHeight>
      </Alignment>
      <TemplateName>dlg_interior_small</TemplateName>
      <Width>290</Width>
      <Height>50</Height>
    </FullResizeImageDef>

    <LabelDef>
      <ControlId></ControlId>
      <Position>
        <X>10</X>
        <Y>314</Y>
      </Position>
      <Alignment>
        <TopLeft>true</TopLeft>
      </Alignment>
      <FontName>arial11</FontName>
      <Adapter>realm_strength_text</Adapter>
      <ColorAdapter>realm_color</ColorAdapter>
      <Width>200</Width>
      <Height>16</Height>
      <MaxCharacters>128</MaxCharacters>
      <Color>
        <R>255</R>
        <G>255</G>
        <B>255</B>
        <A>255</A>
      </Color>
      <Data></Data>
      <EndAligned>false</EndAligned>
      <TextCentered>false</TextCentered>
    </LabelDef>

    <LabelDef>
      <ControlId></ControlId>
      <Position>
        <X>20</X>
        <Y>335</Y>
      </Position>
      <Alignment>
        <TopLeft>true</TopLeft>
      </Alignment>
      <FontName>arial11</FontName>
      <Adapter></Adapter>
      <ColorAdapter>realm_strength_color0</ColorAdapter>
      <Width>200</Width>
      <Height>16</Height>
      <MaxCharacters>128</MaxCharacters>
      <Color>
        <R>255</R>
        <G>255</G>
        <B>255</B>
        <A>255</A>
      </Color>
      <Data>Vostra Relic della Forza</Data>
      <EndAligned>false</EndAligned>
      <TextCentered>false</TextCentered>
    </LabelDef>

    <LabelDef>
      <ControlId></ControlId>
      <Position>
        <X>20</X>
        <Y>350</Y>
      </Position>
      <Alignment>
        <TopLeft>true</TopLeft>
      </Alignment>
      <FontName>arial9</FontName>
      <Adapter></Adapter>
      <ColorAdapter>realm_strength_color1</ColorAdapter>
      <Width>200</Width>
      <Height>16</Height>
      <MaxCharacters>128</MaxCharacters>
      <Color>
        <R>255</R>
        <G>255</G>
        <B>255</B>
        <A>255</A>
      </Color>
      <Data>1 Relic nemica</Data>
      <EndAligned>false</EndAligned>
      <TextCentered>false</TextCentered>
    </LabelDef>

    <LabelDef>
      <ControlId></ControlId>
      <Position>
        <X>125</X>
        <Y>350</Y>
      </Position>
      <Alignment>
        <TopLeft>true</TopLeft>
      </Alignment>
      <FontName>arial9</FontName>
      <Adapter></Adapter>
      <ColorAdapter>realm_strength_color1</ColorAdapter>
      <Width>200</Width>
      <Height>16</Height>
      <MaxCharacters>128</MaxCharacters>
      <Color>
        <R>255</R>
        <G>255</G>
        <B>255</B>
        <A>255</A>
      </Color>
      <Data>+10% Forza in combat</Data>
      <EndAligned>false</EndAligned>
      <TextCentered>false</TextCentered>
    </LabelDef>

    <LabelDef>
      <ControlId></ControlId>
      <Position>
        <X>20</X>
        <Y>362</Y>
      </Position>
      <Alignment>
        <TopLeft>true</TopLeft>
      </Alignment>
      <FontName>arial9</FontName>
      <Adapter></Adapter>
      <ColorAdapter>realm_strength_color2</ColorAdapter>
      <Width>200</Width>
      <Height>16</Height>
      <MaxCharacters>128</MaxCharacters>
      <Color>
        <R>255</R>
        <G>255</G>
        <B>255</B>
        <A>255</A>
      </Color>
      <Data>2 Relic nemiche</Data>
      <EndAligned>false</EndAligned>
      <TextCentered>false</TextCentered>
    </LabelDef>

    <LabelDef>
      <ControlId></ControlId>
      <Position>
        <X>125</X>
        <Y>362</Y>
      </Position>
      <Alignment>
        <TopLeft>true</TopLeft>
      </Alignment>
      <FontName>arial9</FontName>
      <Adapter></Adapter>
      <ColorAdapter>realm_strength_color2</ColorAdapter>
      <Width>200</Width>
      <Height>16</Height>
      <MaxCharacters>128</MaxCharacters>
      <Color>
        <R>255</R>
        <G>255</G>
        <B>255</B>
        <A>255</A>
      </Color>
      <Data>+20% Forza in combat</Data>
      <EndAligned>false</EndAligned>
      <TextCentered>false</TextCentered>
    </LabelDef>

    <HorizontalResizeImageDef>
      <ControlId></ControlId>
      <Position>
        <X>2</X>
        <Y>26</Y>
      </Position>
      <Alignment>
        <TopLeft>true</TopLeft>
      </Alignment>
      <TemplateName>divider</TemplateName>
      <Width>296</Width>
    </HorizontalResizeImageDef>

  </WindowTemplate>

</Root_Element>
