<?xml version="1.0" encoding="ISO-8859-1"?>
<Root_Element ID="DAOCUi">

<!-- @@ Edited with the DAoC User Interface Editor v1.76b -->
<!-- @@ Free download available at http://www.bradtownsend.com/daoced -->

  <Texture>
    <Name>warmap_alb</Name>
    <File>custom/albmap.tga</File>
  </Texture>

  <ImageAreaTemplate>
    <Name>warmap_pennine</Name>
    <TextureName>warmap_alb</TextureName>
    <Size>
      <X>128</X>
      <Y>128</Y>
    </Size>
    <TopLeft>
      <X>0</X>
      <Y>128</Y>
    </TopLeft>
  </ImageAreaTemplate>

  <ImageAreaTemplate>
    <Name>warmap_snowdonia</Name>
    <TextureName>warmap_alb</TextureName>
    <Size>
      <X>128</X>
      <Y>128</Y>
    </Size>
    <TopLeft>
      <X>128</X>
      <Y>0</Y>
    </TopLeft>
  </ImageAreaTemplate>

  <ImageAreaTemplate>
    <Name>warmap_sauvage</Name>
    <TextureName>warmap_alb</TextureName>
    <Size>
      <X>128</X>
      <Y>128</Y>
    </Size>
    <TopLeft>
      <X>128</X>
      <Y>128</Y>
    </TopLeft>
  </ImageAreaTemplate>

  <ImageAreaTemplate>
    <Name>warmap_hadrians</Name>
    <TextureName>warmap_alb</TextureName>
    <Size>
      <X>128</X>
      <Y>128</Y>
    </Size>
    <TopLeft>
      <X>0</X>
      <Y>0</Y>
    </TopLeft>
  </ImageAreaTemplate>

  <ImageAreaTemplate>
    <Name>alb_symbol</Name>
    <TextureName>realm_symbols</TextureName>
    <Size>
      <X>64</X>
      <Y>64</Y>
    </Size>
    <TopLeft>
      <X>0</X>
      <Y>64</Y>
    </TopLeft>
  </ImageAreaTemplate>

  <WindowTemplate>
    <Name>realmwar_alb</Name>
    <WindowId></WindowId>
    <CloseButton>true</CloseButton>
    <MoveButton>true</MoveButton>
    <TopRightResizeButton>false</TopRightResizeButton>
    <BottomRightResizeButton>false</BottomRightResizeButton>
    <BottomLeftResizeButton>false</BottomLeftResizeButton>
    <ResizeButtonOffsetX>0</ResizeButtonOffsetX>
    <ResizeButtonOffsetY>0</ResizeButtonOffsetY>
    <TitleWidth>0</TitleWidth>
    <TitleHeight>0</TitleHeight>
    <Width>266</Width>
    <Height>413</Height>
    <ResizeableWidth>0</ResizeableWidth>
    <ResizeableHeight>0</ResizeableHeight>
    <ResizeableTwoWayWidth>0</ResizeableTwoWayWidth>
    <ResizeableTwoWayHeight>0</ResizeableTwoWayHeight>
    <MinWidth>0</MinWidth>
    <MinHeight>0</MinHeight>

    <FullResizeImageDef>
      <ControlId></ControlId>
      <Position>
        <X>0</X>
        <Y>0</Y>
      </Position>
      <Alignment>
        <GrowWidth>true</GrowWidth>
        <GrowHeight>true</GrowHeight>
      </Alignment>
      <TemplateName>valmer_rw_bkgnd</TemplateName>
      <Width>266</Width>
      <Height>413</Height>
    </FullResizeImageDef>

    <!--Images-->

    <!--Control ID's are used for placing active map elements-->

    <LabelDef>
      <ControlId></ControlId>
      <Position>
        <X>138</X>
        <Y>37</Y>
      </Position>
      <Alignment>
        <TopLeft>true</TopLeft>
      </Alignment>
      <Color>
        <R>204</R>
        <G>204</G>
        <B>204</B>
        <A>255</A>
      </Color>
      <FontName>arial9</FontName>
      <Width>50</Width>
      <Height>16</Height>
      <ColorAdapter></ColorAdapter>
      <MaxCharacters>64</MaxCharacters>
      <Data>Pr:</Data>
      <EndAligned>false</EndAligned>
      <TextCentered>false</TextCentered>
      <Adapter></Adapter>
    </LabelDef>

    <ScalarLabelDef>
      <ControlId></ControlId>
      <Position>
        <X>190</X>
        <Y>37</Y>
      </Position>
      <Alignment>
        <TopLeft>true</TopLeft>
      </Alignment>
      <FontName>arial9</FontName>
      <Adapter>stats_realm_points</Adapter>
      <ColorAdapter></ColorAdapter>
      <Width>60</Width>
      <Height>16</Height>
      <MaxCharacters>32</MaxCharacters>
      <Color>
        <R>255</R>
        <G>204</G>
        <B>153</B>
        <A>255</A>
      </Color>
      <Data></Data>
      <EndAligned>false</EndAligned>
      <TextCentered>false</TextCentered>
      <DontDrawWhenZero>false</DontDrawWhenZero>
    </ScalarLabelDef>

    <LabelDef>
      <ControlId></ControlId>
      <Position>
        <X>138</X>
        <Y>49</Y>
      </Position>
      <Alignment>
        <TopLeft>true</TopLeft>
      </Alignment>
      <Color>
        <R>204</R>
        <G>204</G>
        <B>204</B>
        <A>255</A>
      </Color>
      <FontName>arial9</FontName>
      <Width>50</Width>
      <Height>16</Height>
      <ColorAdapter></ColorAdapter>
      <MaxCharacters>64</MaxCharacters>
      <Data>Pt:</Data>
      <EndAligned>false</EndAligned>
      <TextCentered>false</TextCentered>
      <Adapter></Adapter>
    </LabelDef>

    <ScalarLabelDef>
      <ControlId></ControlId>
      <Position>
        <X>190</X>
        <Y>49</Y>
      </Position>
      <Alignment>
        <TopLeft>true</TopLeft>
      </Alignment>
      <FontName>arial9</FontName>
      <Adapter>bounty_points</Adapter>
      <ColorAdapter></ColorAdapter>
      <Width>50</Width>
      <Height>16</Height>
      <MaxCharacters>32</MaxCharacters>
      <Color>
        <R>255</R>
        <G>204</G>
        <B>153</B>
        <A>255</A>
      </Color>
      <Data></Data>
      <EndAligned>false</EndAligned>
      <TextCentered>false</TextCentered>
      <DontDrawWhenZero>false</DontDrawWhenZero>
    </ScalarLabelDef>

    <LabelDef>
      <ControlId></ControlId>
      <Position>
        <X>138</X>
        <Y>61</Y>
      </Position>
      <Alignment>
        <TopLeft>true</TopLeft>
      </Alignment>
      <Color>
        <R>204</R>
        <G>204</G>
        <B>204</B>
        <A>255</A>
      </Color>
      <FontName>arial9</FontName>
      <Width>50</Width>
      <Height>16</Height>
      <ColorAdapter></ColorAdapter>
      <MaxCharacters>64</MaxCharacters>
      <Data>Liv Gilda:</Data>
      <EndAligned>false</EndAligned>
      <TextCentered>false</TextCentered>
      <Adapter></Adapter>
    </LabelDef>

    <ScalarLabelDef>
      <ControlId></ControlId>
      <Position>
        <X>190</X>
        <Y>61</Y>
      </Position>
      <Alignment>
        <TopLeft>true</TopLeft>
      </Alignment>
      <FontName>arial9</FontName>
      <Adapter>guild_level</Adapter>
      <ColorAdapter></ColorAdapter>
      <Width>25</Width>
      <Height>18</Height>
      <MaxCharacters>32</MaxCharacters>
      <Color>
        <R>255</R>
        <G>192</G>
        <B>0</B>
        <A>255</A>
      </Color>
      <Data></Data>
      <EndAligned>false</EndAligned>
      <TextCentered>false</TextCentered>
      <DontDrawWhenZero>false</DontDrawWhenZero>
    </ScalarLabelDef>

    <LabelDef>
      <ControlId></ControlId>
      <Position>
        <X>138</X>
        <Y>73</Y>
      </Position>
      <Alignment>
        <TopLeft>true</TopLeft>
      </Alignment>
      <Color>
        <R>204</R>
        <G>204</G>
        <B>204</B>
        <A>255</A>
      </Color>
      <FontName>arial9</FontName>
      <Width>50</Width>
      <Height>16</Height>
      <ColorAdapter></ColorAdapter>
      <MaxCharacters>64</MaxCharacters>
      <Data>Pr Gilda:</Data>
      <EndAligned>false</EndAligned>
      <TextCentered>false</TextCentered>
      <Adapter></Adapter>
    </LabelDef>

    <ScalarLabelDef>
      <ControlId></ControlId>
      <Position>
        <X>190</X>
        <Y>73</Y>
      </Position>
      <Alignment>
        <TopLeft>true</TopLeft>
      </Alignment>
      <ToolTipID>35</ToolTipID>
      <FontName>arial9</FontName>
      <Adapter>guild_realm_points</Adapter>
      <ColorAdapter></ColorAdapter>
      <Width>60</Width>
      <Height>18</Height>
      <MaxCharacters>32</MaxCharacters>
      <Color>
        <R>255</R>
        <G>192</G>
        <B>0</B>
        <A>255</A>
      </Color>
      <Data></Data>
      <EndAligned>false</EndAligned>
      <TextCentered>false</TextCentered>
      <DontDrawWhenZero>false</DontDrawWhenZero>
    </ScalarLabelDef>

    <ImageAreaDef>
      <ControlId>1000</ControlId>
      <Position>
        <X>5</X>
        <Y>152</Y>
      </Position>
      <Alignment>
        <TopLeft>true</TopLeft>
      </Alignment>
      <TemplateName>warmap_pennine</TemplateName>
    </ImageAreaDef>

    <ImageAreaDef>
      <ControlId>1001</ControlId>
      <Position>
        <X>5</X>
        <Y>24</Y>
      </Position>
      <Alignment>
        <TopLeft>true</TopLeft>
      </Alignment>
      <TemplateName>warmap_hadrians</TemplateName>
    </ImageAreaDef>

    <ImageAreaDef>
      <ControlId>1002</ControlId>
      <Position>
        <X>133</X>
        <Y>152</Y>
      </Position>
      <Alignment>
        <TopLeft>true</TopLeft>
      </Alignment>
      <TemplateName>warmap_sauvage</TemplateName>
    </ImageAreaDef>

    <ImageAreaDef>
      <ControlId>1003</ControlId>
      <Position>
        <X>5</X>
        <Y>280</Y>
      </Position>
      <Alignment>
        <TopLeft>true</TopLeft>
      </Alignment>
      <TemplateName>warmap_snowdonia</TemplateName>
    </ImageAreaDef>

    <ImageAreaDef>
      <ControlId></ControlId>
      <Position>
        <X>135</X>
        <Y>88</Y>
      </Position>
      <Alignment>
        <TopLeft>true</TopLeft>
      </Alignment>
      <TemplateName>alb_symbol</TemplateName>
    </ImageAreaDef>

    <!--Mini Info-->

    <LabelDef>
      <ControlId></ControlId>
      <Position>
        <X>138</X>
        <Y>285</Y>
      </Position>
      <Alignment>
        <TopLeft>true</TopLeft>
      </Alignment>
      <Color>
        <R>255</R>
        <G>255</G>
        <B>255</B>
        <A>255</A>
      </Color>
      <FontName>arial11</FontName>
      <Width>128</Width>
      <Height>16</Height>
      <ColorAdapter>realmwar_info_alb</ColorAdapter>
      <MaxCharacters>64</MaxCharacters>
      <Data>Keep Name</Data>
      <EndAligned>false</EndAligned>
      <TextCentered>false</TextCentered>
      <Adapter>realmwar_info_alb0</Adapter>
    </LabelDef>

    <LabelDef>
      <ControlId></ControlId>
      <Position>
        <X>138</X>
        <Y>301</Y>
      </Position>
      <Alignment>
        <TopLeft>true</TopLeft>
      </Alignment>
      <Color>
        <R>255</R>
        <G>255</G>
        <B>255</B>
        <A>255</A>
      </Color>
      <FontName>arial9</FontName>
      <Width>128</Width>
      <Height>16</Height>
      <ColorAdapter>realmwar_info_alb</ColorAdapter>
      <MaxCharacters>64</MaxCharacters>
      <Data>Realm</Data>
      <EndAligned>false</EndAligned>
      <TextCentered>false</TextCentered>
      <Adapter>realmwar_info_alb1</Adapter>
    </LabelDef>

    <LabelDef>
      <ControlId></ControlId>
      <Position>
        <X>138</X>
        <Y>317</Y>
      </Position>
      <Alignment>
        <TopLeft>true</TopLeft>
      </Alignment>
      <Color>
        <R>255</R>
        <G>255</G>
        <B>255</B>
        <A>255</A>
      </Color>
      <FontName>arial9</FontName>
      <Width>128</Width>
      <Height>16</Height>
      <ColorAdapter>realmwar_info_alb</ColorAdapter>
      <MaxCharacters>64</MaxCharacters>
      <Data>Reclamata da:</Data>
      <EndAligned>false</EndAligned>
      <TextCentered>false</TextCentered>
      <Adapter>realmwar_info_alb2</Adapter>
    </LabelDef>

    <LabelDef>
      <ControlId></ControlId>
      <Position>
        <X>138</X>
        <Y>333</Y>
      </Position>
      <Alignment>
        <TopLeft>true</TopLeft>
      </Alignment>
      <Color>
        <R>255</R>
        <G>255</G>
        <B>255</B>
        <A>255</A>
      </Color>
      <FontName>arial9</FontName>
      <Width>128</Width>
      <Height>16</Height>
      <ColorAdapter>realmwar_info_alb</ColorAdapter>
      <MaxCharacters>64</MaxCharacters>
      <Data>Claiming Guild</Data>
      <EndAligned>false</EndAligned>
      <TextCentered>false</TextCentered>
      <Adapter>realmwar_info_alb3</Adapter>
    </LabelDef>

    <LabelDef>
      <ControlId></ControlId>
      <Position>
        <X>138</X>
        <Y>349</Y>
      </Position>
      <Alignment>
        <TopLeft>true</TopLeft>
      </Alignment>
      <Color>
        <R>255</R>
        <G>255</G>
        <B>255</B>
        <A>255</A>
      </Color>
      <FontName>arial9</FontName>
      <Width>128</Width>
      <Height>16</Height>
      <ColorAdapter>realmwar_info_alb</ColorAdapter>
      <MaxCharacters>64</MaxCharacters>
      <Data>Under Siege</Data>
      <EndAligned>false</EndAligned>
      <TextCentered>false</TextCentered>
      <Adapter>realmwar_info_alb4</Adapter>
    </LabelDef>

    <LabelDef>
      <ControlId></ControlId>
      <Position>
        <X>138</X>
        <Y>365</Y>
      </Position>
      <Alignment>
        <TopLeft>true</TopLeft>
      </Alignment>
      <Color>
        <R>255</R>
        <G>255</G>
        <B>255</B>
        <A>255</A>
      </Color>
      <FontName>arial9</FontName>
      <Width>128</Width>
      <Height>16</Height>
      <ColorAdapter>realmwar_info_alb</ColorAdapter>
      <MaxCharacters>64</MaxCharacters>
      <Data>More Stuff Here</Data>
      <EndAligned>false</EndAligned>
      <TextCentered>false</TextCentered>
      <Adapter>realmwar_info_alb5</Adapter>
    </LabelDef>

    <!--Realm Checks-->

    <!--These are run by ControlID-->

    <CheckBoxDef>
      <ControlId>2000</ControlId>
      <Position>
        <X>15</X>
        <Y>2</Y>
      </Position>
      <Alignment>
        <TopLeft>true</TopLeft>
      </Alignment>
      <TemplateName>realmwar_tab</TemplateName>
      <AdapterName></AdapterName>
      <TextAdapterName></TextAdapterName>
      <Data>Hibernia</Data>
      <LabelWidth>56</LabelWidth>
      <OnClickEvent></OnClickEvent>
    </CheckBoxDef>

    <CheckBoxDef>
      <ControlId>2001</ControlId>
      <Position>
        <X>75</X>
        <Y>2</Y>
      </Position>
      <Alignment>
        <TopLeft>true</TopLeft>
      </Alignment>
      <TemplateName>realmwar_tab</TemplateName>
      <AdapterName></AdapterName>
      <TextAdapterName></TextAdapterName>
      <Data>Midgard</Data>
      <LabelWidth>56</LabelWidth>
      <OnClickEvent></OnClickEvent>
    </CheckBoxDef>

    <CheckBoxDef>
      <ControlId>2002</ControlId>
      <Position>
        <X>130</X>
        <Y>2</Y>
      </Position>
      <Alignment>
        <TopLeft>true</TopLeft>
      </Alignment>
      <TemplateName>realmwar_tab</TemplateName>
      <AdapterName></AdapterName>
      <TextAdapterName></TextAdapterName>
      <Data>Albion</Data>
      <LabelWidth>56</LabelWidth>
      <OnClickEvent></OnClickEvent>
    </CheckBoxDef>

		<CheckBoxDef>
			<Position>
				<X>190</X>
				<Y>2</Y>
			</Position>
			<TemplateName>realmwar_tab</TemplateName>
			<Data>Agramon</Data>
			<LabelWidth>56</LabelWidth>
			<ControlId>2003</ControlId>
		</CheckBoxDef>

    <!--Buttons-->

    <ButtonDef>
      <ControlId>2010</ControlId>
      <Position>
        <X>203</X>
        <Y>112</Y>
      </Position>
      <Alignment>
        <TopLeft>true</TopLeft>
      </Alignment>
      <TemplateName>button_large_new</TemplateName>
      <Label>Legenda</Label>
      <onClickEvent>ToggleWarmapKey</onClickEvent>
    </ButtonDef>

    <ButtonDef>
      <ControlId>2011</ControlId>
      <Position>
        <X>203</X>
        <Y>132</Y>
      </Position>
      <Alignment>
        <TopLeft>true</TopLeft>
      </Alignment>
      <TemplateName>button_large_new</TemplateName>
      <Label>Aggiorna</Label>
      <onClickEvent>WarmapUpdateBattles</onClickEvent>
    </ButtonDef>

    <ButtonDef>
      <ControlId>2012</ControlId>
      <Position>
        <X>173</X>
        <Y>392</Y>
      </Position>
      <Alignment>
        <TopLeft>true</TopLeft>
      </Alignment>
      <TemplateName>button_large_new</TemplateName>
      <Label>TELEPORT</Label>
      <onClickEvent>WarmapTeleportRequest</onClickEvent>
    </ButtonDef>

    <ButtonDef>
      <ControlId></ControlId>
      <Position>
        <X>203</X>
        <Y>92</Y>
      </Position>
      <Alignment>
        <TopLeft>true</TopLeft>
      </Alignment>
      <TemplateName>button_large_new</TemplateName>
      <Label>Benefici</Label>
      <onClickEvent>WarmapUpdateBonuses</onClickEvent>
    </ButtonDef>

    <!--Active map elements here.  Note that order is important.-->

    <!--Discs-->

    <ImageAreaDef>
      <ControlId>1100</ControlId>
      <Position>
        <X>0</X>
        <Y>0</Y>
      </Position>
      <Alignment>
        <TopLeft>true</TopLeft>
      </Alignment>
      <TemplateName>realmwar_destination</TemplateName>
    </ImageAreaDef>

    <ImageAreaDef>
      <ControlId>1101</ControlId>
      <Position>
        <X>0</X>
        <Y>0</Y>
      </Position>
      <Alignment>
        <TopLeft>true</TopLeft>
      </Alignment>
      <TemplateName>realmwar_destination</TemplateName>
    </ImageAreaDef>

    <ImageAreaDef>
      <ControlId>1102</ControlId>
      <Position>
        <X>0</X>
        <Y>0</Y>
      </Position>
      <Alignment>
        <TopLeft>true</TopLeft>
      </Alignment>
      <TemplateName>realmwar_destination</TemplateName>
    </ImageAreaDef>

    <ImageAreaDef>
      <ControlId>1103</ControlId>
      <Position>
        <X>0</X>
        <Y>0</Y>
      </Position>
      <Alignment>
        <TopLeft>true</TopLeft>
      </Alignment>
      <TemplateName>realmwar_destination</TemplateName>
    </ImageAreaDef>

    <ImageAreaDef>
      <ControlId>1104</ControlId>
      <Position>
        <X>0</X>
        <Y>0</Y>
      </Position>
      <Alignment>
        <TopLeft>true</TopLeft>
      </Alignment>
      <TemplateName>realmwar_destination</TemplateName>
    </ImageAreaDef>

    <ImageAreaDef>
      <ControlId>1105</ControlId>
      <Position>
        <X>0</X>
        <Y>0</Y>
      </Position>
      <Alignment>
        <TopLeft>true</TopLeft>
      </Alignment>
      <TemplateName>realmwar_destination</TemplateName>
    </ImageAreaDef>

    <ImageAreaDef>
      <ControlId>1106</ControlId>
      <Position>
        <X>0</X>
        <Y>0</Y>
      </Position>
      <Alignment>
        <TopLeft>true</TopLeft>
      </Alignment>
      <TemplateName>realmwar_destination</TemplateName>
    </ImageAreaDef>

    <ImageAreaDef>
      <ControlId>1107</ControlId>
      <Position>
        <X>0</X>
        <Y>0</Y>
      </Position>
      <Alignment>
        <TopLeft>true</TopLeft>
      </Alignment>
      <TemplateName>realmwar_selection</TemplateName>
    </ImageAreaDef>

    <ImageAreaDef>
      <ControlId>1109</ControlId>
      <Position>
        <X>0</X>
        <Y>0</Y>
      </Position>
      <Alignment>
        <TopLeft>true</TopLeft>
      </Alignment>
      <TemplateName>realmwar_destination</TemplateName>
    </ImageAreaDef>

    <ImageAreaDef>
      <ControlId>1110</ControlId>
      <Position>
        <X>0</X>
        <Y>0</Y>
      </Position>
      <Alignment>
        <TopLeft>true</TopLeft>
      </Alignment>
      <TemplateName>realmwar_destination</TemplateName>
    </ImageAreaDef>

    <!--Fires-->

    <ImageAreaDef>
      <ControlId>1200</ControlId>
      <Position>
        <X>0</X>
        <Y>0</Y>
      </Position>
      <Alignment>
        <TopLeft>true</TopLeft>
      </Alignment>
      <TemplateName>realmwar_siege</TemplateName>
    </ImageAreaDef>

    <ImageAreaDef>
      <ControlId>1201</ControlId>
      <Position>
        <X>0</X>
        <Y>0</Y>
      </Position>
      <Alignment>
        <TopLeft>true</TopLeft>
      </Alignment>
      <TemplateName>realmwar_siege</TemplateName>
    </ImageAreaDef>

    <ImageAreaDef>
      <ControlId>1202</ControlId>
      <Position>
        <X>0</X>
        <Y>0</Y>
      </Position>
      <Alignment>
        <TopLeft>true</TopLeft>
      </Alignment>
      <TemplateName>realmwar_siege</TemplateName>
    </ImageAreaDef>

    <ImageAreaDef>
      <ControlId>1203</ControlId>
      <Position>
        <X>0</X>
        <Y>0</Y>
      </Position>
      <Alignment>
        <TopLeft>true</TopLeft>
      </Alignment>
      <TemplateName>realmwar_siege</TemplateName>
    </ImageAreaDef>

    <ImageAreaDef>
      <ControlId>1204</ControlId>
      <Position>
        <X>0</X>
        <Y>0</Y>
      </Position>
      <Alignment>
        <TopLeft>true</TopLeft>
      </Alignment>
      <TemplateName>realmwar_siege</TemplateName>
    </ImageAreaDef>

    <ImageAreaDef>
      <ControlId>1205</ControlId>
      <Position>
        <X>0</X>
        <Y>0</Y>
      </Position>
      <Alignment>
        <TopLeft>true</TopLeft>
      </Alignment>
      <TemplateName>realmwar_siege</TemplateName>
    </ImageAreaDef>

    <ImageAreaDef>
      <ControlId>1206</ControlId>
      <Position>
        <X>0</X>
        <Y>0</Y>
      </Position>
      <Alignment>
        <TopLeft>true</TopLeft>
      </Alignment>
      <TemplateName>realmwar_siege</TemplateName>
    </ImageAreaDef>

    <ImageAreaDef>
      <ControlId>1207</ControlId>
      <Position>
        <X>0</X>
        <Y>0</Y>
      </Position>
      <Alignment>
        <TopLeft>true</TopLeft>
      </Alignment>
      <TemplateName>realmwar_siege</TemplateName>
    </ImageAreaDef>

    <ImageAreaDef>
      <ControlId>1208</ControlId>
      <Position>
        <X>0</X>
        <Y>0</Y>
      </Position>
      <Alignment>
        <TopLeft>true</TopLeft>
      </Alignment>
      <TemplateName>realmwar_siege</TemplateName>
    </ImageAreaDef>

    <ImageAreaDef>
      <ControlId>1600</ControlId>
      <Position>
        <X>0</X>
        <Y>0</Y>
      </Position>
      <Alignment>
        <TopLeft>true</TopLeft>
      </Alignment>
      <TemplateName>realmwar_siege</TemplateName>
    </ImageAreaDef>

    <ImageAreaDef>
      <ControlId>1601</ControlId>
      <Position>
        <X>0</X>
        <Y>0</Y>
      </Position>
      <Alignment>
        <TopLeft>true</TopLeft>
      </Alignment>
      <TemplateName>realmwar_siege</TemplateName>
    </ImageAreaDef>

    <ImageAreaDef>
      <ControlId>1602</ControlId>
      <Position>
        <X>0</X>
        <Y>0</Y>
      </Position>
      <Alignment>
        <TopLeft>true</TopLeft>
      </Alignment>
      <TemplateName>realmwar_siege</TemplateName>
    </ImageAreaDef>

    <ImageAreaDef>
      <ControlId>1603</ControlId>
      <Position>
        <X>0</X>
        <Y>0</Y>
      </Position>
      <Alignment>
        <TopLeft>true</TopLeft>
      </Alignment>
      <TemplateName>realmwar_siege</TemplateName>
    </ImageAreaDef>

    <ImageAreaDef>
      <ControlId>1604</ControlId>
      <Position>
        <X>0</X>
        <Y>0</Y>
      </Position>
      <Alignment>
        <TopLeft>true</TopLeft>
      </Alignment>
      <TemplateName>realmwar_siege</TemplateName>
    </ImageAreaDef>

    <ImageAreaDef>
      <ControlId>1605</ControlId>
      <Position>
        <X>0</X>
        <Y>0</Y>
      </Position>
      <Alignment>
        <TopLeft>true</TopLeft>
      </Alignment>
      <TemplateName>realmwar_siege</TemplateName>
    </ImageAreaDef>

    <ImageAreaDef>
      <ControlId>1606</ControlId>
      <Position>
        <X>0</X>
        <Y>0</Y>
      </Position>
      <Alignment>
        <TopLeft>true</TopLeft>
      </Alignment>
      <TemplateName>realmwar_siege</TemplateName>
    </ImageAreaDef>

    <ImageAreaDef>
      <ControlId>1607</ControlId>
      <Position>
        <X>0</X>
        <Y>0</Y>
      </Position>
      <Alignment>
        <TopLeft>true</TopLeft>
      </Alignment>
      <TemplateName>realmwar_siege</TemplateName>
    </ImageAreaDef>

    <ImageAreaDef>
      <ControlId>1608</ControlId>
      <Position>
        <X>0</X>
        <Y>0</Y>
      </Position>
      <Alignment>
        <TopLeft>true</TopLeft>
      </Alignment>
      <TemplateName>realmwar_siege</TemplateName>
    </ImageAreaDef>

    <ImageAreaDef>
      <ControlId>1609</ControlId>
      <Position>
        <X>0</X>
        <Y>0</Y>
      </Position>
      <Alignment>
        <TopLeft>true</TopLeft>
      </Alignment>
      <TemplateName>realmwar_siege</TemplateName>
    </ImageAreaDef>

    <ImageAreaDef>
      <ControlId>1610</ControlId>
      <Position>
        <X>0</X>
        <Y>0</Y>
      </Position>
      <Alignment>
        <TopLeft>true</TopLeft>
      </Alignment>
      <TemplateName>realmwar_siege</TemplateName>
    </ImageAreaDef>

    <ImageAreaDef>
      <ControlId>1611</ControlId>
      <Position>
        <X>0</X>
        <Y>0</Y>
      </Position>
      <Alignment>
        <TopLeft>true</TopLeft>
      </Alignment>
      <TemplateName>realmwar_siege</TemplateName>
    </ImageAreaDef>

    <ImageAreaDef>
      <ControlId>1612</ControlId>
      <Position>
        <X>0</X>
        <Y>0</Y>
      </Position>
      <Alignment>
        <TopLeft>true</TopLeft>
      </Alignment>
      <TemplateName>realmwar_siege</TemplateName>
    </ImageAreaDef>

    <ImageAreaDef>
      <ControlId>1613</ControlId>
      <Position>
        <X>0</X>
        <Y>0</Y>
      </Position>
      <Alignment>
        <TopLeft>true</TopLeft>
      </Alignment>
      <TemplateName>realmwar_siege</TemplateName>
    </ImageAreaDef>

    <ImageAreaDef>
      <ControlId>1614</ControlId>
      <Position>
        <X>0</X>
        <Y>0</Y>
      </Position>
      <Alignment>
        <TopLeft>true</TopLeft>
      </Alignment>
      <TemplateName>realmwar_siege</TemplateName>
    </ImageAreaDef>

    <ImageAreaDef>
      <ControlId>1615</ControlId>
      <Position>
        <X>0</X>
        <Y>0</Y>
      </Position>
      <Alignment>
        <TopLeft>true</TopLeft>
      </Alignment>
      <TemplateName>realmwar_siege</TemplateName>
    </ImageAreaDef>

    <ImageAreaDef>
      <ControlId>1616</ControlId>
      <Position>
        <X>0</X>
        <Y>0</Y>
      </Position>
      <Alignment>
        <TopLeft>true</TopLeft>
      </Alignment>
      <TemplateName>realmwar_siege</TemplateName>
    </ImageAreaDef>

    <ImageAreaDef>
      <ControlId>1617</ControlId>
      <Position>
        <X>0</X>
        <Y>0</Y>
      </Position>
      <Alignment>
        <TopLeft>true</TopLeft>
      </Alignment>
      <TemplateName>realmwar_siege</TemplateName>
    </ImageAreaDef>

    <ImageAreaDef>
      <ControlId>1618</ControlId>
      <Position>
        <X>0</X>
        <Y>0</Y>
      </Position>
      <Alignment>
        <TopLeft>true</TopLeft>
      </Alignment>
      <TemplateName>realmwar_siege</TemplateName>
    </ImageAreaDef>

    <ImageAreaDef>
      <ControlId>1619</ControlId>
      <Position>
        <X>0</X>
        <Y>0</Y>
      </Position>
      <Alignment>
        <TopLeft>true</TopLeft>
      </Alignment>
      <TemplateName>realmwar_siege</TemplateName>
    </ImageAreaDef>

    <ImageAreaDef>
      <ControlId>1620</ControlId>
      <Position>
        <X>0</X>
        <Y>0</Y>
      </Position>
      <Alignment>
        <TopLeft>true</TopLeft>
      </Alignment>
      <TemplateName>realmwar_siege</TemplateName>
    </ImageAreaDef>

    <ImageAreaDef>
      <ControlId>1621</ControlId>
      <Position>
        <X>0</X>
        <Y>0</Y>
      </Position>
      <Alignment>
        <TopLeft>true</TopLeft>
      </Alignment>
      <TemplateName>realmwar_siege</TemplateName>
    </ImageAreaDef>

    <ImageAreaDef>
      <ControlId>1622</ControlId>
      <Position>
        <X>0</X>
        <Y>0</Y>
      </Position>
      <Alignment>
        <TopLeft>true</TopLeft>
      </Alignment>
      <TemplateName>realmwar_siege</TemplateName>
    </ImageAreaDef>

    <ImageAreaDef>
      <ControlId>1623</ControlId>
      <Position>
        <X>0</X>
        <Y>0</Y>
      </Position>
      <Alignment>
        <TopLeft>true</TopLeft>
      </Alignment>
      <TemplateName>realmwar_siege</TemplateName>
    </ImageAreaDef>

    <ImageAreaDef>
      <ControlId>1624</ControlId>
      <Position>
        <X>0</X>
        <Y>0</Y>
      </Position>
      <Alignment>
        <TopLeft>true</TopLeft>
      </Alignment>
      <TemplateName>realmwar_siege</TemplateName>
    </ImageAreaDef>

    <ImageAreaDef>
      <ControlId>1625</ControlId>
      <Position>
        <X>0</X>
        <Y>0</Y>
      </Position>
      <Alignment>
        <TopLeft>true</TopLeft>
      </Alignment>
      <TemplateName>realmwar_siege</TemplateName>
    </ImageAreaDef>

    <ImageAreaDef>
      <ControlId>1626</ControlId>
      <Position>
        <X>0</X>
        <Y>0</Y>
      </Position>
      <Alignment>
        <TopLeft>true</TopLeft>
      </Alignment>
      <TemplateName>realmwar_siege</TemplateName>
    </ImageAreaDef>

    <ImageAreaDef>
      <ControlId>1627</ControlId>
      <Position>
        <X>0</X>
        <Y>0</Y>
      </Position>
      <Alignment>
        <TopLeft>true</TopLeft>
      </Alignment>
      <TemplateName>realmwar_siege</TemplateName>
    </ImageAreaDef>

    <!--Small Battles-->

    <StatusIconDef>
      <ControlId>1700</ControlId>
      <Position>
        <X>0</X>
        <Y>0</Y>
      </Position>
      <Alignment>
        <TopLeft>true</TopLeft>
      </Alignment>
      <TemplateName>realmwar_battle_small</TemplateName>
      <AdapterName></AdapterName>
    </StatusIconDef>

    <StatusIconDef>
      <ControlId>1701</ControlId>
      <Position>
        <X>0</X>
        <Y>0</Y>
      </Position>
      <Alignment>
        <TopLeft>true</TopLeft>
      </Alignment>
      <TemplateName>realmwar_battle_small</TemplateName>
      <AdapterName></AdapterName>
    </StatusIconDef>

    <StatusIconDef>
      <ControlId>1702</ControlId>
      <Position>
        <X>0</X>
        <Y>0</Y>
      </Position>
      <Alignment>
        <TopLeft>true</TopLeft>
      </Alignment>
      <TemplateName>realmwar_battle_small</TemplateName>
      <AdapterName></AdapterName>
    </StatusIconDef>

    <StatusIconDef>
      <ControlId>1703</ControlId>
      <Position>
        <X>0</X>
        <Y>0</Y>
      </Position>
      <Alignment>
        <TopLeft>true</TopLeft>
      </Alignment>
      <TemplateName>realmwar_battle_small</TemplateName>
      <AdapterName></AdapterName>
    </StatusIconDef>

    <StatusIconDef>
      <ControlId>1704</ControlId>
      <Position>
        <X>0</X>
        <Y>0</Y>
      </Position>
      <Alignment>
        <TopLeft>true</TopLeft>
      </Alignment>
      <TemplateName>realmwar_battle_small</TemplateName>
      <AdapterName></AdapterName>
    </StatusIconDef>

    <StatusIconDef>
      <ControlId>1705</ControlId>
      <Position>
        <X>0</X>
        <Y>0</Y>
      </Position>
      <Alignment>
        <TopLeft>true</TopLeft>
      </Alignment>
      <TemplateName>realmwar_battle_small</TemplateName>
      <AdapterName></AdapterName>
    </StatusIconDef>

    <StatusIconDef>
      <ControlId>1706</ControlId>
      <Position>
        <X>0</X>
        <Y>0</Y>
      </Position>
      <Alignment>
        <TopLeft>true</TopLeft>
      </Alignment>
      <TemplateName>realmwar_battle_small</TemplateName>
      <AdapterName></AdapterName>
    </StatusIconDef>

    <StatusIconDef>
      <ControlId>1707</ControlId>
      <Position>
        <X>0</X>
        <Y>0</Y>
      </Position>
      <Alignment>
        <TopLeft>true</TopLeft>
      </Alignment>
      <TemplateName>realmwar_battle_small</TemplateName>
      <AdapterName></AdapterName>
    </StatusIconDef>

    <StatusIconDef>
      <ControlId>1708</ControlId>
      <Position>
        <X>0</X>
        <Y>0</Y>
      </Position>
      <Alignment>
        <TopLeft>true</TopLeft>
      </Alignment>
      <TemplateName>realmwar_battle_small</TemplateName>
      <AdapterName></AdapterName>
    </StatusIconDef>

    <StatusIconDef>
      <ControlId>1709</ControlId>
      <Position>
        <X>0</X>
        <Y>0</Y>
      </Position>
      <Alignment>
        <TopLeft>true</TopLeft>
      </Alignment>
      <TemplateName>realmwar_battle_small</TemplateName>
      <AdapterName></AdapterName>
    </StatusIconDef>

    <!--Medium Battles-->

    <StatusIconDef>
      <ControlId>1710</ControlId>
      <Position>
        <X>0</X>
        <Y>0</Y>
      </Position>
      <Alignment>
        <TopLeft>true</TopLeft>
      </Alignment>
      <TemplateName>realmwar_battle_medium</TemplateName>
      <AdapterName></AdapterName>
    </StatusIconDef>

    <StatusIconDef>
      <ControlId>1711</ControlId>
      <Position>
        <X>0</X>
        <Y>0</Y>
      </Position>
      <Alignment>
        <TopLeft>true</TopLeft>
      </Alignment>
      <TemplateName>realmwar_battle_medium</TemplateName>
      <AdapterName></AdapterName>
    </StatusIconDef>

    <StatusIconDef>
      <ControlId>1712</ControlId>
      <Position>
        <X>0</X>
        <Y>0</Y>
      </Position>
      <Alignment>
        <TopLeft>true</TopLeft>
      </Alignment>
      <TemplateName>realmwar_battle_medium</TemplateName>
      <AdapterName></AdapterName>
    </StatusIconDef>

    <StatusIconDef>
      <ControlId>1713</ControlId>
      <Position>
        <X>0</X>
        <Y>0</Y>
      </Position>
      <Alignment>
        <TopLeft>true</TopLeft>
      </Alignment>
      <TemplateName>realmwar_battle_medium</TemplateName>
      <AdapterName></AdapterName>
    </StatusIconDef>

    <StatusIconDef>
      <ControlId>1714</ControlId>
      <Position>
        <X>0</X>
        <Y>0</Y>
      </Position>
      <Alignment>
        <TopLeft>true</TopLeft>
      </Alignment>
      <TemplateName>realmwar_battle_medium</TemplateName>
      <AdapterName></AdapterName>
    </StatusIconDef>

    <StatusIconDef>
      <ControlId>1715</ControlId>
      <Position>
        <X>0</X>
        <Y>0</Y>
      </Position>
      <Alignment>
        <TopLeft>true</TopLeft>
      </Alignment>
      <TemplateName>realmwar_battle_medium</TemplateName>
      <AdapterName></AdapterName>
    </StatusIconDef>

    <StatusIconDef>
      <ControlId>1716</ControlId>
      <Position>
        <X>0</X>
        <Y>0</Y>
      </Position>
      <Alignment>
        <TopLeft>true</TopLeft>
      </Alignment>
      <TemplateName>realmwar_battle_medium</TemplateName>
      <AdapterName></AdapterName>
    </StatusIconDef>

    <StatusIconDef>
      <ControlId>1717</ControlId>
      <Position>
        <X>0</X>
        <Y>0</Y>
      </Position>
      <Alignment>
        <TopLeft>true</TopLeft>
      </Alignment>
      <TemplateName>realmwar_battle_medium</TemplateName>
      <AdapterName></AdapterName>
    </StatusIconDef>

    <StatusIconDef>
      <ControlId>1718</ControlId>
      <Position>
        <X>0</X>
        <Y>0</Y>
      </Position>
      <Alignment>
        <TopLeft>true</TopLeft>
      </Alignment>
      <TemplateName>realmwar_battle_medium</TemplateName>
      <AdapterName></AdapterName>
    </StatusIconDef>

    <StatusIconDef>
      <ControlId>1719</ControlId>
      <Position>
        <X>0</X>
        <Y>0</Y>
      </Position>
      <Alignment>
        <TopLeft>true</TopLeft>
      </Alignment>
      <TemplateName>realmwar_battle_medium</TemplateName>
      <AdapterName></AdapterName>
    </StatusIconDef>

    <!--Large Battles-->

    <StatusIconDef>
      <ControlId>1720</ControlId>
      <Position>
        <X>0</X>
        <Y>0</Y>
      </Position>
      <Alignment>
        <TopLeft>true</TopLeft>
      </Alignment>
      <TemplateName>realmwar_battle_large</TemplateName>
      <AdapterName></AdapterName>
    </StatusIconDef>

    <StatusIconDef>
      <ControlId>1721</ControlId>
      <Position>
        <X>0</X>
        <Y>0</Y>
      </Position>
      <Alignment>
        <TopLeft>true</TopLeft>
      </Alignment>
      <TemplateName>realmwar_battle_large</TemplateName>
      <AdapterName></AdapterName>
    </StatusIconDef>

    <StatusIconDef>
      <ControlId>1722</ControlId>
      <Position>
        <X>0</X>
        <Y>0</Y>
      </Position>
      <Alignment>
        <TopLeft>true</TopLeft>
      </Alignment>
      <TemplateName>realmwar_battle_large</TemplateName>
      <AdapterName></AdapterName>
    </StatusIconDef>

    <StatusIconDef>
      <ControlId>1723</ControlId>
      <Position>
        <X>0</X>
        <Y>0</Y>
      </Position>
      <Alignment>
        <TopLeft>true</TopLeft>
      </Alignment>
      <TemplateName>realmwar_battle_large</TemplateName>
      <AdapterName></AdapterName>
    </StatusIconDef>

    <StatusIconDef>
      <ControlId>1724</ControlId>
      <Position>
        <X>0</X>
        <Y>0</Y>
      </Position>
      <Alignment>
        <TopLeft>true</TopLeft>
      </Alignment>
      <TemplateName>realmwar_battle_large</TemplateName>
      <AdapterName></AdapterName>
    </StatusIconDef>

    <StatusIconDef>
      <ControlId>1725</ControlId>
      <Position>
        <X>0</X>
        <Y>0</Y>
      </Position>
      <Alignment>
        <TopLeft>true</TopLeft>
      </Alignment>
      <TemplateName>realmwar_battle_large</TemplateName>
      <AdapterName></AdapterName>
    </StatusIconDef>

    <StatusIconDef>
      <ControlId>1726</ControlId>
      <Position>
        <X>0</X>
        <Y>0</Y>
      </Position>
      <Alignment>
        <TopLeft>true</TopLeft>
      </Alignment>
      <TemplateName>realmwar_battle_large</TemplateName>
      <AdapterName></AdapterName>
    </StatusIconDef>

    <StatusIconDef>
      <ControlId>1727</ControlId>
      <Position>
        <X>0</X>
        <Y>0</Y>
      </Position>
      <Alignment>
        <TopLeft>true</TopLeft>
      </Alignment>
      <TemplateName>realmwar_battle_large</TemplateName>
      <AdapterName></AdapterName>
    </StatusIconDef>

    <StatusIconDef>
      <ControlId>1728</ControlId>
      <Position>
        <X>0</X>
        <Y>0</Y>
      </Position>
      <Alignment>
        <TopLeft>true</TopLeft>
      </Alignment>
      <TemplateName>realmwar_battle_large</TemplateName>
      <AdapterName></AdapterName>
    </StatusIconDef>

    <StatusIconDef>
      <ControlId>1729</ControlId>
      <Position>
        <X>0</X>
        <Y>0</Y>
      </Position>
      <Alignment>
        <TopLeft>true</TopLeft>
      </Alignment>
      <TemplateName>realmwar_battle_large</TemplateName>
      <AdapterName></AdapterName>
    </StatusIconDef>

    <!--Small Reports-->

    <StatusIconDef>
      <ControlId>1800</ControlId>
      <Position>
        <X>0</X>
        <Y>0</Y>
      </Position>
      <Alignment>
        <TopLeft>true</TopLeft>
      </Alignment>
      <TemplateName>realmwar_scouting_small</TemplateName>
      <AdapterName></AdapterName>
    </StatusIconDef>

    <StatusIconDef>
      <ControlId>1801</ControlId>
      <Position>
        <X>0</X>
        <Y>0</Y>
      </Position>
      <Alignment>
        <TopLeft>true</TopLeft>
      </Alignment>
      <TemplateName>realmwar_scouting_small</TemplateName>
      <AdapterName></AdapterName>
    </StatusIconDef>

    <StatusIconDef>
      <ControlId>1802</ControlId>
      <Position>
        <X>0</X>
        <Y>0</Y>
      </Position>
      <Alignment>
        <TopLeft>true</TopLeft>
      </Alignment>
      <TemplateName>realmwar_scouting_small</TemplateName>
      <AdapterName></AdapterName>
    </StatusIconDef>

    <StatusIconDef>
      <ControlId>1803</ControlId>
      <Position>
        <X>0</X>
        <Y>0</Y>
      </Position>
      <Alignment>
        <TopLeft>true</TopLeft>
      </Alignment>
      <TemplateName>realmwar_scouting_small</TemplateName>
      <AdapterName></AdapterName>
    </StatusIconDef>

    <StatusIconDef>
      <ControlId>1804</ControlId>
      <Position>
        <X>0</X>
        <Y>0</Y>
      </Position>
      <Alignment>
        <TopLeft>true</TopLeft>
      </Alignment>
      <TemplateName>realmwar_scouting_small</TemplateName>
      <AdapterName></AdapterName>
    </StatusIconDef>

    <StatusIconDef>
      <ControlId>1805</ControlId>
      <Position>
        <X>0</X>
        <Y>0</Y>
      </Position>
      <Alignment>
        <TopLeft>true</TopLeft>
      </Alignment>
      <TemplateName>realmwar_scouting_small</TemplateName>
      <AdapterName></AdapterName>
    </StatusIconDef>

    <StatusIconDef>
      <ControlId>1806</ControlId>
      <Position>
        <X>0</X>
        <Y>0</Y>
      </Position>
      <Alignment>
        <TopLeft>true</TopLeft>
      </Alignment>
      <TemplateName>realmwar_scouting_small</TemplateName>
      <AdapterName></AdapterName>
    </StatusIconDef>

    <StatusIconDef>
      <ControlId>1807</ControlId>
      <Position>
        <X>0</X>
        <Y>0</Y>
      </Position>
      <Alignment>
        <TopLeft>true</TopLeft>
      </Alignment>
      <TemplateName>realmwar_scouting_small</TemplateName>
      <AdapterName></AdapterName>
    </StatusIconDef>

    <StatusIconDef>
      <ControlId>1808</ControlId>
      <Position>
        <X>0</X>
        <Y>0</Y>
      </Position>
      <Alignment>
        <TopLeft>true</TopLeft>
      </Alignment>
      <TemplateName>realmwar_scouting_small</TemplateName>
      <AdapterName></AdapterName>
    </StatusIconDef>

    <StatusIconDef>
      <ControlId>1809</ControlId>
      <Position>
        <X>0</X>
        <Y>0</Y>
      </Position>
      <Alignment>
        <TopLeft>true</TopLeft>
      </Alignment>
      <TemplateName>realmwar_scouting_small</TemplateName>
      <AdapterName></AdapterName>
    </StatusIconDef>

    <!--Medium Reports-->

    <StatusIconDef>
      <ControlId>1810</ControlId>
      <Position>
        <X>0</X>
        <Y>0</Y>
      </Position>
      <Alignment>
        <TopLeft>true</TopLeft>
      </Alignment>
      <TemplateName>realmwar_scouting_medium</TemplateName>
      <AdapterName></AdapterName>
    </StatusIconDef>

    <StatusIconDef>
      <ControlId>1811</ControlId>
      <Position>
        <X>0</X>
        <Y>0</Y>
      </Position>
      <Alignment>
        <TopLeft>true</TopLeft>
      </Alignment>
      <TemplateName>realmwar_scouting_medium</TemplateName>
      <AdapterName></AdapterName>
    </StatusIconDef>

    <StatusIconDef>
      <ControlId>1812</ControlId>
      <Position>
        <X>0</X>
        <Y>0</Y>
      </Position>
      <Alignment>
        <TopLeft>true</TopLeft>
      </Alignment>
      <TemplateName>realmwar_scouting_medium</TemplateName>
      <AdapterName></AdapterName>
    </StatusIconDef>

    <StatusIconDef>
      <ControlId>1813</ControlId>
      <Position>
        <X>0</X>
        <Y>0</Y>
      </Position>
      <Alignment>
        <TopLeft>true</TopLeft>
      </Alignment>
      <TemplateName>realmwar_scouting_medium</TemplateName>
      <AdapterName></AdapterName>
    </StatusIconDef>

    <StatusIconDef>
      <ControlId>1814</ControlId>
      <Position>
        <X>0</X>
        <Y>0</Y>
      </Position>
      <Alignment>
        <TopLeft>true</TopLeft>
      </Alignment>
      <TemplateName>realmwar_scouting_medium</TemplateName>
      <AdapterName></AdapterName>
    </StatusIconDef>

    <StatusIconDef>
      <ControlId>1815</ControlId>
      <Position>
        <X>0</X>
        <Y>0</Y>
      </Position>
      <Alignment>
        <TopLeft>true</TopLeft>
      </Alignment>
      <TemplateName>realmwar_scouting_medium</TemplateName>
      <AdapterName></AdapterName>
    </StatusIconDef>

    <StatusIconDef>
      <ControlId>1816</ControlId>
      <Position>
        <X>0</X>
        <Y>0</Y>
      </Position>
      <Alignment>
        <TopLeft>true</TopLeft>
      </Alignment>
      <TemplateName>realmwar_scouting_medium</TemplateName>
      <AdapterName></AdapterName>
    </StatusIconDef>

    <StatusIconDef>
      <ControlId>1817</ControlId>
      <Position>
        <X>0</X>
        <Y>0</Y>
      </Position>
      <Alignment>
        <TopLeft>true</TopLeft>
      </Alignment>
      <TemplateName>realmwar_scouting_medium</TemplateName>
      <AdapterName></AdapterName>
    </StatusIconDef>

    <StatusIconDef>
      <ControlId>1818</ControlId>
      <Position>
        <X>0</X>
        <Y>0</Y>
      </Position>
      <Alignment>
        <TopLeft>true</TopLeft>
      </Alignment>
      <TemplateName>realmwar_scouting_medium</TemplateName>
      <AdapterName></AdapterName>
    </StatusIconDef>

    <StatusIconDef>
      <ControlId>1819</ControlId>
      <Position>
        <X>0</X>
        <Y>0</Y>
      </Position>
      <Alignment>
        <TopLeft>true</TopLeft>
      </Alignment>
      <TemplateName>realmwar_scouting_medium</TemplateName>
      <AdapterName></AdapterName>
    </StatusIconDef>

    <!--Large Reports-->

    <StatusIconDef>
      <ControlId>1820</ControlId>
      <Position>
        <X>0</X>
        <Y>0</Y>
      </Position>
      <Alignment>
        <TopLeft>true</TopLeft>
      </Alignment>
      <TemplateName>realmwar_scouting_large</TemplateName>
      <AdapterName></AdapterName>
    </StatusIconDef>

    <StatusIconDef>
      <ControlId>1821</ControlId>
      <Position>
        <X>0</X>
        <Y>0</Y>
      </Position>
      <Alignment>
        <TopLeft>true</TopLeft>
      </Alignment>
      <TemplateName>realmwar_scouting_large</TemplateName>
      <AdapterName></AdapterName>
    </StatusIconDef>

    <StatusIconDef>
      <ControlId>1822</ControlId>
      <Position>
        <X>0</X>
        <Y>0</Y>
      </Position>
      <Alignment>
        <TopLeft>true</TopLeft>
      </Alignment>
      <TemplateName>realmwar_scouting_large</TemplateName>
      <AdapterName></AdapterName>
    </StatusIconDef>

    <StatusIconDef>
      <ControlId>1823</ControlId>
      <Position>
        <X>0</X>
        <Y>0</Y>
      </Position>
      <Alignment>
        <TopLeft>true</TopLeft>
      </Alignment>
      <TemplateName>realmwar_scouting_large</TemplateName>
      <AdapterName></AdapterName>
    </StatusIconDef>

    <StatusIconDef>
      <ControlId>1824</ControlId>
      <Position>
        <X>0</X>
        <Y>0</Y>
      </Position>
      <Alignment>
        <TopLeft>true</TopLeft>
      </Alignment>
      <TemplateName>realmwar_scouting_large</TemplateName>
      <AdapterName></AdapterName>
    </StatusIconDef>

    <StatusIconDef>
      <ControlId>1825</ControlId>
      <Position>
        <X>0</X>
        <Y>0</Y>
      </Position>
      <Alignment>
        <TopLeft>true</TopLeft>
      </Alignment>
      <TemplateName>realmwar_scouting_large</TemplateName>
      <AdapterName></AdapterName>
    </StatusIconDef>

    <StatusIconDef>
      <ControlId>1826</ControlId>
      <Position>
        <X>0</X>
        <Y>0</Y>
      </Position>
      <Alignment>
        <TopLeft>true</TopLeft>
      </Alignment>
      <TemplateName>realmwar_scouting_large</TemplateName>
      <AdapterName></AdapterName>
    </StatusIconDef>

    <StatusIconDef>
      <ControlId>1827</ControlId>
      <Position>
        <X>0</X>
        <Y>0</Y>
      </Position>
      <Alignment>
        <TopLeft>true</TopLeft>
      </Alignment>
      <TemplateName>realmwar_scouting_large</TemplateName>
      <AdapterName></AdapterName>
    </StatusIconDef>

    <StatusIconDef>
      <ControlId>1828</ControlId>
      <Position>
        <X>0</X>
        <Y>0</Y>
      </Position>
      <Alignment>
        <TopLeft>true</TopLeft>
      </Alignment>
      <TemplateName>realmwar_scouting_large</TemplateName>
      <AdapterName></AdapterName>
    </StatusIconDef>

    <StatusIconDef>
      <ControlId>1829</ControlId>
      <Position>
        <X>0</X>
        <Y>0</Y>
      </Position>
      <Alignment>
        <TopLeft>true</TopLeft>
      </Alignment>
      <TemplateName>realmwar_scouting_large</TemplateName>
      <AdapterName></AdapterName>
    </StatusIconDef>

    <!--Towers-->

    <StatusIconDef>
      <ControlId>1300</ControlId>
      <Position>
        <X>0</X>
        <Y>0</Y>
      </Position>
      <Alignment>
        <TopLeft>true</TopLeft>
      </Alignment>
      <TemplateName>realmwar_tower</TemplateName>
      <AdapterName></AdapterName>
    </StatusIconDef>

    <StatusIconDef>
      <ControlId>1301</ControlId>
      <Position>
        <X>0</X>
        <Y>0</Y>
      </Position>
      <Alignment>
        <TopLeft>true</TopLeft>
      </Alignment>
      <TemplateName>realmwar_tower</TemplateName>
      <AdapterName></AdapterName>
    </StatusIconDef>

    <StatusIconDef>
      <ControlId>1302</ControlId>
      <Position>
        <X>0</X>
        <Y>0</Y>
      </Position>
      <Alignment>
        <TopLeft>true</TopLeft>
      </Alignment>
      <TemplateName>realmwar_tower</TemplateName>
      <AdapterName></AdapterName>
    </StatusIconDef>

    <StatusIconDef>
      <ControlId>1303</ControlId>
      <Position>
        <X>0</X>
        <Y>0</Y>
      </Position>
      <Alignment>
        <TopLeft>true</TopLeft>
      </Alignment>
      <TemplateName>realmwar_tower</TemplateName>
      <AdapterName></AdapterName>
    </StatusIconDef>

    <StatusIconDef>
      <ControlId>1304</ControlId>
      <Position>
        <X>0</X>
        <Y>0</Y>
      </Position>
      <Alignment>
        <TopLeft>true</TopLeft>
      </Alignment>
      <TemplateName>realmwar_tower</TemplateName>
      <AdapterName></AdapterName>
    </StatusIconDef>

    <StatusIconDef>
      <ControlId>1305</ControlId>
      <Position>
        <X>0</X>
        <Y>0</Y>
      </Position>
      <Alignment>
        <TopLeft>true</TopLeft>
      </Alignment>
      <TemplateName>realmwar_tower</TemplateName>
      <AdapterName></AdapterName>
    </StatusIconDef>

    <StatusIconDef>
      <ControlId>1306</ControlId>
      <Position>
        <X>0</X>
        <Y>0</Y>
      </Position>
      <Alignment>
        <TopLeft>true</TopLeft>
      </Alignment>
      <TemplateName>realmwar_tower</TemplateName>
      <AdapterName></AdapterName>
    </StatusIconDef>

    <StatusIconDef>
      <ControlId>1307</ControlId>
      <Position>
        <X>0</X>
        <Y>0</Y>
      </Position>
      <Alignment>
        <TopLeft>true</TopLeft>
      </Alignment>
      <TemplateName>realmwar_tower</TemplateName>
      <AdapterName></AdapterName>
    </StatusIconDef>

    <StatusIconDef>
      <ControlId>1308</ControlId>
      <Position>
        <X>0</X>
        <Y>0</Y>
      </Position>
      <Alignment>
        <TopLeft>true</TopLeft>
      </Alignment>
      <TemplateName>realmwar_tower</TemplateName>
      <AdapterName></AdapterName>
    </StatusIconDef>

    <StatusIconDef>
      <ControlId>1309</ControlId>
      <Position>
        <X>0</X>
        <Y>0</Y>
      </Position>
      <Alignment>
        <TopLeft>true</TopLeft>
      </Alignment>
      <TemplateName>realmwar_tower</TemplateName>
      <AdapterName></AdapterName>
    </StatusIconDef>

    <StatusIconDef>
      <ControlId>1310</ControlId>
      <Position>
        <X>0</X>
        <Y>0</Y>
      </Position>
      <Alignment>
        <TopLeft>true</TopLeft>
      </Alignment>
      <TemplateName>realmwar_tower</TemplateName>
      <AdapterName></AdapterName>
    </StatusIconDef>

    <StatusIconDef>
      <ControlId>1311</ControlId>
      <Position>
        <X>0</X>
        <Y>0</Y>
      </Position>
      <Alignment>
        <TopLeft>true</TopLeft>
      </Alignment>
      <TemplateName>realmwar_tower</TemplateName>
      <AdapterName></AdapterName>
    </StatusIconDef>

    <StatusIconDef>
      <ControlId>1312</ControlId>
      <Position>
        <X>0</X>
        <Y>0</Y>
      </Position>
      <Alignment>
        <TopLeft>true</TopLeft>
      </Alignment>
      <TemplateName>realmwar_tower</TemplateName>
      <AdapterName></AdapterName>
    </StatusIconDef>

    <StatusIconDef>
      <ControlId>1313</ControlId>
      <Position>
        <X>0</X>
        <Y>0</Y>
      </Position>
      <Alignment>
        <TopLeft>true</TopLeft>
      </Alignment>
      <TemplateName>realmwar_tower</TemplateName>
      <AdapterName></AdapterName>
    </StatusIconDef>

    <StatusIconDef>
      <ControlId>1314</ControlId>
      <Position>
        <X>0</X>
        <Y>0</Y>
      </Position>
      <Alignment>
        <TopLeft>true</TopLeft>
      </Alignment>
      <TemplateName>realmwar_tower</TemplateName>
      <AdapterName></AdapterName>
    </StatusIconDef>

    <StatusIconDef>
      <ControlId>1315</ControlId>
      <Position>
        <X>0</X>
        <Y>0</Y>
      </Position>
      <Alignment>
        <TopLeft>true</TopLeft>
      </Alignment>
      <TemplateName>realmwar_tower</TemplateName>
      <AdapterName></AdapterName>
    </StatusIconDef>

    <StatusIconDef>
      <ControlId>1316</ControlId>
      <Position>
        <X>0</X>
        <Y>0</Y>
      </Position>
      <Alignment>
        <TopLeft>true</TopLeft>
      </Alignment>
      <TemplateName>realmwar_tower</TemplateName>
      <AdapterName></AdapterName>
    </StatusIconDef>

    <StatusIconDef>
      <ControlId>1317</ControlId>
      <Position>
        <X>0</X>
        <Y>0</Y>
      </Position>
      <Alignment>
        <TopLeft>true</TopLeft>
      </Alignment>
      <TemplateName>realmwar_tower</TemplateName>
      <AdapterName></AdapterName>
    </StatusIconDef>

    <StatusIconDef>
      <ControlId>1318</ControlId>
      <Position>
        <X>0</X>
        <Y>0</Y>
      </Position>
      <Alignment>
        <TopLeft>true</TopLeft>
      </Alignment>
      <TemplateName>realmwar_tower</TemplateName>
      <AdapterName></AdapterName>
    </StatusIconDef>

    <StatusIconDef>
      <ControlId>1319</ControlId>
      <Position>
        <X>0</X>
        <Y>0</Y>
      </Position>
      <Alignment>
        <TopLeft>true</TopLeft>
      </Alignment>
      <TemplateName>realmwar_tower</TemplateName>
      <AdapterName></AdapterName>
    </StatusIconDef>

    <StatusIconDef>
      <ControlId>1320</ControlId>
      <Position>
        <X>0</X>
        <Y>0</Y>
      </Position>
      <Alignment>
        <TopLeft>true</TopLeft>
      </Alignment>
      <TemplateName>realmwar_tower</TemplateName>
      <AdapterName></AdapterName>
    </StatusIconDef>

    <StatusIconDef>
      <ControlId>1321</ControlId>
      <Position>
        <X>0</X>
        <Y>0</Y>
      </Position>
      <Alignment>
        <TopLeft>true</TopLeft>
      </Alignment>
      <TemplateName>realmwar_tower</TemplateName>
      <AdapterName></AdapterName>
    </StatusIconDef>

    <StatusIconDef>
      <ControlId>1322</ControlId>
      <Position>
        <X>0</X>
        <Y>0</Y>
      </Position>
      <Alignment>
        <TopLeft>true</TopLeft>
      </Alignment>
      <TemplateName>realmwar_tower</TemplateName>
      <AdapterName></AdapterName>
    </StatusIconDef>

    <StatusIconDef>
      <ControlId>1323</ControlId>
      <Position>
        <X>0</X>
        <Y>0</Y>
      </Position>
      <Alignment>
        <TopLeft>true</TopLeft>
      </Alignment>
      <TemplateName>realmwar_tower</TemplateName>
      <AdapterName></AdapterName>
    </StatusIconDef>

    <StatusIconDef>
      <ControlId>1324</ControlId>
      <Position>
        <X>0</X>
        <Y>0</Y>
      </Position>
      <Alignment>
        <TopLeft>true</TopLeft>
      </Alignment>
      <TemplateName>realmwar_tower</TemplateName>
      <AdapterName></AdapterName>
    </StatusIconDef>

    <StatusIconDef>
      <ControlId>1325</ControlId>
      <Position>
        <X>0</X>
        <Y>0</Y>
      </Position>
      <Alignment>
        <TopLeft>true</TopLeft>
      </Alignment>
      <TemplateName>realmwar_tower</TemplateName>
      <AdapterName></AdapterName>
    </StatusIconDef>

    <StatusIconDef>
      <ControlId>1326</ControlId>
      <Position>
        <X>0</X>
        <Y>0</Y>
      </Position>
      <Alignment>
        <TopLeft>true</TopLeft>
      </Alignment>
      <TemplateName>realmwar_tower</TemplateName>
      <AdapterName></AdapterName>
    </StatusIconDef>

    <StatusIconDef>
      <ControlId>1327</ControlId>
      <Position>
        <X>0</X>
        <Y>0</Y>
      </Position>
      <Alignment>
        <TopLeft>true</TopLeft>
      </Alignment>
      <TemplateName>realmwar_tower</TemplateName>
      <AdapterName></AdapterName>
    </StatusIconDef>

    <!--Keeps-->

    <StatusIconDef>
      <ControlId>1400</ControlId>
      <Position>
        <X>0</X>
        <Y>0</Y>
      </Position>
      <Alignment>
        <TopLeft>true</TopLeft>
      </Alignment>
      <TemplateName>realmwar_keep</TemplateName>
      <AdapterName></AdapterName>
    </StatusIconDef>

    <StatusIconDef>
      <ControlId>1401</ControlId>
      <Position>
        <X>0</X>
        <Y>0</Y>
      </Position>
      <Alignment>
        <TopLeft>true</TopLeft>
      </Alignment>
      <TemplateName>realmwar_keep</TemplateName>
      <AdapterName></AdapterName>
    </StatusIconDef>

    <StatusIconDef>
      <ControlId>1402</ControlId>
      <Position>
        <X>0</X>
        <Y>0</Y>
      </Position>
      <Alignment>
        <TopLeft>true</TopLeft>
      </Alignment>
      <TemplateName>realmwar_keep</TemplateName>
      <AdapterName></AdapterName>
    </StatusIconDef>

    <StatusIconDef>
      <ControlId>1403</ControlId>
      <Position>
        <X>0</X>
        <Y>0</Y>
      </Position>
      <Alignment>
        <TopLeft>true</TopLeft>
      </Alignment>
      <TemplateName>realmwar_keep</TemplateName>
      <AdapterName></AdapterName>
    </StatusIconDef>

    <StatusIconDef>
      <ControlId>1404</ControlId>
      <Position>
        <X>0</X>
        <Y>0</Y>
      </Position>
      <Alignment>
        <TopLeft>true</TopLeft>
      </Alignment>
      <TemplateName>realmwar_keep</TemplateName>
      <AdapterName></AdapterName>
    </StatusIconDef>

    <StatusIconDef>
      <ControlId>1405</ControlId>
      <Position>
        <X>0</X>
        <Y>0</Y>
      </Position>
      <Alignment>
        <TopLeft>true</TopLeft>
      </Alignment>
      <TemplateName>realmwar_keep</TemplateName>
      <AdapterName></AdapterName>
    </StatusIconDef>

    <StatusIconDef>
      <ControlId>1406</ControlId>
      <Position>
        <X>0</X>
        <Y>0</Y>
      </Position>
      <Alignment>
        <TopLeft>true</TopLeft>
      </Alignment>
      <TemplateName>realmwar_keep</TemplateName>
      <AdapterName></AdapterName>
    </StatusIconDef>

    <ImageAreaDef>
      <ControlId>1407</ControlId>
      <Position>
        <X>0</X>
        <Y>0</Y>
      </Position>
      <Alignment>
        <TopLeft>true</TopLeft>
      </Alignment>
      <TemplateName>relic_symbol</TemplateName>
    </ImageAreaDef>

    <ImageAreaDef>
      <ControlId>1408</ControlId>
      <Position>
        <X>0</X>
        <Y>0</Y>
      </Position>
      <Alignment>
        <TopLeft>true</TopLeft>
      </Alignment>
      <TemplateName>relic_symbol</TemplateName>
    </ImageAreaDef>

    <StatusIconDef>
      <ControlId>1409</ControlId>
      <Position>
        <X>0</X>
        <Y>0</Y>
      </Position>
      <Alignment>
        <TopLeft>true</TopLeft>
      </Alignment>
      <TemplateName>realmwar_keep</TemplateName>
      <AdapterName></AdapterName>
    </StatusIconDef>

    <StatusIconDef>
      <ControlId>1410</ControlId>
      <Position>
        <X>0</X>
        <Y>0</Y>
      </Position>
      <Alignment>
        <TopLeft>true</TopLeft>
      </Alignment>
      <TemplateName>realmwar_keep</TemplateName>
      <AdapterName></AdapterName>
    </StatusIconDef>

    <!--Milegates-->

    <StatusIconDef>
      <ControlId>1500</ControlId>
      <Position>
        <X>0</X>
        <Y>0</Y>
      </Position>
      <Alignment>
        <TopLeft>true</TopLeft>
      </Alignment>
      <TemplateName>realmwar_milegate</TemplateName>
      <AdapterName></AdapterName>
    </StatusIconDef>

    <StatusIconDef>
      <ControlId>1501</ControlId>
      <Position>
        <X>0</X>
        <Y>0</Y>
      </Position>
      <Alignment>
        <TopLeft>true</TopLeft>
      </Alignment>
      <TemplateName>realmwar_milegate</TemplateName>
      <AdapterName></AdapterName>
    </StatusIconDef>

    <StatusIconDef>
      <ControlId>1502</ControlId>
      <Position>
        <X>0</X>
        <Y>0</Y>
      </Position>
      <Alignment>
        <TopLeft>true</TopLeft>
      </Alignment>
      <TemplateName>realmwar_milegate</TemplateName>
      <AdapterName></AdapterName>
    </StatusIconDef>

    <StatusIconDef>
      <ControlId>1503</ControlId>
      <Position>
        <X>0</X>
        <Y>0</Y>
      </Position>
      <Alignment>
        <TopLeft>true</TopLeft>
      </Alignment>
      <TemplateName>realmwar_milegate</TemplateName>
      <AdapterName></AdapterName>
    </StatusIconDef>

    <!--Player Position-->

    <ImageAreaDef>
      <ControlId>2013</ControlId>
      <Position>
        <X>0</X>
        <Y>0</Y>
      </Position>
      <Alignment>
        <TopLeft>true</TopLeft>
      </Alignment>
      <TemplateName>player_location</TemplateName>
    </ImageAreaDef>

    <!--Tower Hotspots-->

    <InvisibleButtonDef>
      <ControlId>3300</ControlId>
      <Position>
        <X>0</X>
        <Y>0</Y>
      </Position>
      <Alignment>
        <TopLeft>true</TopLeft>
      </Alignment>
      <Label></Label>
      <OnClickEvent>WarmapTowerSelect0</OnClickEvent>
      <Width>16</Width>
      <Height>16</Height>
    </InvisibleButtonDef>

    <InvisibleButtonDef>
      <ControlId>3301</ControlId>
      <Position>
        <X>0</X>
        <Y>0</Y>
      </Position>
      <Alignment>
        <TopLeft>true</TopLeft>
      </Alignment>
      <Label></Label>
      <OnClickEvent>WarmapTowerSelect1</OnClickEvent>
      <Width>16</Width>
      <Height>16</Height>
    </InvisibleButtonDef>

    <InvisibleButtonDef>
      <ControlId>3302</ControlId>
      <Position>
        <X>0</X>
        <Y>0</Y>
      </Position>
      <Alignment>
        <TopLeft>true</TopLeft>
      </Alignment>
      <Label></Label>
      <OnClickEvent>WarmapTowerSelect2</OnClickEvent>
      <Width>16</Width>
      <Height>16</Height>
    </InvisibleButtonDef>

    <InvisibleButtonDef>
      <ControlId>3303</ControlId>
      <Position>
        <X>0</X>
        <Y>0</Y>
      </Position>
      <Alignment>
        <TopLeft>true</TopLeft>
      </Alignment>
      <Label></Label>
      <OnClickEvent>WarmapTowerSelect3</OnClickEvent>
      <Width>16</Width>
      <Height>16</Height>
    </InvisibleButtonDef>

    <InvisibleButtonDef>
      <ControlId>3304</ControlId>
      <Position>
        <X>0</X>
        <Y>0</Y>
      </Position>
      <Alignment>
        <TopLeft>true</TopLeft>
      </Alignment>
      <Label></Label>
      <OnClickEvent>WarmapTowerSelect4</OnClickEvent>
      <Width>16</Width>
      <Height>16</Height>
    </InvisibleButtonDef>

    <InvisibleButtonDef>
      <ControlId>3305</ControlId>
      <Position>
        <X>0</X>
        <Y>0</Y>
      </Position>
      <Alignment>
        <TopLeft>true</TopLeft>
      </Alignment>
      <Label></Label>
      <OnClickEvent>WarmapTowerSelect5</OnClickEvent>
      <Width>16</Width>
      <Height>16</Height>
    </InvisibleButtonDef>

    <InvisibleButtonDef>
      <ControlId>3306</ControlId>
      <Position>
        <X>0</X>
        <Y>0</Y>
      </Position>
      <Alignment>
        <TopLeft>true</TopLeft>
      </Alignment>
      <Label></Label>
      <OnClickEvent>WarmapTowerSelect6</OnClickEvent>
      <Width>16</Width>
      <Height>16</Height>
    </InvisibleButtonDef>

    <InvisibleButtonDef>
      <ControlId>3307</ControlId>
      <Position>
        <X>0</X>
        <Y>0</Y>
      </Position>
      <Alignment>
        <TopLeft>true</TopLeft>
      </Alignment>
      <Label></Label>
      <OnClickEvent>WarmapTowerSelect7</OnClickEvent>
      <Width>16</Width>
      <Height>16</Height>
    </InvisibleButtonDef>

    <InvisibleButtonDef>
      <ControlId>3308</ControlId>
      <Position>
        <X>0</X>
        <Y>0</Y>
      </Position>
      <Alignment>
        <TopLeft>true</TopLeft>
      </Alignment>
      <Label></Label>
      <OnClickEvent>WarmapTowerSelect8</OnClickEvent>
      <Width>16</Width>
      <Height>16</Height>
    </InvisibleButtonDef>

    <InvisibleButtonDef>
      <ControlId>3309</ControlId>
      <Position>
        <X>0</X>
        <Y>0</Y>
      </Position>
      <Alignment>
        <TopLeft>true</TopLeft>
      </Alignment>
      <Label></Label>
      <OnClickEvent>WarmapTowerSelect9</OnClickEvent>
      <Width>16</Width>
      <Height>16</Height>
    </InvisibleButtonDef>

    <InvisibleButtonDef>
      <ControlId>3310</ControlId>
      <Position>
        <X>0</X>
        <Y>0</Y>
      </Position>
      <Alignment>
        <TopLeft>true</TopLeft>
      </Alignment>
      <Label></Label>
      <OnClickEvent>WarmapTowerSelect10</OnClickEvent>
      <Width>16</Width>
      <Height>16</Height>
    </InvisibleButtonDef>

    <InvisibleButtonDef>
      <ControlId>3311</ControlId>
      <Position>
        <X>0</X>
        <Y>0</Y>
      </Position>
      <Alignment>
        <TopLeft>true</TopLeft>
      </Alignment>
      <Label></Label>
      <OnClickEvent>WarmapTowerSelect11</OnClickEvent>
      <Width>16</Width>
      <Height>16</Height>
    </InvisibleButtonDef>

    <InvisibleButtonDef>
      <ControlId>3312</ControlId>
      <Position>
        <X>0</X>
        <Y>0</Y>
      </Position>
      <Alignment>
        <TopLeft>true</TopLeft>
      </Alignment>
      <Label></Label>
      <OnClickEvent>WarmapTowerSelect12</OnClickEvent>
      <Width>16</Width>
      <Height>16</Height>
    </InvisibleButtonDef>

    <InvisibleButtonDef>
      <ControlId>3313</ControlId>
      <Position>
        <X>0</X>
        <Y>0</Y>
      </Position>
      <Alignment>
        <TopLeft>true</TopLeft>
      </Alignment>
      <Label></Label>
      <OnClickEvent>WarmapTowerSelect13</OnClickEvent>
      <Width>16</Width>
      <Height>16</Height>
    </InvisibleButtonDef>

    <InvisibleButtonDef>
      <ControlId>3314</ControlId>
      <Position>
        <X>0</X>
        <Y>0</Y>
      </Position>
      <Alignment>
        <TopLeft>true</TopLeft>
      </Alignment>
      <Label></Label>
      <OnClickEvent>WarmapTowerSelect14</OnClickEvent>
      <Width>16</Width>
      <Height>16</Height>
    </InvisibleButtonDef>

    <InvisibleButtonDef>
      <ControlId>3315</ControlId>
      <Position>
        <X>0</X>
        <Y>0</Y>
      </Position>
      <Alignment>
        <TopLeft>true</TopLeft>
      </Alignment>
      <Label></Label>
      <OnClickEvent>WarmapTowerSelect15</OnClickEvent>
      <Width>16</Width>
      <Height>16</Height>
    </InvisibleButtonDef>

    <InvisibleButtonDef>
      <ControlId>3316</ControlId>
      <Position>
        <X>0</X>
        <Y>0</Y>
      </Position>
      <Alignment>
        <TopLeft>true</TopLeft>
      </Alignment>
      <Label></Label>
      <OnClickEvent>WarmapTowerSelect16</OnClickEvent>
      <Width>16</Width>
      <Height>16</Height>
    </InvisibleButtonDef>

    <InvisibleButtonDef>
      <ControlId>3317</ControlId>
      <Position>
        <X>0</X>
        <Y>0</Y>
      </Position>
      <Alignment>
        <TopLeft>true</TopLeft>
      </Alignment>
      <Label></Label>
      <OnClickEvent>WarmapTowerSelect17</OnClickEvent>
      <Width>16</Width>
      <Height>16</Height>
    </InvisibleButtonDef>

    <InvisibleButtonDef>
      <ControlId>3318</ControlId>
      <Position>
        <X>0</X>
        <Y>0</Y>
      </Position>
      <Alignment>
        <TopLeft>true</TopLeft>
      </Alignment>
      <Label></Label>
      <OnClickEvent>WarmapTowerSelect18</OnClickEvent>
      <Width>16</Width>
      <Height>16</Height>
    </InvisibleButtonDef>

    <InvisibleButtonDef>
      <ControlId>3319</ControlId>
      <Position>
        <X>0</X>
        <Y>0</Y>
      </Position>
      <Alignment>
        <TopLeft>true</TopLeft>
      </Alignment>
      <Label></Label>
      <OnClickEvent>WarmapTowerSelect19</OnClickEvent>
      <Width>16</Width>
      <Height>16</Height>
    </InvisibleButtonDef>

    <InvisibleButtonDef>
      <ControlId>3320</ControlId>
      <Position>
        <X>0</X>
        <Y>0</Y>
      </Position>
      <Alignment>
        <TopLeft>true</TopLeft>
      </Alignment>
      <Label></Label>
      <OnClickEvent>WarmapTowerSelect20</OnClickEvent>
      <Width>16</Width>
      <Height>16</Height>
    </InvisibleButtonDef>

    <InvisibleButtonDef>
      <ControlId>3321</ControlId>
      <Position>
        <X>0</X>
        <Y>0</Y>
      </Position>
      <Alignment>
        <TopLeft>true</TopLeft>
      </Alignment>
      <Label></Label>
      <OnClickEvent>WarmapTowerSelect21</OnClickEvent>
      <Width>16</Width>
      <Height>16</Height>
    </InvisibleButtonDef>

    <InvisibleButtonDef>
      <ControlId>3322</ControlId>
      <Position>
        <X>0</X>
        <Y>0</Y>
      </Position>
      <Alignment>
        <TopLeft>true</TopLeft>
      </Alignment>
      <Label></Label>
      <OnClickEvent>WarmapTowerSelect22</OnClickEvent>
      <Width>16</Width>
      <Height>16</Height>
    </InvisibleButtonDef>

    <InvisibleButtonDef>
      <ControlId>3323</ControlId>
      <Position>
        <X>0</X>
        <Y>0</Y>
      </Position>
      <Alignment>
        <TopLeft>true</TopLeft>
      </Alignment>
      <Label></Label>
      <OnClickEvent>WarmapTowerSelect23</OnClickEvent>
      <Width>16</Width>
      <Height>16</Height>
    </InvisibleButtonDef>

    <InvisibleButtonDef>
      <ControlId>3324</ControlId>
      <Position>
        <X>0</X>
        <Y>0</Y>
      </Position>
      <Alignment>
        <TopLeft>true</TopLeft>
      </Alignment>
      <Label></Label>
      <OnClickEvent>WarmapTowerSelect24</OnClickEvent>
      <Width>16</Width>
      <Height>16</Height>
    </InvisibleButtonDef>

    <InvisibleButtonDef>
      <ControlId>3325</ControlId>
      <Position>
        <X>0</X>
        <Y>0</Y>
      </Position>
      <Alignment>
        <TopLeft>true</TopLeft>
      </Alignment>
      <Label></Label>
      <OnClickEvent>WarmapTowerSelect25</OnClickEvent>
      <Width>16</Width>
      <Height>16</Height>
    </InvisibleButtonDef>

    <InvisibleButtonDef>
      <ControlId>3326</ControlId>
      <Position>
        <X>0</X>
        <Y>0</Y>
      </Position>
      <Alignment>
        <TopLeft>true</TopLeft>
      </Alignment>
      <Label></Label>
      <OnClickEvent>WarmapTowerSelect26</OnClickEvent>
      <Width>16</Width>
      <Height>16</Height>
    </InvisibleButtonDef>

    <InvisibleButtonDef>
      <ControlId>3327</ControlId>
      <Position>
        <X>0</X>
        <Y>0</Y>
      </Position>
      <Alignment>
        <TopLeft>true</TopLeft>
      </Alignment>
      <Label></Label>
      <OnClickEvent>WarmapTowerSelect27</OnClickEvent>
      <Width>16</Width>
      <Height>16</Height>
    </InvisibleButtonDef>

    <!--Keep Hotspots-->

    <InvisibleButtonDef>
      <ControlId>3400</ControlId>
      <Position>
        <X>0</X>
        <Y>0</Y>
      </Position>
      <Alignment>
        <TopLeft>true</TopLeft>
      </Alignment>
      <Label></Label>
      <OnClickEvent>WarmapKeepSelect0</OnClickEvent>
      <Width>16</Width>
      <Height>16</Height>
    </InvisibleButtonDef>

    <InvisibleButtonDef>
      <ControlId>3401</ControlId>
      <Position>
        <X>0</X>
        <Y>0</Y>
      </Position>
      <Alignment>
        <TopLeft>true</TopLeft>
      </Alignment>
      <Label></Label>
      <OnClickEvent>WarmapKeepSelect1</OnClickEvent>
      <Width>16</Width>
      <Height>16</Height>
    </InvisibleButtonDef>

    <InvisibleButtonDef>
      <ControlId>3402</ControlId>
      <Position>
        <X>0</X>
        <Y>0</Y>
      </Position>
      <Alignment>
        <TopLeft>true</TopLeft>
      </Alignment>
      <Label></Label>
      <OnClickEvent>WarmapKeepSelect2</OnClickEvent>
      <Width>16</Width>
      <Height>16</Height>
    </InvisibleButtonDef>

    <InvisibleButtonDef>
      <ControlId>3403</ControlId>
      <Position>
        <X>0</X>
        <Y>0</Y>
      </Position>
      <Alignment>
        <TopLeft>true</TopLeft>
      </Alignment>
      <Label></Label>
      <OnClickEvent>WarmapKeepSelect3</OnClickEvent>
      <Width>16</Width>
      <Height>16</Height>
    </InvisibleButtonDef>

    <InvisibleButtonDef>
      <ControlId>3404</ControlId>
      <Position>
        <X>0</X>
        <Y>0</Y>
      </Position>
      <Alignment>
        <TopLeft>true</TopLeft>
      </Alignment>
      <Label></Label>
      <OnClickEvent>WarmapKeepSelect4</OnClickEvent>
      <Width>16</Width>
      <Height>16</Height>
    </InvisibleButtonDef>

    <InvisibleButtonDef>
      <ControlId>3405</ControlId>
      <Position>
        <X>0</X>
        <Y>0</Y>
      </Position>
      <Alignment>
        <TopLeft>true</TopLeft>
      </Alignment>
      <Label></Label>
      <OnClickEvent>WarmapKeepSelect5</OnClickEvent>
      <Width>16</Width>
      <Height>16</Height>
    </InvisibleButtonDef>

    <InvisibleButtonDef>
      <ControlId>3406</ControlId>
      <Position>
        <X>0</X>
        <Y>0</Y>
      </Position>
      <Alignment>
        <TopLeft>true</TopLeft>
      </Alignment>
      <Label></Label>
      <OnClickEvent>WarmapKeepSelect6</OnClickEvent>
      <Width>16</Width>
      <Height>16</Height>
    </InvisibleButtonDef>

    <InvisibleButtonDef>
      <ControlId>3407</ControlId>
      <Position>
        <X>0</X>
        <Y>0</Y>
      </Position>
      <Alignment>
        <TopLeft>true</TopLeft>
      </Alignment>
      <Label></Label>
      <OnClickEvent>WarmapPowerRelicSelect</OnClickEvent>
      <Width>16</Width>
      <Height>16</Height>
    </InvisibleButtonDef>

    <InvisibleButtonDef>
      <ControlId>3408</ControlId>
      <Position>
        <X>0</X>
        <Y>0</Y>
      </Position>
      <Alignment>
        <TopLeft>true</TopLeft>
      </Alignment>
      <Label></Label>
      <OnClickEvent>WarmapStrengthRelicSelect</OnClickEvent>
      <Width>16</Width>
      <Height>16</Height>
    </InvisibleButtonDef>

    <InvisibleButtonDef>
      <ControlId>3409</ControlId>
      <Position>
        <X>0</X>
        <Y>0</Y>
      </Position>
      <Alignment>
        <TopLeft>true</TopLeft>
      </Alignment>
      <Label></Label>
      <OnClickEvent>WarmapPowerBorderSelect</OnClickEvent>
      <Width>16</Width>
      <Height>16</Height>
    </InvisibleButtonDef>

    <InvisibleButtonDef>
      <ControlId>3410</ControlId>
      <Position>
        <X>0</X>
        <Y>0</Y>
      </Position>
      <Alignment>
        <TopLeft>true</TopLeft>
      </Alignment>
      <Label></Label>
      <OnClickEvent>WarmapStrengthBorderSelect</OnClickEvent>
      <Width>16</Width>
      <Height>16</Height>
    </InvisibleButtonDef>

  </WindowTemplate>

</Root_Element>
