<?xml version="1.0" encoding="ISO-8859-1"?>
<Root_Element ID="DAOCUi">
	<Texture>
		<Name>warmap_agramon</Name>
		<File>custom/z163.dds</File>
	</Texture>
	<ImageAreaTemplate>
		<Name>warmap_agramon</Name>
		<Size>
			<X>256</X>
			<Y>256</Y>
		</Size>
		<TopLeft>
			<X>0</X>
			<Y>0</Y>
		</TopLeft>
		<TextureName>warmap_agramon</TextureName>
	</ImageAreaTemplate>
	<WindowTemplate>
		<Name>realmwar_agramon</Name>
		<CloseButton>true</CloseButton>
		<MoveButton>true</MoveButton>
		<Width>266</Width>
		<Height>416</Height>
		<TitleWidth>266</TitleWidth>
		<TitleHeight>0</TitleHeight>
		<ResizeableWidth>0</ResizeableWidth>
		<ResizeableHeight>0</ResizeableHeight>
		<ResizeableTwoWayWidth>0</ResizeableTwoWayWidth>
		<ResizeableTwoWayHeight>0</ResizeableTwoWayHeight>
		<MinWidth>0</MinWidth>
		<MinHeight>0</MinHeight>
		<FullResizeImageDef>
			<Height>310</Height>
			<Width>266</Width>
			<Position>
				<X>0</X>
				<Y>0</Y>
			</Position>
			<TemplateName>valmer_box</TemplateName>
			<Alignment>
				<GrowWidth>true</GrowWidth>
				<GrowHeight>true</GrowHeight>
			</Alignment>
		</FullResizeImageDef>
		<!--Images-->
		<!--Control ID's are used for placing active map elements-->
		<ImageAreaDef>
			<TemplateName>warmap_agramon</TemplateName>
			<Position>
				<X>5</X>
				<Y>45</Y>
			</Position>
			<ControlId>1000</ControlId>
		</ImageAreaDef>
		<!--Mini Info-->
		<LabelDef>
			<Color>
				<R>255</R>
				<G>255</G>
				<B>255</B>
				<A>255</A>
			</Color>
			<FontName>arial11</FontName>
			<Width>128</Width>
			<Height>16</Height>
			<MaxCharacters>64</MaxCharacters>
			<Data>Keep Name</Data>
			<Position>
				<X>5</X>
				<Y>285</Y>
			</Position>
			<Adapter>realmwar_info_hib0</Adapter>
			<ColorAdapter>realmwar_info_hib</ColorAdapter>
		</LabelDef>
		<LabelDef>
			<Color>
				<R>255</R>
				<G>255</G>
				<B>255</B>
				<A>255</A>
			</Color>
			<FontName>arial9</FontName>
			<Width>128</Width>
			<Height>16</Height>
			<MaxCharacters>64</MaxCharacters>
			<Data>Realm</Data>
			<Position>
				<X>5</X>
				<Y>301</Y>
			</Position>
			<Adapter>realmwar_info_hib1</Adapter>
			<ColorAdapter>realmwar_info_hib</ColorAdapter>
		</LabelDef>
		<LabelDef>
			<Color>
				<R>255</R>
				<G>255</G>
				<B>255</B>
				<A>255</A>
			</Color>
			<FontName>arial9</FontName>
			<Width>128</Width>
			<Height>16</Height>
			<MaxCharacters>64</MaxCharacters>
			<Data>Claimed by:</Data>
			<Position>
				<X>5</X>
				<Y>317</Y>
			</Position>
			<Adapter>realmwar_info_hib2</Adapter>
			<ColorAdapter>realmwar_info_hib</ColorAdapter>
		</LabelDef>
		<LabelDef>
			<Color>
				<R>255</R>
				<G>255</G>
				<B>255</B>
				<A>255</A>
			</Color>
			<FontName>arial9</FontName>
			<Width>128</Width>
			<Height>16</Height>
			<MaxCharacters>64</MaxCharacters>
			<Data>Claiming Guild</Data>
			<Position>
				<X>5</X>
				<Y>333</Y>
			</Position>
			<Adapter>realmwar_info_hib3</Adapter>
			<ColorAdapter>realmwar_info_hib</ColorAdapter>
		</LabelDef>
		<LabelDef>
			<Color>
				<R>255</R>
				<G>255</G>
				<B>255</B>
				<A>255</A>
			</Color>
			<FontName>arial9</FontName>
			<Width>128</Width>
			<Height>16</Height>
			<MaxCharacters>64</MaxCharacters>
			<Data>Under Siege</Data>
			<Position>
				<X>5</X>
				<Y>349</Y>
			</Position>
			<Adapter>realmwar_info_hib4</Adapter>
			<ColorAdapter>realmwar_info_hib</ColorAdapter>
		</LabelDef>
		<LabelDef>
			<Color>
				<R>255</R>
				<G>255</G>
				<B>255</B>
				<A>255</A>
			</Color>
			<FontName>arial9</FontName>
			<Width>128</Width>
			<Height>16</Height>
			<MaxCharacters>64</MaxCharacters>
			<Data>More Stuff Here</Data>
			<Position>
				<X>5</X>
				<Y>365</Y>
			</Position>
			<Adapter>realmwar_info_hib5</Adapter>
			<ColorAdapter>realmwar_info_hib</ColorAdapter>
		</LabelDef>
		<!--Realm Checks-->
		<!--These are run by ControlID-->
		<CheckBoxDef>
			<Position>
				<X>15</X>
				<Y>2</Y>
			</Position>
			<TemplateName>realmwar_tab</TemplateName>
			<Data>Hibernia</Data>
			<LabelWidth>56</LabelWidth>
			<ControlId>2000</ControlId>
		</CheckBoxDef>
		<CheckBoxDef>
			<Position>
				<X>75</X>
				<Y>2</Y>
			</Position>
			<TemplateName>realmwar_tab</TemplateName>
			<Data>Midgard</Data>
			<LabelWidth>56</LabelWidth>
			<ControlId>2001</ControlId>
		</CheckBoxDef>
		<CheckBoxDef>
			<Position>
				<X>130</X>
				<Y>2</Y>
			</Position>
			<TemplateName>realmwar_tab</TemplateName>
			<Data>Albion</Data>
			<LabelWidth>56</LabelWidth>
			<ControlId>2002</ControlId>
		</CheckBoxDef>
		<CheckBoxDef>
			<Position>
				<X>190</X>
				<Y>2</Y>
			</Position>
			<TemplateName>realmwar_tab</TemplateName>
			<Data>Agramon</Data>
			<LabelWidth>56</LabelWidth>
			<ControlId>2003</ControlId>
		</CheckBoxDef>
		<!--Buttons-->
		<ButtonDef>
			<TemplateName>button_large_new</TemplateName>
			<OnClickEvent>ToggleWarmapKey</OnClickEvent>
			<ControlId>2010</ControlId>
			<Label>Legenda</Label>
			<Position>
				<X>5</X>
				<Y>25</Y>
			</Position>
		</ButtonDef>
		<ButtonDef>
			<TemplateName>button_large_new</TemplateName>
			<OnClickEvent>WarmapUpdateBattles</OnClickEvent>
			<ControlId>2011</ControlId>
			<Label>Aggiorna</Label>
			<Position>
				<X>70</X>
				<Y>25</Y>
			</Position>
		</ButtonDef>
		<ButtonDef>
			<TemplateName>button_large_new</TemplateName>
			<OnClickEvent>WarmapUpdateBonuses</OnClickEvent>
			<Label>Benefici</Label>
			<Position>
				<X>135</X>
				<Y>25</Y>
			</Position>
		</ButtonDef>
		<!--Active map elements here.  Note that order is important.-->
		<!--Discs-->
		<!--Fires-->
		<!--Small Battles-->
		<!--Medium Battles-->
		<!--Large Battles-->
		<!--Small Reports-->
		<!--Medium Reports-->
		<!--Large Reports-->
		<!--Towers-->
		<!--Keeps-->
		<!--Milegates-->
		<!--Player Position-->
		<ImageAreaDef>
			<TemplateName>player_location</TemplateName>
			<Position>
				<X>0</X>
				<Y>0</Y>
			</Position>
			<ControlId>2013</ControlId>
		</ImageAreaDef>
		<!--Tower Hotspots-->
		<!--Keep Hotspots-->
	</WindowTemplate>
</Root_Element>
