<?xml version="1.0" encoding="ISO-8859-1"?>
<Root_Element ID="DAOCUi">

<!-- @@ Edited with the DAoC User Interface Editor v1.71 -->
<!-- @@ Free download available at http://www.bradtownsend.com/daoced -->

  <WindowTemplate>
    <Name>realm_bonuses</Name>
    <WindowId></WindowId>
    <CloseButton>true</CloseButton>
    <MoveButton>true</MoveButton>
    <TopRightResizeButton>false</TopRightResizeButton>
    <BottomRightResizeButton>false</BottomRightResizeButton>
    <BottomLeftResizeButton>false</BottomLeftResizeButton>
    <ResizeButtonOffsetX>0</ResizeButtonOffsetX>
    <ResizeButtonOffsetY>0</ResizeButtonOffsetY>
    <TitleWidth>300</TitleWidth>
    <TitleHeight>18</TitleHeight>
    <Width>300</Width>
    <Height>400</Height>
    <ResizeableWidth>0</ResizeableWidth>
    <ResizeableHeight>0</ResizeableHeight>
    <ResizeableTwoWayWidth>0</ResizeableTwoWayWidth>
    <ResizeableTwoWayHeight>0</ResizeableTwoWayHeight>
    <MinWidth>0</MinWidth>
    <MinHeight>0</MinHeight>

    <FullResizeImageDef>
      <ControlId></ControlId>
      <Position>
        <X>0</X>
        <Y>0</Y>
      </Position>
      <Alignment>
        <GrowWidth>true</GrowWidth>
        <GrowHeight>true</GrowHeight>
      </Alignment>
      <TemplateName>valmer_box</TemplateName>
      <Width>300</Width>
      <Height>400</Height>
    </FullResizeImageDef>

    <LabelDef>
      <ControlId></ControlId>
      <Position>
        <X>0</X>
        <Y>6</Y>
      </Position>
      <Alignment>
        <CenterHorizontally>true</CenterHorizontally>
      </Alignment>
      <FontName>title</FontName>
      <Adapter></Adapter>
      <ColorAdapter></ColorAdapter>
      <Width>300</Width>
      <Height>18</Height>
      <MaxCharacters>128</MaxCharacters>
      <Color>
        <R>255</R>
        <G>255</G>
        <B>255</B>
        <A>255</A>
      </Color>
      <Data>Realm Bonuses</Data>
      <EndAligned>false</EndAligned>
      <TextCentered>false</TextCentered>
    </LabelDef>

    <!--Keeps-->

    <FullResizeImageDef>
      <ControlId></ControlId>
      <Position>
        <X>5</X>
        <Y>46</Y>
      </Position>
      <Alignment>
        <GrowWidth>true</GrowWidth>
        <GrowHeight>true</GrowHeight>
      </Alignment>
      <TemplateName>dlg_interior_small</TemplateName>
      <Width>290</Width>
      <Height>192</Height>
    </FullResizeImageDef>

    <LabelDef>
      <ControlId></ControlId>
      <Position>
        <X>10</X>
        <Y>30</Y>
      </Position>
      <Alignment>
        <TopLeft>true</TopLeft>
      </Alignment>
      <FontName>arial11</FontName>
      <Adapter>realm_keep_text</Adapter>
      <ColorAdapter>realm_color</ColorAdapter>
      <Width>200</Width>
      <Height>16</Height>
      <MaxCharacters>128</MaxCharacters>
      <Color>
        <R>255</R>
        <G>255</G>
        <B>255</B>
        <A>255</A>
      </Color>
      <Data></Data>
      <EndAligned>false</EndAligned>
      <TextCentered>false</TextCentered>
    </LabelDef>

    <LabelDef>
      <ControlId></ControlId>
      <Position>
        <X>25</X>
        <Y>51</Y>
      </Position>
      <Alignment>
        <TopLeft>true</TopLeft>
      </Alignment>
      <FontName>arial11</FontName>
      <Adapter>realm_df_text</Adapter>
      <ColorAdapter>realm_df_color</ColorAdapter>
      <Width>200</Width>
      <Height>16</Height>
      <MaxCharacters>128</MaxCharacters>
      <Color>
        <R>192</R>
        <G>192</G>
        <B>192</B>
        <A>255</A>
      </Color>
      <Data>Darkness Falls</Data>
      <EndAligned>false</EndAligned>
      <TextCentered>false</TextCentered>
    </LabelDef>

    <LabelDef>
      <ControlId></ControlId>
      <Position>
        <X>25</X>
        <Y>65</Y>
      </Position>
      <Alignment>
        <TopLeft>true</TopLeft>
      </Alignment>
      <FontName>arial9</FontName>
      <Adapter></Adapter>
      <ColorAdapter>realm_bonus_color8</ColorAdapter>
      <Width>200</Width>
      <Height>16</Height>
      <MaxCharacters>128</MaxCharacters>
      <Color>
        <R>192</R>
        <G>192</G>
        <B>192</B>
        <A>255</A>
      </Color>
      <Data>8 Keeps Owned</Data>
      <EndAligned>false</EndAligned>
      <TextCentered>false</TextCentered>
    </LabelDef>

    <LabelDef>
      <ControlId></ControlId>
      <Position>
        <X>125</X>
        <Y>65</Y>
      </Position>
      <Alignment>
        <TopLeft>true</TopLeft>
      </Alignment>
      <FontName>arial9</FontName>
      <Adapter></Adapter>
      <ColorAdapter>realm_bonus_color8</ColorAdapter>
      <Width>200</Width>
      <Height>16</Height>
      <MaxCharacters>128</MaxCharacters>
      <Color>
        <R>192</R>
        <G>192</G>
        <B>192</B>
        <A>255</A>
      </Color>
      <Data>+3% to all coin drops</Data>
      <EndAligned>false</EndAligned>
      <TextCentered>false</TextCentered>
    </LabelDef>

    <LabelDef>
      <ControlId></ControlId>
      <Position>
        <X>25</X>
        <Y>77</Y>
      </Position>
      <Alignment>
        <TopLeft>true</TopLeft>
      </Alignment>
      <FontName>arial9</FontName>
      <Adapter></Adapter>
      <ColorAdapter>realm_bonus_color9</ColorAdapter>
      <Width>200</Width>
      <Height>16</Height>
      <MaxCharacters>128</MaxCharacters>
      <Color>
        <R>192</R>
        <G>192</G>
        <B>192</B>
        <A>255</A>
      </Color>
      <Data>9 Keeps Owned</Data>
      <EndAligned>false</EndAligned>
      <TextCentered>false</TextCentered>
    </LabelDef>

    <LabelDef>
      <ControlId></ControlId>
      <Position>
        <X>125</X>
        <Y>77</Y>
      </Position>
      <Alignment>
        <TopLeft>true</TopLeft>
      </Alignment>
      <FontName>arial9</FontName>
      <Adapter></Adapter>
      <ColorAdapter>realm_bonus_color9</ColorAdapter>
      <Width>200</Width>
      <Height>16</Height>
      <MaxCharacters>128</MaxCharacters>
      <Color>
        <R>192</R>
        <G>192</G>
        <B>192</B>
        <A>255</A>
      </Color>
      <Data>+3% to all experience earned</Data>
      <EndAligned>false</EndAligned>
      <TextCentered>false</TextCentered>
    </LabelDef>

    <LabelDef>
      <ControlId></ControlId>
      <Position>
        <X>25</X>
        <Y>89</Y>
      </Position>
      <Alignment>
        <TopLeft>true</TopLeft>
      </Alignment>
      <FontName>arial9</FontName>
      <Adapter></Adapter>
      <ColorAdapter>realm_bonus_color10</ColorAdapter>
      <Width>200</Width>
      <Height>16</Height>
      <MaxCharacters>128</MaxCharacters>
      <Color>
        <R>192</R>
        <G>192</G>
        <B>192</B>
        <A>255</A>
      </Color>
      <Data>10 Keeps Owned</Data>
      <EndAligned>false</EndAligned>
      <TextCentered>false</TextCentered>
    </LabelDef>

    <LabelDef>
      <ControlId></ControlId>
      <Position>
        <X>125</X>
        <Y>89</Y>
      </Position>
      <Alignment>
        <TopLeft>true</TopLeft>
      </Alignment>
      <FontName>arial9</FontName>
      <Adapter></Adapter>
      <ColorAdapter>realm_bonus_color10</ColorAdapter>
      <Width>200</Width>
      <Height>16</Height>
      <MaxCharacters>128</MaxCharacters>
      <Color>
        <R>192</R>
        <G>192</G>
        <B>192</B>
        <A>255</A>
      </Color>
      <Data>+3% to all bounty points earned</Data>
      <EndAligned>false</EndAligned>
      <TextCentered>false</TextCentered>
    </LabelDef>

    <LabelDef>
      <ControlId></ControlId>
      <Position>
        <X>25</X>
        <Y>101</Y>
      </Position>
      <Alignment>
        <TopLeft>true</TopLeft>
      </Alignment>
      <FontName>arial9</FontName>
      <Adapter></Adapter>
      <ColorAdapter>realm_bonus_color11</ColorAdapter>
      <Width>200</Width>
      <Height>16</Height>
      <MaxCharacters>128</MaxCharacters>
      <Color>
        <R>192</R>
        <G>192</G>
        <B>192</B>
        <A>255</A>
      </Color>
      <Data>11 Keeps Owned</Data>
      <EndAligned>false</EndAligned>
      <TextCentered>false</TextCentered>
    </LabelDef>

    <LabelDef>
      <ControlId></ControlId>
      <Position>
        <X>125</X>
        <Y>101</Y>
      </Position>
      <Alignment>
        <TopLeft>true</TopLeft>
      </Alignment>
      <FontName>arial9</FontName>
      <Adapter></Adapter>
      <ColorAdapter>realm_bonus_color11</ColorAdapter>
      <Width>200</Width>
      <Height>16</Height>
      <MaxCharacters>128</MaxCharacters>
      <Color>
        <R>192</R>
        <G>192</G>
        <B>192</B>
        <A>255</A>
      </Color>
      <Data>-3% to all crafting timers</Data>
      <EndAligned>false</EndAligned>
      <TextCentered>false</TextCentered>
    </LabelDef>

    <LabelDef>
      <ControlId></ControlId>
      <Position>
        <X>25</X>
        <Y>113</Y>
      </Position>
      <Alignment>
        <TopLeft>true</TopLeft>
      </Alignment>
      <FontName>arial9</FontName>
      <Adapter></Adapter>
      <ColorAdapter>realm_bonus_color12</ColorAdapter>
      <Width>200</Width>
      <Height>16</Height>
      <MaxCharacters>128</MaxCharacters>
      <Color>
        <R>192</R>
        <G>192</G>
        <B>192</B>
        <A>255</A>
      </Color>
      <Data>12 Keeps Owned</Data>
      <EndAligned>false</EndAligned>
      <TextCentered>false</TextCentered>
    </LabelDef>

    <LabelDef>
      <ControlId></ControlId>
      <Position>
        <X>125</X>
        <Y>113</Y>
      </Position>
      <Alignment>
        <TopLeft>true</TopLeft>
      </Alignment>
      <FontName>arial9</FontName>
      <Adapter></Adapter>
      <ColorAdapter>realm_bonus_color12</ColorAdapter>
      <Width>200</Width>
      <Height>16</Height>
      <MaxCharacters>128</MaxCharacters>
      <Color>
        <R>192</R>
        <G>192</G>
        <B>192</B>
        <A>255</A>
      </Color>
      <Data>+5% to all coin drops</Data>
      <EndAligned>false</EndAligned>
      <TextCentered>false</TextCentered>
    </LabelDef>

    <LabelDef>
      <ControlId></ControlId>
      <Position>
        <X>25</X>
        <Y>125</Y>
      </Position>
      <Alignment>
        <TopLeft>true</TopLeft>
      </Alignment>
      <FontName>arial9</FontName>
      <Adapter></Adapter>
      <ColorAdapter>realm_bonus_color13</ColorAdapter>
      <Width>200</Width>
      <Height>16</Height>
      <MaxCharacters>128</MaxCharacters>
      <Color>
        <R>192</R>
        <G>192</G>
        <B>192</B>
        <A>255</A>
      </Color>
      <Data>13 Keeps Owned</Data>
      <EndAligned>false</EndAligned>
      <TextCentered>false</TextCentered>
    </LabelDef>

    <LabelDef>
      <ControlId></ControlId>
      <Position>
        <X>125</X>
        <Y>125</Y>
      </Position>
      <Alignment>
        <TopLeft>true</TopLeft>
      </Alignment>
      <FontName>arial9</FontName>
      <Adapter></Adapter>
      <ColorAdapter>realm_bonus_color13</ColorAdapter>
      <Width>200</Width>
      <Height>16</Height>
      <MaxCharacters>128</MaxCharacters>
      <Color>
        <R>192</R>
        <G>192</G>
        <B>192</B>
        <A>255</A>
      </Color>
      <Data>+5% to all experience earned</Data>
      <EndAligned>false</EndAligned>
      <TextCentered>false</TextCentered>
    </LabelDef>

    <LabelDef>
      <ControlId></ControlId>
      <Position>
        <X>25</X>
        <Y>137</Y>
      </Position>
      <Alignment>
        <TopLeft>true</TopLeft>
      </Alignment>
      <FontName>arial9</FontName>
      <Adapter></Adapter>
      <ColorAdapter>realm_bonus_color14</ColorAdapter>
      <Width>200</Width>
      <Height>16</Height>
      <MaxCharacters>128</MaxCharacters>
      <Color>
        <R>192</R>
        <G>192</G>
        <B>192</B>
        <A>255</A>
      </Color>
      <Data>14 Keeps Owned</Data>
      <EndAligned>false</EndAligned>
      <TextCentered>false</TextCentered>
    </LabelDef>

    <LabelDef>
      <ControlId></ControlId>
      <Position>
        <X>125</X>
        <Y>137</Y>
      </Position>
      <Alignment>
        <TopLeft>true</TopLeft>
      </Alignment>
      <FontName>arial9</FontName>
      <Adapter></Adapter>
      <ColorAdapter>realm_bonus_color14</ColorAdapter>
      <Width>200</Width>
      <Height>16</Height>
      <MaxCharacters>128</MaxCharacters>
      <Color>
        <R>192</R>
        <G>192</G>
        <B>192</B>
        <A>255</A>
      </Color>
      <Data>+5% to all bounty points earned</Data>
      <EndAligned>false</EndAligned>
      <TextCentered>false</TextCentered>
    </LabelDef>

    <LabelDef>
      <ControlId></ControlId>
      <Position>
        <X>25</X>
        <Y>149</Y>
      </Position>
      <Alignment>
        <TopLeft>true</TopLeft>
      </Alignment>
      <FontName>arial9</FontName>
      <Adapter></Adapter>
      <ColorAdapter>realm_bonus_color15</ColorAdapter>
      <Width>200</Width>
      <Height>16</Height>
      <MaxCharacters>128</MaxCharacters>
      <Color>
        <R>192</R>
        <G>192</G>
        <B>192</B>
        <A>255</A>
      </Color>
      <Data>15 Keeps Owned</Data>
      <EndAligned>false</EndAligned>
      <TextCentered>false</TextCentered>
    </LabelDef>

    <LabelDef>
      <ControlId></ControlId>
      <Position>
        <X>125</X>
        <Y>149</Y>
      </Position>
      <Alignment>
        <TopLeft>true</TopLeft>
      </Alignment>
      <FontName>arial9</FontName>
      <Adapter></Adapter>
      <ColorAdapter>realm_bonus_color15</ColorAdapter>
      <Width>200</Width>
      <Height>16</Height>
      <MaxCharacters>128</MaxCharacters>
      <Color>
        <R>192</R>
        <G>192</G>
        <B>192</B>
        <A>255</A>
      </Color>
      <Data>-5% to all crafting timers</Data>
      <EndAligned>false</EndAligned>
      <TextCentered>false</TextCentered>
    </LabelDef>

    <LabelDef>
      <ControlId></ControlId>
      <Position>
        <X>25</X>
        <Y>161</Y>
      </Position>
      <Alignment>
        <TopLeft>true</TopLeft>
      </Alignment>
      <FontName>arial9</FontName>
      <Adapter></Adapter>
      <ColorAdapter>realm_bonus_color16</ColorAdapter>
      <Width>200</Width>
      <Height>16</Height>
      <MaxCharacters>128</MaxCharacters>
      <Color>
        <R>192</R>
        <G>192</G>
        <B>192</B>
        <A>255</A>
      </Color>
      <Data>16 Keeps Owned</Data>
      <EndAligned>false</EndAligned>
      <TextCentered>false</TextCentered>
    </LabelDef>

    <LabelDef>
      <ControlId></ControlId>
      <Position>
        <X>125</X>
        <Y>161</Y>
      </Position>
      <Alignment>
        <TopLeft>true</TopLeft>
      </Alignment>
      <FontName>arial9</FontName>
      <Adapter></Adapter>
      <ColorAdapter>realm_bonus_color16</ColorAdapter>
      <Width>200</Width>
      <Height>16</Height>
      <MaxCharacters>128</MaxCharacters>
      <Color>
        <R>192</R>
        <G>192</G>
        <B>192</B>
        <A>255</A>
      </Color>
      <Data>+5% to power pool</Data>
      <EndAligned>false</EndAligned>
      <TextCentered>false</TextCentered>
    </LabelDef>

    <LabelDef>
      <ControlId></ControlId>
      <Position>
        <X>25</X>
        <Y>173</Y>
      </Position>
      <Alignment>
        <TopLeft>true</TopLeft>
      </Alignment>
      <FontName>arial9</FontName>
      <Adapter></Adapter>
      <ColorAdapter>realm_bonus_color17</ColorAdapter>
      <Width>200</Width>
      <Height>16</Height>
      <MaxCharacters>128</MaxCharacters>
      <Color>
        <R>192</R>
        <G>192</G>
        <B>192</B>
        <A>255</A>
      </Color>
      <Data>17 Keeps Owned</Data>
      <EndAligned>false</EndAligned>
      <TextCentered>false</TextCentered>
    </LabelDef>

    <LabelDef>
      <ControlId></ControlId>
      <Position>
        <X>125</X>
        <Y>173</Y>
      </Position>
      <Alignment>
        <TopLeft>true</TopLeft>
      </Alignment>
      <FontName>arial9</FontName>
      <Adapter></Adapter>
      <ColorAdapter>realm_bonus_color17</ColorAdapter>
      <Width>200</Width>
      <Height>16</Height>
      <MaxCharacters>128</MaxCharacters>
      <Color>
        <R>192</R>
        <G>192</G>
        <B>192</B>
        <A>255</A>
      </Color>
      <Data>+5% to endurance pool</Data>
      <EndAligned>false</EndAligned>
      <TextCentered>false</TextCentered>
    </LabelDef>

    <LabelDef>
      <ControlId></ControlId>
      <Position>
        <X>25</X>
        <Y>185</Y>
      </Position>
      <Alignment>
        <TopLeft>true</TopLeft>
      </Alignment>
      <FontName>arial9</FontName>
      <Adapter></Adapter>
      <ColorAdapter>realm_bonus_color18</ColorAdapter>
      <Width>200</Width>
      <Height>16</Height>
      <MaxCharacters>128</MaxCharacters>
      <Color>
        <R>192</R>
        <G>192</G>
        <B>192</B>
        <A>255</A>
      </Color>
      <Data>18 Keeps Owned</Data>
      <EndAligned>false</EndAligned>
      <TextCentered>false</TextCentered>
    </LabelDef>

    <LabelDef>
      <ControlId></ControlId>
      <Position>
        <X>125</X>
        <Y>185</Y>
      </Position>
      <Alignment>
        <TopLeft>true</TopLeft>
      </Alignment>
      <FontName>arial9</FontName>
      <Adapter></Adapter>
      <ColorAdapter>realm_bonus_color18</ColorAdapter>
      <Width>200</Width>
      <Height>16</Height>
      <MaxCharacters>128</MaxCharacters>
      <Color>
        <R>192</R>
        <G>192</G>
        <B>192</B>
        <A>255</A>
      </Color>
      <Data>increased power regeneration</Data>
      <EndAligned>false</EndAligned>
      <TextCentered>false</TextCentered>
    </LabelDef>

    <LabelDef>
      <ControlId></ControlId>
      <Position>
        <X>25</X>
        <Y>197</Y>
      </Position>
      <Alignment>
        <TopLeft>true</TopLeft>
      </Alignment>
      <FontName>arial9</FontName>
      <Adapter></Adapter>
      <ColorAdapter>realm_bonus_color19</ColorAdapter>
      <Width>200</Width>
      <Height>16</Height>
      <MaxCharacters>128</MaxCharacters>
      <Color>
        <R>192</R>
        <G>192</G>
        <B>192</B>
        <A>255</A>
      </Color>
      <Data>19 Keeps Owned</Data>
      <EndAligned>false</EndAligned>
      <TextCentered>false</TextCentered>
    </LabelDef>

    <LabelDef>
      <ControlId></ControlId>
      <Position>
        <X>125</X>
        <Y>197</Y>
      </Position>
      <Alignment>
        <TopLeft>true</TopLeft>
      </Alignment>
      <FontName>arial9</FontName>
      <Adapter></Adapter>
      <ColorAdapter>realm_bonus_color19</ColorAdapter>
      <Width>200</Width>
      <Height>16</Height>
      <MaxCharacters>128</MaxCharacters>
      <Color>
        <R>192</R>
        <G>192</G>
        <B>192</B>
        <A>255</A>
      </Color>
      <Data>increased health regeneration</Data>
      <EndAligned>false</EndAligned>
      <TextCentered>false</TextCentered>
    </LabelDef>

    <LabelDef>
      <ControlId></ControlId>
      <Position>
        <X>25</X>
        <Y>209</Y>
      </Position>
      <Alignment>
        <TopLeft>true</TopLeft>
      </Alignment>
      <FontName>arial9</FontName>
      <Adapter></Adapter>
      <ColorAdapter>realm_bonus_color20</ColorAdapter>
      <Width>200</Width>
      <Height>16</Height>
      <MaxCharacters>128</MaxCharacters>
      <Color>
        <R>192</R>
        <G>192</G>
        <B>192</B>
        <A>255</A>
      </Color>
      <Data>20 Keeps Owned</Data>
      <EndAligned>false</EndAligned>
      <TextCentered>false</TextCentered>
    </LabelDef>

    <LabelDef>
      <ControlId></ControlId>
      <Position>
        <X>125</X>
        <Y>209</Y>
      </Position>
      <Alignment>
        <TopLeft>true</TopLeft>
      </Alignment>
      <FontName>arial9</FontName>
      <Adapter></Adapter>
      <ColorAdapter>realm_bonus_color20</ColorAdapter>
      <Width>200</Width>
      <Height>16</Height>
      <MaxCharacters>128</MaxCharacters>
      <Color>
        <R>192</R>
        <G>192</G>
        <B>192</B>
        <A>255</A>
      </Color>
      <Data>+5% chance to critical for melee</Data>
      <EndAligned>false</EndAligned>
      <TextCentered>false</TextCentered>
    </LabelDef>

    <LabelDef>
      <ControlId></ControlId>
      <Position>
        <X>25</X>
        <Y>221</Y>
      </Position>
      <Alignment>
        <TopLeft>true</TopLeft>
      </Alignment>
      <FontName>arial9</FontName>
      <Adapter></Adapter>
      <ColorAdapter>realm_bonus_color21</ColorAdapter>
      <Width>200</Width>
      <Height>16</Height>
      <MaxCharacters>128</MaxCharacters>
      <Color>
        <R>192</R>
        <G>192</G>
        <B>192</B>
        <A>255</A>
      </Color>
      <Data>21 Keeps Owned</Data>
      <EndAligned>false</EndAligned>
      <TextCentered>false</TextCentered>
    </LabelDef>

    <LabelDef>
      <ControlId></ControlId>
      <Position>
        <X>125</X>
        <Y>221</Y>
      </Position>
      <Alignment>
        <TopLeft>true</TopLeft>
      </Alignment>
      <FontName>arial9</FontName>
      <Adapter></Adapter>
      <ColorAdapter>realm_bonus_color21</ColorAdapter>
      <Width>200</Width>
      <Height>16</Height>
      <MaxCharacters>128</MaxCharacters>
      <Color>
        <R>192</R>
        <G>192</G>
        <B>192</B>
        <A>255</A>
      </Color>
      <Data>+5% chance to critical for spells</Data>
      <EndAligned>false</EndAligned>
      <TextCentered>false</TextCentered>
    </LabelDef>

    <!--Power Relics-->

    <FullResizeImageDef>
      <ControlId></ControlId>
      <Position>
        <X>5</X>
        <Y>263</Y>
      </Position>
      <Alignment>
        <GrowWidth>true</GrowWidth>
        <GrowHeight>true</GrowHeight>
      </Alignment>
      <TemplateName>dlg_interior_small</TemplateName>
      <Width>290</Width>
      <Height>48</Height>
    </FullResizeImageDef>

    <LabelDef>
      <ControlId></ControlId>
      <Position>
        <X>10</X>
        <Y>247</Y>
      </Position>
      <Alignment>
        <TopLeft>true</TopLeft>
      </Alignment>
      <FontName>arial11</FontName>
      <Adapter>realm_power_text</Adapter>
      <ColorAdapter>realm_color</ColorAdapter>
      <Width>200</Width>
      <Height>16</Height>
      <MaxCharacters>128</MaxCharacters>
      <Color>
        <R>255</R>
        <G>255</G>
        <B>255</B>
        <A>255</A>
      </Color>
      <Data></Data>
      <EndAligned>false</EndAligned>
      <TextCentered>false</TextCentered>
    </LabelDef>

    <LabelDef>
      <ControlId></ControlId>
      <Position>
        <X>25</X>
        <Y>268</Y>
      </Position>
      <Alignment>
        <TopLeft>true</TopLeft>
      </Alignment>
      <FontName>arial9</FontName>
      <Adapter></Adapter>
      <ColorAdapter>realm_power_color0</ColorAdapter>
      <Width>200</Width>
      <Height>16</Height>
      <MaxCharacters>128</MaxCharacters>
      <Color>
        <R>255</R>
        <G>255</G>
        <B>255</B>
        <A>255</A>
      </Color>
      <Data>your power relic</Data>
      <EndAligned>false</EndAligned>
      <TextCentered>false</TextCentered>
    </LabelDef>

    <LabelDef>
      <ControlId></ControlId>
      <Position>
        <X>25</X>
        <Y>280</Y>
      </Position>
      <Alignment>
        <TopLeft>true</TopLeft>
      </Alignment>
      <FontName>arial9</FontName>
      <Adapter></Adapter>
      <ColorAdapter>realm_power_color1</ColorAdapter>
      <Width>200</Width>
      <Height>16</Height>
      <MaxCharacters>128</MaxCharacters>
      <Color>
        <R>255</R>
        <G>255</G>
        <B>255</B>
        <A>255</A>
      </Color>
      <Data>1 enemy relic</Data>
      <EndAligned>false</EndAligned>
      <TextCentered>false</TextCentered>
    </LabelDef>

    <LabelDef>
      <ControlId></ControlId>
      <Position>
        <X>125</X>
        <Y>280</Y>
      </Position>
      <Alignment>
        <TopLeft>true</TopLeft>
      </Alignment>
      <FontName>arial9</FontName>
      <Adapter></Adapter>
      <ColorAdapter>realm_power_color1</ColorAdapter>
      <Width>200</Width>
      <Height>16</Height>
      <MaxCharacters>128</MaxCharacters>
      <Color>
        <R>255</R>
        <G>255</G>
        <B>255</B>
        <A>255</A>
      </Color>
      <Data>+10% magical strength</Data>
      <EndAligned>false</EndAligned>
      <TextCentered>false</TextCentered>
    </LabelDef>

    <LabelDef>
      <ControlId></ControlId>
      <Position>
        <X>25</X>
        <Y>292</Y>
      </Position>
      <Alignment>
        <TopLeft>true</TopLeft>
      </Alignment>
      <FontName>arial9</FontName>
      <Adapter></Adapter>
      <ColorAdapter>realm_power_color2</ColorAdapter>
      <Width>200</Width>
      <Height>16</Height>
      <MaxCharacters>128</MaxCharacters>
      <Color>
        <R>255</R>
        <G>255</G>
        <B>255</B>
        <A>255</A>
      </Color>
      <Data>2 enemy relics</Data>
      <EndAligned>false</EndAligned>
      <TextCentered>false</TextCentered>
    </LabelDef>

    <LabelDef>
      <ControlId></ControlId>
      <Position>
        <X>125</X>
        <Y>292</Y>
      </Position>
      <Alignment>
        <TopLeft>true</TopLeft>
      </Alignment>
      <FontName>arial9</FontName>
      <Adapter></Adapter>
      <ColorAdapter>realm_power_color2</ColorAdapter>
      <Width>200</Width>
      <Height>16</Height>
      <MaxCharacters>128</MaxCharacters>
      <Color>
        <R>255</R>
        <G>255</G>
        <B>255</B>
        <A>255</A>
      </Color>
      <Data>+20% magical strength</Data>
      <EndAligned>false</EndAligned>
      <TextCentered>false</TextCentered>
    </LabelDef>

    <!--Strength Relics-->

    <FullResizeImageDef>
      <ControlId></ControlId>
      <Position>
        <X>5</X>
        <Y>336</Y>
      </Position>
      <Alignment>
        <GrowWidth>true</GrowWidth>
        <GrowHeight>true</GrowHeight>
      </Alignment>
      <TemplateName>dlg_interior_small</TemplateName>
      <Width>290</Width>
      <Height>48</Height>
    </FullResizeImageDef>

    <LabelDef>
      <ControlId></ControlId>
      <Position>
        <X>10</X>
        <Y>320</Y>
      </Position>
      <Alignment>
        <TopLeft>true</TopLeft>
      </Alignment>
      <FontName>arial11</FontName>
      <Adapter>realm_strength_text</Adapter>
      <ColorAdapter>realm_color</ColorAdapter>
      <Width>200</Width>
      <Height>16</Height>
      <MaxCharacters>128</MaxCharacters>
      <Color>
        <R>255</R>
        <G>255</G>
        <B>255</B>
        <A>255</A>
      </Color>
      <Data></Data>
      <EndAligned>false</EndAligned>
      <TextCentered>false</TextCentered>
    </LabelDef>

    <LabelDef>
      <ControlId></ControlId>
      <Position>
        <X>25</X>
        <Y>341</Y>
      </Position>
      <Alignment>
        <TopLeft>true</TopLeft>
      </Alignment>
      <FontName>arial9</FontName>
      <Adapter></Adapter>
      <ColorAdapter>realm_strength_color0</ColorAdapter>
      <Width>200</Width>
      <Height>16</Height>
      <MaxCharacters>128</MaxCharacters>
      <Color>
        <R>255</R>
        <G>255</G>
        <B>255</B>
        <A>255</A>
      </Color>
      <Data>your strength relic</Data>
      <EndAligned>false</EndAligned>
      <TextCentered>false</TextCentered>
    </LabelDef>

    <LabelDef>
      <ControlId></ControlId>
      <Position>
        <X>25</X>
        <Y>353</Y>
      </Position>
      <Alignment>
        <TopLeft>true</TopLeft>
      </Alignment>
      <FontName>arial9</FontName>
      <Adapter></Adapter>
      <ColorAdapter>realm_strength_color1</ColorAdapter>
      <Width>200</Width>
      <Height>16</Height>
      <MaxCharacters>128</MaxCharacters>
      <Color>
        <R>255</R>
        <G>255</G>
        <B>255</B>
        <A>255</A>
      </Color>
      <Data>1 enemy relic</Data>
      <EndAligned>false</EndAligned>
      <TextCentered>false</TextCentered>
    </LabelDef>

    <LabelDef>
      <ControlId></ControlId>
      <Position>
        <X>125</X>
        <Y>353</Y>
      </Position>
      <Alignment>
        <TopLeft>true</TopLeft>
      </Alignment>
      <FontName>arial9</FontName>
      <Adapter></Adapter>
      <ColorAdapter>realm_strength_color1</ColorAdapter>
      <Width>200</Width>
      <Height>16</Height>
      <MaxCharacters>128</MaxCharacters>
      <Color>
        <R>255</R>
        <G>255</G>
        <B>255</B>
        <A>255</A>
      </Color>
      <Data>+10% melee strength</Data>
      <EndAligned>false</EndAligned>
      <TextCentered>false</TextCentered>
    </LabelDef>

    <LabelDef>
      <ControlId></ControlId>
      <Position>
        <X>25</X>
        <Y>365</Y>
      </Position>
      <Alignment>
        <TopLeft>true</TopLeft>
      </Alignment>
      <FontName>arial9</FontName>
      <Adapter></Adapter>
      <ColorAdapter>realm_strength_color2</ColorAdapter>
      <Width>200</Width>
      <Height>16</Height>
      <MaxCharacters>128</MaxCharacters>
      <Color>
        <R>255</R>
        <G>255</G>
        <B>255</B>
        <A>255</A>
      </Color>
      <Data>2 enemy relics</Data>
      <EndAligned>false</EndAligned>
      <TextCentered>false</TextCentered>
    </LabelDef>

    <LabelDef>
      <ControlId></ControlId>
      <Position>
        <X>125</X>
        <Y>365</Y>
      </Position>
      <Alignment>
        <TopLeft>true</TopLeft>
      </Alignment>
      <FontName>arial9</FontName>
      <Adapter></Adapter>
      <ColorAdapter>realm_strength_color2</ColorAdapter>
      <Width>200</Width>
      <Height>16</Height>
      <MaxCharacters>128</MaxCharacters>
      <Color>
        <R>255</R>
        <G>255</G>
        <B>255</B>
        <A>255</A>
      </Color>
      <Data>+20% melee strength</Data>
      <EndAligned>false</EndAligned>
      <TextCentered>false</TextCentered>
    </LabelDef>

  </WindowTemplate>

</Root_Element>
