<?xml version="1.0" encoding="ISO-8859-1"?>
<Root_Element ID="DAOCUi">
   <WindowTemplate>
      <Name>release_window</Name>
      <WindowId>Release</WindowId>
      <CloseButton>true</CloseButton>
      <MoveButton>true</MoveButton>
      <TopRightResizeButton>false</TopRightResizeButton>
      <BottomRightResizeButton>false</BottomRightResizeButton>
      <BottomLeftResizeButton>false</BottomLeftResizeButton>
      <ResizeButtonOffsetX>0</ResizeButtonOffsetX>
      <ResizeButtonOffsetY>0</ResizeButtonOffsetY>
      <TitleWidth>285</TitleWidth>
      <TitleHeight>18</TitleHeight>
      <Width>285</Width>
      <Height>96</Height>
      <ResizeableWidth>0</ResizeableWidth>
      <ResizeableHeight>0</ResizeableHeight>
      <ResizeableTwoWayWidth>0</ResizeableTwoWayWidth>
      <ResizeableTwoWayHeight>0</ResizeableTwoWayHeight>
      <MinWidth>0</MinWidth>
      <MinHeight>0</MinHeight>
      <ContextTemplateName></ContextTemplateName>
      <FullResizeImageDef>
         <ControlId>Background</ControlId>
         <Position>
            <X>0</X>
            <Y>0</Y>
         </Position>
         <Alignment>
            <TopLeft>true</TopLeft>
         </Alignment>
         <TemplateName>valmer_menu_box</TemplateName>
         <Width>285</Width>
         <Height>96</Height>
      </FullResizeImageDef>
      <StatusBarDef>
         <ControlId>1000</ControlId>
         <Position>
            <X>30</X>
            <Y>35</Y>
         </Position>
         <Alignment>
         </Alignment>
         <TemplateName>green_status</TemplateName>
         <AdapterName>release_timer_time</AdapterName>
         <Width>220</Width>
      </StatusBarDef>
      <LabelDef>
         <ControlId></ControlId>
         <Position>
            <X>0</X>
            <Y>12</Y>
         </Position>
         <Alignment>
            <CenterHorizontally>true</CenterHorizontally>
         </Alignment>
         <Color>
            <R>255</R>
            <G>255</G>
            <B>255</B>
            <A>255</A>
         </Color>
         <FontName>arial11</FontName>
         <Width>300</Width>
         <Height>16</Height>
         <ColorAdapter></ColorAdapter>
         <MaxCharacters>128</MaxCharacters>
         <Data>Bizquit</Data>
         <EndAligned>false</EndAligned>
         <TextCentered>false</TextCentered>
         <Adapter>release_timer_text</Adapter>
      </LabelDef>
      <ImageAreaDef>
         <ControlId></ControlId>
         <Position>
            <X>24</X>
            <Y>35</Y>
         </Position>
         <Alignment>
            <TopLeft>true</TopLeft>
         </Alignment>
         <TemplateName>sm_horiz_endcap_left</TemplateName>
      </ImageAreaDef>
      <ImageAreaDef>
         <ControlId></ControlId>
         <Position>
            <X>249</X>
            <Y>35</Y>
         </Position>
         <Alignment>
            <TopLeft>true</TopLeft>
         </Alignment>
         <TemplateName>sm_horiz_endcap_right</TemplateName>
      </ImageAreaDef>
      <HorizontalResizeButtonDef>
         <ControlId></ControlId>
         <Position>
            <X>15</X>
            <Y>48</Y>
         </Position>
         <Alignment>
         </Alignment>
         <TemplateName>generic_hr_button</TemplateName>
         <Label>/RELEASE</Label>
         <Width>120</Width>
         <onClickEvent>Release</onClickEvent>
      </HorizontalResizeButtonDef>
      <HorizontalResizeButtonDef>
         <ControlId></ControlId>
         <Position>
            <X>148</X>
            <Y>70</Y>
         </Position>
         <Alignment>
         </Alignment>
         <TemplateName>generic_hr_button</TemplateName>
         <Label>/RELEASE BIND</Label>
         <Width>120</Width>
         <onClickEvent>ReleaseToBind</onClickEvent>
      </HorizontalResizeButtonDef>
      <HorizontalResizeButtonDef>
         <ControlId></ControlId>
         <Position>
            <X>148</X>
            <Y>48</Y>
         </Position>
         <Alignment>
         </Alignment>
         <TemplateName>generic_hr_button</TemplateName>
         <Label>/RELEASE CITY</Label>
         <Width>120</Width>
         <onClickEvent>ReleaseToCity</onClickEvent>
      </HorizontalResizeButtonDef>
      <HorizontalResizeButtonDef>
         <ControlId></ControlId>
         <Position>
            <X>15</X>
            <Y>70</Y>
         </Position>
         <Alignment>
         </Alignment>
         <TemplateName>generic_hr_button</TemplateName>
         <Label>/RELEASE HOUSE</Label>
         <Width>120</Width>
         <onClickEvent>ReleaseToHouse</onClickEvent>
      </HorizontalResizeButtonDef>
   </WindowTemplate>
</Root_Element>
