<?xml version="1.0" encoding="ISO-8859-1"?>
<Root_Element ID="DAOCUi">
	<WindowTemplate>
		<Name>siegetower_status</Name>
		<CloseButton>true</CloseButton>
		<MoveButton>true</MoveButton>
		<Width>200</Width>
		<Height>57</Height>
		<TitleWidth>200</TitleWidth>
		<TitleHeight>18</TitleHeight>
		<ResizeableWidth>0</ResizeableWidth>
		<ResizeableHeight>0</ResizeableHeight>
		<ResizeableTwoWayWidth>0</ResizeableTwoWayWidth>
		<ResizeableTwoWayHeight>0</ResizeableTwoWayHeight>
		<MinWidth>0</MinWidth>
		<MinHeight>0</MinHeight>
		<FullResizeImageDef>
			<ControlId>Background</ControlId>
			<Width>200</Width>
			<Height>57</Height>
			<Position>
				<X>0</X>
				<Y>0</Y>
			</Position>
			<TemplateName>valmer_box</TemplateName>
			<Alignment>
				<GrowWidth>true</GrowWidth>
				<GrowHeight>true</GrowHeight>
			</Alignment>
		</FullResizeImageDef>
		<LabelDef>
			<Color>
				<R>255</R>
				<G>255</G>
				<B>255</B>
				<A>255</A>
			</Color>
			<FontName>button_large</FontName>
			<Width>200</Width>
			<Height>16</Height>
			<MaxCharacters>128</MaxCharacters>
			<Data>Keep Name</Data>
			<Position>
				<X>0</X>
				<Y>6</Y>
			</Position>
			<Alignment>
				<CenterHorizontally>true</CenterHorizontally>
			</Alignment>
			<Adapter>siegetower_status_title</Adapter>
		</LabelDef>
		<!--repair and hookpoint buttons-->
		<ButtonDef>
			<TemplateName>button_large_new</TemplateName>
			<Position>
				<X>70</X>
				<Y>28</Y>
			</Position>
			<Label>Ripara</Label>
			<OnClickEvent>KeepStatusRepair</OnClickEvent>
		</ButtonDef>
	</WindowTemplate>
</Root_Element>
