<?xml version="1.0" encoding="ISO-8859-1"?>
<Root_Element ID="DAOCUi">

<!-- @@ Edited with the DAoC User Interface Editor v1.71 -->
<!-- @@ Free download available at http://www.bradtownsend.com/daoced -->

  <WindowTemplate>
    <Name>siege</Name>
    <WindowId></WindowId>
    <CloseButton>true</CloseButton>
    <MoveButton>true</MoveButton>
    <TopRightResizeButton>false</TopRightResizeButton>
    <BottomRightResizeButton>false</BottomRightResizeButton>
    <BottomLeftResizeButton>false</BottomLeftResizeButton>
    <ResizeButtonOffsetX>0</ResizeButtonOffsetX>
    <ResizeButtonOffsetY>0</ResizeButtonOffsetY>
    <TitleWidth>240</TitleWidth>
    <TitleHeight>18</TitleHeight>
    <Width>240</Width>
    <Height>210</Height>
    <ResizeableWidth>0</ResizeableWidth>
    <ResizeableHeight>0</ResizeableHeight>
    <ResizeableTwoWayWidth>0</ResizeableTwoWayWidth>
    <ResizeableTwoWayHeight>0</ResizeableTwoWayHeight>
    <MinWidth>0</MinWidth>
    <MinHeight>0</MinHeight>

    <FullResizeImageDef>
      <ControlId>BackgroundImage</ControlId>
      <Position>
        <X>0</X>
        <Y>0</Y>
      </Position>
      <Alignment>
        <GrowWidth>true</GrowWidth>
        <GrowHeight>true</GrowHeight>
      </Alignment>
      <TemplateName>valmer_box</TemplateName>
      <Width>240</Width>
      <Height>210</Height>
    </FullResizeImageDef>

    <LabelDef>
      <ControlId></ControlId>
      <Position>
        <X>0</X>
        <Y>4</Y>
      </Position>
      <Alignment>
        <CenterHorizontally>true</CenterHorizontally>
      </Alignment>
      <FontName>title</FontName>
      <Adapter>siege_title</Adapter>
      <ColorAdapter></ColorAdapter>
      <Width>240</Width>
      <Height>20</Height>
      <MaxCharacters>128</MaxCharacters>
      <Color>
        <R>255</R>
        <G>255</G>
        <B>255</B>
        <A>255</A>
      </Color>
      <Data></Data>
      <EndAligned>false</EndAligned>
      <TextCentered>false</TextCentered>
    </LabelDef>

    <ButtonDef>
      <ControlId>1102</ControlId>
      <Position>
        <X>7</X>
        <Y>40</Y>
      </Position>
      <Alignment>
        <TopLeft>true</TopLeft>
      </Alignment>
      <TemplateName>button_large_new</TemplateName>
      <Label>Mira</Label>
      <onClickEvent>SiegeAim</onClickEvent>
    </ButtonDef>

    <ButtonDef>
      <ControlId>1101</ControlId>
      <Position>
        <X>7</X>
        <Y>65</Y>
      </Position>
      <Alignment>
        <TopLeft>true</TopLeft>
      </Alignment>
      <TemplateName>button_large_new</TemplateName>
      <Label>Fuoco!</Label>
      <onClickEvent>SiegeFire</onClickEvent>
    </ButtonDef>

    <ButtonDef>
      <ControlId>1100</ControlId>
      <Position>
        <X>7</X>
        <Y>120</Y>
      </Position>
      <Alignment>
        <TopLeft>true</TopLeft>
      </Alignment>
      <TemplateName>button_large_new</TemplateName>
      <Label>Muovi</Label>
      <onClickEvent>SiegeMove</onClickEvent>
    </ButtonDef>

    <ButtonDef>
      <ControlId>1104</ControlId>
      <Position>
        <X>7</X>
        <Y>140</Y>
      </Position>
      <Alignment>
        <TopLeft>true</TopLeft>
      </Alignment>
      <TemplateName>button_small</TemplateName>
      <Label>Abbandona</Label>
      <onClickEvent>SiegeRelease</onClickEvent>
    </ButtonDef>

    <ButtonDef>
      <ControlId></ControlId>
      <Position>
        <X>7</X>
        <Y>160</Y>
      </Position>
      <Alignment>
        <TopLeft>true</TopLeft>
      </Alignment>
      <TemplateName>button_large_new</TemplateName>
      <Label>Ripara</Label>
      <onClickEvent>SiegeRepair</onClickEvent>
    </ButtonDef>

    <ButtonDef>
      <ControlId>1103</ControlId>
      <Position>
        <X>7</X>
        <Y>180</Y>
      </Position>
      <Alignment>
        <TopLeft>true</TopLeft>
      </Alignment>
      <TemplateName>button_small</TemplateName>
      <Label>Recupera</Label>
      <onClickEvent>SiegeSalvage</onClickEvent>
    </ButtonDef>

    <LabelDef>
      <ControlId></ControlId>
      <Position>
        <X>83</X>
        <Y>32</Y>
      </Position>
      <Alignment>
        <TopLeft>true</TopLeft>
      </Alignment>
      <FontName>arial11</FontName>
      <Adapter>siege_timer_label</Adapter>
      <ColorAdapter></ColorAdapter>
      <Width>200</Width>
      <Height>16</Height>
      <MaxCharacters>128</MaxCharacters>
      <Color>
        <R>192</R>
        <G>192</G>
        <B>192</B>
        <A>255</A>
      </Color>
      <Data>Siege Timer</Data>
      <EndAligned>false</EndAligned>
      <TextCentered>false</TextCentered>
    </LabelDef>

    <StatusBarDef>
      <ControlId>1001</ControlId>
      <Position>
        <X>83</X>
        <Y>48</Y>
      </Position>
      <Alignment>
        <TopLeft>true</TopLeft>
      </Alignment>
      <TemplateName>green_status</TemplateName>
      <AdapterName>siege_timer</AdapterName>
      <Width>150</Width>
    </StatusBarDef>

    <LabelDef>
      <ControlId></ControlId>
      <Position>
        <X>83</X>
        <Y>64</Y>
      </Position>
      <Alignment>
        <TopLeft>true</TopLeft>
      </Alignment>
      <FontName>arial11</FontName>
      <Adapter></Adapter>
      <ColorAdapter></ColorAdapter>
      <Width>200</Width>
      <Height>16</Height>
      <MaxCharacters>128</MaxCharacters>
      <Color>
        <R>192</R>
        <G>192</G>
        <B>192</B>
        <A>255</A>
      </Color>
      <Data>Condizione</Data>
      <EndAligned>false</EndAligned>
      <TextCentered>false</TextCentered>
    </LabelDef>

    <StatusBarDef>
      <ControlId></ControlId>
      <Position>
        <X>83</X>
        <Y>80</Y>
      </Position>
      <Alignment>
        <TopLeft>true</TopLeft>
      </Alignment>
      <TemplateName>red_status</TemplateName>
      <AdapterName>siege_hits</AdapterName>
      <Width>150</Width>
    </StatusBarDef>

    <LabelDef>
      <ControlId>1105</ControlId>
      <Position>
        <X>83</X>
        <Y>96</Y>
      </Position>
      <Alignment>
        <TopLeft>true</TopLeft>
      </Alignment>
      <FontName>arial9</FontName>
      <Adapter></Adapter>
      <ColorAdapter></ColorAdapter>
      <Width>150</Width>
      <Height>16</Height>
      <MaxCharacters>128</MaxCharacters>
      <Color>
        <R>192</R>
        <G>192</G>
        <B>192</B>
        <A>255</A>
      </Color>
      <Data>Per un danno maggiore</Data>
      <EndAligned>false</EndAligned>
      <TextCentered>false</TextCentered>
    </LabelDef>

    <LabelDef>
      <ControlId>1106</ControlId>
      <Position>
        <X>83</X>
        <Y>110</Y>
      </Position>
      <Alignment>
        <TopLeft>true</TopLeft>
      </Alignment>
      <FontName>arial9</FontName>
      <Adapter></Adapter>
      <ColorAdapter></ColorAdapter>
      <Width>150</Width>
      <Height>16</Height>
      <MaxCharacters>128</MaxCharacters>
      <Color>
        <R>192</R>
        <G>192</G>
        <B>192</B>
        <A>255</A>
      </Color>
      <Data>colpisci quando il Timer</Data>
      <EndAligned>false</EndAligned>
      <TextCentered>false</TextCentered>
    </LabelDef>

    <LabelDef>
      <ControlId>1107</ControlId>
      <Position>
        <X>83</X>
        <Y>124</Y>
      </Position>
      <Alignment>
        <TopLeft>true</TopLeft>
      </Alignment>
      <FontName>arial9</FontName>
      <Adapter></Adapter>
      <ColorAdapter></ColorAdapter>
      <Width>150</Width>
      <Height>16</Height>
      <MaxCharacters>128</MaxCharacters>
      <Color>
        <R>192</R>
        <G>192</G>
        <B>192</B>
        <A>255</A>
      </Color>
      <Data>� arrivato al massimo</Data>
      <EndAligned>false</EndAligned>
      <TextCentered>false</TextCentered>
    </LabelDef>

    <ListBoxDef>
      <ControlId>1000</ControlId>
      <Position>
        <X>83</X>
        <Y>96</Y>
      </Position>
      <Alignment>
        <TopLeft>true</TopLeft>
      </Alignment>
      <TemplateName>listbox_bg</TemplateName>
      <AdapterName>siege_ammo</AdapterName>
      <Sorting>false</Sorting>
      <Columns>2</Columns>
      <Width>145</Width>
      <Height>100</Height>
    </ListBoxDef>

    <HorizontalResizeImageDef>
      <ControlId></ControlId>
      <Position>
        <X>3</X>
        <Y>25</Y>
      </Position>
      <Alignment>
        <TopLeft>true</TopLeft>
      </Alignment>
      <TemplateName>divider</TemplateName>
      <Width>234</Width>
    </HorizontalResizeImageDef>

  </WindowTemplate>

</Root_Element>
