<?xml version="1.0" encoding="ISO-8859-1"?>
<Root_Element ID="DAOCUi">
	<TreeControlTemplate>
		<Name>quest_tree_control</Name>
		<BackgroundTemplate>none</BackgroundTemplate>
		<CheckBoxTemplate>tree_check</CheckBoxTemplate>
		<IconTemplate>plain_icon_small</IconTemplate>
		<ScrollbarTemplate>vscroll_no_gutter</ScrollbarTemplate>
		<FontName>arial9</FontName>
		<FontColor>
			<R>192</R>
			<G>192</G>
			<B>192</B>
			<A>255</A>
		</FontColor>
		<LinePadding>0</LinePadding>
		<OffsetX>0</OffsetX>
		<OffsetY>0</OffsetY>
		<TextOffset>2</TextOffset>
	</TreeControlTemplate>
	<TreeControlTemplate>
		<Name>combat_tree_control</Name>
		<BackgroundTemplate>none</BackgroundTemplate>
		<CheckBoxTemplate>tree_check</CheckBoxTemplate>
		<IconTemplate>plain_icon_small</IconTemplate>
		<ScrollbarTemplate>vscroll_no_gutter</ScrollbarTemplate>
		<FontName>arial9</FontName>
		<FontColor>
			<R>192</R>
			<G>192</G>
			<B>192</B>
			<A>255</A>
		</FontColor>
		<LinePadding>1</LinePadding>
		<OffsetX>0</OffsetX>
		<OffsetY>0</OffsetY>
		<TextOffset>2</TextOffset>
	</TreeControlTemplate>
	<ListBoxTemplate>
		<Name>listbox_combat_bg</Name>
		<Parent>none</Parent>
		<LinePadding>5</LinePadding>
		<CellPadding>2</CellPadding>
		<LabelLength>128</LabelLength>
		<ScrollbarTemplate>generic_vscroll</ScrollbarTemplate>
		<DrawScroll>true</DrawScroll>
		<ScrollbarTopOffset>2</ScrollbarTopOffset>
		<ScrollbarBottomOffset>2</ScrollbarBottomOffset>
		<ScrollbarRightOffset>-3</ScrollbarRightOffset>
		<Sorting>false</Sorting>
		<BackgroundTemplate>dlg_interior_large</BackgroundTemplate>
		<IconTemplate>plain_icon_small</IconTemplate>
		<TextFont>
			<Name>arial9</Name>
			<TextLeftOffset>6</TextLeftOffset>
			<TextTopOffset>6</TextTopOffset>
			<ColorNormal>
				<R>192</R>
				<G>192</G>
				<B>192</B>
				<A>255</A>
			</ColorNormal>
			<ColorHighlit>
				<R>192</R>
				<G>192</G>
				<B>192</B>
				<A>255</A>
			</ColorHighlit>
			<ColorGreyed>
				<R>127</R>
				<G>127</G>
				<B>127</B>
				<A>255</A>
			</ColorGreyed>
		<LineOffset>2</LineOffset>
		</TextFont>
		<IconSize>
			<X>16</X>
			<Y>16</Y>
		</IconSize>
			<ShowDefaultToolTips>true</ShowDefaultToolTips>
	</ListBoxTemplate>
	<WindowTemplate>
		<Name>stats_combat</Name>
		<CloseButton>false</CloseButton>
		<MoveButton>false</MoveButton>
		<Width>192</Width>
		<Height>416</Height>
		<TitleWidth>0</TitleWidth>
		<TitleHeight>0</TitleHeight>
		<ResizeableWidth>0</ResizeableWidth>
		<ResizeableHeight>0</ResizeableHeight>
		<ResizeableTwoWayWidth>0</ResizeableTwoWayWidth>
		<ResizeableTwoWayHeight>0</ResizeableTwoWayHeight>
		<WindowId>c_windowInvalid</WindowId>
		<MinWidth>0</MinWidth>
		<MinHeight>0</MinHeight>
		<FullResizeImageDef>
			<ControlId>BackgroundImage</ControlId>
			<Height>416</Height>
			<Width>192</Width>
			<Position>
				<X>0</X>
				<Y>0</Y>
			</Position>
			<TemplateName>valmer_box</TemplateName>
		</FullResizeImageDef>
		<FullResizeImageDef>
			<Height>367</Height>
			<Width>181</Width>
			<TemplateName>dialog_sm_title</TemplateName>
			<Position>
				<X>4</X>
				<Y>24</Y>
			</Position>
		</FullResizeImageDef>
		<HorizontalResizeImageDef>
			<Position>
				<X>5</X>
				<Y>5</Y>
			</Position>
			<TemplateName>dialog_inset</TemplateName>
			<Width>182</Width>
		</HorizontalResizeImageDef>
		<LabelDef>
			<Color>
				<R>255</R>
				<G>255</G>
				<B>255</B>
				<A>255</A>
			</Color>
			<FontName>arial11</FontName>
			<Width>164</Width>
			<Height>18</Height>
			<MaxCharacters>32</MaxCharacters>
			<Position>
				<X>11</X>
				<Y>6</Y>
			</Position>
			<Data>Combattimento</Data>
		</LabelDef>
		<TreeControlDef>
			<TemplateName>combat_tree_control</TemplateName>
			<width>181</width>
			<height>357</height>
			<Position>
				<x>9</x>
				<y>30</y>
			</Position>
			<Alignment>
				<GrowWidth>true</GrowWidth>
				<GrowHeight>true</GrowHeight>
			</Alignment>
			<ControlId>1000</ControlId>
			<Column1Width>130</Column1Width>
			<Column2Width>12</Column2Width>
			<Column1Offset>8</Column1Offset>
			<Column2Offset>140</Column2Offset>
			<AdapterName>stats_combat</AdapterName>
		</TreeControlDef>
		<ButtonDef>
			<TemplateName>button_large</TemplateName>
			<OnClickEvent>ToggleQuiver</OnClickEvent>
			<Label>Faretra</Label>
			<Position>
				<X>66</X>
				<Y>5</Y>
			</Position>
			<Alignment>
				<OffsetBottom>true</OffsetBottom>
			</Alignment>
		</ButtonDef>
	</WindowTemplate>
</Root_Element>
