<?xml version="1.0" encoding="ISO-8859-1"?>
<Root_Element ID="DAOCUi">
	<HorizontalResizeImageTemplate>
		<Name>green_full_small</Name>
		<Parent>none</Parent>
		<Height>3</Height>
		<LeftWidth>0</LeftWidth>
		<RepeatWidth>100</RepeatWidth>
		<RightWidth>0</RightWidth>
		<Texture>
			<TextureName>page2</TextureName>
			<Left>
				<X>154</X>
				<Y>237</Y>
			</Left>
			<Repeat>
				<X>154</X>
				<Y>237</Y>
			</Repeat>
			<Right>
				<X>154</X>
				<Y>237</Y>
			</Right>
		</Texture>
	</HorizontalResizeImageTemplate>
	<HorizontalResizeImageTemplate>
		<Name>green_back_small</Name>
		<Parent>none</Parent>
		<Height>3</Height>
		<LeftWidth>0</LeftWidth>
		<RepeatWidth>100</RepeatWidth>
		<RightWidth>0</RightWidth>
		<Texture>
			<TextureName>page2</TextureName>
			<Left>
				<X>154</X>
				<Y>240</Y>
			</Left>
			<Repeat>
				<X>154</X>
				<Y>240</Y>
			</Repeat>
			<Right>
				<X>154</X>
				<Y>240</Y>
			</Right>
		</Texture>
	</HorizontalResizeImageTemplate>
	<StatusBarTemplate>
		<Name>green_status_small</Name>
		<Parent>none</Parent>
		<BackgroundHResizeTemplate>green_back_small</BackgroundHResizeTemplate>
		<ForegroundHResizeTemplate>green_full_small</ForegroundHResizeTemplate>
		<Height>3</Height>
		<ForegroundOffset>
			<X>0</X>
			<Y>0</Y>
		</ForegroundOffset>
	</StatusBarTemplate>
	<WindowTemplate>
		<Name>stats_group</Name>
		<CloseButton>true</CloseButton>
		<MoveButton>true</MoveButton>
		<Width>192</Width>
		<Height>416</Height>
		<TitleWidth>0</TitleWidth>
		<TitleHeight>0</TitleHeight>
		<ResizeableWidth>0</ResizeableWidth>
		<ResizeableHeight>0</ResizeableHeight>
		<ResizeableTwoWayWidth>0</ResizeableTwoWayWidth>
		<ResizeableTwoWayHeight>0</ResizeableTwoWayHeight>
		<WindowId>StatsGroup</WindowId>
		<MinWidth>0</MinWidth>
		<MinHeight>0</MinHeight>
		<!--passive elements-->
		<FullResizeImageDef>
			<ControlId>BackgroundImage</ControlId>
			<Height>416</Height>
			<Width>192</Width>
			<Position>
				<X>0</X>
				<Y>0</Y>
			</Position>
			<TemplateName>valmer_box</TemplateName>
		</FullResizeImageDef>
		<ImageAreaDef>
			<TemplateName>group_member_graphic</TemplateName>
			<Position>
				<X>3</X>
				<Y>3</Y>
			</Position>
		</ImageAreaDef>
		<ImageAreaDef>
			<TemplateName>group_member_graphic</TemplateName>
			<Position>
				<X>3</X>
				<Y>41</Y>
			</Position>
		</ImageAreaDef>
		<ImageAreaDef>
			<TemplateName>group_member_graphic</TemplateName>
			<Position>
				<X>3</X>
				<Y>79</Y>
			</Position>
		</ImageAreaDef>
		<ImageAreaDef>
			<TemplateName>group_member_graphic</TemplateName>
			<Position>
				<X>3</X>
				<Y>117</Y>
			</Position>
		</ImageAreaDef>
		<ImageAreaDef>
			<TemplateName>group_member_graphic</TemplateName>
			<Position>
				<X>3</X>
				<Y>155</Y>
			</Position>
		</ImageAreaDef>
		<ImageAreaDef>
			<TemplateName>group_member_graphic</TemplateName>
			<Position>
				<X>3</X>
				<Y>193</Y>
			</Position>
		</ImageAreaDef>
		<ImageAreaDef>
			<TemplateName>group_member_graphic</TemplateName>
			<Position>
				<X>3</X>
				<Y>231</Y>
			</Position>
		</ImageAreaDef>
		<ImageAreaDef>
			<TemplateName>group_member_graphic</TemplateName>
			<Position>
				<X>3</X>
				<Y>269</Y>
			</Position>
		</ImageAreaDef>
		<!--active elements-->
		<!--group member 0-->
		<LabelDef>
			<Color>
				<R>200</R>
				<G>200</G>
				<B>200</B>
				<A>200</A>
			</Color>
			<FontName>arial9</FontName>
			<Width>128</Width>
			<Height>18</Height>
			<MaxCharacters>32</MaxCharacters>
			<Position>
				<X>6</X>
				<Y>4</Y>
			</Position>
			<Adapter>group_name0</Adapter>
			<ColorAdapter>group_color0</ColorAdapter>
		</LabelDef>
		<LabelDef>
			<Color>
				<R>255</R>
				<G>255</G>
				<B>255</B>
				<A>255</A>
			</Color>
			<FontName>arial9</FontName>
			<Width>128</Width>
			<Height>18</Height>
			<MaxCharacters>32</MaxCharacters>
			<Position>
				<X>93</X>
				<Y>4</Y>
			</Position>
			<Adapter>group_class0</Adapter>
		</LabelDef>
		<ScalarLabelDef>
			<Color>
				<R>255</R>
				<G>255</G>
				<B>255</B>
				<A>255</A>
			</Color>
			<FontName>arial9</FontName>
			<Width>64</Width>
			<Height>16</Height>
			<MaxCharacters>16</MaxCharacters>
			<Position>
				<X>170</X>
				<Y>4</Y>
			</Position>
			<Adapter>group_level0</Adapter>
			<ControlId>2000</ControlId>
		</ScalarLabelDef>
		<StatusBarDef>
			<Position>
				<X>5</X>
				<Y>17</Y>
			</Position>
			<TemplateName>red_status</TemplateName>
			<Adaptername>group_health0</Adaptername>
			<Width>72</Width>
		</StatusBarDef>
		<StatusBarDef>
			<Position>
				<X>5</X>
				<Y>24</Y>
			</Position>
			<TemplateName>green_status_small</TemplateName>
			<Adaptername>group_endurance0</Adaptername>
			<Width>72</Width>
		</StatusBarDef>
		<StatusBarDef>
			<Position>
				<X>5</X>
				<Y>28</Y>
			</Position>
			<TemplateName>yellow_status_small</TemplateName>
			<Adaptername>group_power0</Adaptername>
			<Width>72</Width>
		</StatusBarDef>
		<IconDef>
			<Position>
				<X>81</X>
				<Y>19</Y>
			</Position>
			<IconId>-1</IconId>
			<TemplateName>plain_icon_small</TemplateName>
			<AdapterName>group_0icon0</AdapterName>
		</IconDef>
		<IconDef>
			<Position>
				<X>99</X>
				<Y>19</Y>
			</Position>
			<IconId>-1</IconId>
			<TemplateName>plain_icon_small</TemplateName>
			<AdapterName>group_0icon1</AdapterName>
		</IconDef>
		<IconDef>
			<Position>
				<X>117</X>
				<Y>19</Y>
			</Position>
			<IconId>-1</IconId>
			<TemplateName>plain_icon_small</TemplateName>
			<AdapterName>group_0icon2</AdapterName>
		</IconDef>
		<IconDef>
			<Position>
				<X>135</X>
				<Y>19</Y>
			</Position>
			<IconId>-1</IconId>
			<TemplateName>plain_icon_small</TemplateName>
			<AdapterName>group_0icon3</AdapterName>
		</IconDef>
		<IconDef>
			<Position>
				<X>153</X>
				<Y>19</Y>
			</Position>
			<IconId>-1</IconId>
			<TemplateName>plain_icon_small</TemplateName>
			<AdapterName>group_0icon4</AdapterName>
		</IconDef>
		<IconDef>
			<Position>
				<X>171</X>
				<Y>19</Y>
			</Position>
			<IconId>-1</IconId>
			<TemplateName>plain_icon_small</TemplateName>
			<AdapterName>group_0icon5</AdapterName>
		</IconDef>
		<InvisibleButtonDef>
			<OnClickEvent>SelectGroupMember0</OnClickEvent>
			<Width>185</Width>
			<Height>35</Height>
			<Position>
				<X>3</X>
				<Y>3</Y>
			</Position>
		</InvisibleButtonDef>
		<!--group member 1-->
		<LabelDef>
			<Color>
				<R>200</R>
				<G>200</G>
				<B>200</B>
				<A>200</A>
			</Color>
			<FontName>arial9</FontName>
			<Width>128</Width>
			<Height>18</Height>
			<MaxCharacters>32</MaxCharacters>
			<Position>
				<X>6</X>
				<Y>42</Y>
			</Position>
			<Adapter>group_name1</Adapter>
			<ColorAdapter>group_color1</ColorAdapter>
		</LabelDef>
		<LabelDef>
			<Color>
				<R>255</R>
				<G>255</G>
				<B>255</B>
				<A>255</A>
			</Color>
			<FontName>arial9</FontName>
			<Width>128</Width>
			<Height>18</Height>
			<MaxCharacters>32</MaxCharacters>
			<Position>
				<X>93</X>
				<Y>42</Y>
			</Position>
			<Adapter>group_class1</Adapter>
		</LabelDef>
		<ScalarLabelDef>
			<Color>
				<R>255</R>
				<G>255</G>
				<B>255</B>
				<A>255</A>
			</Color>
			<FontName>arial9</FontName>
			<Width>64</Width>
			<Height>16</Height>
			<MaxCharacters>16</MaxCharacters>
			<Position>
				<X>170</X>
				<Y>42</Y>
			</Position>
			<Adapter>group_level1</Adapter>
			<ControlId>2001</ControlId>
		</ScalarLabelDef>
		<StatusBarDef>
			<Position>
				<X>5</X>
				<Y>55</Y>
			</Position>
			<TemplateName>red_status</TemplateName>
			<Adaptername>group_health1</Adaptername>
			<Width>72</Width>
		</StatusBarDef>
		<StatusBarDef>
			<Position>
				<X>5</X>
				<Y>62</Y>
			</Position>
			<TemplateName>green_status_small</TemplateName>
			<Adaptername>group_endurance1</Adaptername>
			<Width>72</Width>
		</StatusBarDef>
		<StatusBarDef>
			<Position>
				<X>5</X>
				<Y>66</Y>
			</Position>
			<TemplateName>yellow_status_small</TemplateName>
			<Adaptername>group_power1</Adaptername>
			<Width>72</Width>
		</StatusBarDef>
		<IconDef>
			<Position>
				<X>81</X>
				<Y>57</Y>
			</Position>
			<IconId>-1</IconId>
			<TemplateName>plain_icon_small</TemplateName>
			<AdapterName>group_1icon0</AdapterName>
		</IconDef>
		<IconDef>
			<Position>
				<X>99</X>
				<Y>57</Y>
			</Position>
			<IconId>-1</IconId>
			<TemplateName>plain_icon_small</TemplateName>
			<AdapterName>group_1icon1</AdapterName>
		</IconDef>
		<IconDef>
			<Position>
				<X>117</X>
				<Y>57</Y>
			</Position>
			<IconId>-1</IconId>
			<TemplateName>plain_icon_small</TemplateName>
			<AdapterName>group_1icon2</AdapterName>
		</IconDef>
		<IconDef>
			<Position>
				<X>135</X>
				<Y>57</Y>
			</Position>
			<IconId>-1</IconId>
			<TemplateName>plain_icon_small</TemplateName>
			<AdapterName>group_1icon3</AdapterName>
		</IconDef>
		<IconDef>
			<Position>
				<X>153</X>
				<Y>57</Y>
			</Position>
			<IconId>-1</IconId>
			<TemplateName>plain_icon_small</TemplateName>
			<AdapterName>group_1icon4</AdapterName>
		</IconDef>
		<IconDef>
			<Position>
				<X>171</X>
				<Y>57</Y>
			</Position>
			<IconId>-1</IconId>
			<TemplateName>plain_icon_small</TemplateName>
			<AdapterName>group_1icon5</AdapterName>
		</IconDef>
		<InvisibleButtonDef>
			<OnClickEvent>SelectGroupMember1</OnClickEvent>
			<Width>185</Width>
			<Height>35</Height>
			<Position>
				<X>3</X>
				<Y>41</Y>
			</Position>
		</InvisibleButtonDef>
		<!--group member 2-->
		<LabelDef>
			<Color>
				<R>200</R>
				<G>200</G>
				<B>200</B>
				<A>200</A>
			</Color>
			<FontName>arial9</FontName>
			<Width>128</Width>
			<Height>18</Height>
			<MaxCharacters>32</MaxCharacters>
			<Position>
				<X>6</X>
				<Y>80</Y>
			</Position>
			<Adapter>group_name2</Adapter>
			<ColorAdapter>group_color2</ColorAdapter>
		</LabelDef>
		<LabelDef>
			<Color>
				<R>255</R>
				<G>255</G>
				<B>255</B>
				<A>255</A>
			</Color>
			<FontName>arial9</FontName>
			<Width>128</Width>
			<Height>18</Height>
			<MaxCharacters>32</MaxCharacters>
			<Position>
				<X>93</X>
				<Y>80</Y>
			</Position>
			<Adapter>group_class2</Adapter>
		</LabelDef>
		<ScalarLabelDef>
			<Color>
				<R>255</R>
				<G>255</G>
				<B>255</B>
				<A>255</A>
			</Color>
			<FontName>arial9</FontName>
			<Width>64</Width>
			<Height>16</Height>
			<MaxCharacters>16</MaxCharacters>
			<Position>
				<X>170</X>
				<Y>80</Y>
			</Position>
			<Adapter>group_level2</Adapter>
			<ControlId>2002</ControlId>
		</ScalarLabelDef>
		<StatusBarDef>
			<Position>
				<X>5</X>
				<Y>93</Y>
			</Position>
			<TemplateName>red_status</TemplateName>
			<Adaptername>group_health2</Adaptername>
			<Width>72</Width>
		</StatusBarDef>
		<StatusBarDef>
			<Position>
				<X>5</X>
				<Y>100</Y>
			</Position>
			<TemplateName>green_status_small</TemplateName>
			<Adaptername>group_endurance2</Adaptername>
			<Width>72</Width>
		</StatusBarDef>
		<StatusBarDef>
			<Position>
				<X>5</X>
				<Y>104</Y>
			</Position>
			<TemplateName>yellow_status_small</TemplateName>
			<Adaptername>group_power2</Adaptername>
			<Width>72</Width>
		</StatusBarDef>
		<IconDef>
			<Position>
				<X>81</X>
				<Y>95</Y>
			</Position>
			<IconId>-1</IconId>
			<TemplateName>plain_icon_small</TemplateName>
			<AdapterName>group_2icon0</AdapterName>
		</IconDef>
		<IconDef>
			<Position>
				<X>99</X>
				<Y>95</Y>
			</Position>
			<IconId>-1</IconId>
			<TemplateName>plain_icon_small</TemplateName>
			<AdapterName>group_2icon1</AdapterName>
		</IconDef>
		<IconDef>
			<Position>
				<X>117</X>
				<Y>95</Y>
			</Position>
			<IconId>-1</IconId>
			<TemplateName>plain_icon_small</TemplateName>
			<AdapterName>group_2icon2</AdapterName>
		</IconDef>
		<IconDef>
			<Position>
				<X>135</X>
				<Y>95</Y>
			</Position>
			<IconId>-1</IconId>
			<TemplateName>plain_icon_small</TemplateName>
			<AdapterName>group_2icon3</AdapterName>
		</IconDef>
		<IconDef>
			<Position>
				<X>153</X>
				<Y>95</Y>
			</Position>
			<IconId>-1</IconId>
			<TemplateName>plain_icon_small</TemplateName>
			<AdapterName>group_2icon4</AdapterName>
		</IconDef>
		<IconDef>
			<Position>
				<X>171</X>
				<Y>95</Y>
			</Position>
			<IconId>-1</IconId>
			<TemplateName>plain_icon_small</TemplateName>
			<AdapterName>group_2icon5</AdapterName>
		</IconDef>
		<InvisibleButtonDef>
			<OnClickEvent>SelectGroupMember2</OnClickEvent>
			<Width>185</Width>
			<Height>35</Height>
			<Position>
				<X>3</X>
				<Y>79</Y>
			</Position>
		</InvisibleButtonDef>
		<!--group member 3-->
		<LabelDef>
			<Color>
				<R>200</R>
				<G>200</G>
				<B>200</B>
				<A>200</A>
			</Color>
			<FontName>arial9</FontName>
			<Width>128</Width>
			<Height>18</Height>
			<MaxCharacters>32</MaxCharacters>
			<Position>
				<X>6</X>
				<Y>118</Y>
			</Position>
			<Adapter>group_name3</Adapter>
			<ColorAdapter>group_color3</ColorAdapter>
		</LabelDef>
		<LabelDef>
			<Color>
				<R>255</R>
				<G>255</G>
				<B>255</B>
				<A>255</A>
			</Color>
			<FontName>arial9</FontName>
			<Width>128</Width>
			<Height>18</Height>
			<MaxCharacters>32</MaxCharacters>
			<Position>
				<X>93</X>
				<Y>118</Y>
			</Position>
			<Adapter>group_class3</Adapter>
		</LabelDef>
		<ScalarLabelDef>
			<Color>
				<R>255</R>
				<G>255</G>
				<B>255</B>
				<A>255</A>
			</Color>
			<FontName>arial9</FontName>
			<Width>64</Width>
			<Height>16</Height>
			<MaxCharacters>16</MaxCharacters>
			<Position>
				<X>170</X>
				<Y>118</Y>
			</Position>
			<Adapter>group_level3</Adapter>
			<ControlId>2003</ControlId>
		</ScalarLabelDef>
		<StatusBarDef>
			<Position>
				<X>5</X>
				<Y>131</Y>
			</Position>
			<TemplateName>red_status</TemplateName>
			<Adaptername>group_health3</Adaptername>
			<Width>72</Width>
		</StatusBarDef>
		<StatusBarDef>
			<Position>
				<X>5</X>
				<Y>138</Y>
			</Position>
			<TemplateName>green_status_small</TemplateName>
			<Adaptername>group_endurance3</Adaptername>
			<Width>72</Width>
		</StatusBarDef>
		<StatusBarDef>
			<Position>
				<X>5</X>
				<Y>142</Y>
			</Position>
			<TemplateName>yellow_status_small</TemplateName>
			<Adaptername>group_power3</Adaptername>
			<Width>72</Width>
		</StatusBarDef>
		<IconDef>
			<Position>
				<X>81</X>
				<Y>133</Y>
			</Position>
			<IconId>-1</IconId>
			<TemplateName>plain_icon_small</TemplateName>
			<AdapterName>group_3icon0</AdapterName>
		</IconDef>
		<IconDef>
			<Position>
				<X>99</X>
				<Y>133</Y>
			</Position>
			<IconId>-1</IconId>
			<TemplateName>plain_icon_small</TemplateName>
			<AdapterName>group_3icon1</AdapterName>
		</IconDef>
		<IconDef>
			<Position>
				<X>117</X>
				<Y>133</Y>
			</Position>
			<IconId>-1</IconId>
			<TemplateName>plain_icon_small</TemplateName>
			<AdapterName>group_3icon2</AdapterName>
		</IconDef>
		<IconDef>
			<Position>
				<X>135</X>
				<Y>133</Y>
			</Position>
			<IconId>-1</IconId>
			<TemplateName>plain_icon_small</TemplateName>
			<AdapterName>group_3icon3</AdapterName>
		</IconDef>
		<IconDef>
			<Position>
				<X>153</X>
				<Y>133</Y>
			</Position>
			<IconId>-1</IconId>
			<TemplateName>plain_icon_small</TemplateName>
			<AdapterName>group_3icon4</AdapterName>
		</IconDef>
		<IconDef>
			<Position>
				<X>171</X>
				<Y>133</Y>
			</Position>
			<IconId>-1</IconId>
			<TemplateName>plain_icon_small</TemplateName>
			<AdapterName>group_3icon5</AdapterName>
		</IconDef>
		<InvisibleButtonDef>
			<OnClickEvent>SelectGroupMember3</OnClickEvent>
			<Width>185</Width>
			<Height>35</Height>
			<Position>
				<X>3</X>
				<Y>117</Y>
			</Position>
		</InvisibleButtonDef>
		<!--group member 4-->
		<LabelDef>
			<Color>
				<R>200</R>
				<G>200</G>
				<B>200</B>
				<A>200</A>
			</Color>
			<FontName>arial9</FontName>
			<Width>128</Width>
			<Height>18</Height>
			<MaxCharacters>32</MaxCharacters>
			<Position>
				<X>6</X>
				<Y>156</Y>
			</Position>
			<Adapter>group_name4</Adapter>
			<ColorAdapter>group_color4</ColorAdapter>
		</LabelDef>
		<LabelDef>
			<Color>
				<R>255</R>
				<G>255</G>
				<B>255</B>
				<A>255</A>
			</Color>
			<FontName>arial9</FontName>
			<Width>128</Width>
			<Height>18</Height>
			<MaxCharacters>32</MaxCharacters>
			<Position>
				<X>93</X>
				<Y>156</Y>
			</Position>
			<Adapter>group_class4</Adapter>
		</LabelDef>
		<ScalarLabelDef>
			<Color>
				<R>255</R>
				<G>255</G>
				<B>255</B>
				<A>255</A>
			</Color>
			<FontName>arial9</FontName>
			<Width>64</Width>
			<Height>16</Height>
			<MaxCharacters>16</MaxCharacters>
			<Position>
				<Y>156</Y>
				<X>170</X>
			</Position>
			<Adapter>group_level4</Adapter>
			<ControlId>2004</ControlId>
		</ScalarLabelDef>
		<StatusBarDef>
			<Position>
				<Y>169</Y>
				<X>5</X>
			</Position>
			<TemplateName>red_status</TemplateName>
			<Adaptername>group_health4</Adaptername>
			<Width>72</Width>
		</StatusBarDef>
		<StatusBarDef>
			<Position>
				<Y>176</Y>
				<X>5</X>
			</Position>
			<TemplateName>green_status_small</TemplateName>
			<Adaptername>group_endurance4</Adaptername>
			<Width>72</Width>
		</StatusBarDef>
		<StatusBarDef>
			<Position>
				<X>5</X>
				<Y>180</Y>
			</Position>
			<TemplateName>yellow_status_small</TemplateName>
			<Adaptername>group_power4</Adaptername>
			<Width>72</Width>
		</StatusBarDef>
		<IconDef>
			<Position>
				<X>81</X>
				<Y>171</Y>
			</Position>
			<IconId>-1</IconId>
			<TemplateName>plain_icon_small</TemplateName>
			<AdapterName>group_4icon0</AdapterName>
		</IconDef>
		<IconDef>
			<Position>
				<X>99</X>
				<Y>171</Y>
			</Position>
			<IconId>-1</IconId>
			<TemplateName>plain_icon_small</TemplateName>
			<AdapterName>group_4icon1</AdapterName>
		</IconDef>
		<IconDef>
			<Position>
				<X>117</X>
				<Y>171</Y>
			</Position>
			<IconId>-1</IconId>
			<TemplateName>plain_icon_small</TemplateName>
			<AdapterName>group_4icon2</AdapterName>
		</IconDef>
		<IconDef>
			<Position>
				<X>135</X>
				<Y>171</Y>
			</Position>
			<IconId>-1</IconId>
			<TemplateName>plain_icon_small</TemplateName>
			<AdapterName>group_4icon3</AdapterName>
		</IconDef>
		<IconDef>
			<Position>
				<X>153</X>
				<Y>171</Y>
			</Position>
			<IconId>-1</IconId>
			<TemplateName>plain_icon_small</TemplateName>
			<AdapterName>group_4icon4</AdapterName>
		</IconDef>
		<IconDef>
			<Position>
				<X>171</X>
				<Y>171</Y>
			</Position>
			<IconId>-1</IconId>
			<TemplateName>plain_icon_small</TemplateName>
			<AdapterName>group_4icon5</AdapterName>
		</IconDef>
		<InvisibleButtonDef>
			<OnClickEvent>SelectGroupMember4</OnClickEvent>
			<Width>185</Width>
			<Height>35</Height>
			<Position>
				<X>3</X>
				<Y>155</Y>
			</Position>
		</InvisibleButtonDef>
		<!--group member 5-->
		<LabelDef>
			<Color>
				<R>200</R>
				<G>200</G>
				<B>200</B>
				<A>200</A>
			</Color>
			<FontName>arial9</FontName>
			<Width>128</Width>
			<Height>18</Height>
			<MaxCharacters>32</MaxCharacters>
			<Position>
				<X>6</X>
				<Y>194</Y>
			</Position>
			<Adapter>group_name5</Adapter>
			<ColorAdapter>group_color5</ColorAdapter>
		</LabelDef>
		<LabelDef>
			<Color>
				<R>255</R>
				<G>255</G>
				<B>255</B>
				<A>255</A>
			</Color>
			<FontName>arial9</FontName>
			<Width>128</Width>
			<Height>18</Height>
			<MaxCharacters>32</MaxCharacters>
			<Position>
				<X>93</X>
				<Y>194</Y>
			</Position>
			<Adapter>group_class5</Adapter>
		</LabelDef>
		<ScalarLabelDef>
			<Color>
				<R>255</R>
				<G>255</G>
				<B>255</B>
				<A>255</A>
			</Color>
			<FontName>arial9</FontName>
			<Width>64</Width>
			<Height>16</Height>
			<MaxCharacters>16</MaxCharacters>
			<Position>
				<X>170</X>
				<Y>194</Y>
			</Position>
			<Adapter>group_level5</Adapter>
			<ControlId>2005</ControlId>
		</ScalarLabelDef>
		<StatusBarDef>
			<Position>
				<X>5</X>
				<Y>207</Y>
			</Position>
			<TemplateName>red_status</TemplateName>
			<Adaptername>group_health5</Adaptername>
			<Width>72</Width>
		</StatusBarDef>
		<StatusBarDef>
			<Position>
				<X>5</X>
				<Y>214</Y>
			</Position>
			<TemplateName>green_status_small</TemplateName>
			<Adaptername>group_endurance5</Adaptername>
			<Width>72</Width>
		</StatusBarDef>
		<StatusBarDef>
			<Position>
				<X>5</X>
				<Y>218</Y>
			</Position>
			<TemplateName>yellow_status_small</TemplateName>
			<Adaptername>group_power5</Adaptername>
			<Width>72</Width>
		</StatusBarDef>
		<IconDef>
			<Position>
				<X>81</X>
				<Y>209</Y>
			</Position>
			<IconId>-1</IconId>
			<TemplateName>plain_icon_small</TemplateName>
			<AdapterName>group_5icon0</AdapterName>
		</IconDef>
		<IconDef>
			<Position>
				<X>99</X>
				<Y>209</Y>
			</Position>
			<IconId>-1</IconId>
			<TemplateName>plain_icon_small</TemplateName>
			<AdapterName>group_5icon1</AdapterName>
		</IconDef>
		<IconDef>
			<Position>
				<X>117</X>
				<Y>209</Y>
			</Position>
			<IconId>-1</IconId>
			<TemplateName>plain_icon_small</TemplateName>
			<AdapterName>group_5icon2</AdapterName>
		</IconDef>
		<IconDef>
			<Position>
				<X>135</X>
				<Y>209</Y>
			</Position>
			<IconId>-1</IconId>
			<TemplateName>plain_icon_small</TemplateName>
			<AdapterName>group_5icon3</AdapterName>
		</IconDef>
		<IconDef>
			<Position>
				<X>153</X>
				<Y>209</Y>
			</Position>
			<IconId>-1</IconId>
			<TemplateName>plain_icon_small</TemplateName>
			<AdapterName>group_5icon4</AdapterName>
		</IconDef>
		<IconDef>
			<Position>
				<X>171</X>
				<Y>209</Y>
			</Position>
			<IconId>-1</IconId>
			<TemplateName>plain_icon_small</TemplateName>
			<AdapterName>group_5icon5</AdapterName>
		</IconDef>
		<InvisibleButtonDef>
			<OnClickEvent>SelectGroupMember5</OnClickEvent>
			<Width>185</Width>
			<Height>35</Height>
			<Position>
				<X>3</X>
				<Y>193</Y>
			</Position>
		</InvisibleButtonDef>
		<!--group member 6-->
		<LabelDef>
			<Color>
				<R>200</R>
				<G>200</G>
				<B>200</B>
				<A>200</A>
			</Color>
			<FontName>arial9</FontName>
			<Width>128</Width>
			<Height>18</Height>
			<MaxCharacters>32</MaxCharacters>
			<Position>
				<X>6</X>
				<Y>232</Y>
			</Position>
			<Adapter>group_name6</Adapter>
			<ColorAdapter>group_color6</ColorAdapter>
		</LabelDef>
		<LabelDef>
			<Color>
				<R>255</R>
				<G>255</G>
				<B>255</B>
				<A>255</A>
			</Color>
			<FontName>arial9</FontName>
			<Width>128</Width>
			<Height>18</Height>
			<MaxCharacters>32</MaxCharacters>
			<Position>
				<X>93</X>
				<Y>232</Y>
			</Position>
			<Adapter>group_class6</Adapter>
		</LabelDef>
		<ScalarLabelDef>
			<Color>
				<R>255</R>
				<G>255</G>
				<B>255</B>
				<A>255</A>
			</Color>
			<FontName>arial9</FontName>
			<Width>64</Width>
			<Height>16</Height>
			<MaxCharacters>16</MaxCharacters>
			<Position>
				<X>170</X>
				<Y>232</Y>
			</Position>
			<Adapter>group_level6</Adapter>
			<ControlId>2006</ControlId>
		</ScalarLabelDef>
		<StatusBarDef>
			<Position>
				<X>5</X>
				<Y>245</Y>
			</Position>
			<TemplateName>red_status</TemplateName>
			<Adaptername>group_health6</Adaptername>
			<Width>72</Width>
		</StatusBarDef>
		<StatusBarDef>
			<Position>
				<X>5</X>
				<Y>252</Y>
			</Position>
			<TemplateName>green_status_small</TemplateName>
			<Adaptername>group_endurance6</Adaptername>
			<Width>72</Width>
		</StatusBarDef>
		<StatusBarDef>
			<Position>
				<X>5</X>
				<Y>256</Y>
			</Position>
			<TemplateName>yellow_status_small</TemplateName>
			<Adaptername>group_power6</Adaptername>
			<Width>72</Width>
		</StatusBarDef>
		<IconDef>
			<Position>
				<X>81</X>
				<Y>247</Y>
			</Position>
			<IconId>-1</IconId>
			<TemplateName>plain_icon_small</TemplateName>
			<AdapterName>group_6icon0</AdapterName>
		</IconDef>
		<IconDef>
			<Position>
				<X>99</X>
				<Y>247</Y>
			</Position>
			<IconId>-1</IconId>
			<TemplateName>plain_icon_small</TemplateName>
			<AdapterName>group_6icon1</AdapterName>
		</IconDef>
		<IconDef>
			<Position>
				<X>117</X>
				<Y>247</Y>
			</Position>
			<IconId>-1</IconId>
			<TemplateName>plain_icon_small</TemplateName>
			<AdapterName>group_6icon2</AdapterName>
		</IconDef>
		<IconDef>
			<Position>
				<X>135</X>
				<Y>247</Y>
			</Position>
			<IconId>-1</IconId>
			<TemplateName>plain_icon_small</TemplateName>
			<AdapterName>group_6icon3</AdapterName>
		</IconDef>
		<IconDef>
			<Position>
				<X>153</X>
				<Y>247</Y>
			</Position>
			<IconId>-1</IconId>
			<TemplateName>plain_icon_small</TemplateName>
			<AdapterName>group_6icon4</AdapterName>
		</IconDef>
		<IconDef>
			<Position>
				<X>171</X>
				<Y>247</Y>
			</Position>
			<IconId>-1</IconId>
			<TemplateName>plain_icon_small</TemplateName>
			<AdapterName>group_6icon5</AdapterName>
		</IconDef>
		<InvisibleButtonDef>
			<OnClickEvent>SelectGroupMember6</OnClickEvent>
			<Width>185</Width>
			<Height>35</Height>
			<Position>
				<X>3</X>
				<Y>231</Y>
			</Position>
		</InvisibleButtonDef>
		<!--group member 7-->
		<LabelDef>
			<Color>
				<R>200</R>
				<G>200</G>
				<B>200</B>
				<A>200</A>
			</Color>
			<FontName>arial9</FontName>
			<Width>128</Width>
			<Height>18</Height>
			<MaxCharacters>32</MaxCharacters>
			<Position>
				<X>6</X>
				<Y>270</Y>
			</Position>
			<Adapter>group_name7</Adapter>
			<ColorAdapter>group_color7</ColorAdapter>
		</LabelDef>
		<LabelDef>
			<Color>
				<R>255</R>
				<G>255</G>
				<B>255</B>
				<A>255</A>
			</Color>
			<FontName>arial9</FontName>
			<Width>128</Width>
			<Height>18</Height>
			<MaxCharacters>32</MaxCharacters>
			<Position>
				<X>93</X>
				<Y>270</Y>
			</Position>
			<Adapter>group_class7</Adapter>
		</LabelDef>
		<ScalarLabelDef>
			<Color>
				<R>255</R>
				<G>255</G>
				<B>255</B>
				<A>255</A>
			</Color>
			<FontName>arial9</FontName>
			<Width>64</Width>
			<Height>16</Height>
			<MaxCharacters>16</MaxCharacters>
			<Position>
				<X>170</X>
				<Y>270</Y>
			</Position>
			<Adapter>group_level7</Adapter>
			<ControlId>2007</ControlId>
		</ScalarLabelDef>
		<StatusBarDef>
			<Position>
				<X>5</X>
				<Y>283</Y>
			</Position>
			<TemplateName>red_status</TemplateName>
			<Adaptername>group_health7</Adaptername>
			<Width>72</Width>
		</StatusBarDef>
		<StatusBarDef>
			<Position>
				<X>5</X>
				<Y>290</Y>
			</Position>
			<TemplateName>green_status_small</TemplateName>
			<Adaptername>group_endurance7</Adaptername>
			<Width>72</Width>
		</StatusBarDef>
		<StatusBarDef>
			<Position>
				<X>5</X>
				<Y>294</Y>
			</Position>
			<TemplateName>yellow_status_small</TemplateName>
			<Adaptername>group_power7</Adaptername>
			<Width>72</Width>
		</StatusBarDef>
		<IconDef>
			<Position>
				<X>81</X>
				<Y>285</Y>
			</Position>
			<IconId>-1</IconId>
			<TemplateName>plain_icon_small</TemplateName>
			<AdapterName>group_7icon0</AdapterName>
		</IconDef>
		<IconDef>
			<Position>
				<X>99</X>
				<Y>285</Y>
			</Position>
			<IconId>-1</IconId>
			<TemplateName>plain_icon_small</TemplateName>
			<AdapterName>group_7icon1</AdapterName>
		</IconDef>
		<IconDef>
			<Position>
				<X>117</X>
				<Y>285</Y>
			</Position>
			<IconId>-1</IconId>
			<TemplateName>plain_icon_small</TemplateName>
			<AdapterName>group_7icon2</AdapterName>
		</IconDef>
		<IconDef>
			<Position>
				<X>135</X>
				<Y>285</Y>
			</Position>
			<IconId>-1</IconId>
			<TemplateName>plain_icon_small</TemplateName>
			<AdapterName>group_7icon3</AdapterName>
		</IconDef>
		<IconDef>
			<Position>
				<X>153</X>
				<Y>285</Y>
			</Position>
			<IconId>-1</IconId>
			<TemplateName>plain_icon_small</TemplateName>
			<AdapterName>group_7icon4</AdapterName>
		</IconDef>
		<IconDef>
			<Position>
				<X>171</X>
				<Y>285</Y>
			</Position>
			<IconId>-1</IconId>
			<TemplateName>plain_icon_small</TemplateName>
			<AdapterName>group_7icon5</AdapterName>
		</IconDef>
		<InvisibleButtonDef>
			<OnClickEvent>SelectGroupMember7</OnClickEvent>
			<Width>185</Width>
			<Height>35</Height>
			<Position>
				<X>3</X>
				<Y>269</Y>
			</Position>
		</InvisibleButtonDef>
		<!--buttons-->
		<ButtonDef>
			<TemplateName>button_large_new</TemplateName>
			<OnClickEvent>GroupInvite</OnClickEvent>
			<ControlId>1000</ControlId>
			<Label>Invita</Label>
			<Position>
				<X>5</X>
				<Y>308</Y>
			</Position>
		</ButtonDef>
		<ButtonDef>
			<TemplateName>button_large_new</TemplateName>
			<OnClickEvent>GroupDisband</OnClickEvent>
			<ControlId>1001</ControlId>
			<Label>Lascia</Label>
			<Position>
				<X>66</X>
				<Y>308</Y>
			</Position>
		</ButtonDef>
		<ButtonDef>
			<TemplateName>button_large_new</TemplateName>
			<ControlId>1002</ControlId>
			<Label>Mini</Label>
			<Position>
				<X>128</X>
				<Y>308</Y>
			</Position>
		</ButtonDef>
		<ButtonDef>
			<TemplateName>button_large_new</TemplateName>
			<ControlId>1003</ControlId>
			<Label>Trova</Label>
			<Position>
				<X>5</X>
				<Y>326</Y>
			</Position>
			<OnClickEvent>GroupFind</OnClickEvent>
		</ButtonDef>
		<ButtonDef>
			<TemplateName>button_large_new</TemplateName>
			<ControlId>1004</ControlId>
			<Label>LFG</Label>
			<Position>
				<X>66</X>
				<Y>326</Y>
			</Position>
			<OnClickEvent>GroupFind</OnClickEvent>
		</ButtonDef>
		<ButtonDef>
			<TemplateName>button_large_new</TemplateName>
			<ControlId>1005</ControlId>
			<Label>Benefici</Label>
			<Position>
				<X>128</X>
				<Y>326</Y>
			</Position>
		</ButtonDef>


		<ButtonDef>
			<TemplateName>button_large</TemplateName>
			<Label>Guerra</Label>
			<Position>
				<X>66</X>
				<Y>344</Y>
			</Position>
			<OnClickEvent>ShowWarmap</OnClickEvent>
		</ButtonDef>
		<ButtonDef>
           		<TemplateName>button_large</TemplateName>
            		<Label>FOLLOW</Label>
		        <Position>
                		<X>6</X>
                		<Y>380</Y>
            		</Position>
            		<onClickEvent>Follow</onClickEvent>
        	</ButtonDef>
        	<ButtonDef>
            		<TemplateName>button_large</TemplateName>
            		<Position>
                		<X>66</X>
                		<Y>380</Y>
            		</Position>
            		<TemplateName>button_large</TemplateName>
            		<Label>STICK</Label>
            		<onClickEvent>Stick</onClickEvent>
        	</ButtonDef>
        	<ButtonDef>
            		<TemplateName>button_large</TemplateName>
            		<Label>FACE</Label>
            		<Position>
               		 	<X>128</X>
               		 	<Y>380</Y>
            		</Position>
            		<onClickEvent>Face</onClickEvent>
        	</ButtonDef>
        	<ButtonDef>
            		<TemplateName>button_large</TemplateName>
            		<Label>Mappa</Label>
            		<Position>
               			<X>128</X>
                		<Y>344</Y>
            		</Position>
            		<onClickEvent>ToggleMap</onClickEvent>
        	</ButtonDef>
	       	<ButtonDef>
            		<TemplateName>button_large</TemplateName>
                        <Label>ASSIST</Label>
			<Position>
                		<X>6</X>
                		<Y>344</Y>
            		</Position>
            		<onClickEvent>AssistTarget</onClickEvent>
        	</ButtonDef>
	</WindowTemplate>
</Root_Element>
