<?xml version="1.0" encoding="ISO-8859-1"?>
<Root_Element ID="DAOCUi">
	<WindowTemplate>
		<Name>stats_attributes</Name>
		<CloseButton>true</CloseButton>
		<MoveButton>true</MoveButton>
		<Width>192</Width>
		<Height>416</Height>
		<TitleWidth>0</TitleWidth>
		<TitleHeight>0</TitleHeight>
		<ResizeableWidth>0</ResizeableWidth>
		<ResizeableHeight>0</ResizeableHeight>
		<ResizeableTwoWayWidth>0</ResizeableTwoWayWidth>
		<ResizeableTwoWayHeight>0</ResizeableTwoWayHeight>
		<WindowId>StatsAttributes</WindowId>
		<MinWidth>0</MinWidth>
		<MinHeight>0</MinHeight>
		<FullResizeImageDef>
			<ControlId>BackgroundImage</ControlId>
			<Height>416</Height>
			<Width>192</Width>
			<Position>
				<X>0</X>
				<Y>0</Y>
			</Position>
			<TemplateName>valmer_box</TemplateName>
		</FullResizeImageDef>
		<!--name, level, realm points-->
		<LabelDef>
			<Color>
				<R>255</R>
				<G>255</G>
				<B>255</B>
				<A>255</A>
			</Color>
			<FontName>arial9</FontName>
			<Width>164</Width>
			<Height>18</Height>
			<MaxCharacters>32</MaxCharacters>
			<Position>
				<X>10</X>
				<Y>2</Y>
			</Position>
			<Adapter>stats_name</Adapter>
		</LabelDef>
		<LabelDef>
			<Color>
				<R>200</R>
				<G>200</G>
				<B>200</B>
				<A>200</A>
			</Color>
			<FontName>arial9</FontName>
			<Width>64</Width>
			<Height>18</Height>
			<MaxCharacters>32</MaxCharacters>
			<Data>Liv.</Data>
			<Position>
				<X>5</X>
				<Y>17</Y>
			</Position>
		</LabelDef>
		<HorizontalResizeImageDef>
			<Position>
				<X>33</X>
				<Y>15</Y>
			</Position>
			<TemplateName>dialog_inset</TemplateName>
			<Width>24</Width>
		</HorizontalResizeImageDef>
		<ScalarLabelDef>
			<Color>
				<R>255</R>
				<G>255</G>
				<B>255</B>
				<A>255</A>
			</Color>
			<FontName>arial9</FontName>
			<Width>64</Width>
			<Height>18</Height>
			<MaxCharacters>32</MaxCharacters>
			<Position>
				<X>40</X>
				<Y>17</Y>
			</Position>
			<Adapter>stats_level</Adapter>
		</ScalarLabelDef>
		<LabelDef>
			<Color>
				<R>200</R>
				<G>200</G>
				<B>200</B>
				<A>200</A>
			</Color>
			<FontName>arial9</FontName>
			<Width>64</Width>
			<Height>18</Height>
			<MaxCharacters>32</MaxCharacters>
			<Data>Punti Reame</Data>
			<Position>
				<X>64</X>
				<Y>17</Y>
			</Position>
		</LabelDef>
		<HorizontalResizeImageDef>
			<Position>
				<X>130</X>
				<Y>15</Y>
			</Position>
			<TemplateName>dialog_inset</TemplateName>
			<Width>57</Width>
		</HorizontalResizeImageDef>
		<ScalarLabelDef>
			<Color>
				<R>255</R>
				<G>255</G>
				<B>255</B>
				<A>255</A>
			</Color>
			<FontName>arial9</FontName>
			<Width>64</Width>
			<Height>18</Height>
			<MaxCharacters>32</MaxCharacters>
			<Position>
				<X>135</X>
				<Y>17</Y>
			</Position>
			<Adapter>stats_realm_points</Adapter>
		</ScalarLabelDef>
		<!--weapskill, hits, weapdam, AF-->
		<LabelDef>
			<Color>
				<R>200</R>
				<G>200</G>
				<B>200</B>
				<A>200</A>
			</Color>
			<FontName>arial9</FontName>
			<Width>64</Width>
			<Height>18</Height>
			<MaxCharacters>32</MaxCharacters>
			<Data>Ab.Arma</Data>
			<Position>
				<X>5</X>
				<Y>36</Y>
			</Position>
		</LabelDef>
		<HorizontalResizeImageDef>
			<Position>
				<X>56</X>
				<Y>33</Y>
			</Position>
			<TemplateName>dialog_inset</TemplateName>
			<Width>35</Width>
		</HorizontalResizeImageDef>
		<ScalarLabelDef>
			<Color>
				<R>255</R>
				<G>255</G>
				<B>255</B>
				<A>255</A>
			</Color>
			<FontName>arial9</FontName>
			<Width>64</Width>
			<Height>16</Height>
			<MaxCharacters>128</MaxCharacters>
			<Position>
				<X>62</X>
				<Y>35</Y>
			</Position>
			<Adapter>stats_weapon_skill</Adapter>
		</ScalarLabelDef>
		<LabelDef>
			<Color>
				<R>200</R>
				<G>200</G>
				<B>200</B>
				<A>200</A>
			</Color>
			<FontName>arial9</FontName>
			<Width>64</Width>
			<Height>18</Height>
			<MaxCharacters>32</MaxCharacters>
			<Data>DannoArma</Data>
			<Position>
				<X>5</X>
				<Y>54</Y>
			</Position>
		</LabelDef>
		<HorizontalResizeImageDef>
			<Position>
				<X>56</X>
				<Y>51</Y>
			</Position>
			<TemplateName>dialog_inset</TemplateName>
			<Width>35</Width>
		</HorizontalResizeImageDef>
		<ScalarLabelDef>
			<Color>
				<R>255</R>
				<G>255</G>
				<B>255</B>
				<A>255</A>
			</Color>
			<FontName>arial9</FontName>
			<Width>64</Width>
			<Height>16</Height>
			<MaxCharacters>128</MaxCharacters>
			<Position>
				<X>62</X>
				<Y>53</Y>
			</Position>
			<Adapter>stats_weapon_damage</Adapter>
		</ScalarLabelDef>
		<LabelDef>
			<Color>
				<R>200</R>
				<G>200</G>
				<B>200</B>
				<A>200</A>
			</Color>
			<FontName>arial9</FontName>
			<Width>64</Width>
			<Height>18</Height>
			<MaxCharacters>32</MaxCharacters>
			<Data>Punti Vita</Data>
			<Position>
				<X>100</X>
				<Y>36</Y>
			</Position>
		</LabelDef>
		<HorizontalResizeImageDef>
			<Position>
				<X>152</X>
				<Y>33</Y>
			</Position>
			<TemplateName>dialog_inset</TemplateName>
			<Width>35</Width>
		</HorizontalResizeImageDef>
		<ScalarLabelDef>
			<Color>
				<R>255</R>
				<G>255</G>
				<B>255</B>
				<A>255</A>
			</Color>
			<FontName>arial9</FontName>
			<Width>64</Width>
			<Height>16</Height>
			<MaxCharacters>128</MaxCharacters>
			<Position>
				<X>157</X>
				<Y>35</Y>
			</Position>
			<Adapter>stats_hitpoints</Adapter>
		</ScalarLabelDef>
		<LabelDef>
			<Color>
				<R>200</R>
				<G>200</G>
				<B>200</B>
				<A>200</A>
			</Color>
			<FontName>arial9</FontName>
			<Width>64</Width>
			<Height>18</Height>
			<MaxCharacters>32</MaxCharacters>
			<Data>Fatt.Arm.</Data>
			<Position>
				<X>100</X>
				<Y>54</Y>
			</Position>
		</LabelDef>
		<HorizontalResizeImageDef>
			<Position>
				<X>152</X>
				<Y>51</Y>
			</Position>
			<TemplateName>dialog_inset</TemplateName>
			<Width>35</Width>
		</HorizontalResizeImageDef>
		<ScalarLabelDef>
			<Color>
				<R>255</R>
				<G>255</G>
				<B>255</B>
				<A>255</A>
			</Color>
			<FontName>arial9</FontName>
			<Width>64</Width>
			<Height>16</Height>
			<MaxCharacters>128</MaxCharacters>
			<Position>
				<X>157</X>
				<Y>53</Y>
			</Position>
			<Adapter>stats_armor_factor</Adapter>
		</ScalarLabelDef>
		<!--stats area-->
		<FullResizeImageDef>
			<TemplateName>dlg_sm_notitle</TemplateName>
			<Height>77</Height>
			<Width>185</Width>
			<Position>
				<X>3</X>
				<Y>69</Y>
			</Position>
			<Alignment>
				<GrowWidth>true</GrowWidth>
			</Alignment>			
		</FullResizeImageDef>
		<HorizontalResizeImageDef>
			<ControlId>1003</ControlId>
			<Position>
				<X>6</X>
				<Y>73</Y>
			</Position>
			<TemplateName>dialog_inset</TemplateName>
			<Width>28</Width>
			<ToolTipID>1</ToolTipID>
		</HorizontalResizeImageDef>
		<ScalarLabelDef>
			<Color>
				<R>255</R>
				<G>255</G>
				<B>255</B>
				<A>255</A>
			</Color>
			<FontName>arial9</FontName>
			<Width>64</Width>
			<Height>16</Height>
			<MaxCharacters>128</MaxCharacters>
			<Position>
				<X>12</X>
				<Y>75</Y>
			</Position>
			<Adapter>stats_strength</Adapter>
			<ColorAdapter>stats_strength_color</ColorAdapter>
		</ScalarLabelDef>
		<LabelDef>
			<ControlId>1019</ControlId>
			<Color>
				<R>200</R>
				<G>200</G>
				<B>200</B>
				<A>200</A>
			</Color>
			<FontName>arial9</FontName>
			<Width>64</Width>
			<Height>18</Height>
			<MaxCharacters>32</MaxCharacters>
			<Data>Forza</Data>
			<Position>
				<X>36</X>
				<Y>75</Y>
			</Position>
			<ToolTipID>24</ToolTipID>
		</LabelDef>
		<HorizontalResizeImageDef>
			<ControlId>1004</ControlId>
			<Position>
				<X>6</X>
				<Y>91</Y>
			</Position>
			<TemplateName>dialog_inset</TemplateName>
			<Width>28</Width>
			<ToolTipID>3</ToolTipID>
		</HorizontalResizeImageDef>
		<ScalarLabelDef>
			<Color>
				<R>255</R>
				<G>255</G>
				<B>255</B>
				<A>255</A>
			</Color>
			<FontName>arial9</FontName>
			<Width>64</Width>
			<Height>16</Height>
			<MaxCharacters>128</MaxCharacters>
			<Position>
				<X>12</X>
				<Y>93</Y>
			</Position>
			<Adapter>stats_constitution</Adapter>
			<ColorAdapter>stats_constitution_color</ColorAdapter>
		</ScalarLabelDef>
		<LabelDef>
			<ControlId>1020</ControlId>
			<Color>
				<R>200</R>
				<G>200</G>
				<B>200</B>
				<A>200</A>
			</Color>
			<FontName>arial9</FontName>
			<Width>64</Width>
			<Height>18</Height>
			<MaxCharacters>32</MaxCharacters>
			<Data>Costituzione</Data>
			<Position>
				<X>36</X>
				<Y>93</Y>
			</Position>
			<ToolTipID>25</ToolTipID>
		</LabelDef>
		<HorizontalResizeImageDef>
			<ControlId>1005</ControlId>
			<Position>
				<X>6</X>
				<Y>109</Y>
			</Position>
			<TemplateName>dialog_inset</TemplateName>
			<Width>28</Width>
			<ToolTipID>2</ToolTipID>
		</HorizontalResizeImageDef>
		<ScalarLabelDef>
			<Color>
				<R>255</R>
				<G>255</G>
				<B>255</B>
				<A>255</A>
			</Color>
			<FontName>arial9</FontName>
			<Width>64</Width>
			<Height>16</Height>
			<MaxCharacters>128</MaxCharacters>
			<Position>
				<X>12</X>
				<Y>111</Y>
			</Position>
			<Adapter>stats_dexterity</Adapter>
			<ColorAdapter>stats_dexterity_color</ColorAdapter>
		</ScalarLabelDef>
		<LabelDef>
			<ControlId>1021</ControlId>
			<Color>
				<R>200</R>
				<G>200</G>
				<B>200</B>
				<A>200</A>
			</Color>
			<FontName>arial9</FontName>
			<Width>64</Width>
			<Height>18</Height>
			<MaxCharacters>32</MaxCharacters>
			<Data>Destrezza</Data>
			<Position>
				<X>36</X>
				<Y>111</Y>
			</Position>
			<ToolTipID>26</ToolTipID>
		</LabelDef>
		<HorizontalResizeImageDef>
			<ControlId>1006</ControlId>
			<Position>
				<X>6</X>
				<Y>127</Y>
			</Position>
			<TemplateName>dialog_inset</TemplateName>
			<Width>28</Width>
			<ToolTipID>4</ToolTipID>
		</HorizontalResizeImageDef>
		<ScalarLabelDef>
			<Color>
				<R>255</R>
				<G>255</G>
				<B>255</B>
				<A>255</A>
			</Color>
			<FontName>arial9</FontName>
			<Width>64</Width>
			<Height>16</Height>
			<MaxCharacters>128</MaxCharacters>
			<Position>
				<X>12</X>
				<Y>129</Y>
			</Position>
			<Adapter>stats_quickness</Adapter>
			<ColorAdapter>stats_quickness_color</ColorAdapter>
		</ScalarLabelDef>
		<LabelDef>
			<ControlId>1022</ControlId>
			<Color>
				<R>200</R>
				<G>200</G>
				<B>200</B>
				<A>200</A>
			</Color>
			<FontName>arial9</FontName>
			<Width>64</Width>
			<Height>18</Height>
			<MaxCharacters>32</MaxCharacters>
			<Data>Agilit�</Data>
			<Position>
				<X>36</X>
				<Y>129</Y>
			</Position>
			<ToolTipID>27</ToolTipID>
		</LabelDef>
		<HorizontalResizeImageDef>
			<ControlId>1007</ControlId>
			<Position>
				<X>96</X>
				<Y>73</Y>
			</Position>
			<TemplateName>dialog_inset</TemplateName>
			<Width>28</Width>
			<ToolTipID>5</ToolTipID>
		</HorizontalResizeImageDef>
		<ScalarLabelDef>
			<Color>
				<R>255</R>
				<G>255</G>
				<B>255</B>
				<A>255</A>
			</Color>
			<FontName>arial9</FontName>
			<Width>64</Width>
			<Height>16</Height>
			<MaxCharacters>128</MaxCharacters>
			<Position>
				<X>102</X>
				<Y>75</Y>
			</Position>
			<Adapter>stats_intelligence</Adapter>
			<ColorAdapter>stats_intelligence_color</ColorAdapter>			
		</ScalarLabelDef>
		<LabelDef>
			<ControlId>1023</ControlId>
			<Color>
				<R>200</R>
				<G>200</G>
				<B>200</B>
				<A>200</A>
			</Color>
			<FontName>arial9</FontName>
			<Width>64</Width>
			<Height>18</Height>
			<MaxCharacters>32</MaxCharacters>
			<Data>Intelligenza</Data>
			<Position>
				<X>126</X>
				<Y>75</Y>
			</Position>
			<ToolTipID>28</ToolTipID>
		</LabelDef>
		<HorizontalResizeImageDef>
			<ControlId>1008</ControlId>
			<Position>
				<X>96</X>
				<Y>91</Y>
			</Position>
			<TemplateName>dialog_inset</TemplateName>
			<Width>28</Width>
			<ToolTipID>7</ToolTipID>
		</HorizontalResizeImageDef>
		<ScalarLabelDef>
			<Color>
				<R>255</R>
				<G>255</G>
				<B>255</B>
				<A>255</A>
			</Color>
			<FontName>arial9</FontName>
			<Width>64</Width>
			<Height>16</Height>
			<MaxCharacters>128</MaxCharacters>
			<Position>
				<X>102</X>
				<Y>93</Y>
			</Position>
			<Adapter>stats_empathy</Adapter>
			<ColorAdapter>stats_empathy_color</ColorAdapter>
		</ScalarLabelDef>
		<LabelDef>
			<ControlId>1024</ControlId>
			<Color>
				<R>200</R>
				<G>200</G>
				<B>200</B>
				<A>200</A>
			</Color>
			<FontName>arial9</FontName>
			<Width>64</Width>
			<Height>18</Height>
			<MaxCharacters>32</MaxCharacters>
			<Data>Empatia</Data>
			<Position>
				<X>126</X>
				<Y>93</Y>
			</Position>
			<ToolTipID>29</ToolTipID>
		</LabelDef>
		<HorizontalResizeImageDef>
			<ControlId>1009</ControlId>
			<Position>
				<X>96</X>
				<Y>109</Y>
			</Position>
			<TemplateName>dialog_inset</TemplateName>
			<Width>28</Width>
			<ToolTipID>6</ToolTipID>
		</HorizontalResizeImageDef>
		<ScalarLabelDef>
			<Color>
				<R>255</R>
				<G>255</G>
				<B>255</B>
				<A>255</A>
			</Color>
			<FontName>arial9</FontName>
			<Width>64</Width>
			<Height>16</Height>
			<MaxCharacters>128</MaxCharacters>
			<Position>
				<X>102</X>
				<Y>111</Y>
			</Position>
			<Adapter>stats_piety</Adapter>
			<ColorAdapter>stats_piety_color</ColorAdapter>
		</ScalarLabelDef>
		<LabelDef>
			<ControlId>1025</ControlId>
			<Color>
				<R>200</R>
				<G>200</G>
				<B>200</B>
				<A>200</A>
			</Color>
			<FontName>arial9</FontName>
			<Width>64</Width>
			<Height>18</Height>
			<MaxCharacters>32</MaxCharacters>
			<Data>Pieta'</Data>
			<Position>
				<X>126</X>
				<Y>111</Y>
			</Position>
			<ToolTipID>30</ToolTipID>
		</LabelDef>
		<HorizontalResizeImageDef>
			<ControlId>1010</ControlId>
			<Position>
				<X>96</X>
				<Y>127</Y>
			</Position>
			<TemplateName>dialog_inset</TemplateName>
			<Width>28</Width>
			<ToolTipID>8</ToolTipID>
		</HorizontalResizeImageDef>
		<ScalarLabelDef>
			<Color>
				<R>255</R>
				<G>255</G>
				<B>255</B>
				<A>255</A>
			</Color>
			<FontName>arial9</FontName>
			<Width>64</Width>
			<Height>16</Height>
			<MaxCharacters>128</MaxCharacters>
			<Position>
				<X>102</X>
				<Y>129</Y>
			</Position>
			<Adapter>stats_charisma</Adapter>
			<ColorAdapter>stats_charisma_color</ColorAdapter>
		</ScalarLabelDef>
		<LabelDef>
			<ControlId>1026</ControlId>
			<Color>
				<R>200</R>
				<G>200</G>
				<B>200</B>
				<A>200</A>
			</Color>
			<FontName>arial9</FontName>
			<Width>64</Width>
			<Height>18</Height>
			<MaxCharacters>32</MaxCharacters>
			<Data>Carisma</Data>
			<Position>
				<X>126</X>
				<Y>129</Y>
			</Position>
			<ToolTipID>31</ToolTipID>
		</LabelDef>
		<!-- resists area -->
		<FullResizeImageDef>
			<Height>95</Height>
			<Width>185</Width>
			<Position>
				<X>3</X>
				<Y>145</Y>
			</Position>
			<TemplateName>dlg_sm_notitle</TemplateName>
		</FullResizeImageDef>
		<HorizontalResizeImageDef>
			<Position>
				<X>6</X>
				<Y>149</Y>
			</Position>
			<TemplateName>dialog_inset</TemplateName>
			<Width>50</Width>
		</HorizontalResizeImageDef>
		<LabelDef>
			<Color>
				<R>200</R>
				<G>200</G>
				<B>200</B>
				<A>200</A>
			</Color>
			<FontName>arial9</FontName>
			<Width>50</Width>
			<Height>17</Height>
			<MaxCharacters>20</MaxCharacters>
			<Data>Resist.</Data>
			<Position>
				<X>12</X>
				<Y>151</Y>
			</Position>
			<Alignment>
				<TopLeft>true</TopLeft>
			</Alignment>
		</LabelDef>
		<HorizontalResizeImageDef>
			<ControlId>1011</ControlId>
			<Position>
				<X>6</X>
				<Y>167</Y>
			</Position>
			<TemplateName>dialog_inset</TemplateName>
			<Width>38</Width>
			<ToolTipID>11</ToolTipID>
		</HorizontalResizeImageDef>
		<LabelDef>
			<Color>
				<R>255</R>
				<G>255</G>
				<B>255</B>
				<A>255</A>
			</Color>
			<FontName>arial9</FontName>
			<Width>64</Width>
			<Height>16</Height>
			<MaxCharacters>128</MaxCharacters>
			<Position>
				<X>12</X>
				<Y>169</Y>
			</Position>
			<Adapter>stats_thrust</Adapter>
			<ColorAdapter>stats_thrust_color</ColorAdapter>
		</LabelDef>
		<LabelDef>
			<Color>
				<R>200</R>
				<G>200</G>
				<B>200</B>
				<A>200</A>
			</Color>
			<FontName>arial9</FontName>
			<Width>64</Width>
			<Height>18</Height>
			<MaxCharacters>32</MaxCharacters>
			<Data>Perforaz.</Data>
			<Position>
				<X>46</X>
				<Y>169</Y>
			</Position>
		</LabelDef>
		<HorizontalResizeImageDef>
			<ControlId>1012</ControlId>
			<Position>
				<X>6</X>
				<Y>185</Y>
			</Position>
			<TemplateName>dialog_inset</TemplateName>
			<Width>38</Width>
			<ToolTipID>9</ToolTipID>
		</HorizontalResizeImageDef>
		<LabelDef>
			<Color>
				<R>255</R>
				<G>255</G>
				<B>255</B>
				<A>255</A>
			</Color>
			<FontName>arial9</FontName>
			<Width>64</Width>
			<Height>16</Height>
			<MaxCharacters>128</MaxCharacters>
			<Position>
				<X>12</X>
				<Y>187</Y>
			</Position>
			<Adapter>stats_crush</Adapter>
			<ColorAdapter>stats_crush_color</ColorAdapter>
		</LabelDef>
		<LabelDef>
			<Color>
				<R>200</R>
				<G>200</G>
				<B>200</B>
				<A>200</A>
			</Color>
			<FontName>arial9</FontName>
			<Width>64</Width>
			<Height>18</Height>
			<MaxCharacters>32</MaxCharacters>
			<Data>Impatto</Data>
			<Position>
				<X>46</X>
				<Y>187</Y>
			</Position>
		</LabelDef>
		<HorizontalResizeImageDef>
			<ControlId>1013</ControlId>
			<Position>
				<X>6</X>
				<Y>203</Y>
			</Position>
			<TemplateName>dialog_inset</TemplateName>
			<Width>38</Width>
			<ToolTipID>10</ToolTipID>
		</HorizontalResizeImageDef>
		<LabelDef>
			<Color>
				<R>255</R>
				<G>255</G>
				<B>255</B>
				<A>255</A>
			</Color>
			<FontName>arial9</FontName>
			<Width>64</Width>
			<Height>16</Height>
			<MaxCharacters>128</MaxCharacters>
			<Position>
				<X>12</X>
				<Y>205</Y>
			</Position>
			<Adapter>stats_slash</Adapter>
			<ColorAdapter>stats_slash_color</ColorAdapter>
		</LabelDef>
		<LabelDef>
			<Color>
				<R>200</R>
				<G>200</G>
				<B>200</B>
				<A>200</A>
			</Color>
			<FontName>arial9</FontName>
			<Width>64</Width>
			<Height>18</Height>
			<MaxCharacters>32</MaxCharacters>
			<Data>Taglio</Data>
			<Position>
				<X>46</X>
				<Y>205</Y>
			</Position>
		</LabelDef>
		<HorizontalResizeImageDef>
			<ControlId>1014</ControlId>
			<Position>
				<X>6</X>
				<Y>221</Y>
			</Position>
			<TemplateName>dialog_inset</TemplateName>
			<Width>38</Width>
			<ToolTipID>12</ToolTipID>
		</HorizontalResizeImageDef>
		<LabelDef>
			<Color>
				<R>255</R>
				<G>255</G>
				<B>255</B>
				<A>255</A>
			</Color>
			<FontName>arial9</FontName>
			<Width>64</Width>
			<Height>16</Height>
			<MaxCharacters>128</MaxCharacters>
			<Position>
				<X>12</X>
				<Y>223</Y>
			</Position>
			<Adapter>stats_heat</Adapter>
			<ColorAdapter>stats_heat_color</ColorAdapter>
		</LabelDef>
		<LabelDef>
			<Color>
				<R>200</R>
				<G>200</G>
				<B>200</B>
				<A>200</A>
			</Color>
			<FontName>arial9</FontName>
			<Width>64</Width>
			<Height>18</Height>
			<MaxCharacters>32</MaxCharacters>
			<Data>Caldo (H)</Data>
			<Position>
				<X>46</X>
				<Y>223</Y>
			</Position>
		</LabelDef>
		<HorizontalResizeImageDef>
			<ControlId>1015</ControlId>
			<Position>
				<X>96</X>
				<Y>149</Y>
			</Position>
			<TemplateName>dialog_inset</TemplateName>
			<Width>38</Width>
			<ToolTipID>13</ToolTipID>
		</HorizontalResizeImageDef>
		<LabelDef>
			<Color>
				<R>255</R>
				<G>255</G>
				<B>255</B>
				<A>255</A>
			</Color>
			<FontName>arial9</FontName>
			<Width>64</Width>
			<Height>16</Height>
			<MaxCharacters>128</MaxCharacters>
			<Position>
				<X>102</X>
				<Y>151</Y>
			</Position>
			<Adapter>stats_cold</Adapter>
			<ColorAdapter>stats_cold_color</ColorAdapter>			
		</LabelDef>
		<LabelDef>
			<Color>
				<R>200</R>
				<G>200</G>
				<B>200</B>
				<A>200</A>
			</Color>
			<FontName>arial9</FontName>
			<Width>64</Width>
			<Height>18</Height>
			<MaxCharacters>32</MaxCharacters>
			<Data>Freddo (C)</Data>
			<Position>
				<X>136</X>
				<Y>151</Y>
			</Position>
		</LabelDef>
		<HorizontalResizeImageDef>
			<ControlId>1016</ControlId>
			<Position>
				<X>96</X>
				<Y>167</Y>
			</Position>
			<TemplateName>dialog_inset</TemplateName>
			<Width>38</Width>
			<ToolTipID>14</ToolTipID>
		</HorizontalResizeImageDef>
		<LabelDef>
			<Color>
				<R>255</R>
				<G>255</G>
				<B>255</B>
				<A>255</A>
			</Color>
			<FontName>arial9</FontName>
			<Width>64</Width>
			<Height>16</Height>
			<MaxCharacters>128</MaxCharacters>
			<Position>
				<X>102</X>
				<Y>169</Y>
			</Position>
			<Adapter>stats_matter</Adapter>
			<ColorAdapter>stats_matter_color</ColorAdapter>
		</LabelDef>
		<LabelDef>
			<Color>
				<R>200</R>
				<G>200</G>
				<B>200</B>
				<A>200</A>
			</Color>
			<FontName>arial9</FontName>
			<Width>64</Width>
			<Height>18</Height>
			<MaxCharacters>32</MaxCharacters>
			<Data>Materia</Data>
			<Position>
				<X>136</X>
				<Y>169</Y>
			</Position>
		</LabelDef>
		<HorizontalResizeImageDef>
			<ControlId>1017</ControlId>
			<Position>
				<X>96</X>
				<Y>185</Y>
			</Position>
			<TemplateName>dialog_inset</TemplateName>
			<Width>38</Width>
			<ToolTipID>17</ToolTipID>
		</HorizontalResizeImageDef>
		<LabelDef>
			<Color>
				<R>255</R>
				<G>255</G>
				<B>255</B>
				<A>255</A>
			</Color>
			<FontName>arial9</FontName>
			<Width>64</Width>
			<Height>16</Height>
			<MaxCharacters>128</MaxCharacters>
			<Position>
				<X>102</X>
				<Y>187</Y>
			</Position>
			<Adapter>stats_energy</Adapter>
			<ColorAdapter>stats_energy_color</ColorAdapter>
		</LabelDef>
		<LabelDef>
			<Color>
				<R>200</R>
				<G>200</G>
				<B>200</B>
				<A>200</A>
			</Color>
			<FontName>arial9</FontName>
			<Width>64</Width>
			<Height>18</Height>
			<MaxCharacters>32</MaxCharacters>
			<Data>Energia</Data>
			<Position>
				<X>136</X>
				<Y>187</Y>
			</Position>
		</LabelDef>
		<HorizontalResizeImageDef>
			<ControlId>1018</ControlId>
			<Position>
				<X>96</X>
				<Y>203</Y>
			</Position>
			<TemplateName>dialog_inset</TemplateName>
			<Width>38</Width>
			<ToolTipID>16</ToolTipID>
		</HorizontalResizeImageDef>
		<LabelDef>
			<Color>
				<R>255</R>
				<G>255</G>
				<B>255</B>
				<A>255</A>
			</Color>
			<FontName>arial9</FontName>
			<Width>64</Width>
			<Height>16</Height>
			<MaxCharacters>128</MaxCharacters>
			<Position>
				<X>102</X>
				<Y>205</Y>
			</Position>
			<Adapter>stats_spirit</Adapter>
			<ColorAdapter>stats_spirit_color</ColorAdapter>
		</LabelDef>
		<LabelDef>
			<Color>
				<R>200</R>
				<G>200</G>
				<B>200</B>
				<A>200</A>
			</Color>
			<FontName>arial9</FontName>
			<Width>64</Width>
			<Height>18</Height>
			<MaxCharacters>32</MaxCharacters>
			<Data>Spirito</Data>
			<Position>
				<X>136</X>
				<Y>205</Y>
			</Position>
		</LabelDef>
		<HorizontalResizeImageDef>
			<ControlId>1027</ControlId>
			<Position>
				<X>96</X>
				<Y>221</Y>
			</Position>
			<TemplateName>dialog_inset</TemplateName>
			<Width>38</Width>
			<ToolTipID>15</ToolTipID>
		</HorizontalResizeImageDef>
		<LabelDef>
			<Color>
				<R>255</R>
				<G>255</G>
				<B>255</B>
				<A>255</A>
			</Color>
			<FontName>arial9</FontName>
			<Width>64</Width>
			<Height>16</Height>
			<MaxCharacters>128</MaxCharacters>
			<Position>
				<X>102</X>
				<Y>223</Y>
			</Position>
			<Adapter>stats_body</Adapter>
			<ColorAdapter>stats_body_color</ColorAdapter>
		</LabelDef>
		<LabelDef>
			<Color>
				<R>200</R>
				<G>200</G>
				<B>200</B>
				<A>200</A>
			</Color>
			<FontName>arial9</FontName>
			<Width>64</Width>
			<Height>18</Height>
			<MaxCharacters>32</MaxCharacters>
			<Data>Corpo (B)</Data>
			<Position>
				<X>136</X>
				<Y>223</Y>
			</Position>
		</LabelDef>
		<!--additional info-->
		<ListBoxDef>
			<ControlId>1100</ControlId>
			<Height>132</Height>
			<Width>180</Width>
			<TemplateName>listbox_bg_sm_font</TemplateName>
			<Position>
				<X>3</X>
				<Y>243</Y>
			</Position>
			<Sorting>false</Sorting>
			<Columns>2</Columns>
			<IconTemplate>plain_icon_small</IconTemplate>
			<AdapterName>stats_additional_info</AdapterName>
		</ListBoxDef>
		<!--
		<HorizontalResizeImageDef>
			<Position>
				<X>10</X>
				<Y>225</Y>
			</Position>
			<TemplateName>dialog_inset</TemplateName>
			<Width>116</Width>
		</HorizontalResizeImageDef>
		<LabelDef>
			<Color>
				<R>200</R>
				<G>200</G>
				<B>200</B>
				<A>200</A>
			</Color>
			<FontName>arial9</FontName>
			<Width>128</Width>
			<Height>17</Height>
			<MaxCharacters>64</MaxCharacters>
			<Data>Additional Information</Data>
			<Position>
				<X>15</X>
				<Y>227</Y>
			</Position>
		</LabelDef>
		-->
		<!--buttons-->
		<ButtonDef>
			<TemplateName>button_large_new</TemplateName>
			<ControlId>1000</ControlId>
			<Label>Comandi</Label>
			<Position>
				<X>7</X>
				<Y>395</Y>
			</Position>
		</ButtonDef>
		<ButtonDef>
			<TemplateName>button_large_new</TemplateName>
			<ControlId>1001</ControlId>
			<Label>Opzioni</Label>
			<Position>
				<X>67</X>
				<Y>395</Y>
			</Position>
		</ButtonDef>
		<ButtonDef>
			<TemplateName>button_large_new</TemplateName>
			<ControlId>1002</ControlId>
			<Label>Master</Label>
			<Position>
				<X>127</X>
				<Y>395</Y>
			</Position>
		</ButtonDef>
		<ButtonDef>
			<TemplateName>button_large_new</TemplateName>
			<ControlId>1028</ControlId>
			<Label>Titoli</Label>
			<!--<OnClickEvent>Title</OnClickEvent>-->
			<Position>
				<X>67</X>
				<Y>378</Y>
			</Position>
		</ButtonDef>
		<ButtonDef>
			<TemplateName>button_large_new</TemplateName>
			<ControlId>1029</ControlId>
			<Label>Notizie</Label>
			<OnClickEvent>Community</OnClickEvent>
			<Position>
				<X>7</X>
				<Y>378</Y>
			</Position>
		</ButtonDef>
		<ButtonDef>
			<TemplateName>button_large_new</TemplateName>
			<ControlId>1030</ControlId>
			<Label>Cavallo</Label>
			<OnClickEvent>Mount</OnClickEvent>
			<Position>
				<X>127</X>
				<Y>378</Y>
			</Position>
		</ButtonDef>
	</WindowTemplate>
</Root_Element>