<?xml version="1.0" encoding="ISO-8859-1"?>
<Root_Element ID="DAOCUi">
	<ListBoxTemplate>
		<Name>listbox_green_bg</Name>
		<Parent>none</Parent>
		<LinePadding>4</LinePadding>
		<CellPadding>7</CellPadding>
		<LabelLength>128</LabelLength>
		<ScrollbarTemplate>generic_vscroll</ScrollbarTemplate>
		<DrawScroll>true</DrawScroll>
		<ScrollbarTopOffset>2</ScrollbarTopOffset>
		<ScrollbarBottomOffset>2</ScrollbarBottomOffset>
		<ScrollbarRightOffset>-3</ScrollbarRightOffset>
		<Sorting>false</Sorting>
		<BackgroundTemplate>dlg_interior_large</BackgroundTemplate>
		<IconTemplate>plain_icon_small</IconTemplate>
		<TextFont>
			<Name>arial9</Name>
			<TextTopOffset>-1</TextTopOffset>
			<TextLeftOffset>0</TextLeftOffset>
			<ColorNormal>
				<R>192</R>
				<G>192</G>
				<B>192</B>
				<A>255</A>
			</ColorNormal>
			<ColorHighlit>
				<R>0</R>
				<G>192</G>
				<B>0</B>
				<A>255</A>
			</ColorHighlit>
			<ColorGreyed>
				<R>127</R>
				<G>127</G>
				<B>127</B>
				<A>255</A>
			</ColorGreyed>
		<LineOffset>2</LineOffset>
		</TextFont>
		<IconSize>
			<X>16</X>
			<Y>16</Y>
		</IconSize>
	</ListBoxTemplate>
	<ListBoxTemplate>
			<ShowDefaultToolTips>true</ShowDefaultToolTips>
		<Name>listbox_small_bg</Name>
		<Parent>none</Parent>
		<LinePadding>2</LinePadding>
		<CellPadding>10</CellPadding>
		<LabelLength>128</LabelLength>
		<ScrollbarTemplate>generic_vscroll</ScrollbarTemplate>
		<DrawScroll>true</DrawScroll>
		<ScrollbarTopOffset>2</ScrollbarTopOffset>
		<ScrollbarBottomOffset>2</ScrollbarBottomOffset>
		<ScrollbarRightOffset>-3</ScrollbarRightOffset>
		<Sorting>false</Sorting>
		<BackgroundTemplate>dlg_interior_large</BackgroundTemplate>
		<IconTemplate>plain_icon_small</IconTemplate>
		<TextFont>
			<Name>brit9</Name>
			<TextTopOffset>0</TextTopOffset>
			<TextLeftOffset>0</TextLeftOffset>
			<ColorNormal>
				<R>192</R>
				<G>192</G>
				<B>192</B>
				<A>255</A>
			</ColorNormal>
			<ColorHighlit>
				<R>192</R>
				<G>192</G>
				<B>192</B>
				<A>255</A>
			</ColorHighlit>
			<ColorGreyed>
				<R>127</R>
				<G>127</G>
				<B>127</B>
				<A>255</A>
			</ColorGreyed>
		<LineOffset>2</LineOffset>
		</TextFont>
		<IconSize>
			<X>16</X>
			<Y>16</Y>
		</IconSize>
	</ListBoxTemplate>
	<ListBoxTemplate>
	  <ShowDefaultToolTips>true</ShowDefaultToolTips>
		<Name>listbox_skill_bg</Name>
		<Parent>none</Parent>
		<LinePadding>5</LinePadding>
		<CellPadding>7</CellPadding>
		<LabelLength>128</LabelLength>
		<ScrollbarTemplate>generic_vscroll</ScrollbarTemplate>
		<DrawScroll>true</DrawScroll>
		<ScrollbarTopOffset>2</ScrollbarTopOffset>
		<ScrollbarBottomOffset>2</ScrollbarBottomOffset>
		<ScrollbarRightOffset>-3</ScrollbarRightOffset>
		<Sorting>false</Sorting>
		<BackgroundTemplate>dlg_interior_large</BackgroundTemplate>
		<IconTemplate>plain_icon_small</IconTemplate>
		<TextFont>
			<Name>arial9</Name>
			<TextTopOffset>-1</TextTopOffset>
			<TextLeftOffset>0</TextLeftOffset>
			<ColorNormal>
				<R>192</R>
				<G>192</G>
				<B>192</B>
				<A>255</A>
			</ColorNormal>
			<ColorHighlit>
				<R>192</R>
				<G>192</G>
				<B>192</B>
				<A>255</A>
			</ColorHighlit>
			<ColorGreyed>
				<R>127</R>
				<G>127</G>
				<B>127</B>
				<A>255</A>
			</ColorGreyed>
		<LineOffset>2</LineOffset>
		</TextFont>
		<IconSize>
			<X>16</X>
			<Y>16</Y>
		</IconSize>
	</ListBoxTemplate>
	<WindowTemplate>
		<Name>stats_spec_abil</Name>
		<CloseButton>false</CloseButton>
		<MoveButton>false</MoveButton>
		<WindowId>Stats_Spec_Abil</WindowId>
		<Width>192</Width>
		<Height>416</Height>
		<TitleWidth>0</TitleWidth>
		<TitleHeight>0</TitleHeight>
		<ResizeableWidth>0</ResizeableWidth>
		<ResizeableHeight>0</ResizeableHeight>
		<ResizeableTwoWayWidth>0</ResizeableTwoWayWidth>
		<ResizeableTwoWayHeight>0</ResizeableTwoWayHeight>
		<MinWidth>0</MinWidth>
		<MinHeight>0</MinHeight>
		<FullResizeImageDef>
			<ControlId>c_controlBackgroundImage</ControlId>
			<Height>416</Height>
			<Width>192</Width>
			<Position>
				<X>0</X>
				<Y>0</Y>
			</Position>
			<TemplateName>valmer_box</TemplateName>
		</FullResizeImageDef>
		<ListBoxDef>
			<ControlId>1000</ControlId>
			<Height>104</Height>
			<Width>181</Width>
			<TemplateName>listbox_green_bg</TemplateName>
			<Position>
				<X>4</X>
				<Y>24</Y>
			</Position>
			<Alignment>
				<GrowWidth>true</GrowWidth>
			</Alignment>
			<Sorting>false</Sorting>
			<IconTemplate>plain_icon_small</IconTemplate>
			<AdapterName>stats_specs</AdapterName>
		</ListBoxDef>
		<ListBoxDef>
			<ShowDefaultToolTips>true</ShowDefaultToolTips>
			<ControlId>1001</ControlId>
			<Height>127</Height>
			<Width>181</Width>
			<TemplateName>listbox_skill_bg</TemplateName>
			<Position>
				<X>4</X>
				<Y>151</Y>
			</Position>
			<Alignment>
				<GrowWidth>true</GrowWidth>
				<GrowHeight>true</GrowHeight>
			</Alignment>
			<Sorting>false</Sorting>
			<IconTemplate>plain_icon_small</IconTemplate>
			<AdapterName>stats_abil</AdapterName>
		</ListBoxDef>
		<ListBoxDef>
			<ControlId>1002</ControlId>
			<Height>110</Height>
			<Width>181</Width>
			<TemplateName>listbox_skill_bg</TemplateName>
			<Position>
				<X>4</X>
				<Y>301</Y>
			</Position>
			<Alignment>
				<GrowWidth>true</GrowWidth>
				<GrowHeight>true</GrowHeight>
			</Alignment>
			<Sorting>false</Sorting>
			<IconTemplate>plain_icon_small</IconTemplate>
			<AdapterName>stats_trades</AdapterName>
		</ListBoxDef>
		<HorizontalResizeImageDef>
			<Position>
				<X>5</X>
				<Y>5</Y>
			</Position>
			<TemplateName>dialog_inset</TemplateName>
			<Width>109</Width>
		</HorizontalResizeImageDef>
		<LabelDef>
			<Color>
				<R>255</R>
				<G>255</G>
				<B>255</B>
				<A>255</A>
			</Color>
			<FontName>arial11</FontName>
			<Width>110</Width>
			<Height>16</Height>
			<MaxCharacters>64</MaxCharacters>
			<Data>Specializzazioni</Data>
			<Position>
				<X>11</X>
				<Y>6</Y>
			</Position>
			<Adapter>none</Adapter>
		</LabelDef>
		<HorizontalResizeImageDef>
			<Position>
				<X>115</X>
				<Y>5</Y>
			</Position>
			<TemplateName>dialog_inset</TemplateName>
			<Width>72</Width>
		</HorizontalResizeImageDef>
		<LabelDef>
			<Color>
				<R>255</R>
				<G>255</G>
				<B>255</B>
				<A>255</A>
			</Color>
			<FontName>arial11</FontName>
			<Width>70</Width>
			<Height>16</Height>
			<MaxCharacters>64</MaxCharacters>
			<Data>punti: 300</Data>
			<Position>
				<X>121</X>
				<Y>6</Y>
			</Position>
			<Adapter>stats_spec_points</Adapter>
			<ControlId>1003</ControlId>
		</LabelDef>
		<HorizontalResizeImageDef>
			<Position>
				<X>5</X>
				<Y>132</Y>
			</Position>
			<TemplateName>dialog_inset</TemplateName>
			<Width>182</Width>
		</HorizontalResizeImageDef>
		<LabelDef>
			<Color>
				<R>255</R>
				<G>255</G>
				<B>255</B>
				<A>255</A>
			</Color>
			<FontName>arial11</FontName>
			<Width>169</Width>
			<Height>16</Height>
			<MaxCharacters>64</MaxCharacters>
			<Data>Abilita'</Data>
			<Position>
				<X>11</X>
				<Y>133</Y>
			</Position>
			<Adapter>none</Adapter>
		</LabelDef>
		<HorizontalResizeImageDef>
			<Position>
				<X>5</X>
				<Y>282</Y>
			</Position>
			<TemplateName>dialog_inset</TemplateName>
			<Width>182</Width>
		</HorizontalResizeImageDef>
		<LabelDef>
			<Color>
				<R>255</R>
				<G>255</G>
				<B>255</B>
				<A>255</A>
			</Color>
			<FontName>arial11</FontName>
			<Width>169</Width>
			<Height>16</Height>
			<MaxCharacters>64</MaxCharacters>
			<Data>Artigianato</Data>
			<Position>
				<X>11</X>
				<Y>283</Y>
			</Position>
			<Adapter>none</Adapter>
		</LabelDef>
	</WindowTemplate>
</Root_Element>
