<?xml version="1.0" encoding="ISO-8859-1"?>
<Root_Element ID="DAOCUi">
	<CheckBoxTemplate>
		<Name>stats_tab</Name>
		<Size>
			<X>28</X>
			<Y>28</Y>
		</Size>
		<Font>
			<Name>arial11</Name>
			<ColorNormal>
				<R>192</R>
				<G>192</G>
				<B>192</B>
				<A>255</A>
			</ColorNormal>
			<ColorPressed>
				<R>255</R>
				<G>192</G>
				<B>0</B>
				<A>255</A>
			</ColorPressed>
			<ColorHighlit>
				<R>255</R>
				<G>255</G>
				<B>255</B>
				<A>255</A>
			</ColorHighlit>
			<ColorDisabled>
				<R>128</R>
				<G>128</G>
				<B>128</B>
				<A>128</A>
			</ColorDisabled>
			<TextOffset>
				<X>0</X>
				<Y>4</Y>
			</TextOffset>
			<ChangeFontColor>true</ChangeFontColor>
			<TextAlignment>
				<CenterHorizontally>true</CenterHorizontally>
			</TextAlignment>
		</Font>
		<Texture>
			<TextureName>page2</TextureName>
			<Normal>
				<X>19</X>
				<Y>11</Y>
			</Normal>
			<Pressed>
				<X>24</X>
				<Y>45</Y>
			</Pressed>
			<NormalHighlit>
				<X>19</X>
				<Y>11</Y>
			</NormalHighlit>
			<PressedHighlit>
				<X>24</X>
				<Y>45</Y>
			</PressedHighlit>
			<Disabled>
				<X>19</X>
				<Y>11</Y>
			</Disabled>
		</Texture>
	</CheckBoxTemplate>
	<CheckBoxTemplate>
		<Name>inventory_tab</Name>
		<Size>
			<X>28</X>
			<Y>28</Y>
		</Size>
		<Font>
			<Name>arial11</Name>
			<ColorNormal>
				<R>192</R>
				<G>192</G>
				<B>192</B>
				<A>255</A>
			</ColorNormal>
			<ColorPressed>
				<R>255</R>
				<G>192</G>
				<B>0</B>
				<A>255</A>
			</ColorPressed>
			<ColorHighlit>
				<R>255</R>
				<G>255</G>
				<B>255</B>
				<A>255</A>
			</ColorHighlit>
			<ColorDisabled>
				<R>128</R>
				<G>128</G>
				<B>128</B>
				<A>128</A>
			</ColorDisabled>
			<TextOffset>
				<X>0</X>
				<Y>4</Y>
			</TextOffset>
			<ChangeFontColor>true</ChangeFontColor>
			<TextAlignment>
				<CenterHorizontally>true</CenterHorizontally>
			</TextAlignment>
		</Font>
		<Texture>
			<TextureName>page2</TextureName>
			<Normal>
				<X>47</X>
				<Y>11</Y>
			</Normal>
			<Pressed>
				<X>52</X>
				<Y>45</Y>
			</Pressed>
			<NormalHighlit>
				<X>47</X>
				<Y>11</Y>
			</NormalHighlit>
			<PressedHighlit>
				<X>52</X>
				<Y>45</Y>
			</PressedHighlit>
			<Disabled>
				<X>47</X>
				<Y>11</Y>
			</Disabled>
		</Texture>
	</CheckBoxTemplate>
	<CheckBoxTemplate>
		<Name>abilities_tab</Name>
		<Size>
			<X>28</X>
			<Y>28</Y>
		</Size>
		<Font>
			<Name>arial11</Name>
			<ColorNormal>
				<R>192</R>
				<G>192</G>
				<B>192</B>
				<A>255</A>
			</ColorNormal>
			<ColorPressed>
				<R>255</R>
				<G>192</G>
				<B>0</B>
				<A>255</A>
			</ColorPressed>
			<ColorHighlit>
				<R>255</R>
				<G>255</G>
				<B>255</B>
				<A>255</A>
			</ColorHighlit>
			<ColorDisabled>
				<R>128</R>
				<G>128</G>
				<B>128</B>
				<A>128</A>
			</ColorDisabled>
			<TextOffset>
				<X>0</X>
				<Y>4</Y>
			</TextOffset>
			<ChangeFontColor>true</ChangeFontColor>
			<TextAlignment>
				<CenterHorizontally>true</CenterHorizontally>
			</TextAlignment>
		</Font>
		<Texture>
			<TextureName>page2</TextureName>
			<Normal>
				<X>75</X>
				<Y>11</Y>
			</Normal>
			<Pressed>
				<X>80</X>
				<Y>45</Y>
			</Pressed>
			<NormalHighlit>
				<X>75</X>
				<Y>11</Y>
			</NormalHighlit>
			<PressedHighlit>
				<X>80</X>
				<Y>45</Y>
			</PressedHighlit>
			<Disabled>
				<X>75</X>
				<Y>11</Y>
			</Disabled>
		</Texture>
	</CheckBoxTemplate>
	<CheckBoxTemplate>
		<Name>styles_tab</Name>
		<Size>
			<X>28</X>
			<Y>28</Y>
		</Size>
		<Font>
			<Name>arial11</Name>
			<ColorNormal>
				<R>192</R>
				<G>192</G>
				<B>192</B>
				<A>255</A>
			</ColorNormal>
			<ColorPressed>
				<R>255</R>
				<G>192</G>
				<B>0</B>
				<A>255</A>
			</ColorPressed>
			<ColorHighlit>
				<R>255</R>
				<G>255</G>
				<B>255</B>
				<A>255</A>
			</ColorHighlit>
			<ColorDisabled>
				<R>128</R>
				<G>128</G>
				<B>128</B>
				<A>128</A>
			</ColorDisabled>
			<TextOffset>
				<X>0</X>
				<Y>4</Y>
			</TextOffset>
			<ChangeFontColor>true</ChangeFontColor>
			<TextAlignment>
				<CenterHorizontally>true</CenterHorizontally>
			</TextAlignment>
		</Font>
		<Texture>
			<TextureName>page2</TextureName>
			<Normal>
				<X>103</X>
				<Y>11</Y>
			</Normal>
			<Pressed>
				<X>108</X>
				<Y>45</Y>
			</Pressed>
			<NormalHighlit>
				<X>103</X>
				<Y>11</Y>
			</NormalHighlit>
			<PressedHighlit>
				<X>108</X>
				<Y>45</Y>
			</PressedHighlit>
			<Disabled>
				<X>103</X>
				<Y>11</Y>
			</Disabled>
		</Texture>
	</CheckBoxTemplate>
	<CheckBoxTemplate>
		<Name>spells_tab</Name>
		<Size>
			<X>28</X>
			<Y>28</Y>
		</Size>
		<Font>
			<Name>arial11</Name>
			<ColorNormal>
				<R>192</R>
				<G>192</G>
				<B>192</B>
				<A>255</A>
			</ColorNormal>
			<ColorPressed>
				<R>255</R>
				<G>192</G>
				<B>0</B>
				<A>255</A>
			</ColorPressed>
			<ColorHighlit>
				<R>255</R>
				<G>255</G>
				<B>255</B>
				<A>255</A>
			</ColorHighlit>
			<ColorDisabled>
				<R>128</R>
				<G>128</G>
				<B>128</B>
				<A>128</A>
			</ColorDisabled>
			<TextOffset>
				<X>0</X>
				<Y>4</Y>
			</TextOffset>
			<ChangeFontColor>true</ChangeFontColor>
			<TextAlignment>
				<CenterHorizontally>true</CenterHorizontally>
			</TextAlignment>
		</Font>
		<Texture>
			<TextureName>page2</TextureName>
			<Normal>
				<X>131</X>
				<Y>11</Y>
			</Normal>
			<Pressed>
				<X>136</X>
				<Y>45</Y>
			</Pressed>
			<NormalHighlit>
				<X>131</X>
				<Y>11</Y>
			</NormalHighlit>
			<PressedHighlit>
				<X>136</X>
				<Y>45</Y>
			</PressedHighlit>
			<Disabled>
				<X>131</X>
				<Y>11</Y>
			</Disabled>
		</Texture>
	</CheckBoxTemplate>
	<CheckBoxTemplate>
		<Name>group_tab</Name>
		<Size>
			<X>28</X>
			<Y>28</Y>
		</Size>
		<Font>
			<Name>arial11</Name>
			<ColorNormal>
				<R>192</R>
				<G>192</G>
				<B>192</B>
				<A>255</A>
			</ColorNormal>
			<ColorPressed>
				<R>255</R>
				<G>192</G>
				<B>0</B>
				<A>255</A>
			</ColorPressed>
			<ColorHighlit>
				<R>255</R>
				<G>255</G>
				<B>255</B>
				<A>255</A>
			</ColorHighlit>
			<ColorDisabled>
				<R>128</R>
				<G>128</G>
				<B>128</B>
				<A>128</A>
			</ColorDisabled>
			<TextOffset>
				<X>0</X>
				<Y>4</Y>
			</TextOffset>
			<ChangeFontColor>true</ChangeFontColor>
			<TextAlignment>
				<CenterHorizontally>true</CenterHorizontally>
			</TextAlignment>
		</Font>
		<Texture>
			<TextureName>page2</TextureName>
			<Normal>
				<X>159</X>
				<Y>11</Y>
			</Normal>
			<Pressed>
				<X>164</X>
				<Y>45</Y>
			</Pressed>
			<NormalHighlit>
				<X>159</X>
				<Y>11</Y>
			</NormalHighlit>
			<PressedHighlit>
				<X>164</X>
				<Y>45</Y>
			</PressedHighlit>
			<Disabled>
				<X>159</X>
				<Y>11</Y>
			</Disabled>
		</Texture>
	</CheckBoxTemplate>
	<ImageAreaTemplate>
		<Name>stats_index_background</Name>
		<Size>
			<X>192</X>
			<Y>32</Y>
		</Size>
		<TopLeft>
			<X>7</X>
			<Y>9</Y>
		</TopLeft>
		<TextureName>page2</TextureName>
	</ImageAreaTemplate>
	<WindowTemplate>
		<Name>stats_index</Name>
		<CloseButton>false</CloseButton>
		<MoveButton>false</MoveButton>
		<Width>192</Width>
		<Height>32</Height>
		<TitleWidth>0</TitleWidth>
		<TitleHeight>0</TitleHeight>
		<ResizeableWidth>0</ResizeableWidth>
		<ResizeableHeight>0</ResizeableHeight>
		<ResizeableTwoWayWidth>0</ResizeableTwoWayWidth>
		<ResizeableTwoWayHeight>0</ResizeableTwoWayHeight>
		<WindowId>StatsIndex</WindowId>
		<MinWidth>0</MinWidth>
		<MinHeight>0</MinHeight>
		<ImageAreaDef>
			<TemplateName>stats_index_background</TemplateName>
			<Position>
				<X>0</X>
				<Y>0</Y>
			</Position>
		</ImageAreaDef>
		<CheckBoxDef>
			<Position>
				<X>12</X>
				<Y>2</Y>
			</Position>
			<TemplateName>stats_tab</TemplateName>
			<AdapterName>none</AdapterName>
			<ControlId>1000</ControlId>
			<ToolTipID>18</ToolTipID>
		</CheckBoxDef>
		<CheckBoxDef>
			<Position>
				<X>40</X>
				<Y>2</Y>
			</Position>
			<TemplateName>inventory_tab</TemplateName>
			<AdapterName>none</AdapterName>
			<ControlId>1001</ControlId>
			<ToolTipID>19</ToolTipID>
		</CheckBoxDef>
		<CheckBoxDef>
			<Position>
				<X>68</X>
				<Y>2</Y>
			</Position>
			<TemplateName>abilities_tab</TemplateName>
			<AdapterName>none</AdapterName>
			<ControlId>1002</ControlId>
			<ToolTipID>20</ToolTipID>
		</CheckBoxDef>
		<CheckBoxDef>
			<Position>
				<X>96</X>
				<Y>2</Y>
			</Position>
			<TemplateName>styles_tab</TemplateName>
			<AdapterName>none</AdapterName>
			<ControlId>1003</ControlId>
			<ToolTipID>21</ToolTipID>
		</CheckBoxDef>
		<CheckBoxDef>
			<Position>
				<X>124</X>
				<Y>2</Y>
			</Position>
			<TemplateName>spells_tab</TemplateName>
			<AdapterName>none</AdapterName>
			<ControlId>1004</ControlId>
			<ToolTipID>22</ToolTipID>
		</CheckBoxDef>
		<CheckBoxDef>
			<Position>
				<X>152</X>
				<Y>2</Y>
			</Position>
			<TemplateName>group_tab</TemplateName>
			<AdapterName>none</AdapterName>
			<ControlId>1005</ControlId>
			<ToolTipID>23</ToolTipID>
		</CheckBoxDef>
		<ButtonDef>
			<TemplateName>window_minimize</TemplateName>
			<ControlId>1006</ControlId>
			<Position>
				<X>0</X>
				<Y>0</Y>
			</Position>
			<Alignment>
				<OffsetRight>true</OffsetRight>
			</Alignment>
		</ButtonDef>
	</WindowTemplate>
</Root_Element>
