<?xml version="1.0" encoding="ISO-8859-1"?>
<Root_Element ID="DAOCUi">
	<CheckBoxTemplate>
		<Name>tree_check</Name>
		<Font>
			<Name>arial11</Name>
			<ColorNormal>
				<R>192</R>
				<G>192</G>
				<B>192</B>
				<A>255</A>
			</ColorNormal>
			<ColorPressed>
				<R>192</R>
				<G>192</G>
				<B>192</B>
				<A>255</A>
			</ColorPressed>
			<ColorHighlit>
				<R>192</R>
				<G>192</G>
				<B>192</B>
				<A>255</A>
			</ColorHighlit>
			<ColorDisabled>
				<R>128</R>
				<G>128</G>
				<B>128</B>
				<A>128</A>
			</ColorDisabled>
			<TextOffset>
				<X>17</X>
				<Y>0</Y>
			</TextOffset>
			<ChangeFontColor>true</ChangeFontColor>
		</Font>
		<Size>
			<X>12</X>
			<Y>12</Y>
		</Size>
		<Texture>
			<TextureName>page1</TextureName>
			<Normal>
				<X>76</X>
				<Y>241</Y>
			</Normal>
			<Pressed>
				<X>63</X>
				<Y>241</Y>
			</Pressed>
			<NormalHighlit>
				<X>102</X>
				<Y>241</Y>
			</NormalHighlit>
			<PressedHighlit>
				<X>89</X>
				<Y>241</Y>
			</PressedHighlit>
			<Disabled>
				<X>76</X>
				<Y>241</Y>
			</Disabled>
		</Texture>
	</CheckBoxTemplate>
	<TreeControlTemplate>
		<Name>spell_tree_control</Name>
		<BackgroundTemplate>none</BackgroundTemplate>
		<CheckBoxTemplate>tree_check</CheckBoxTemplate>
		<IconTemplate>plain_icon_small</IconTemplate>
		<ScrollbarTemplate>vscroll_no_gutter</ScrollbarTemplate>
		<FontName>brit9</FontName>
		<FontColor>
			<R>192</R>
			<G>192</G>
			<B>192</B>
			<A>255</A>
		</FontColor>
		<LinePadding>1</LinePadding>
		<OffsetX>0</OffsetX>
		<OffsetY>0</OffsetY>
		<TextOffset>2</TextOffset>
	</TreeControlTemplate>
	<WindowTemplate>
		<Name>stats_spells</Name>
		<CloseButton>false</CloseButton>
		<MoveButton>false</MoveButton>
		<Width>192</Width>
		<Height>416</Height>
		<TitleWidth>0</TitleWidth>
		<TitleHeight>0</TitleHeight>
		<ResizeableWidth>0</ResizeableWidth>
		<ResizeableHeight>0</ResizeableHeight>
		<ResizeableTwoWayWidth>0</ResizeableTwoWayWidth>
		<ResizeableTwoWayHeight>0</ResizeableTwoWayHeight>
		<WindowId>c_windowInvalid</WindowId>
		<MinWidth>0</MinWidth>
		<MinHeight>0</MinHeight>
		<FullResizeImageDef>
			<ControlId>BackgroundImage</ControlId>
			<Height>416</Height>
			<Width>192</Width>
			<Position>
				<X>0</X>
				<Y>0</Y>
			</Position>
			<TemplateName>valmer_box</TemplateName>
		</FullResizeImageDef>
		<HorizontalResizeImageDef>
			<Position>
				<X>5</X>
				<Y>5</Y>
			</Position>
			<TemplateName>dialog_inset</TemplateName>
			<Width>182</Width>
		</HorizontalResizeImageDef>
		<FullResizeImageDef>
			<Position>
				<X>5</X>
				<Y>25</Y>
			</Position>
			<TemplateName>dlg_sm_title</TemplateName>
			<Width>182</Width>
            <Height>367</Height>
		</FullResizeImageDef>
		<TreeControlDef>
			<TemplateName>spell_tree_control</TemplateName>
			<width>181</width>
			<height>357</height>
			<Position>
				<x>9</x>
				<y>30</y>
			</Position>
			<ControlId>1000</ControlId>
			<Column1Width>130</Column1Width>
			<Column2Width>12</Column2Width>
			<Column1Offset>8</Column1Offset>
			<Column2Offset>140</Column2Offset>
			<AdapterName>stats_spells</AdapterName>
		</TreeControlDef>
		<LabelDef>
			<Color>
				<R>255</R>
				<G>255</G>
				<B>255</B>
				<A>255</A>
			</Color>
			<FontName>arial11</FontName>
			<Width>164</Width>
			<Height>18</Height>
			<MaxCharacters>32</MaxCharacters>
			<Position>
				<X>11</X>
				<Y>6</Y>
			</Position>
			<Data>Magie</Data>
		</LabelDef>
		<ButtonDef>
			<TemplateName>button_large</TemplateName>
			<OnClickEvent>ToggleConcentration</OnClickEvent>
			<Label>Concent.</Label>
			<Position>
				<X>36</X>
				<Y>395</Y>
			</Position>
			<ControlId>1002</ControlId>
		</ButtonDef>
		<ButtonDef>
			<TemplateName>button_large</TemplateName>
			<OnClickEvent>ToggleMiniPet</OnClickEvent>
			<Label>PET</Label>
			<Position>
				<X>97</X>
				<Y>395</Y>
			</Position>
			<ControlId>1001</ControlId>
		</ButtonDef>
	</WindowTemplate>
</Root_Element>
