<?xml version="1.0" encoding="ISO-8859-1"?>
<Root_Element ID="DAOCUi">

<!-- @@ Edited with the DAoC User Interface Editor v1.76b -->
<!-- @@ Free download available at http://www.bradtownsend.com/daoced -->

  <WindowTemplate>
    <Name>timer</Name>
    <WindowId>Timer</WindowId>
    <CloseButton>true</CloseButton>
    <MoveButton>true</MoveButton>
    <TopRightResizeButton>false</TopRightResizeButton>
    <BottomRightResizeButton>false</BottomRightResizeButton>
    <BottomLeftResizeButton>false</BottomLeftResizeButton>
    <ResizeButtonOffsetX>0</ResizeButtonOffsetX>
    <ResizeButtonOffsetY>0</ResizeButtonOffsetY>
    <TitleWidth>260</TitleWidth>
    <TitleHeight>18</TitleHeight>
    <Width>260</Width>
    <Height>50</Height>
    <ResizeableWidth>0</ResizeableWidth>
    <ResizeableHeight>0</ResizeableHeight>
    <ResizeableTwoWayWidth>0</ResizeableTwoWayWidth>
    <ResizeableTwoWayHeight>0</ResizeableTwoWayHeight>
    <MinWidth>0</MinWidth>
    <MinHeight>0</MinHeight>

    <FullResizeImageDef>
      <ControlId>Background</ControlId>
      <Position>
        <X>0</X>
        <Y>0</Y>
      </Position>
      <Alignment>
        <TopLeft>true</TopLeft>
      </Alignment>
      <TemplateName>valmer_box</TemplateName>
      <Width>260</Width>
      <Height>50</Height>
    </FullResizeImageDef>

    <FullResizeImageDef>
      <ControlId></ControlId>
      <Position>
        <X>25</X>
        <Y>20</Y>
      </Position>
      <Alignment>
        <CenterHorizontally>true</CenterHorizontally>
      </Alignment>
      <TemplateName>selection_box</TemplateName>
      <Width>220</Width>
      <Height>20</Height>
    </FullResizeImageDef>

    <StatusBarDef>
      <ControlId>1000</ControlId>
      <Position>
        <X>64</X>
        <Y>27</Y>
      </Position>
      <Alignment>
        <CenterHorizontally>true</CenterHorizontally>
      </Alignment>
      <TemplateName>green_status</TemplateName>
      <AdapterName>timer_time</AdapterName>
      <Width>135</Width>
    </StatusBarDef>

    <ScalarLabelDef>
      <ControlId></ControlId>
      <Position>
        <X>32</X>
        <Y>24</Y>
      </Position>
      <Alignment>
        <TopLeft>true</TopLeft>
      </Alignment>
      <FontName>arial9</FontName>
      <Adapter>timer_time</Adapter>
      <ColorAdapter></ColorAdapter>
      <Width>20</Width>
      <Height>25</Height>
      <MaxCharacters>5</MaxCharacters>
      <Color>
        <R>153</R>
        <G>255</G>
        <B>153</B>
        <A>255</A>
      </Color>
      <Data></Data>
      <EndAligned>false</EndAligned>
      <TextCentered>false</TextCentered>
      <DontDrawWhenZero>false</DontDrawWhenZero>
    </ScalarLabelDef>

    <LabelDef>
      <ControlId></ControlId>
      <Position>
        <X>0</X>
        <Y>5</Y>
      </Position>
      <Alignment>
        <CenterHorizontally>true</CenterHorizontally>
      </Alignment>
      <Color>
        <R>255</R>
        <G>255</G>
        <B>153</B>
        <A>255</A>
      </Color>
      <FontName>arial11</FontName>
      <Width>220</Width>
      <Height>20</Height>
      <ColorAdapter></ColorAdapter>
      <MaxCharacters>128</MaxCharacters>
      <Data>Bizquit</Data>
      <EndAligned>false</EndAligned>
      <TextCentered>false</TextCentered>
      <Adapter>timer_text</Adapter>
    </LabelDef>

    <ImageAreaDef>
      <ControlId></ControlId>
      <Position>
        <X>58</X>
        <Y>27</Y>
      </Position>
      <Alignment>
        <TopLeft>true</TopLeft>
      </Alignment>
      <TemplateName>sm_horiz_endcap_left</TemplateName>
    </ImageAreaDef>

    <ImageAreaDef>
      <ControlId></ControlId>
      <Position>
        <X>198</X>
        <Y>27</Y>
      </Position>
      <Alignment>
        <TopLeft>true</TopLeft>
      </Alignment>
      <TemplateName>sm_horiz_endcap_right</TemplateName>
    </ImageAreaDef>

  </WindowTemplate>

</Root_Element>
