<?xml version="1.0" encoding="ISO-8859-1"?>
<Root_Element ID="DAOCUi">
	<ButtonTemplate>
		<Name>button_large_tab</Name>
		<Parent>none</Parent>
		<Size>
			<X>100</X>
			<Y>16</Y>
		</Size>
		<Font>
			<Name>arial9</Name>
			<ColorNormal>
				<R>192</R>
				<G>192</G>
				<B>192</B>
				<A>255</A>
			</ColorNormal>
			<ColorPressed>
				<R>255</R>
				<G>192</G>
				<B>0</B>
				<A>255</A>
			</ColorPressed>
			<ColorHighlit>
				<R>255</R>
				<G>255</G>
				<B>255</B>
				<A>255</A>
			</ColorHighlit>
			<ColorDisabled>
				<R>128</R>
				<G>128</G>
				<B>128</B>
				<A>255</A>
			</ColorDisabled>
		</Font>
		<Texture>
			<TextureName>page3</TextureName>
			<Normal>
				<X>155</X>
				<Y>222</Y>
			</Normal>
			<Pressed>
				<X>155</X>
				<Y>239</Y>
			</Pressed>
			<NormalHighlit>
				<X>155</X>
				<Y>205</Y>
			</NormalHighlit>
			<PressedHighlit>
				<X>155</X>
				<Y>222</Y>
			</PressedHighlit>
			<Disabled>
				<X>155</X>
				<Y>222</Y>
			</Disabled>
		</Texture>
	</ButtonTemplate>
	<TabsTemplate>
		<Name>large_tabs</Name>
		<Parent>none</Parent>
		<ControlAreaFullResizeImageTemplate>dlg_interior_small</ControlAreaFullResizeImageTemplate>
		<TabButtonTemplate>button_large_tab</TabButtonTemplate>
		<TabXOffset>5</TabXOffset>
		<TabYOffset>2</TabYOffset>
	</TabsTemplate>
	<WindowTemplate>
		<Name>training_window</Name>
		<CloseButton>true</CloseButton>
		<MoveButton>true</MoveButton>
		<Height>540</Height>
		<Width>390</Width>
		<TitleWidth>300</TitleWidth>
		<TitleHeight>18</TitleHeight>
		<WindowId>Training</WindowId>
		<FullResizeImageDef>
			<Height>540</Height>
			<Width>390</Width>
			<Position>
				<X>0</X>
				<Y>0</Y>
			</Position>
			<TemplateName>valmer_menu_box</TemplateName>
		</FullResizeImageDef>
		<!--Title-->
		<LabelDef>
			<Color>
				<R>255</R>
				<G>255</G>
				<B>255</B>
				<A>255</A>
			</Color>
			<FontName>arial11</FontName>
			<Width>300</Width>
			<Height>15</Height>
			<MaxCharacters>50</MaxCharacters>
			<Data>Allenamento</Data>
			<Position>
				<X>38</X>
				<Y>6</Y>
			</Position>
			<Alignment>
				<CenterHorizontally>true</CenterHorizontally>
			</Alignment>
		</LabelDef>
		<FullResizeImageDef>
			<TemplateName>normal_bg</TemplateName>
			<Height>110</Height>
			<Width>377</Width>
			<Position>
				<X>6</X>
				<Y>24</Y>
			</Position>
		</FullResizeImageDef>
		<!--Specialization Points-->
		<LabelDef>
			<Color>
				<R>127</R>
				<G>255</G>
				<B>127</B>
				<A>255</A>
			</Color>
			<FontName>arial11</FontName>
			<Width>300</Width>
			<Height>15</Height>
			<MaxCharacters>50</MaxCharacters>
			<Data>Punti Specializzazione</Data>
			<Position>
				<X>40</X>
				<Y>30</Y>
			</Position>
		</LabelDef>
		<!--Available-->
		<LabelDef>
			<Color>
				<R>192</R>
				<G>192</G>
				<B>192</B>
				<A>255</A>
			</Color>
			<FontName>arial11</FontName>
			<Width>150</Width>
			<Height>15</Height>
			<MaxCharacters>50</MaxCharacters>
			<Data>Disponibili</Data>
			<Position>
				<X>40</X>
				<Y>50</Y>
			</Position>
		</LabelDef>
		<ScalarLabelDef>
			<Color>
				<R>192</R>
				<G>192</G>
				<B>192</B>
				<A>255</A>
			</Color>
			<FontName>arial11</FontName>
			<Width>150</Width>
			<Height>15</Height>
			<MaxCharacters>50</MaxCharacters>
			<Adapter>training_spec_avail</Adapter>
			<Position>
				<X>120</X>
				<Y>50</Y>
			</Position>
		</ScalarLabelDef>
		<!--Needed-->
		<LabelDef>
			<Color>
				<R>192</R>
				<G>192</G>
				<B>192</B>
				<A>255</A>
			</Color>
			<FontName>arial11</FontName>
			<Width>150</Width>
			<Height>15</Height>
			<MaxCharacters>50</MaxCharacters>
			<Data>Necessari</Data>
			<Position>
				<X>40</X>
				<Y>70</Y>
			</Position>
		</LabelDef>
		<ScalarLabelDef>
			<Color>
				<R>192</R>
				<G>192</G>
				<B>192</B>
				<A>255</A>
			</Color>
			<FontName>arial11</FontName>
			<Width>150</Width>
			<Height>15</Height>
			<MaxCharacters>50</MaxCharacters>
			<Adapter>training_spec_needed</Adapter>
			<Coloradapter>training_spec_color</Coloradapter>
			<Position>
				<X>120</X>
				<Y>70</Y>
			</Position>
		</ScalarLabelDef>
		<!--Remaining-->
		<LabelDef>
			<Color>
				<R>192</R>
				<G>192</G>
				<B>192</B>
				<A>255</A>
			</Color>
			<FontName>arial11</FontName>
			<Width>150</Width>
			<Height>15</Height>
			<MaxCharacters>50</MaxCharacters>
			<Data>Rimanenti</Data>
			<Position>
				<X>40</X>
				<Y>90</Y>
			</Position>
		</LabelDef>
		<ScalarLabelDef>
			<Color>
				<R>192</R>
				<G>192</G>
				<B>192</B>
				<A>255</A>
			</Color>
			<FontName>arial11</FontName>
			<Width>150</Width>
			<Height>15</Height>
			<MaxCharacters>50</MaxCharacters>
			<Adapter>training_spec_remaining</Adapter>
			<Coloradapter>training_spec_color</Coloradapter>
			<Position>
				<X>120</X>
				<Y>90</Y>
			</Position>
		</ScalarLabelDef>
		<!--Realm Points-->
		<LabelDef>
			<Color>
				<R>255</R>
				<G>127</G>
				<B>127</B>
				<A>255</A>
			</Color>
			<FontName>arial11</FontName>
			<Width>300</Width>
			<Height>15</Height>
			<MaxCharacters>50</MaxCharacters>
			<Data>Punti Reame</Data>
			<Position>
				<X>220</X>
				<Y>30</Y>
			</Position>
		</LabelDef>
		<!--Available-->
		<LabelDef>
			<Color>
				<R>192</R>
				<G>192</G>
				<B>192</B>
				<A>255</A>
			</Color>
			<FontName>arial11</FontName>
			<Width>150</Width>
			<Height>15</Height>
			<MaxCharacters>50</MaxCharacters>
			<Data>Disponibili</Data>
			<Position>
				<X>220</X>
				<Y>50</Y>
			</Position>
		</LabelDef>
		<ScalarLabelDef>
			<Color>
				<R>192</R>
				<G>192</G>
				<B>192</B>
				<A>255</A>
			</Color>
			<FontName>arial11</FontName>
			<Width>150</Width>
			<Height>15</Height>
			<MaxCharacters>50</MaxCharacters>
			<Adapter>training_realm_avail</Adapter>
			<Position>
				<X>300</X>
				<Y>50</Y>
			</Position>
		</ScalarLabelDef>
		<!--Needed-->
		<LabelDef>
			<Color>
				<R>192</R>
				<G>192</G>
				<B>192</B>
				<A>255</A>
			</Color>
			<FontName>arial11</FontName>
			<Width>150</Width>
			<Height>15</Height>
			<MaxCharacters>50</MaxCharacters>
			<Data>Necessari</Data>
			<Position>
				<X>220</X>
				<Y>70</Y>
			</Position>
		</LabelDef>
		<ScalarLabelDef>
			<Color>
				<R>192</R>
				<G>192</G>
				<B>192</B>
				<A>255</A>
			</Color>
			<FontName>arial11</FontName>
			<Width>150</Width>
			<Height>15</Height>
			<MaxCharacters>50</MaxCharacters>
			<Adapter>training_realm_needed</Adapter>
			<Coloradapter>training_realm_color</Coloradapter>
			<Position>
				<X>300</X>
				<Y>70</Y>
			</Position>
		</ScalarLabelDef>
		<!--Remaining-->
		<LabelDef>
			<Color>
				<R>192</R>
				<G>192</G>
				<B>192</B>
				<A>255</A>
			</Color>
			<FontName>arial11</FontName>
			<Width>150</Width>
			<Height>15</Height>
			<MaxCharacters>50</MaxCharacters>
			<Data>Rimanenti</Data>
			<Position>
				<X>220</X>
				<Y>90</Y>
			</Position>
		</LabelDef>
		<ScalarLabelDef>
			<Color>
				<R>192</R>
				<G>192</G>
				<B>192</B>
				<A>255</A>
			</Color>
			<FontName>arial11</FontName>
			<Width>150</Width>
			<Height>15</Height>
			<MaxCharacters>50</MaxCharacters>
			<Adapter>training_realm_remaining</Adapter>
			<Coloradapter>training_realm_color</Coloradapter>
			<Position>
				<X>300</X>
				<Y>90</Y>
			</Position>
		</ScalarLabelDef>
		<!--Minimum Level-->
		<LabelDef>
			<Color>
				<R>255</R>
				<G>255</G>
				<B>255</B>
				<A>255</A>
			</Color>
			<FontName>arial11</FontName>
			<Width>160</Width>
			<Height>15</Height>
			<MaxCharacters>50</MaxCharacters>
			<Data>Livello Minimo</Data>
			<Position>
				<X>130</X>
				<Y>115</Y>
			</Position>
		</LabelDef>
		<ScalarLabelDef>
			<Color>
				<R>192</R>
				<G>192</G>
				<B>192</B>
				<A>255</A>
			</Color>
			<FontName>arial11</FontName>
			<Width>150</Width>
			<Height>15</Height>
			<MaxCharacters>50</MaxCharacters>
			<Adapter>train_min_level</Adapter>
			<Coloradapter>train_min_level_color</Coloradapter>
			<Position>
				<X>240</X>
				<Y>115</Y>
			</Position>
		</ScalarLabelDef>
		
		<!--Tabs-->
		<TabsDef>
			<TemplateName>large_tabs</TemplateName>
			<ControlId>1000</ControlId>
			<Width>377</Width>
			<Height>350</Height>
			<Position>
				<X>3</X>
				<Y>70</Y>
			</Position>
			<Tab>
				<Id>1</Id>
				<Name>Specializzazioni</Name>
			</Tab>
			<Tab>
				<Id>2</Id>
				<Name>Sommario Abilita'</Name>
			</Tab>
			<Tab>
				<Id>3</Id>
				<Name>Abilita' di Reame</Name>
			</Tab>
			<TabControl>
				<TabId>1</TabId>
				<ControlId>1100</ControlId>
			</TabControl>
			<TabControl>
				<TabId>1</TabId>
				<ControlId>1101</ControlId>
			</TabControl>
			<TabControl>
				<TabId>1</TabId>
				<ControlId>1102</ControlId>
			</TabControl>
			<TabControl>
				<TabId>1</TabId>
				<ControlId>1103</ControlId>
			</TabControl>
			<TabControl>
				<TabId>1</TabId>
				<ControlId>1104</ControlId>
			</TabControl>
			<TabControl>
				<TabId>1</TabId>
				<ControlId>1105</ControlId>
			</TabControl>
			<TabControl>
				<TabId>1</TabId>
				<ControlId>1106</ControlId>
			</TabControl>
			<TabControl>
				<TabId>1</TabId>
				<ControlId>1107</ControlId>
			</TabControl>
			<TabControl>
				<TabId>1</TabId>
				<ControlId>1108</ControlId>
			</TabControl>
			<TabControl>
				<TabId>1</TabId>
				<ControlId>1109</ControlId>
			</TabControl>
			<TabControl>
				<TabId>1</TabId>
				<ControlId>1110</ControlId>
			</TabControl>
			<TabControl>
				<TabId>1</TabId>
				<ControlId>1111</ControlId>
			</TabControl>
			<TabControl>
				<TabId>1</TabId>
				<ControlId>1112</ControlId>
			</TabControl>
			<TabControl>
				<TabId>1</TabId>
				<ControlId>1113</ControlId>
			</TabControl>
			<TabControl>
				<TabId>1</TabId>
				<ControlId>1114</ControlId>
			</TabControl>
			<TabControl>
				<TabId>1</TabId>
				<ControlId>1115</ControlId>
			</TabControl>
			<TabControl>
				<TabId>1</TabId>
				<ControlId>1116</ControlId>
			</TabControl>
			<TabControl>
				<TabId>1</TabId>
				<ControlId>1117</ControlId>
			</TabControl>
			<TabControl>
				<TabId>1</TabId>
				<ControlId>1118</ControlId>
			</TabControl>
			<TabControl>
				<TabId>1</TabId>
				<ControlId>1119</ControlId>
			</TabControl>
			<TabControl>
				<TabId>1</TabId>
				<ControlId>1120</ControlId>
			</TabControl>
			<TabControl>
				<TabId>1</TabId>
				<ControlId>1121</ControlId>
			</TabControl>
			<TabControl>
				<TabId>1</TabId>
				<ControlId>1122</ControlId>
			</TabControl>
			<TabControl>
				<TabId>1</TabId>
				<ControlId>1123</ControlId>
			</TabControl>
			<TabControl>
				<TabId>1</TabId>
				<ControlId>1124</ControlId>
			</TabControl>
			<TabControl>
				<TabId>1</TabId>
				<ControlId>1125</ControlId>
			</TabControl>
			<TabControl>
				<TabId>1</TabId>
				<ControlId>1126</ControlId>
			</TabControl>
			<TabControl>
				<TabId>1</TabId>
				<ControlId>1127</ControlId>
			</TabControl>
			<TabControl>
				<TabId>1</TabId>
				<ControlId>1128</ControlId>
			</TabControl>
			<TabControl>
				<TabId>1</TabId>
				<ControlId>1129</ControlId>
			</TabControl>
			<TabControl>
				<TabId>1</TabId>
				<ControlId>1130</ControlId>
			</TabControl>
			<TabControl>
				<TabId>1</TabId>
				<ControlId>1131</ControlId>
			</TabControl>
			<TabControl>
				<TabId>1</TabId>
				<ControlId>1150</ControlId>
			</TabControl>
			<TabControl>
				<TabId>1</TabId>
				<ControlId>1151</ControlId>
			</TabControl>
			<TabControl>
				<TabId>1</TabId>
				<ControlId>1160</ControlId>
			</TabControl>
			<TabControl>
				<TabId>1</TabId>
				<ControlId>1161</ControlId>
			</TabControl>
			<TabControl>
				<TabId>1</TabId>
				<ControlId>1162</ControlId>
			</TabControl>
			<TabControl>
				<TabId>1</TabId>
				<ControlId>1163</ControlId>
			</TabControl>
			<TabControl>
				<TabId>1</TabId>
				<ControlId>1164</ControlId>
			</TabControl>
			<TabControl>
				<TabId>1</TabId>
				<ControlId>1165</ControlId>
			</TabControl>
			<TabControl>
				<TabId>1</TabId>
				<ControlId>1166</ControlId>
			</TabControl>
			<TabControl>
				<TabId>1</TabId>
				<ControlId>1167</ControlId>
			</TabControl>
			<TabControl>
				<TabId>1</TabId>
				<ControlId>1168</ControlId>
			</TabControl>
			<TabControl>
				<TabId>1</TabId>
				<ControlId>1169</ControlId>
			</TabControl>
			<TabControl>
				<TabId>1</TabId>
				<ControlId>1170</ControlId>
			</TabControl>
			<TabControl>
				<TabId>1</TabId>
				<ControlId>1171</ControlId>
			</TabControl>
			<TabControl>
				<TabId>1</TabId>
				<ControlId>1172</ControlId>
			</TabControl>
			<TabControl>
				<TabId>1</TabId>
				<ControlId>1173</ControlId>
			</TabControl>
			<TabControl>
				<TabId>1</TabId>
				<ControlId>1174</ControlId>
			</TabControl>
			<TabControl>
				<TabId>1</TabId>
				<ControlId>1175</ControlId>
			</TabControl>
			<TabControl>
				<TabId>1</TabId>
				<ControlId>1176</ControlId>
			</TabControl>
			<TabControl>
				<TabId>1</TabId>
				<ControlId>1177</ControlId>
			</TabControl>
			<TabControl>
				<TabId>1</TabId>
				<ControlId>1178</ControlId>
			</TabControl>
			<TabControl>
				<TabId>1</TabId>
				<ControlId>1179</ControlId>
			</TabControl>
			<TabControl>
				<TabId>2</TabId>
				<ControlId>1200</ControlId>
			</TabControl>
			<TabControl>
				<TabId>2</TabId>
				<ControlId>1201</ControlId>
			</TabControl>
			<TabControl>
				<TabId>2</TabId>
				<ControlId>1202</ControlId>
			</TabControl>
			<TabControl>
				<TabId>2</TabId>
				<ControlId>1203</ControlId>
			</TabControl>
			<TabControl>
				<TabId>2</TabId>
				<ControlId>1204</ControlId>
			</TabControl>
			<TabControl>
				<TabId>2</TabId>
				<ControlId>1205</ControlId>
			</TabControl>
			<TabControl>
				<TabId>2</TabId>
				<ControlId>1206</ControlId>
			</TabControl>
			<TabControl>
				<TabId>2</TabId>
				<ControlId>1207</ControlId>
			</TabControl>
			<TabControl>
				<TabId>2</TabId>
				<ControlId>1208</ControlId>
			</TabControl>
			<TabControl>
				<TabId>2</TabId>
				<ControlId>1209</ControlId>
			</TabControl>
			<TabControl>
				<TabId>2</TabId>
				<ControlId>1210</ControlId>
			</TabControl>
			<TabControl>
				<TabId>2</TabId>
				<ControlId>1211</ControlId>
			</TabControl>
			<TabControl>
				<TabId>2</TabId>
				<ControlId>1212</ControlId>
			</TabControl>
			<TabControl>
				<TabId>2</TabId>
				<ControlId>1213</ControlId>
			</TabControl>
			<TabControl>
				<TabId>2</TabId>
				<ControlId>1214</ControlId>
			</TabControl>
			<TabControl>
				<TabId>2</TabId>
				<ControlId>1215</ControlId>
			</TabControl>
			<TabControl>
				<TabId>2</TabId>
				<ControlId>1216</ControlId>
			</TabControl>
			<TabControl>
				<TabId>2</TabId>
				<ControlId>1220</ControlId>
			</TabControl>
			<TabControl>
				<TabId>2</TabId>
				<ControlId>1221</ControlId>
			</TabControl>
			<TabControl>
				<TabId>2</TabId>
				<ControlId>1222</ControlId>
			</TabControl>
			<TabControl>
				<TabId>2</TabId>
				<ControlId>1223</ControlId>
			</TabControl>
			<TabControl>
				<TabId>2</TabId>
				<ControlId>1224</ControlId>
			</TabControl>
			<TabControl>
				<TabId>2</TabId>
				<ControlId>1225</ControlId>
			</TabControl>
			<TabControl>
				<TabId>2</TabId>
				<ControlId>1226</ControlId>
			</TabControl>
			<TabControl>
				<TabId>2</TabId>
				<ControlId>1227</ControlId>
			</TabControl>
			<TabControl>
				<TabId>2</TabId>
				<ControlId>1228</ControlId>
			</TabControl>
			<TabControl>
				<TabId>2</TabId>
				<ControlId>1229</ControlId>
			</TabControl>
			<TabControl>
				<TabId>2</TabId>
				<ControlId>1230</ControlId>
			</TabControl>
			<TabControl>
				<TabId>2</TabId>
				<ControlId>1231</ControlId>
			</TabControl>
			<TabControl>
				<TabId>2</TabId>
				<ControlId>1232</ControlId>
			</TabControl>
			<TabControl>
				<TabId>2</TabId>
				<ControlId>1233</ControlId>
			</TabControl>
			<TabControl>
				<TabId>2</TabId>
				<ControlId>1234</ControlId>
			</TabControl>
			<TabControl>
				<TabId>2</TabId>
				<ControlId>1235</ControlId>
			</TabControl>
			<TabControl>
				<TabId>2</TabId>
				<ControlId>1236</ControlId>
			</TabControl>
			<TabControl>
				<TabId>2</TabId>
				<ControlId>1240</ControlId>
			</TabControl>
			<TabControl>
				<TabId>2</TabId>
				<ControlId>1241</ControlId>
			</TabControl>
			<TabControl>
				<TabId>2</TabId>
				<ControlId>1242</ControlId>
			</TabControl>
			<TabControl>
				<TabId>2</TabId>
				<ControlId>1243</ControlId>
			</TabControl>
			<TabControl>
				<TabId>2</TabId>
				<ControlId>1244</ControlId>
			</TabControl>
			<TabControl>
				<TabId>2</TabId>
				<ControlId>1245</ControlId>
			</TabControl>
			<TabControl>
				<TabId>2</TabId>
				<ControlId>1246</ControlId>
			</TabControl>
			<TabControl>
				<TabId>2</TabId>
				<ControlId>1247</ControlId>
			</TabControl>
			<TabControl>
				<TabId>2</TabId>
				<ControlId>1248</ControlId>
			</TabControl>
			<TabControl>
				<TabId>2</TabId>
				<ControlId>1249</ControlId>
			</TabControl>
			<TabControl>
				<TabId>2</TabId>
				<ControlId>1250</ControlId>
			</TabControl>
			<TabControl>
				<TabId>2</TabId>
				<ControlId>1251</ControlId>
			</TabControl>
			<TabControl>
				<TabId>2</TabId>
				<ControlId>1252</ControlId>
			</TabControl>
			<TabControl>
				<TabId>2</TabId>
				<ControlId>1253</ControlId>
			</TabControl>
			<TabControl>
				<TabId>2</TabId>
				<ControlId>1254</ControlId>
			</TabControl>
			<TabControl>
				<TabId>2</TabId>
				<ControlId>1255</ControlId>
			</TabControl>
			<TabControl>
				<TabId>2</TabId>
				<ControlId>1256</ControlId>
			</TabControl>
			<TabControl>
				<TabId>2</TabId>
				<ControlId>1260</ControlId>
			</TabControl>
			<TabControl>
				<TabId>2</TabId>
				<ControlId>1261</ControlId>
			</TabControl>
			<TabControl>
				<TabId>2</TabId>
				<ControlId>1262</ControlId>
			</TabControl>
			<TabControl>
				<TabId>2</TabId>
				<ControlId>1263</ControlId>
			</TabControl>
			<TabControl>
				<TabId>2</TabId>
				<ControlId>1264</ControlId>
			</TabControl>
			<TabControl>
				<TabId>2</TabId>
				<ControlId>1265</ControlId>
			</TabControl>
			<TabControl>
				<TabId>2</TabId>
				<ControlId>1266</ControlId>
			</TabControl>
			<TabControl>
				<TabId>2</TabId>
				<ControlId>1267</ControlId>
			</TabControl>
			<TabControl>
				<TabId>2</TabId>
				<ControlId>1268</ControlId>
			</TabControl>
			<TabControl>
				<TabId>2</TabId>
				<ControlId>1269</ControlId>
			</TabControl>
			<TabControl>
				<TabId>2</TabId>
				<ControlId>1270</ControlId>
			</TabControl>
			<TabControl>
				<TabId>2</TabId>
				<ControlId>1271</ControlId>
			</TabControl>
			<TabControl>
				<TabId>2</TabId>
				<ControlId>1272</ControlId>
			</TabControl>
			<TabControl>
				<TabId>2</TabId>
				<ControlId>1273</ControlId>
			</TabControl>
			<TabControl>
				<TabId>2</TabId>
				<ControlId>1274</ControlId>
			</TabControl>
			<TabControl>
				<TabId>2</TabId>
				<ControlId>1275</ControlId>
			</TabControl>
			<TabControl>
				<TabId>2</TabId>
				<ControlId>1299</ControlId>
			</TabControl>
			<TabControl>
				<TabId>3</TabId>
				<ControlId>1300</ControlId>
			</TabControl>
			<TabControl>
				<TabId>3</TabId>
				<ControlId>1301</ControlId>
			</TabControl>
			<TabControl>
				<TabId>3</TabId>
				<ControlId>1302</ControlId>
			</TabControl>
			<TabControl>
				<TabId>3</TabId>
				<ControlId>1303</ControlId>
			</TabControl>
			<TabControl>
				<TabId>3</TabId>
				<ControlId>1304</ControlId>
			</TabControl>
			<TabControl>
				<TabId>3</TabId>
				<ControlId>1305</ControlId>
			</TabControl>
			<TabControl>
				<TabId>3</TabId>
				<ControlId>1306</ControlId>
			</TabControl>
			<TabControl>
				<TabId>3</TabId>
				<ControlId>1307</ControlId>
			</TabControl>
			<TabControl>
				<TabId>3</TabId>
				<ControlId>1308</ControlId>
			</TabControl>
			<TabControl>
				<TabId>3</TabId>
				<ControlId>1309</ControlId>
			</TabControl>
			<TabControl>
				<TabId>3</TabId>
				<ControlId>1310</ControlId>
			</TabControl>
			<TabControl>
				<TabId>3</TabId>
				<ControlId>1311</ControlId>
			</TabControl>
			<TabControl>
				<TabId>3</TabId>
				<ControlId>1312</ControlId>
			</TabControl>
			<TabControl>
				<TabId>3</TabId>
				<ControlId>1313</ControlId>
			</TabControl>
			<TabControl>
				<TabId>3</TabId>
				<ControlId>1314</ControlId>
			</TabControl>
			<TabControl>
				<TabId>3</TabId>
				<ControlId>1315</ControlId>
			</TabControl>
			<TabControl>
				<TabId>3</TabId>
				<ControlId>1316</ControlId>
			</TabControl>
			<TabControl>
				<TabId>3</TabId>
				<ControlId>1317</ControlId>
			</TabControl>
			<TabControl>
				<TabId>3</TabId>
				<ControlId>1318</ControlId>
			</TabControl>
			<TabControl>
				<TabId>3</TabId>
				<ControlId>1319</ControlId>
			</TabControl>
			<TabControl>
				<TabId>3</TabId>
				<ControlId>1320</ControlId>
			</TabControl>
			<TabControl>
				<TabId>3</TabId>
				<ControlId>1321</ControlId>
			</TabControl>
			<TabControl>
				<TabId>3</TabId>
				<ControlId>1322</ControlId>
			</TabControl>
			<TabControl>
				<TabId>3</TabId>
				<ControlId>1323</ControlId>
			</TabControl>
			<TabControl>
				<TabId>3</TabId>
				<ControlId>1324</ControlId>
			</TabControl>
			<TabControl>
				<TabId>3</TabId>
				<ControlId>1325</ControlId>
			</TabControl>
			<TabControl>
				<TabId>3</TabId>
				<ControlId>1326</ControlId>
			</TabControl>
			<TabControl>
				<TabId>3</TabId>
				<ControlId>1327</ControlId>
			</TabControl>
			<TabControl>
				<TabId>3</TabId>
				<ControlId>1328</ControlId>
			</TabControl>
			<TabControl>
				<TabId>3</TabId>
				<ControlId>1329</ControlId>
			</TabControl>
			<TabControl>
				<TabId>3</TabId>
				<ControlId>1330</ControlId>
			</TabControl>
			<TabControl>
				<TabId>3</TabId>
				<ControlId>1331</ControlId>
			</TabControl>
			<TabControl>
				<TabId>3</TabId>
				<ControlId>1332</ControlId>
			</TabControl>
			<TabControl>
				<TabId>3</TabId>
				<ControlId>1333</ControlId>
			</TabControl>
			<TabControl>
				<TabId>3</TabId>
				<ControlId>1334</ControlId>
			</TabControl>
			<TabControl>
				<TabId>3</TabId>
				<ControlId>1335</ControlId>
			</TabControl>
			<TabControl>
				<TabId>3</TabId>
				<ControlId>1336</ControlId>
			</TabControl>
			<TabControl>
				<TabId>3</TabId>
				<ControlId>1337</ControlId>
			</TabControl>
			<TabControl>
				<TabId>3</TabId>
				<ControlId>1338</ControlId>
			</TabControl>
			<TabControl>
				<TabId>3</TabId>
				<ControlId>1339</ControlId>
			</TabControl>
			<TabControl>
				<TabId>3</TabId>
				<ControlId>1340</ControlId>
			</TabControl>
			<TabControl>
				<TabId>3</TabId>
				<ControlId>1341</ControlId>
			</TabControl>
			<TabControl>
				<TabId>3</TabId>
				<ControlId>1342</ControlId>
			</TabControl>
			<TabControl>
				<TabId>3</TabId>
				<ControlId>1343</ControlId>
			</TabControl>
			<TabControl>
				<TabId>3</TabId>
				<ControlId>1344</ControlId>
			</TabControl>
			<TabControl>
				<TabId>3</TabId>
				<ControlId>1345</ControlId>
			</TabControl>
			<TabControl>
				<TabId>3</TabId>
				<ControlId>1346</ControlId>
			</TabControl>
			<TabControl>
				<TabId>3</TabId>
				<ControlId>1347</ControlId>
			</TabControl>
			<TabControl>
				<TabId>3</TabId>
				<ControlId>1348</ControlId>
			</TabControl>
			<TabControl>
				<TabId>3</TabId>
				<ControlId>1349</ControlId>
			</TabControl>
			<TabControl>
				<TabId>3</TabId>
				<ControlId>1350</ControlId>
			</TabControl>
			<TabControl>
				<TabId>3</TabId>
				<ControlId>1351</ControlId>
			</TabControl>
			<TabControl>
				<TabId>3</TabId>
				<ControlId>1352</ControlId>
			</TabControl>
			<TabControl>
				<TabId>3</TabId>
				<ControlId>1353</ControlId>
			</TabControl>
			<TabControl>
				<TabId>3</TabId>
				<ControlId>1354</ControlId>
			</TabControl>
			<TabControl>
				<TabId>3</TabId>
				<ControlId>1355</ControlId>
			</TabControl>
			<TabControl>
				<TabId>3</TabId>
				<ControlId>1356</ControlId>
			</TabControl>
			<TabControl>
				<TabId>3</TabId>
				<ControlId>1357</ControlId>
			</TabControl>
			<TabControl>
				<TabId>3</TabId>
				<ControlId>1358</ControlId>
			</TabControl>
			<TabControl>
				<TabId>3</TabId>
				<ControlId>1359</ControlId>
			</TabControl>
			<TabControl>
				<TabId>3</TabId>
				<ControlId>1360</ControlId>
			</TabControl>
			<TabControl>
				<TabId>3</TabId>
				<ControlId>1361</ControlId>
			</TabControl>
			<TabControl>
				<TabId>3</TabId>
				<ControlId>1362</ControlId>
			</TabControl>
			<TabControl>
				<TabId>3</TabId>
				<ControlId>1363</ControlId>
			</TabControl>
			<TabControl>
				<TabId>3</TabId>
				<ControlId>1364</ControlId>
			</TabControl>
			<TabControl>
				<TabId>3</TabId>
				<ControlId>1365</ControlId>
			</TabControl>
			<TabControl>
				<TabId>3</TabId>
				<ControlId>1366</ControlId>
			</TabControl>
			<TabControl>
				<TabId>3</TabId>
				<ControlId>1367</ControlId>
			</TabControl>
			<TabControl>
				<TabId>3</TabId>
				<ControlId>1368</ControlId>
			</TabControl>
			<TabControl>
				<TabId>3</TabId>
				<ControlId>1369</ControlId>
			</TabControl>
			<TabControl>
				<TabId>3</TabId>
				<ControlId>1399</ControlId>
			</TabControl>
		</TabsDef>
		
		<!--Specializations Line One-->
		<LabelDef>
			<Color>
				<R>192</R>
				<G>192</G>
				<B>192</B>
				<A>255</A>
			</Color>
			<ControlId>1101</ControlId>
			<FontName>arial11</FontName>
			<Width>150</Width>
			<Height>15</Height>
			<MaxCharacters>50</MaxCharacters>
			<Data>Line One</Data>
			<Adapter>spec_name0</Adapter>
			<Position>
				<X>35</X>
				<Y>180</Y>
			</Position>
		</LabelDef>
		<InvisibleButtonDef>
			<ControlId>1100</ControlId>
			<Width>130</Width>
			<Height>15</Height>
			<Position>
				<X>35</X>
				<Y>178</Y>
			</Position>
			<OnClickEvent>NewTrainInfo</OnClickEvent>
		</InvisibleButtonDef>
		<HorizontalSliderDef>
			<TemplateName>generic_horizontal_slider</TemplateName>
			<ControlId>1102</ControlId>
			<Position>
				<X>170</X>
				<Y>180</Y>
			</Position>
			<Adaptername>spec_level0</Adaptername>
			<Width>155</Width>
			<Numticks>51</Numticks>
		</HorizontalSliderDef>
		<ScalarLabelDef>
			<Color>
				<R>192</R>
				<G>192</G>
				<B>192</B>
				<A>255</A>
			</Color>
			<ControlId>1103</ControlId>
			<FontName>arial11</FontName>
			<Width>150</Width>
			<Height>15</Height>
			<MaxCharacters>50</MaxCharacters>
			<Adapter>spec_level0</Adapter>
			<Coloradapter>spec_level_color0</Coloradapter>
			<Position>
				<X>330</X>
				<Y>180</Y>
			</Position>
		</ScalarLabelDef>
		
		<!--Specializations Line Two-->
		<LabelDef>
			<Color>
				<R>192</R>
				<G>192</G>
				<B>192</B>
				<A>255</A>
			</Color>
			<ControlId>1105</ControlId>
			<FontName>arial11</FontName>
			<Width>150</Width>
			<Height>15</Height>
			<MaxCharacters>50</MaxCharacters>
			<Data>Line One</Data>
			<Adapter>spec_name1</Adapter>
			<Position>
				<X>35</X>
				<Y>205</Y>
			</Position>
		</LabelDef>
		<InvisibleButtonDef>
			<ControlId>1104</ControlId>
			<Width>130</Width>
			<Height>15</Height>
			<Position>
				<X>35</X>
				<Y>203</Y>
			</Position>
			<OnClickEvent>NewTrainInfo</OnClickEvent>
		</InvisibleButtonDef>
		<HorizontalSliderDef>
			<TemplateName>generic_horizontal_slider</TemplateName>
			<ControlId>1106</ControlId>
			<Position>
				<X>170</X>
				<Y>205</Y>
			</Position>
			<Adaptername>spec_level1</Adaptername>
			<Width>155</Width>
			<Numticks>51</Numticks>
		</HorizontalSliderDef>
		<ScalarLabelDef>
			<Color>
				<R>192</R>
				<G>192</G>
				<B>192</B>
				<A>255</A>
			</Color>
			<ControlId>1107</ControlId>
			<FontName>arial11</FontName>
			<Width>150</Width>
			<Height>15</Height>
			<MaxCharacters>50</MaxCharacters>
			<Adapter>spec_level1</Adapter>
			<Coloradapter>spec_level_color1</Coloradapter>
			<Position>
				<X>330</X>
				<Y>205</Y>
			</Position>
		</ScalarLabelDef>
		
		<!--Specializations Line Three-->
		<LabelDef>
			<Color>
				<R>192</R>
				<G>192</G>
				<B>192</B>
				<A>255</A>
			</Color>
			<ControlId>1109</ControlId>
			<FontName>arial11</FontName>
			<Width>150</Width>
			<Height>15</Height>
			<MaxCharacters>50</MaxCharacters>
			<Data>Line Three</Data>
			<Adapter>spec_name2</Adapter>
			<Position>
				<X>35</X>
				<Y>230</Y>
			</Position>
		</LabelDef>
		<InvisibleButtonDef>
			<ControlId>1108</ControlId>
			<Width>130</Width>
			<Height>15</Height>
			<Position>
				<X>35</X>
				<Y>228</Y>
			</Position>
			<OnClickEvent>NewTrainInfo</OnClickEvent>
		</InvisibleButtonDef>
		<HorizontalSliderDef>
			<TemplateName>generic_horizontal_slider</TemplateName>
			<ControlId>1110</ControlId>
			<Position>
				<X>170</X>
				<Y>230</Y>
			</Position>
			<Adaptername>spec_level2</Adaptername>
			<Width>155</Width>
			<Numticks>51</Numticks>
		</HorizontalSliderDef>
		<ScalarLabelDef>
			<Color>
				<R>192</R>
				<G>192</G>
				<B>192</B>
				<A>255</A>
			</Color>
			<ControlId>1111</ControlId>
			<FontName>arial11</FontName>
			<Width>150</Width>
			<Height>15</Height>
			<MaxCharacters>50</MaxCharacters>
			<Adapter>spec_level2</Adapter>
			<Coloradapter>spec_level_color2</Coloradapter>
			<Position>
				<X>330</X>
				<Y>230</Y>
			</Position>
		</ScalarLabelDef>
		
		<!--Specializations Line Four-->
		<LabelDef>
			<Color>
				<R>192</R>
				<G>192</G>
				<B>192</B>
				<A>255</A>
			</Color>
			<ControlId>1113</ControlId>
			<FontName>arial11</FontName>
			<Width>150</Width>
			<Height>15</Height>
			<MaxCharacters>50</MaxCharacters>
			<Data>Line Four</Data>
			<Adapter>spec_name3</Adapter>
			<Position>
				<X>35</X>
				<Y>255</Y>
			</Position>
		</LabelDef>
		<InvisibleButtonDef>
			<ControlId>1112</ControlId>
			<Width>130</Width>
			<Height>15</Height>
			<Position>
				<X>35</X>
				<Y>253</Y>
			</Position>
			<OnClickEvent>NewTrainInfo</OnClickEvent>
		</InvisibleButtonDef>
		<HorizontalSliderDef>
			<TemplateName>generic_horizontal_slider</TemplateName>
			<ControlId>1114</ControlId>
			<Position>
				<X>170</X>
				<Y>255</Y>
			</Position>
			<Adaptername>spec_level3</Adaptername>
			<Width>155</Width>
			<Numticks>51</Numticks>
		</HorizontalSliderDef>
		<ScalarLabelDef>
			<Color>
				<R>192</R>
				<G>192</G>
				<B>192</B>
				<A>255</A>
			</Color>
			<ControlId>1115</ControlId>
			<FontName>arial11</FontName>
			<Width>150</Width>
			<Height>15</Height>
			<MaxCharacters>50</MaxCharacters>
			<Adapter>spec_level3</Adapter>
			<Coloradapter>spec_level_color3</Coloradapter>
			<Position>
				<X>330</X>
				<Y>255</Y>
			</Position>
		</ScalarLabelDef>
		
		<!--Specializations Line Five-->
		<LabelDef>
			<Color>
				<R>192</R>
				<G>192</G>
				<B>192</B>
				<A>255</A>
			</Color>
			<ControlId>1117</ControlId>
			<FontName>arial11</FontName>
			<Width>150</Width>
			<Height>15</Height>
			<MaxCharacters>50</MaxCharacters>
			<Data>Line Five</Data>
			<Adapter>spec_name4</Adapter>
			<Position>
				<X>35</X>
				<Y>280</Y>
			</Position>
		</LabelDef>
		<InvisibleButtonDef>
			<ControlId>1116</ControlId>
			<Width>130</Width>
			<Height>15</Height>
			<Position>
				<X>35</X>
				<Y>278</Y>
			</Position>
			<OnClickEvent>NewTrainInfo</OnClickEvent>
		</InvisibleButtonDef>
		<HorizontalSliderDef>
			<TemplateName>generic_horizontal_slider</TemplateName>
			<ControlId>1118</ControlId>
			<Position>
				<X>170</X>
				<Y>280</Y>
			</Position>
			<Adaptername>spec_level4</Adaptername>
			<Width>155</Width>
			<Numticks>51</Numticks>
		</HorizontalSliderDef>
		<ScalarLabelDef>
			<Color>
				<R>192</R>
				<G>192</G>
				<B>192</B>
				<A>255</A>
			</Color>
			<ControlId>1119</ControlId>
			<FontName>arial11</FontName>
			<Width>150</Width>
			<Height>15</Height>
			<MaxCharacters>50</MaxCharacters>
			<Adapter>spec_level4</Adapter>
			<Coloradapter>spec_level_color4</Coloradapter>
			<Position>
				<X>330</X>
				<Y>280</Y>
			</Position>
		</ScalarLabelDef>
		
		<!--Specializations Line Six-->
		<LabelDef>
			<Color>
				<R>192</R>
				<G>192</G>
				<B>192</B>
				<A>255</A>
			</Color>
			<ControlId>1121</ControlId>
			<FontName>arial11</FontName>
			<Width>150</Width>
			<Height>15</Height>
			<MaxCharacters>50</MaxCharacters>
			<Data>Line Six</Data>
			<Adapter>spec_name5</Adapter>
			<Position>
				<X>35</X>
				<Y>305</Y>
			</Position>
		</LabelDef>
		<InvisibleButtonDef>
			<ControlId>1120</ControlId>
			<Width>130</Width>
			<Height>15</Height>
			<Position>
				<X>35</X>
				<Y>303</Y>
			</Position>
			<OnClickEvent>NewTrainInfo</OnClickEvent>
		</InvisibleButtonDef>
		<HorizontalSliderDef>
			<TemplateName>generic_horizontal_slider</TemplateName>
			<ControlId>1122</ControlId>
			<Position>
				<X>170</X>
				<Y>305</Y>
			</Position>
			<Adaptername>spec_level5</Adaptername>
			<Width>155</Width>
			<Numticks>51</Numticks>
		</HorizontalSliderDef>
		<ScalarLabelDef>
			<Color>
				<R>192</R>
				<G>192</G>
				<B>192</B>
				<A>255</A>
			</Color>
			<ControlId>1123</ControlId>
			<FontName>arial11</FontName>
			<Width>150</Width>
			<Height>15</Height>
			<MaxCharacters>50</MaxCharacters>
			<Adapter>spec_level5</Adapter>
			<Coloradapter>spec_level_color5</Coloradapter>
			<Position>
				<X>330</X>
				<Y>305</Y>
			</Position>
		</ScalarLabelDef>
		
		<!--Specializations Line Seven-->
		<LabelDef>
			<Color>
				<R>192</R>
				<G>192</G>
				<B>192</B>
				<A>255</A>
			</Color>
			<ControlId>1125</ControlId>
			<FontName>arial11</FontName>
			<Width>150</Width>
			<Height>15</Height>
			<MaxCharacters>50</MaxCharacters>
			<Data>Line Seven</Data>
			<Adapter>spec_name6</Adapter>
			<Position>
				<X>35</X>
				<Y>330</Y>
			</Position>
		</LabelDef>
		<InvisibleButtonDef>
			<ControlId>1124</ControlId>
			<Width>130</Width>
			<Height>15</Height>
			<Position>
				<X>35</X>
				<Y>328</Y>
			</Position>
			<OnClickEvent>NewTrainInfo</OnClickEvent>
		</InvisibleButtonDef>
		<HorizontalSliderDef>
			<TemplateName>generic_horizontal_slider</TemplateName>
			<ControlId>1126</ControlId>
			<Position>
				<X>170</X>
				<Y>330</Y>
			</Position>
			<Adaptername>spec_level6</Adaptername>
			<Width>155</Width>
			<Numticks>51</Numticks>
		</HorizontalSliderDef>
		<ScalarLabelDef>
			<Color>
				<R>192</R>
				<G>192</G>
				<B>192</B>
				<A>255</A>
			</Color>
			<ControlId>1127</ControlId>
			<FontName>arial11</FontName>
			<Width>150</Width>
			<Height>15</Height>
			<MaxCharacters>50</MaxCharacters>
			<Adapter>spec_level6</Adapter>
			<Coloradapter>spec_level_color6</Coloradapter>
			<Position>
				<X>330</X>
				<Y>330</Y>
			</Position>
		</ScalarLabelDef>
		
		<!--Specializations Line Eight-->
		<LabelDef>
			<Color>
				<R>192</R>
				<G>192</G>
				<B>192</B>
				<A>255</A>
			</Color>
			<ControlId>1129</ControlId>
			<FontName>arial11</FontName>
			<Width>150</Width>
			<Height>15</Height>
			<MaxCharacters>50</MaxCharacters>
			<Data>Line Eight</Data>
			<Adapter>spec_name7</Adapter>
			<Position>
				<X>35</X>
				<Y>355</Y>
			</Position>
		</LabelDef>
		<InvisibleButtonDef>
			<ControlId>1128</ControlId>
			<Width>130</Width>
			<Height>15</Height>
			<Position>
				<X>35</X>
				<Y>353</Y>
			</Position>
			<OnClickEvent>NewTrainInfo</OnClickEvent>
		</InvisibleButtonDef>
		<HorizontalSliderDef>
			<TemplateName>generic_horizontal_slider</TemplateName>
			<ControlId>1130</ControlId>
			<Position>
				<X>170</X>
				<Y>355</Y>
			</Position>
			<Adaptername>spec_level7</Adaptername>
			<Width>155</Width>
			<Numticks>51</Numticks>
		</HorizontalSliderDef>
		<ScalarLabelDef>
			<Color>
				<R>192</R>
				<G>192</G>
				<B>192</B>
				<A>255</A>
			</Color>
			<ControlId>1131</ControlId>
			<FontName>arial11</FontName>
			<Width>150</Width>
			<Height>15</Height>
			<MaxCharacters>50</MaxCharacters>
			<Adapter>spec_level7</Adapter>
			<Coloradapter>spec_level_color7</Coloradapter>
			<Position>
				<X>330</X>
				<Y>355</Y>
			</Position>
		</ScalarLabelDef>
		
		<HorizontalResizeImageDef>
			<Position>
				<X>25</X>
				<Y>380</Y>
			</Position>
			<ControlId>1150</ControlId>
			<TemplateName>context_hr_image_divider</TemplateName>
			<Width>336</Width>
		</HorizontalResizeImageDef>
		
		<!--Specializations: Styles and Skills-->
		<LabelDef>
			<Color>
				<R>127</R>
				<G>127</G>
				<B>255</B>
				<A>255</A>
			</Color>
			<FontName>arial11</FontName>
			<ControlId>1151</ControlId>
			<Width>300</Width>
			<Height>15</Height>
			<MaxCharacters>50</MaxCharacters>
			<Data>Nuovi Stili e Abilita'</Data>
			<Position>
				<X>30</X>
				<Y>390</Y>
			</Position>
		</LabelDef>
		 
		<IconDef>
			<IconID>0</IconID>
			<Position>
				<X>25</X>
				<Y>410</Y>
			</Position>
			<Width>32</Width>
			<Height>32</Height>
			<ControlId>1160</ControlId>
			<TemplateName>plain_icon_large</TemplateName>
			<AdapterName>spec_icon0</AdapterName>
			<LabelAdapterName>spec_icon_desc0</LabelAdapterName>
			<ToolTipID>39</ToolTipID>
			<HideLabel>1</HideLabel>
		</IconDef>
		<IconDef>
			<IconID>0</IconID>
			<Position>
				<X>59</X>
				<Y>410</Y>
			</Position>
			<Width>32</Width>
			<Height>32</Height>
			<ControlId>1161</ControlId>
			<TemplateName>plain_icon_large</TemplateName>
			<AdapterName>spec_icon1</AdapterName>
			<LabelAdapterName>spec_icon_desc1</LabelAdapterName>
			<ToolTipID>39</ToolTipID>
			<HideLabel>1</HideLabel>
		</IconDef>
		<IconDef>
			<IconID>0</IconID>
			<Position>
				<X>93</X>
				<Y>410</Y>
			</Position>
			<Width>32</Width>
			<Height>32</Height>
			<ControlId>1162</ControlId>
			<TemplateName>plain_icon_large</TemplateName>
			<AdapterName>spec_icon2</AdapterName>
			<LabelAdapterName>spec_icon_desc2</LabelAdapterName>
			<ToolTipID>39</ToolTipID>
			<HideLabel>1</HideLabel>
		</IconDef>
		<IconDef>
			<IconID>0</IconID>
			<Position>
				<X>127</X>
				<Y>410</Y>
			</Position>
			<Width>32</Width>
			<Height>32</Height>
			<ControlId>1163</ControlId>
			<TemplateName>plain_icon_large</TemplateName>
			<AdapterName>spec_icon3</AdapterName>
			<LabelAdapterName>spec_icon_desc3</LabelAdapterName>
			<ToolTipID>39</ToolTipID>
			<HideLabel>1</HideLabel>
		</IconDef>
		<IconDef>
			<IconID>0</IconID>
			<Position>
				<X>161</X>
				<Y>410</Y>
			</Position>
			<Width>32</Width>
			<Height>32</Height>
			<ControlId>1164</ControlId>
			<TemplateName>plain_icon_large</TemplateName>
			<AdapterName>spec_icon4</AdapterName>
			<LabelAdapterName>spec_icon_desc4</LabelAdapterName>
			<ToolTipID>39</ToolTipID>
			<HideLabel>1</HideLabel>
		</IconDef>
		<IconDef>
			<IconID>0</IconID>
			<Position>
				<X>195</X>
				<Y>410</Y>
			</Position>
			<Width>32</Width>
			<Height>32</Height>
			<ControlId>1165</ControlId>
			<TemplateName>plain_icon_large</TemplateName>
			<AdapterName>spec_icon5</AdapterName>
			<LabelAdapterName>spec_icon_desc5</LabelAdapterName>
			<ToolTipID>39</ToolTipID>
			<HideLabel>1</HideLabel>
		</IconDef>
		<IconDef>
			<IconID>0</IconID>
			<Position>
				<X>229</X>
				<Y>410</Y>
			</Position>
			<Width>32</Width>
			<Height>32</Height>
			<ControlId>1166</ControlId>
			<TemplateName>plain_icon_large</TemplateName>
			<AdapterName>spec_icon6</AdapterName>
			<LabelAdapterName>spec_icon_desc6</LabelAdapterName>
			<ToolTipID>39</ToolTipID>
			<HideLabel>1</HideLabel>
		</IconDef>
		<IconDef>
			<IconID>0</IconID>
			<Position>
				<X>263</X>
				<Y>410</Y>
			</Position>
			<Width>32</Width>
			<Height>32</Height>
			<ControlId>1167</ControlId>
			<TemplateName>plain_icon_large</TemplateName>
			<AdapterName>spec_icon7</AdapterName>
			<LabelAdapterName>spec_icon_desc7</LabelAdapterName>
			<ToolTipID>39</ToolTipID>
			<HideLabel>1</HideLabel>
		</IconDef>
		<IconDef>
			<IconID>0</IconID>
			<Position>
				<X>297</X>
				<Y>410</Y>
			</Position>
			<Width>32</Width>
			<Height>32</Height>
			<ControlId>1168</ControlId>
			<TemplateName>plain_icon_large</TemplateName>
			<AdapterName>spec_icon8</AdapterName>
			<LabelAdapterName>spec_icon_desc8</LabelAdapterName>
			<ToolTipID>39</ToolTipID>
			<HideLabel>1</HideLabel>
		</IconDef>
		<IconDef>
			<IconID>0</IconID>
			<Position>
				<X>331</X>
				<Y>410</Y>
			</Position>
			<Width>32</Width>
			<Height>32</Height>
			<ControlId>1169</ControlId>
			<TemplateName>plain_icon_large</TemplateName>
			<AdapterName>spec_icon9</AdapterName>
			<LabelAdapterName>spec_icon_desc9</LabelAdapterName>
			<ToolTipID>39</ToolTipID>
			<HideLabel>1</HideLabel>
		</IconDef>
		 
		<IconDef>
			<IconID>0</IconID>
			<Position>
				<X>25</X>
				<Y>444</Y>
			</Position>
			<Width>32</Width>
			<Height>32</Height>
			<ControlId>1170</ControlId>
			<TemplateName>plain_icon_large</TemplateName>
			<AdapterName>spec_icon10</AdapterName>
			<LabelAdapterName>spec_icon_desc10</LabelAdapterName>
			<ToolTipID>39</ToolTipID>
			<HideLabel>1</HideLabel>
		</IconDef>
		<IconDef>
			<IconID>0</IconID>
			<Position>
				<X>59</X>
				<Y>444</Y>
			</Position>
			<Width>32</Width>
			<Height>32</Height>
			<ControlId>1171</ControlId>
			<TemplateName>plain_icon_large</TemplateName>
			<AdapterName>spec_icon11</AdapterName>
			<LabelAdapterName>spec_icon_desc11</LabelAdapterName>
			<ToolTipID>39</ToolTipID>
			<HideLabel>1</HideLabel>
		</IconDef>
		<IconDef>
			<IconID>0</IconID>
			<Position>
				<X>93</X>
				<Y>444</Y>
			</Position>
			<Width>32</Width>
			<Height>32</Height>
			<ControlId>1172</ControlId>
			<TemplateName>plain_icon_large</TemplateName>
			<AdapterName>spec_icon12</AdapterName>
			<LabelAdapterName>spec_icon_desc12</LabelAdapterName>
			<ToolTipID>39</ToolTipID>
			<HideLabel>1</HideLabel>
		</IconDef>
		<IconDef>
			<IconID>0</IconID>
			<Position>
				<X>127</X>
				<Y>444</Y>
			</Position>
			<Width>32</Width>
			<Height>32</Height>
			<ControlId>1173</ControlId>
			<TemplateName>plain_icon_large</TemplateName>
			<AdapterName>spec_icon13</AdapterName>
			<LabelAdapterName>spec_icon_desc13</LabelAdapterName>
			<ToolTipID>39</ToolTipID>
			<HideLabel>1</HideLabel>
		</IconDef>
		<IconDef>
			<IconID>0</IconID>
			<Position>
				<X>161</X>
				<Y>444</Y>
			</Position>
			<Width>32</Width>
			<Height>32</Height>
			<ControlId>1174</ControlId>
			<TemplateName>plain_icon_large</TemplateName>
			<AdapterName>spec_icon14</AdapterName>
			<LabelAdapterName>spec_icon_desc14</LabelAdapterName>
			<ToolTipID>39</ToolTipID>
			<HideLabel>1</HideLabel>
		</IconDef>
		<IconDef>
			<IconID>0</IconID>
			<Position>
				<X>195</X>
				<Y>444</Y>
			</Position>
			<Width>32</Width>
			<Height>32</Height>
			<ControlId>1175</ControlId>
			<TemplateName>plain_icon_large</TemplateName>
			<AdapterName>spec_icon15</AdapterName>
			<LabelAdapterName>spec_icon_desc15</LabelAdapterName>
			<ToolTipID>39</ToolTipID>
			<HideLabel>1</HideLabel>
		</IconDef>
		<IconDef>
			<IconID>0</IconID>
			<Position>
				<X>229</X>
				<Y>444</Y>
			</Position>
			<Width>32</Width>
			<Height>32</Height>
			<ControlId>1176</ControlId>
			<TemplateName>plain_icon_large</TemplateName>
			<AdapterName>spec_icon16</AdapterName>
			<LabelAdapterName>spec_icon_desc16</LabelAdapterName>
			<ToolTipID>39</ToolTipID>
			<HideLabel>1</HideLabel>
		</IconDef>
		<IconDef>
			<IconID>0</IconID>
			<Position>
				<X>263</X>
				<Y>444</Y>
			</Position>
			<Width>32</Width>
			<Height>32</Height>
			<ControlId>1177</ControlId>
			<TemplateName>plain_icon_large</TemplateName>
			<AdapterName>spec_icon17</AdapterName>
			<LabelAdapterName>spec_icon_desc17</LabelAdapterName>
			<ToolTipID>39</ToolTipID>
			<HideLabel>1</HideLabel>
		</IconDef>
		<IconDef>
			<IconID>0</IconID>
			<Position>
				<X>297</X>
				<Y>444</Y>
			</Position>
			<Width>32</Width>
			<Height>32</Height>
			<ControlId>1178</ControlId>
			<TemplateName>plain_icon_large</TemplateName>
			<AdapterName>spec_icon18</AdapterName>
			<LabelAdapterName>spec_icon_desc18</LabelAdapterName>
			<ToolTipID>39</ToolTipID>
			<HideLabel>1</HideLabel>
		</IconDef>
		<IconDef>
			<IconID>0</IconID>
			<Position>
				<X>331</X>
				<Y>444</Y>
			</Position>
			<Width>32</Width>
			<Height>32</Height>
			<ControlId>1179</ControlId>
			<TemplateName>plain_icon_large</TemplateName>
			<AdapterName>spec_icon19</AdapterName>
			<LabelAdapterName>spec_icon_desc19</LabelAdapterName>
			<ToolTipID>39</ToolTipID>
			<HideLabel>1</HideLabel>
		</IconDef>
		
		<!--Ability Summary Tab-->
		<!--Ability One-->
		<LabelDef>
			<Color>
				<R>192</R>
				<G>192</G>
				<B>192</B>
				<A>255</A>
			</Color>
			<ControlId>1200</ControlId>
			<FontName>arial11</FontName>
			<Width>150</Width>
			<Height>15</Height>
			<MaxCharacters>50</MaxCharacters>
			<Data>Ability0</Data>
			<Adapter>summary_label0</Adapter>
			<Position>
				<X>25</X>
				<Y>165</Y>
			</Position>
		</LabelDef>
		<ScalarLabelDef>
			<Color>
				<R>192</R>
				<G>192</G>
				<B>192</B>
				<A>255</A>
			</Color>
			<ControlId>1201</ControlId>
			<FontName>arial11</FontName>
			<Width>150</Width>
			<Height>15</Height>
			<MaxCharacters>50</MaxCharacters>
			<Data>Liv: </Data>
			<Adapter>summary_level0</Adapter>
			<Position>
				<X>150</X>
				<Y>165</Y>
			</Position>
		</ScalarLabelDef>
		<ScalarLabelDef>
			<Color>
				<R>192</R>
				<G>192</G>
				<B>192</B>
				<A>255</A>
			</Color>
			<ControlId>1202</ControlId>
			<FontName>arial11</FontName>
			<Width>150</Width>
			<Height>15</Height>
			<MaxCharacters>50</MaxCharacters>
			<Data>Nuove Abilita': </Data>
			<Adapter>summary_skill_amount0</Adapter>
			<Position>
				<X>230</X>
				<Y>165</Y>
			</Position>
		</ScalarLabelDef>
		<IconDef>
			<IconID>0</IconID>
			<Position>
				<X>27</X>
				<Y>184</Y>
			</Position>
			<Width>32</Width>
			<Height>32</Height>
			<ControlId>1203</ControlId>
			<TemplateName>plain_icon_large</TemplateName>
			<AdapterName>summary_icon00</AdapterName>
			<LabelAdapterName>summary_icon_desc00</LabelAdapterName>
			<ToolTipID>40</ToolTipID>
			<HideLabel>1</HideLabel>
		</IconDef>
		<IconDef>
			<IconID>0</IconID>
			<Position>
				<X>61</X>
				<Y>184</Y>
			</Position>
			<Width>32</Width>
			<Height>32</Height>
			<ControlId>1204</ControlId>
			<TemplateName>plain_icon_large</TemplateName>
			<AdapterName>summary_icon01</AdapterName>
			<LabelAdapterName>summary_icon_desc01</LabelAdapterName>
			<ToolTipID>40</ToolTipID>
			<HideLabel>1</HideLabel>
		</IconDef>
		<IconDef>
			<IconID>0</IconID>
			<Position>
				<X>95</X>
				<Y>184</Y>
			</Position>
			<Width>32</Width>
			<Height>32</Height>
			<ControlId>1205</ControlId>
			<TemplateName>plain_icon_large</TemplateName>
			<AdapterName>summary_icon02</AdapterName>
			<LabelAdapterName>summary_icon_desc02</LabelAdapterName>
			<ToolTipID>40</ToolTipID>
			<HideLabel>1</HideLabel>
		</IconDef>
		<IconDef>
			<IconID>0</IconID>
			<Position>
				<X>129</X>
				<Y>184</Y>
			</Position>
			<Width>32</Width>
			<Height>32</Height>
			<ControlId>1206</ControlId>
			<TemplateName>plain_icon_large</TemplateName>
			<AdapterName>summary_icon03</AdapterName>
			<LabelAdapterName>summary_icon_desc03</LabelAdapterName>
			<ToolTipID>40</ToolTipID>
			<HideLabel>1</HideLabel>
		</IconDef>
		<IconDef>
			<IconID>0</IconID>
			<Position>
				<X>163</X>
				<Y>184</Y>
			</Position>
			<Width>32</Width>
			<Height>32</Height>
			<ControlId>1207</ControlId>
			<TemplateName>plain_icon_large</TemplateName>
			<AdapterName>summary_icon04</AdapterName>
			<LabelAdapterName>summary_icon_desc04</LabelAdapterName>
			<ToolTipID>40</ToolTipID>
			<HideLabel>1</HideLabel>
		</IconDef>
		<IconDef>
			<IconID>0</IconID>
			<Position>
				<X>197</X>
				<Y>184</Y>
			</Position>
			<Width>32</Width>
			<Height>32</Height>
			<ControlId>1208</ControlId>
			<TemplateName>plain_icon_large</TemplateName>
			<AdapterName>summary_icon05</AdapterName>
			<LabelAdapterName>summary_icon_desc05</LabelAdapterName>
			<ToolTipID>40</ToolTipID>
			<HideLabel>1</HideLabel>
		</IconDef>
		<IconDef>
			<IconID>0</IconID>
			<Position>
				<X>231</X>
				<Y>184</Y>
			</Position>
			<Width>32</Width>
			<Height>32</Height>
			<ControlId>1209</ControlId>
			<TemplateName>plain_icon_large</TemplateName>
			<AdapterName>summary_icon06</AdapterName>
			<LabelAdapterName>summary_icon_desc06</LabelAdapterName>
			<ToolTipID>40</ToolTipID>
			<HideLabel>1</HideLabel>
		</IconDef>
		<IconDef>
			<IconID>0</IconID>
			<Position>
				<X>265</X>
				<Y>184</Y>
			</Position>
			<Width>32</Width>
			<Height>32</Height>
			<ControlId>1210</ControlId>
			<TemplateName>plain_icon_large</TemplateName>
			<AdapterName>summary_icon07</AdapterName>
			<LabelAdapterName>summary_icon_desc07</LabelAdapterName>
			<ToolTipID>40</ToolTipID>
			<HideLabel>1</HideLabel>
		</IconDef>
		<IconDef>
			<IconID>0</IconID>
			<Position>
				<X>299</X>
				<Y>184</Y>
			</Position>
			<Width>32</Width>
			<Height>32</Height>
			<ControlId>1211</ControlId>
			<TemplateName>plain_icon_large</TemplateName>
			<AdapterName>summary_icon08</AdapterName>
			<LabelAdapterName>summary_icon_desc08</LabelAdapterName>
			<ToolTipID>40</ToolTipID>
			<HideLabel>1</HideLabel>
		</IconDef>
		<ButtonDef>
			<TemplateName>button_large</TemplateName>
			<ControlId>1212</ControlId>
			<Label>Prec.</Label>
			<Position>
				<X>80</X>
				<Y>220</Y>
			</Position>
		</ButtonDef>
		<ButtonDef>
			<TemplateName>button_large</TemplateName>
			<ControlId>1213</ControlId>
			<Label>Succ.</Label>
			<Position>
				<X>222</X>
				<Y>220</Y>
			</Position>
		</ButtonDef>
		<ScalarLabelDef>
			<Color>
				<R>192</R>
				<G>192</G>
				<B>192</B>
				<A>255</A>
			</Color>
			<ControlId>1214</ControlId>
			<FontName>arial11</FontName>
			<Width>150</Width>
			<Height>15</Height>
			<MaxCharacters>50</MaxCharacters>
			<Adapter>summary_page0</Adapter>
			<Position>
				<X>160</X>
				<Y>222</Y>
			</Position>
		</ScalarLabelDef>
		<ScalarLabelDef>
			<Color>
				<R>192</R>
				<G>192</G>
				<B>192</B>
				<A>255</A>
			</Color>
			<ControlId>1215</ControlId>
			<FontName>arial11</FontName>
			<Width>150</Width>
			<Height>15</Height>
			<MaxCharacters>50</MaxCharacters>
			<Data>of   </Data>
			<Adapter>summary_amount0</Adapter>
			<Position>
				<X>175</X>
				<Y>222</Y>
			</Position>
		</ScalarLabelDef>
		<HorizontalResizeImageDef>
			<Position>
				<X>25</X>
				<Y>240</Y>
			</Position>
			<ControlId>1216</ControlId>
			<TemplateName>context_hr_image_divider</TemplateName>
			<Width>336</Width>
		</HorizontalResizeImageDef>
		<!--Ability Two-->
		<LabelDef>
			<Color>
				<R>192</R>
				<G>192</G>
				<B>192</B>
				<A>255</A>
			</Color>
			<ControlId>1220</ControlId>
			<FontName>arial11</FontName>
			<Width>150</Width>
			<Height>15</Height>
			<MaxCharacters>50</MaxCharacters>
			<Data>Ability1</Data>
			<Adapter>summary_label1</Adapter>
			<Position>
				<X>25</X>
				<Y>245</Y>
			</Position>
		</LabelDef>
		<ScalarLabelDef>
			<Color>
				<R>192</R>
				<G>192</G>
				<B>192</B>
				<A>255</A>
			</Color>
			<ControlId>1221</ControlId>
			<FontName>arial11</FontName>
			<Width>150</Width>
			<Height>15</Height>
			<MaxCharacters>50</MaxCharacters>
			<Data>Liv: </Data>
			<Adapter>summary_level1</Adapter>
			<Position>
				<X>150</X>
				<Y>245</Y>
			</Position>
		</ScalarLabelDef>
		<ScalarLabelDef>
			<Color>
				<R>192</R>
				<G>192</G>
				<B>192</B>
				<A>255</A>
			</Color>
			<ControlId>1222</ControlId>
			<FontName>arial11</FontName>
			<Width>150</Width>
			<Height>15</Height>
			<MaxCharacters>50</MaxCharacters>
			<Data>Nuove Abilita': </Data>
			<Adapter>summary_skill_amount1</Adapter>
			<Position>
				<X>230</X>
				<Y>245</Y>
			</Position>
		</ScalarLabelDef>
		<IconDef>
			<IconID>0</IconID>
			<Position>
				<X>27</X>
				<Y>264</Y>
			</Position>
			<Width>32</Width>
			<Height>32</Height>
			<ControlId>1223</ControlId>
			<TemplateName>plain_icon_large</TemplateName>
			<AdapterName>summary_icon10</AdapterName>
			<LabelAdapterName>summary_icon_desc10</LabelAdapterName>
			<ToolTipID>40</ToolTipID>
			<HideLabel>1</HideLabel>
		</IconDef>
		<IconDef>
			<IconID>0</IconID>
			<Position>
				<X>61</X>
				<Y>264</Y>
			</Position>
			<Width>32</Width>
			<Height>32</Height>
			<ControlId>1224</ControlId>
			<TemplateName>plain_icon_large</TemplateName>
			<AdapterName>summary_icon11</AdapterName>
			<LabelAdapterName>summary_icon_desc11</LabelAdapterName>
			<ToolTipID>40</ToolTipID>
			<HideLabel>1</HideLabel>
		</IconDef>
		<IconDef>
			<IconID>0</IconID>
			<Position>
				<X>95</X>
				<Y>264</Y>
			</Position>
			<Width>32</Width>
			<Height>32</Height>
			<ControlId>1225</ControlId>
			<TemplateName>plain_icon_large</TemplateName>
			<AdapterName>summary_icon12</AdapterName>
			<LabelAdapterName>summary_icon_desc12</LabelAdapterName>
			<ToolTipID>40</ToolTipID>
			<HideLabel>1</HideLabel>
		</IconDef>
		<IconDef>
			<IconID>0</IconID>
			<Position>
				<X>129</X>
				<Y>264</Y>
			</Position>
			<Width>32</Width>
			<Height>32</Height>
			<ControlId>1226</ControlId>
			<TemplateName>plain_icon_large</TemplateName>
			<AdapterName>summary_icon13</AdapterName>
			<LabelAdapterName>summary_icon_desc13</LabelAdapterName>
			<ToolTipID>40</ToolTipID>
			<HideLabel>1</HideLabel>
		</IconDef>
		<IconDef>
			<IconID>0</IconID>
			<Position>
				<X>163</X>
				<Y>264</Y>
			</Position>
			<Width>32</Width>
			<Height>32</Height>
			<ControlId>1227</ControlId>
			<TemplateName>plain_icon_large</TemplateName>
			<AdapterName>summary_icon14</AdapterName>
			<LabelAdapterName>summary_icon_desc14</LabelAdapterName>
			<ToolTipID>40</ToolTipID>
			<HideLabel>1</HideLabel>
		</IconDef>
		<IconDef>
			<IconID>0</IconID>
			<Position>
				<X>197</X>
				<Y>264</Y>
			</Position>
			<Width>32</Width>
			<Height>32</Height>
			<ControlId>1228</ControlId>
			<TemplateName>plain_icon_large</TemplateName>
			<AdapterName>summary_icon15</AdapterName>
			<LabelAdapterName>summary_icon_desc15</LabelAdapterName>
			<ToolTipID>40</ToolTipID>
			<HideLabel>1</HideLabel>
		</IconDef>
		<IconDef>
			<IconID>0</IconID>
			<Position>
				<X>231</X>
				<Y>264</Y>
			</Position>
			<Width>32</Width>
			<Height>32</Height>
			<ControlId>1229</ControlId>
			<TemplateName>plain_icon_large</TemplateName>
			<AdapterName>summary_icon16</AdapterName>
			<LabelAdapterName>summary_icon_desc16</LabelAdapterName>
			<ToolTipID>40</ToolTipID>
			<HideLabel>1</HideLabel>
		</IconDef>
		<IconDef>
			<IconID>0</IconID>
			<Position>
				<X>265</X>
				<Y>264</Y>
			</Position>
			<Width>32</Width>
			<Height>32</Height>
			<ControlId>1230</ControlId>
			<TemplateName>plain_icon_large</TemplateName>
			<AdapterName>summary_icon17</AdapterName>
			<LabelAdapterName>summary_icon_desc17</LabelAdapterName>
			<ToolTipID>40</ToolTipID>
			<HideLabel>1</HideLabel>
		</IconDef>
		<IconDef>
			<IconID>0</IconID>
			<Position>
				<X>299</X>
				<Y>264</Y>
			</Position>
			<Width>32</Width>
			<Height>32</Height>
			<ControlId>1231</ControlId>
			<TemplateName>plain_icon_large</TemplateName>
			<AdapterName>summary_icon18</AdapterName>
			<LabelAdapterName>summary_icon_desc18</LabelAdapterName>
			<ToolTipID>40</ToolTipID>
			<HideLabel>1</HideLabel>
		</IconDef>
		<ButtonDef>
			<TemplateName>button_large</TemplateName>
			<ControlId>1232</ControlId>
			<Label>Prec.</Label>
			<Position>
				<X>80</X>
				<Y>300</Y>
			</Position>
		</ButtonDef>
		<ButtonDef>
			<TemplateName>button_large</TemplateName>
			<ControlId>1233</ControlId>
			<Label>Succ.</Label>
			<Position>
				<X>222</X>
				<Y>300</Y>
			</Position>
		</ButtonDef>
		<ScalarLabelDef>
			<Color>
				<R>192</R>
				<G>192</G>
				<B>192</B>
				<A>255</A>
			</Color>
			<ControlId>1234</ControlId>
			<FontName>arial11</FontName>
			<Width>150</Width>
			<Height>15</Height>
			<MaxCharacters>50</MaxCharacters>
			<Adapter>summary_page1</Adapter>
			<Position>
				<X>160</X>
				<Y>302</Y>
			</Position>
		</ScalarLabelDef>
		<ScalarLabelDef>
			<Color>
				<R>192</R>
				<G>192</G>
				<B>192</B>
				<A>255</A>
			</Color>
			<ControlId>1235</ControlId>
			<FontName>arial11</FontName>
			<Width>150</Width>
			<Height>15</Height>
			<MaxCharacters>50</MaxCharacters>
			<Data>of   </Data>
			<Adapter>summary_amount1</Adapter>
			<Position>
				<X>175</X>
				<Y>302</Y>
			</Position>
		</ScalarLabelDef>
		<HorizontalResizeImageDef>
			<Position>
				<X>25</X>
				<Y>320</Y>
			</Position>
			<ControlId>1236</ControlId>
			<TemplateName>context_hr_image_divider</TemplateName>
			<Width>336</Width>
		</HorizontalResizeImageDef>
		<!--Ability Three-->
		<LabelDef>
			<Color>
				<R>192</R>
				<G>192</G>
				<B>192</B>
				<A>255</A>
			</Color>
			<ControlId>1240</ControlId>
			<FontName>arial11</FontName>
			<Width>150</Width>
			<Height>15</Height>
			<MaxCharacters>50</MaxCharacters>
			<Data>Ability2</Data>
			<Adapter>summary_label2</Adapter>
			<Position>
				<X>25</X>
				<Y>325</Y>
			</Position>
		</LabelDef>
		<ScalarLabelDef>
			<Color>
				<R>192</R>
				<G>192</G>
				<B>192</B>
				<A>255</A>
			</Color>
			<ControlId>1241</ControlId>
			<FontName>arial11</FontName>
			<Width>150</Width>
			<Height>15</Height>
			<MaxCharacters>50</MaxCharacters>
			<Data>Liv: </Data>
			<Adapter>summary_level2</Adapter>
			<Position>
				<X>150</X>
				<Y>325</Y>
			</Position>
		</ScalarLabelDef>
		<ScalarLabelDef>
			<Color>
				<R>192</R>
				<G>192</G>
				<B>192</B>
				<A>255</A>
			</Color>
			<ControlId>1242</ControlId>
			<FontName>arial11</FontName>
			<Width>150</Width>
			<Height>15</Height>
			<MaxCharacters>50</MaxCharacters>
			<Data>Nuove Abilita': </Data>
			<Adapter>summary_skill_amount2</Adapter>
			<Position>
				<X>230</X>
				<Y>325</Y>
			</Position>
		</ScalarLabelDef>
		<IconDef>
			<IconID>0</IconID>
			<Position>
				<X>27</X>
				<Y>344</Y>
			</Position>
			<Width>32</Width>
			<Height>32</Height>
			<ControlId>1243</ControlId>
			<TemplateName>plain_icon_large</TemplateName>
			<AdapterName>summary_icon20</AdapterName>
			<LabelAdapterName>summary_icon_desc20</LabelAdapterName>
			<ToolTipID>40</ToolTipID>
			<HideLabel>1</HideLabel>
		</IconDef>
		<IconDef>
			<IconID>0</IconID>
			<Position>
				<X>61</X>
				<Y>344</Y>
			</Position>
			<Width>32</Width>
			<Height>32</Height>
			<ControlId>1244</ControlId>
			<TemplateName>plain_icon_large</TemplateName>
			<AdapterName>summary_icon21</AdapterName>
			<LabelAdapterName>summary_icon_desc21</LabelAdapterName>
			<ToolTipID>40</ToolTipID>
			<HideLabel>1</HideLabel>
		</IconDef>
		<IconDef>
			<IconID>0</IconID>
			<Position>
				<X>95</X>
				<Y>344</Y>
			</Position>
			<Width>32</Width>
			<Height>32</Height>
			<ControlId>1245</ControlId>
			<TemplateName>plain_icon_large</TemplateName>
			<AdapterName>summary_icon22</AdapterName>
			<LabelAdapterName>summary_icon_desc22</LabelAdapterName>
			<ToolTipID>40</ToolTipID>
			<HideLabel>1</HideLabel>
		</IconDef>
		<IconDef>
			<IconID>0</IconID>
			<Position>
				<X>129</X>
				<Y>344</Y>
			</Position>
			<Width>32</Width>
			<Height>32</Height>
			<ControlId>1246</ControlId>
			<TemplateName>plain_icon_large</TemplateName>
			<AdapterName>summary_icon23</AdapterName>
			<LabelAdapterName>summary_icon_desc23</LabelAdapterName>
			<ToolTipID>40</ToolTipID>
			<HideLabel>1</HideLabel>
		</IconDef>
		<IconDef>
			<IconID>0</IconID>
			<Position>
				<X>163</X>
				<Y>344</Y>
			</Position>
			<Width>32</Width>
			<Height>32</Height>
			<ControlId>1247</ControlId>
			<TemplateName>plain_icon_large</TemplateName>
			<AdapterName>summary_icon24</AdapterName>
			<LabelAdapterName>summary_icon_desc24</LabelAdapterName>
			<ToolTipID>40</ToolTipID>
			<HideLabel>1</HideLabel>
		</IconDef>
		<IconDef>
			<IconID>0</IconID>
			<Position>
				<X>197</X>
				<Y>344</Y>
			</Position>
			<Width>32</Width>
			<Height>32</Height>
			<ControlId>1248</ControlId>
			<TemplateName>plain_icon_large</TemplateName>
			<AdapterName>summary_icon25</AdapterName>
			<LabelAdapterName>summary_icon_desc25</LabelAdapterName>
			<ToolTipID>40</ToolTipID>
			<HideLabel>1</HideLabel>
		</IconDef>
		<IconDef>
			<IconID>0</IconID>
			<Position>
				<X>231</X>
				<Y>344</Y>
			</Position>
			<Width>32</Width>
			<Height>32</Height>
			<ControlId>1249</ControlId>
			<TemplateName>plain_icon_large</TemplateName>
			<AdapterName>summary_icon26</AdapterName>
			<LabelAdapterName>summary_icon_desc26</LabelAdapterName>
			<ToolTipID>40</ToolTipID>
			<HideLabel>1</HideLabel>
		</IconDef>
		<IconDef>
			<IconID>0</IconID>
			<Position>
				<X>265</X>
				<Y>344</Y>
			</Position>
			<Width>32</Width>
			<Height>32</Height>
			<ControlId>1250</ControlId>
			<TemplateName>plain_icon_large</TemplateName>
			<AdapterName>summary_icon27</AdapterName>
			<LabelAdapterName>summary_icon_desc27</LabelAdapterName>
			<ToolTipID>40</ToolTipID>
			<HideLabel>1</HideLabel>
		</IconDef>
		<IconDef>
			<IconID>0</IconID>
			<Position>
				<X>299</X>
				<Y>344</Y>
			</Position>
			<Width>32</Width>
			<Height>32</Height>
			<ControlId>1251</ControlId>
			<TemplateName>plain_icon_large</TemplateName>
			<AdapterName>summary_icon28</AdapterName>
			<LabelAdapterName>summary_icon_desc28</LabelAdapterName>
			<ToolTipID>40</ToolTipID>
			<HideLabel>1</HideLabel>
		</IconDef>
		<ButtonDef>
			<TemplateName>button_large</TemplateName>
			<ControlId>1252</ControlId>
			<Label>Prec.</Label>
			<Position>
				<X>80</X>
				<Y>380</Y>
			</Position>
		</ButtonDef>
		<ButtonDef>
			<TemplateName>button_large</TemplateName>
			<ControlId>1253</ControlId>
			<Label>Succ.</Label>
			<Position>
				<X>222</X>
				<Y>380</Y>
			</Position>
		</ButtonDef>
		<ScalarLabelDef>
			<Color>
				<R>192</R>
				<G>192</G>
				<B>192</B>
				<A>255</A>
			</Color>
			<ControlId>1254</ControlId>
			<FontName>arial11</FontName>
			<Width>150</Width>
			<Height>15</Height>
			<MaxCharacters>50</MaxCharacters>
			<Adapter>summary_page2</Adapter>
			<Position>
				<X>160</X>
				<Y>382</Y>
			</Position>
		</ScalarLabelDef>
		<ScalarLabelDef>
			<Color>
				<R>192</R>
				<G>192</G>
				<B>192</B>
				<A>255</A>
			</Color>
			<ControlId>1255</ControlId>
			<FontName>arial11</FontName>
			<Width>150</Width>
			<Height>15</Height>
			<MaxCharacters>50</MaxCharacters>
			<Data>of   </Data>
			<Adapter>summary_amount2</Adapter>
			<Position>
				<X>175</X>
				<Y>382</Y>
			</Position>
		</ScalarLabelDef>
		<HorizontalResizeImageDef>
			<Position>
				<X>25</X>
				<Y>400</Y>
			</Position>
			<ControlId>1256</ControlId>
			<TemplateName>context_hr_image_divider</TemplateName>
			<Width>336</Width>
		</HorizontalResizeImageDef>
		<!--Ability Four-->
		<LabelDef>
			<Color>
				<R>192</R>
				<G>192</G>
				<B>192</B>
				<A>255</A>
			</Color>
			<ControlId>1260</ControlId>
			<FontName>arial11</FontName>
			<Width>150</Width>
			<Height>15</Height>
			<MaxCharacters>50</MaxCharacters>
			<Data>Ability3</Data>
			<Adapter>summary_label3</Adapter>
			<Position>
				<X>25</X>
				<Y>405</Y>
			</Position>
		</LabelDef>
		<ScalarLabelDef>
			<Color>
				<R>192</R>
				<G>192</G>
				<B>192</B>
				<A>255</A>
			</Color>
			<ControlId>1261</ControlId>
			<FontName>arial11</FontName>
			<Width>150</Width>
			<Height>15</Height>
			<MaxCharacters>50</MaxCharacters>
			<Data>Liv: </Data>
			<Adapter>summary_level3</Adapter>
			<Position>
				<X>150</X>
				<Y>405</Y>
			</Position>
		</ScalarLabelDef>
		<ScalarLabelDef>
			<Color>
				<R>192</R>
				<G>192</G>
				<B>192</B>
				<A>255</A>
			</Color>
			<ControlId>1262</ControlId>
			<FontName>arial11</FontName>
			<Width>150</Width>
			<Height>15</Height>
			<MaxCharacters>50</MaxCharacters>
			<Data>Nuove Abilita': </Data>
			<Adapter>summary_skill_amount3</Adapter>
			<Position>
				<X>230</X>
				<Y>405</Y>
			</Position>
		</ScalarLabelDef>
		<IconDef>
			<IconID>0</IconID>
			<Position>
				<X>27</X>
				<Y>424</Y>
			</Position>
			<Width>32</Width>
			<Height>32</Height>
			<ControlId>1263</ControlId>
			<TemplateName>plain_icon_large</TemplateName>
			<AdapterName>summary_icon30</AdapterName>
			<LabelAdapterName>summary_icon_desc30</LabelAdapterName>
			<ToolTipID>40</ToolTipID>
			<HideLabel>1</HideLabel>
		</IconDef>
		<IconDef>
			<IconID>0</IconID>
			<Position>
				<X>61</X>
				<Y>424</Y>
			</Position>
			<Width>32</Width>
			<Height>32</Height>
			<ControlId>1264</ControlId>
			<TemplateName>plain_icon_large</TemplateName>
			<AdapterName>summary_icon31</AdapterName>
			<LabelAdapterName>summary_icon_desc31</LabelAdapterName>
			<ToolTipID>40</ToolTipID>
			<HideLabel>1</HideLabel>
		</IconDef>
		<IconDef>
			<IconID>0</IconID>
			<Position>
				<X>95</X>
				<Y>424</Y>
			</Position>
			<Width>32</Width>
			<Height>32</Height>
			<ControlId>1265</ControlId>
			<TemplateName>plain_icon_large</TemplateName>
			<AdapterName>summary_icon32</AdapterName>
			<LabelAdapterName>summary_icon_desc32</LabelAdapterName>
			<ToolTipID>40</ToolTipID>
			<HideLabel>1</HideLabel>
		</IconDef>
		<IconDef>
			<IconID>0</IconID>
			<Position>
				<X>129</X>
				<Y>424</Y>
			</Position>
			<Width>32</Width>
			<Height>32</Height>
			<ControlId>1266</ControlId>
			<TemplateName>plain_icon_large</TemplateName>
			<AdapterName>summary_icon33</AdapterName>
			<LabelAdapterName>summary_icon_desc33</LabelAdapterName>
			<ToolTipID>40</ToolTipID>
			<HideLabel>1</HideLabel>
		</IconDef>
		<IconDef>
			<IconID>0</IconID>
			<Position>
				<X>163</X>
				<Y>424</Y>
			</Position>
			<Width>32</Width>
			<Height>32</Height>
			<ControlId>1267</ControlId>
			<TemplateName>plain_icon_large</TemplateName>
			<AdapterName>summary_icon34</AdapterName>
			<LabelAdapterName>summary_icon_desc34</LabelAdapterName>
			<ToolTipID>40</ToolTipID>
			<HideLabel>1</HideLabel>
		</IconDef>
		<IconDef>
			<IconID>0</IconID>
			<Position>
				<X>197</X>
				<Y>424</Y>
			</Position>
			<Width>32</Width>
			<Height>32</Height>
			<ControlId>1268</ControlId>
			<TemplateName>plain_icon_large</TemplateName>
			<AdapterName>summary_icon35</AdapterName>
			<LabelAdapterName>summary_icon_desc35</LabelAdapterName>
			<ToolTipID>40</ToolTipID>
			<HideLabel>1</HideLabel>
		</IconDef>
		<IconDef>
			<IconID>0</IconID>
			<Position>
				<X>231</X>
				<Y>424</Y>
			</Position>
			<Width>32</Width>
			<Height>32</Height>
			<ControlId>1269</ControlId>
			<TemplateName>plain_icon_large</TemplateName>
			<AdapterName>summary_icon36</AdapterName>
			<LabelAdapterName>summary_icon_desc36</LabelAdapterName>
			<ToolTipID>40</ToolTipID>
			<HideLabel>1</HideLabel>
		</IconDef>
		<IconDef>
			<IconID>0</IconID>
			<Position>
				<X>265</X>
				<Y>424</Y>
			</Position>
			<Width>32</Width>
			<Height>32</Height>
			<ControlId>1270</ControlId>
			<TemplateName>plain_icon_large</TemplateName>
			<AdapterName>summary_icon37</AdapterName>
			<LabelAdapterName>summary_icon_desc37</LabelAdapterName>
			<ToolTipID>40</ToolTipID>
			<HideLabel>1</HideLabel>
		</IconDef>
		<IconDef>
			<IconID>0</IconID>
			<Position>
				<X>299</X>
				<Y>424</Y>
			</Position>
			<Width>32</Width>
			<Height>32</Height>
			<ControlId>1271</ControlId>
			<TemplateName>plain_icon_large</TemplateName>
			<AdapterName>summary_icon38</AdapterName>
			<LabelAdapterName>summary_icon_desc38</LabelAdapterName>
			<ToolTipID>40</ToolTipID>
			<HideLabel>1</HideLabel>
		</IconDef>
		<ButtonDef>
			<TemplateName>button_large</TemplateName>
			<ControlId>1272</ControlId>
			<Label>PREV</Label>
			<Position>
				<X>80</X>
				<Y>460</Y>
			</Position>
		</ButtonDef>
		<ButtonDef>
			<TemplateName>button_large</TemplateName>
			<ControlId>1273</ControlId>
			<Label>NEXT</Label>
			<Position>
				<X>222</X>
				<Y>460</Y>
			</Position>
		</ButtonDef>
		<ScalarLabelDef>
			<Color>
				<R>192</R>
				<G>192</G>
				<B>192</B>
				<A>255</A>
			</Color>
			<ControlId>1274</ControlId>
			<FontName>arial11</FontName>
			<Width>150</Width>
			<Height>15</Height>
			<MaxCharacters>50</MaxCharacters>
			<Adapter>summary_page3</Adapter>
			<Position>
				<X>160</X>
				<Y>462</Y>
			</Position>
		</ScalarLabelDef>
		<ScalarLabelDef>
			<Color>
				<R>192</R>
				<G>192</G>
				<B>192</B>
				<A>255</A>
			</Color>
			<ControlId>1275</ControlId>
			<FontName>arial11</FontName>
			<Width>150</Width>
			<Height>15</Height>
			<MaxCharacters>50</MaxCharacters>
			<Data>of   </Data>
			<Adapter>summary_amount3</Adapter>
			<Position>
				<X>175</X>
				<Y>462</Y>
			</Position>
		</ScalarLabelDef>
		<!-- Vertical Slider Bar -->
		<VerticalSliderDef>
			<TemplateName>generic_vertical_slider</TemplateName>
			<ControlId>1299</ControlId>
			<Position>
				<X>362</X>
				<Y>156</Y>
			</Position>
			<Adaptername>summary_slider</Adaptername>
			<Height>330</Height>
			<Numticks>5</Numticks>
		</VerticalSliderDef>
		
		<!-- Realm Ability Tab -->
		<!-- Line One -->
		<LabelDef>
			<Color>
				<R>192</R>
				<G>192</G>
				<B>192</B>
				<A>255</A>
			</Color>
			<ControlId>1301</ControlId>
			<FontName>arial11</FontName>
			<Width>165</Width>
			<Height>15</Height>
			<MaxCharacters>50</MaxCharacters>
			<Data>Line One</Data>
			<Adapter>realm_name0</Adapter>
			<Position>
				<X>20</X>
				<Y>180</Y>
			</Position>
		</LabelDef>
		<InvisibleButtonDef>
			<ControlId>1300</ControlId>
			<Width>160</Width>
			<Height>15</Height>
			<Position>
				<X>20</X>
				<Y>178</Y>
			</Position>
			<OnClickEvent>NewTrainRealmInfo</OnClickEvent>
		</InvisibleButtonDef>
		<HorizontalSliderDef>
			<TemplateName>generic_horizontal_slider</TemplateName>
			<ControlId>1302</ControlId>
			<Position>
				<X>185</X>
				<Y>180</Y>
			</Position>
			<Adaptername>realm_level0</Adaptername>
			<Width>90</Width>
			<Numticks>6</Numticks>
		</HorizontalSliderDef>
		<ScalarLabelDef>
			<Color>
				<R>192</R>
				<G>192</G>
				<B>192</B>
				<A>255</A>
			</Color>
			<ControlId>1303</ControlId>
			<FontName>arial11</FontName>
			<Width>150</Width>
			<Height>15</Height>
			<MaxCharacters>50</MaxCharacters>
			<Adapter>realm_level0</Adapter>
			<Coloradapter>realm_level_color0</Coloradapter>
			<Position>
				<X>280</X>
				<Y>180</Y>
			</Position>
		</ScalarLabelDef>
		<ScalarLabelDef>
			<Color>
				<R>192</R>
				<G>192</G>
				<B>192</B>
				<A>255</A>
			</Color>
			<ControlId>1304</ControlId>
			<FontName>arial11</FontName>
			<Width>150</Width>
			<Height>15</Height>
			<MaxCharacters>50</MaxCharacters>
			<Data>Costo: </Data>
			<Adapter>realm_cost0</Adapter>
			<Position>
				<X>300</X>
				<Y>180</Y>
			</Position>
		</ScalarLabelDef>
		<!-- Line Two -->
		<LabelDef>
			<Color>
				<R>192</R>
				<G>192</G>
				<B>192</B>
				<A>255</A>
			</Color>
			<ControlId>1306</ControlId>
			<FontName>arial11</FontName>
			<Width>165</Width>
			<Height>15</Height>
			<MaxCharacters>50</MaxCharacters>
			<Data>Line Two</Data>
			<Adapter>realm_name1</Adapter>
			<Position>
				<X>20</X>
				<Y>201</Y>
			</Position>
		</LabelDef>
		<InvisibleButtonDef>
			<ControlId>1305</ControlId>
			<Width>160</Width>
			<Height>15</Height>
			<Position>
				<X>20</X>
				<Y>199</Y>
			</Position>
			<OnClickEvent>NewTrainRealmInfo</OnClickEvent>
		</InvisibleButtonDef>
		<HorizontalSliderDef>
			<TemplateName>generic_horizontal_slider</TemplateName>
			<ControlId>1307</ControlId>
			<Position>
				<X>185</X>
				<Y>201</Y>
			</Position>
			<Adaptername>realm_level1</Adaptername>
			<Width>90</Width>
			<Numticks>6</Numticks>
		</HorizontalSliderDef>
		<ScalarLabelDef>
			<Color>
				<R>192</R>
				<G>192</G>
				<B>192</B>
				<A>255</A>
			</Color>
			<ControlId>1308</ControlId>
			<FontName>arial11</FontName>
			<Width>150</Width>
			<Height>15</Height>
			<MaxCharacters>50</MaxCharacters>
			<Adapter>realm_level1</Adapter>
			<Coloradapter>realm_level_color1</Coloradapter>
			<Position>
				<X>280</X>
				<Y>201</Y>
			</Position>
		</ScalarLabelDef>
		<ScalarLabelDef>
			<Color>
				<R>192</R>
				<G>192</G>
				<B>192</B>
				<A>255</A>
			</Color>
			<ControlId>1309</ControlId>
			<FontName>arial11</FontName>
			<Width>150</Width>
			<Height>15</Height>
			<MaxCharacters>50</MaxCharacters>
			<Data>Costo: </Data>
			<Adapter>realm_cost1</Adapter>
			<Position>
				<X>300</X>
				<Y>201</Y>
			</Position>
		</ScalarLabelDef>
		<!-- Line Three -->
		<LabelDef>
			<Color>
				<R>192</R>
				<G>192</G>
				<B>192</B>
				<A>255</A>
			</Color>
			<ControlId>1311</ControlId>
			<FontName>arial11</FontName>
			<Width>165</Width>
			<Height>15</Height>
			<MaxCharacters>50</MaxCharacters>
			<Data>Line Three</Data>
			<Adapter>realm_name2</Adapter>
			<Position>
				<X>20</X>
				<Y>222</Y>
			</Position>
		</LabelDef>
		<InvisibleButtonDef>
			<ControlId>1310</ControlId>
			<Width>160</Width>
			<Height>15</Height>
			<Position>
				<X>20</X>
				<Y>220</Y>
			</Position>
			<OnClickEvent>NewTrainRealmInfo</OnClickEvent>
		</InvisibleButtonDef>
		<HorizontalSliderDef>
			<TemplateName>generic_horizontal_slider</TemplateName>
			<ControlId>1312</ControlId>
			<Position>
				<X>185</X>
				<Y>222</Y>
			</Position>
			<Adaptername>realm_level2</Adaptername>
			<Width>90</Width>
			<Numticks>6</Numticks>
		</HorizontalSliderDef>
		<ScalarLabelDef>
			<Color>
				<R>192</R>
				<G>192</G>
				<B>192</B>
				<A>255</A>
			</Color>
			<ControlId>1313</ControlId>
			<FontName>arial11</FontName>
			<Width>150</Width>
			<Height>15</Height>
			<MaxCharacters>50</MaxCharacters>
			<Adapter>realm_level2</Adapter>
			<Coloradapter>realm_level_color2</Coloradapter>
			<Position>
				<X>280</X>
				<Y>222</Y>
			</Position>
		</ScalarLabelDef>
		<ScalarLabelDef>
			<Color>
				<R>192</R>
				<G>192</G>
				<B>192</B>
				<A>255</A>
			</Color>
			<ControlId>1314</ControlId>
			<FontName>arial11</FontName>
			<Width>150</Width>
			<Height>15</Height>
			<MaxCharacters>50</MaxCharacters>
			<Data>Costo: </Data>
			<Adapter>realm_cost2</Adapter>
			<Position>
				<X>300</X>
				<Y>222</Y>
			</Position>
		</ScalarLabelDef>
		<!-- Line Four -->
		<LabelDef>
			<Color>
				<R>192</R>
				<G>192</G>
				<B>192</B>
				<A>255</A>
			</Color>
			<ControlId>1316</ControlId>
			<FontName>arial11</FontName>
			<Width>165</Width>
			<Height>15</Height>
			<MaxCharacters>50</MaxCharacters>
			<Data>Line Four</Data>
			<Adapter>realm_name3</Adapter>
			<Position>
				<X>20</X>
				<Y>243</Y>
			</Position>
		</LabelDef>
		<InvisibleButtonDef>
			<ControlId>1315</ControlId>
			<Width>160</Width>
			<Height>15</Height>
			<Position>
				<X>20</X>
				<Y>241</Y>
			</Position>
			<OnClickEvent>NewTrainRealmInfo</OnClickEvent>
		</InvisibleButtonDef>
		<HorizontalSliderDef>
			<TemplateName>generic_horizontal_slider</TemplateName>
			<ControlId>1317</ControlId>
			<Position>
				<X>185</X>
				<Y>243</Y>
			</Position>
			<Adaptername>realm_level3</Adaptername>
			<Width>90</Width>
			<Numticks>6</Numticks>
		</HorizontalSliderDef>
		<ScalarLabelDef>
			<Color>
				<R>192</R>
				<G>192</G>
				<B>192</B>
				<A>255</A>
			</Color>
			<ControlId>1318</ControlId>
			<FontName>arial11</FontName>
			<Width>150</Width>
			<Height>15</Height>
			<MaxCharacters>50</MaxCharacters>
			<Adapter>realm_level3</Adapter>
			<Coloradapter>realm_level_color3</Coloradapter>
			<Position>
				<X>280</X>
				<Y>243</Y>
			</Position>
		</ScalarLabelDef>
		<ScalarLabelDef>
			<Color>
				<R>192</R>
				<G>192</G>
				<B>192</B>
				<A>255</A>
			</Color>
			<ControlId>1319</ControlId>
			<FontName>arial11</FontName>
			<Width>150</Width>
			<Height>15</Height>
			<MaxCharacters>50</MaxCharacters>
			<Data>Costo: </Data>
			<Adapter>realm_cost3</Adapter>
			<Position>
				<X>300</X>
				<Y>243</Y>
			</Position>
		</ScalarLabelDef>
		<!-- Line Five -->
		<LabelDef>
			<Color>
				<R>192</R>
				<G>192</G>
				<B>192</B>
				<A>255</A>
			</Color>
			<ControlId>1321</ControlId>
			<FontName>arial11</FontName>
			<Width>165</Width>
			<Height>15</Height>
			<MaxCharacters>50</MaxCharacters>
			<Data>Line Five</Data>
			<Adapter>realm_name4</Adapter>
			<Position>
				<X>20</X>
				<Y>264</Y>
			</Position>
		</LabelDef>
		<InvisibleButtonDef>
			<ControlId>1320</ControlId>
			<Width>160</Width>
			<Height>15</Height>
			<Position>
				<X>20</X>
				<Y>262</Y>
			</Position>
			<OnClickEvent>NewTrainRealmInfo</OnClickEvent>
		</InvisibleButtonDef>
		<HorizontalSliderDef>
			<TemplateName>generic_horizontal_slider</TemplateName>
			<ControlId>1322</ControlId>
			<Position>
				<X>185</X>
				<Y>264</Y>
			</Position>
			<Adaptername>realm_level4</Adaptername>
			<Width>90</Width>
			<Numticks>6</Numticks>
		</HorizontalSliderDef>
		<ScalarLabelDef>
			<Color>
				<R>192</R>
				<G>192</G>
				<B>192</B>
				<A>255</A>
			</Color>
			<ControlId>1323</ControlId>
			<FontName>arial11</FontName>
			<Width>150</Width>
			<Height>15</Height>
			<MaxCharacters>50</MaxCharacters>
			<Adapter>realm_level4</Adapter>
			<Coloradapter>realm_level_color4</Coloradapter>
			<Position>
				<X>280</X>
				<Y>264</Y>
			</Position>
		</ScalarLabelDef>
		<ScalarLabelDef>
			<Color>
				<R>192</R>
				<G>192</G>
				<B>192</B>
				<A>255</A>
			</Color>
			<ControlId>1324</ControlId>
			<FontName>arial11</FontName>
			<Width>150</Width>
			<Height>15</Height>
			<MaxCharacters>50</MaxCharacters>
			<Data>Costo: </Data>
			<Adapter>realm_cost4</Adapter>
			<Position>
				<X>300</X>
				<Y>264</Y>
			</Position>
		</ScalarLabelDef>
		<!-- Line Six -->
		<LabelDef>
			<Color>
				<R>192</R>
				<G>192</G>
				<B>192</B>
				<A>255</A>
			</Color>
			<ControlId>1326</ControlId>
			<FontName>arial11</FontName>
			<Width>165</Width>
			<Height>15</Height>
			<MaxCharacters>50</MaxCharacters>
			<Data>Line Four</Data>
			<Adapter>realm_name5</Adapter>
			<Position>
				<X>20</X>
				<Y>285</Y>
			</Position>
		</LabelDef>
		<InvisibleButtonDef>
			<ControlId>1325</ControlId>
			<Width>160</Width>
			<Height>15</Height>
			<Position>
				<X>20</X>
				<Y>283</Y>
			</Position>
			<OnClickEvent>NewTrainRealmInfo</OnClickEvent>
		</InvisibleButtonDef>
		<HorizontalSliderDef>
			<TemplateName>generic_horizontal_slider</TemplateName>
			<ControlId>1327</ControlId>
			<Position>
				<X>185</X>
				<Y>285</Y>
			</Position>
			<Adaptername>realm_level5</Adaptername>
			<Width>90</Width>
			<Numticks>6</Numticks>
		</HorizontalSliderDef>
		<ScalarLabelDef>
			<Color>
				<R>192</R>
				<G>192</G>
				<B>192</B>
				<A>255</A>
			</Color>
			<ControlId>1328</ControlId>
			<FontName>arial11</FontName>
			<Width>150</Width>
			<Height>15</Height>
			<MaxCharacters>50</MaxCharacters>
			<Adapter>realm_level5</Adapter>
			<Coloradapter>realm_level_color5</Coloradapter>
			<Position>
				<X>280</X>
				<Y>285</Y>
			</Position>
		</ScalarLabelDef>
		<ScalarLabelDef>
			<Color>
				<R>192</R>
				<G>192</G>
				<B>192</B>
				<A>255</A>
			</Color>
			<ControlId>1329</ControlId>
			<FontName>arial11</FontName>
			<Width>150</Width>
			<Height>15</Height>
			<MaxCharacters>50</MaxCharacters>
			<Data>Costo: </Data>
			<Adapter>realm_cost5</Adapter>
			<Position>
				<X>300</X>
				<Y>285</Y>
			</Position>
		</ScalarLabelDef>
		<!-- Line Seven -->
		<LabelDef>
			<Color>
				<R>192</R>
				<G>192</G>
				<B>192</B>
				<A>255</A>
			</Color>
			<ControlId>1331</ControlId>
			<FontName>arial11</FontName>
			<Width>165</Width>
			<Height>15</Height>
			<MaxCharacters>50</MaxCharacters>
			<Data>Line Seven</Data>
			<Adapter>realm_name6</Adapter>
			<Position>
				<X>20</X>
				<Y>306</Y>
			</Position>
		</LabelDef>
		<InvisibleButtonDef>
			<ControlId>1330</ControlId>
			<Width>160</Width>
			<Height>15</Height>
			<Position>
				<X>20</X>
				<Y>304</Y>
			</Position>
			<OnClickEvent>NewTrainRealmInfo</OnClickEvent>
		</InvisibleButtonDef>
		<HorizontalSliderDef>
			<TemplateName>generic_horizontal_slider</TemplateName>
			<ControlId>1332</ControlId>
			<Position>
				<X>185</X>
				<Y>306</Y>
			</Position>
			<Adaptername>realm_level6</Adaptername>
			<Width>90</Width>
			<Numticks>6</Numticks>
		</HorizontalSliderDef>
		<ScalarLabelDef>
			<Color>
				<R>192</R>
				<G>192</G>
				<B>192</B>
				<A>255</A>
			</Color>
			<ControlId>1333</ControlId>
			<FontName>arial11</FontName>
			<Width>150</Width>
			<Height>15</Height>
			<MaxCharacters>50</MaxCharacters>
			<Adapter>realm_level6</Adapter>
			<Coloradapter>realm_level_color6</Coloradapter>
			<Position>
				<X>280</X>
				<Y>306</Y>
			</Position>
		</ScalarLabelDef>
		<ScalarLabelDef>
			<Color>
				<R>192</R>
				<G>192</G>
				<B>192</B>
				<A>255</A>
			</Color>
			<ControlId>1334</ControlId>
			<FontName>arial11</FontName>
			<Width>150</Width>
			<Height>15</Height>
			<MaxCharacters>50</MaxCharacters>
			<Data>Costo: </Data>
			<Adapter>realm_cost6</Adapter>
			<Position>
				<X>300</X>
				<Y>306</Y>
			</Position>
		</ScalarLabelDef>
		<!-- Line Eight -->
		<LabelDef>
			<Color>
				<R>192</R>
				<G>192</G>
				<B>192</B>
				<A>255</A>
			</Color>
			<ControlId>1336</ControlId>
			<FontName>arial11</FontName>
			<Width>165</Width>
			<Height>15</Height>
			<MaxCharacters>50</MaxCharacters>
			<Data>Line Eight</Data>
			<Adapter>realm_name7</Adapter>
			<Position>
				<X>20</X>
				<Y>327</Y>
			</Position>
		</LabelDef>
		<InvisibleButtonDef>
			<ControlId>1335</ControlId>
			<Width>160</Width>
			<Height>15</Height>
			<Position>
				<X>20</X>
				<Y>325</Y>
			</Position>
			<OnClickEvent>NewTrainRealmInfo</OnClickEvent>
		</InvisibleButtonDef>
		<HorizontalSliderDef>
			<TemplateName>generic_horizontal_slider</TemplateName>
			<ControlId>1337</ControlId>
			<Position>
				<X>185</X>
				<Y>327</Y>
			</Position>
			<Adaptername>realm_level7</Adaptername>
			<Width>90</Width>
			<Numticks>6</Numticks>
		</HorizontalSliderDef>
		<ScalarLabelDef>
			<Color>
				<R>192</R>
				<G>192</G>
				<B>192</B>
				<A>255</A>
			</Color>
			<ControlId>1338</ControlId>
			<FontName>arial11</FontName>
			<Width>150</Width>
			<Height>15</Height>
			<MaxCharacters>50</MaxCharacters>
			<Adapter>realm_level7</Adapter>
			<Coloradapter>realm_level_color7</Coloradapter>
			<Position>
				<X>280</X>
				<Y>327</Y>
			</Position>
		</ScalarLabelDef>
		<ScalarLabelDef>
			<Color>
				<R>192</R>
				<G>192</G>
				<B>192</B>
				<A>255</A>
			</Color>
			<ControlId>1339</ControlId>
			<FontName>arial11</FontName>
			<Width>150</Width>
			<Height>15</Height>
			<MaxCharacters>50</MaxCharacters>
			<Data>Costo: </Data>
			<Adapter>realm_cost7</Adapter>
			<Position>
				<X>300</X>
				<Y>327</Y>
			</Position>
		</ScalarLabelDef>
		<!-- Line Nine -->
		<LabelDef>
			<Color>
				<R>192</R>
				<G>192</G>
				<B>192</B>
				<A>255</A>
			</Color>
			<ControlId>1341</ControlId>
			<FontName>arial11</FontName>
			<Width>165</Width>
			<Height>15</Height>
			<MaxCharacters>50</MaxCharacters>
			<Data>Line Nine</Data>
			<Adapter>realm_name8</Adapter>
			<Position>
				<X>20</X>
				<Y>348</Y>
			</Position>
		</LabelDef>
		<InvisibleButtonDef>
			<ControlId>1340</ControlId>
			<Width>160</Width>
			<Height>15</Height>
			<Position>
				<X>20</X>
				<Y>346</Y>
			</Position>
			<OnClickEvent>NewTrainRealmInfo</OnClickEvent>
		</InvisibleButtonDef>
		<HorizontalSliderDef>
			<TemplateName>generic_horizontal_slider</TemplateName>
			<ControlId>1342</ControlId>
			<Position>
				<X>185</X>
				<Y>348</Y>
			</Position>
			<Adaptername>realm_level8</Adaptername>
			<Width>90</Width>
			<Numticks>6</Numticks>
		</HorizontalSliderDef>
		<ScalarLabelDef>
			<Color>
				<R>192</R>
				<G>192</G>
				<B>192</B>
				<A>255</A>
			</Color>
			<ControlId>1343</ControlId>
			<FontName>arial11</FontName>
			<Width>150</Width>
			<Height>15</Height>
			<MaxCharacters>50</MaxCharacters>
			<Adapter>realm_level8</Adapter>
			<Coloradapter>realm_level_color8</Coloradapter>
			<Position>
				<X>280</X>
				<Y>348</Y>
			</Position>
		</ScalarLabelDef>
		<ScalarLabelDef>
			<Color>
				<R>192</R>
				<G>192</G>
				<B>192</B>
				<A>255</A>
			</Color>
			<ControlId>1344</ControlId>
			<FontName>arial11</FontName>
			<Width>150</Width>
			<Height>15</Height>
			<MaxCharacters>50</MaxCharacters>
			<Data>Costo: </Data>
			<Adapter>realm_cost8</Adapter>
			<Position>
				<X>300</X>
				<Y>348</Y>
			</Position>
		</ScalarLabelDef>
		<!-- Line Ten -->
		<LabelDef>
			<Color>
				<R>192</R>
				<G>192</G>
				<B>192</B>
				<A>255</A>
			</Color>
			<ControlId>1346</ControlId>
			<FontName>arial11</FontName>
			<Width>165</Width>
			<Height>15</Height>
			<MaxCharacters>50</MaxCharacters>
			<Data>Line Ten</Data>
			<Adapter>realm_name9</Adapter>
			<Position>
				<X>20</X>
				<Y>369</Y>
			</Position>
		</LabelDef>
		<InvisibleButtonDef>
			<ControlId>1345</ControlId>
			<Width>160</Width>
			<Height>15</Height>
			<Position>
				<X>20</X>
				<Y>367</Y>
			</Position>
			<OnClickEvent>NewTrainRealmInfo</OnClickEvent>
		</InvisibleButtonDef>
		<HorizontalSliderDef>
			<TemplateName>generic_horizontal_slider</TemplateName>
			<ControlId>1347</ControlId>
			<Position>
				<X>185</X>
				<Y>369</Y>
			</Position>
			<Adaptername>realm_level9</Adaptername>
			<Width>90</Width>
			<Numticks>6</Numticks>
		</HorizontalSliderDef>
		<ScalarLabelDef>
			<Color>
				<R>192</R>
				<G>192</G>
				<B>192</B>
				<A>255</A>
			</Color>
			<ControlId>1348</ControlId>
			<FontName>arial11</FontName>
			<Width>150</Width>
			<Height>15</Height>
			<MaxCharacters>50</MaxCharacters>
			<Adapter>realm_level9</Adapter>
			<Coloradapter>realm_level_color9</Coloradapter>
			<Position>
				<X>280</X>
				<Y>369</Y>
			</Position>
		</ScalarLabelDef>
		<ScalarLabelDef>
			<Color>
				<R>192</R>
				<G>192</G>
				<B>192</B>
				<A>255</A>
			</Color>
			<ControlId>1349</ControlId>
			<FontName>arial11</FontName>
			<Width>150</Width>
			<Height>15</Height>
			<MaxCharacters>50</MaxCharacters>
			<Data>Costo: </Data>
			<Adapter>realm_cost9</Adapter>
			<Position>
				<X>300</X>
				<Y>369</Y>
			</Position>
		</ScalarLabelDef>
		<!-- Line Eleven -->
		<LabelDef>
			<Color>
				<R>192</R>
				<G>192</G>
				<B>192</B>
				<A>255</A>
			</Color>
			<ControlId>1351</ControlId>
			<FontName>arial11</FontName>
			<Width>165</Width>
			<Height>15</Height>
			<MaxCharacters>50</MaxCharacters>
			<Data>Line Eleven</Data>
			<Adapter>realm_name10</Adapter>
			<Position>
				<X>20</X>
				<Y>390</Y>
			</Position>
		</LabelDef>
		<InvisibleButtonDef>
			<ControlId>1350</ControlId>
			<Width>160</Width>
			<Height>15</Height>
			<Position>
				<X>20</X>
				<Y>388</Y>
			</Position>
			<OnClickEvent>NewTrainRealmInfo</OnClickEvent>
		</InvisibleButtonDef>
		<HorizontalSliderDef>
			<TemplateName>generic_horizontal_slider</TemplateName>
			<ControlId>1352</ControlId>
			<Position>
				<X>185</X>
				<Y>390</Y>
			</Position>
			<Adaptername>realm_level10</Adaptername>
			<Width>90</Width>
			<Numticks>6</Numticks>
		</HorizontalSliderDef>
		<ScalarLabelDef>
			<Color>
				<R>192</R>
				<G>192</G>
				<B>192</B>
				<A>255</A>
			</Color>
			<ControlId>1353</ControlId>
			<FontName>arial11</FontName>
			<Width>150</Width>
			<Height>15</Height>
			<MaxCharacters>50</MaxCharacters>
			<Adapter>realm_level10</Adapter>
			<Coloradapter>realm_level_color10</Coloradapter>
			<Position>
				<X>280</X>
				<Y>390</Y>
			</Position>
		</ScalarLabelDef>
		<ScalarLabelDef>
			<Color>
				<R>192</R>
				<G>192</G>
				<B>192</B>
				<A>255</A>
			</Color>
			<ControlId>1354</ControlId>
			<FontName>arial11</FontName>
			<Width>150</Width>
			<Height>15</Height>
			<MaxCharacters>50</MaxCharacters>
			<Data>Costo: </Data>
			<Adapter>realm_cost10</Adapter>
			<Position>
				<X>300</X>
				<Y>390</Y>
			</Position>
		</ScalarLabelDef>
		<!-- Line Twelve -->
		<LabelDef>
			<Color>
				<R>192</R>
				<G>192</G>
				<B>192</B>
				<A>255</A>
			</Color>
			<ControlId>1356</ControlId>
			<FontName>arial11</FontName>
			<Width>165</Width>
			<Height>15</Height>
			<MaxCharacters>50</MaxCharacters>
			<Data>Line Twelve</Data>
			<Adapter>realm_name11</Adapter>
			<Position>
				<X>20</X>
				<Y>411</Y>
			</Position>
		</LabelDef>
		<InvisibleButtonDef>
			<ControlId>1355</ControlId>
			<Width>160</Width>
			<Height>15</Height>
			<Position>
				<X>20</X>
				<Y>409</Y>
			</Position>
			<OnClickEvent>NewTrainRealmInfo</OnClickEvent>
		</InvisibleButtonDef>
		<HorizontalSliderDef>
			<TemplateName>generic_horizontal_slider</TemplateName>
			<ControlId>1357</ControlId>
			<Position>
				<X>185</X>
				<Y>411</Y>
			</Position>
			<Adaptername>realm_level11</Adaptername>
			<Width>90</Width>
			<Numticks>6</Numticks>
		</HorizontalSliderDef>
		<ScalarLabelDef>
			<Color>
				<R>192</R>
				<G>192</G>
				<B>192</B>
				<A>255</A>
			</Color>
			<ControlId>1358</ControlId>
			<FontName>arial11</FontName>
			<Width>150</Width>
			<Height>15</Height>
			<MaxCharacters>50</MaxCharacters>
			<Adapter>realm_level11</Adapter>
			<Coloradapter>realm_level_color11</Coloradapter>
			<Position>
				<X>280</X>
				<Y>411</Y>
			</Position>
		</ScalarLabelDef>
		<ScalarLabelDef>
			<Color>
				<R>192</R>
				<G>192</G>
				<B>192</B>
				<A>255</A>
			</Color>
			<ControlId>1359</ControlId>
			<FontName>arial11</FontName>
			<Width>150</Width>
			<Height>15</Height>
			<MaxCharacters>50</MaxCharacters>
			<Data>Costo: </Data>
			<Adapter>realm_cost11</Adapter>
			<Position>
				<X>300</X>
				<Y>411</Y>
			</Position>
		</ScalarLabelDef>
		<!-- Line Thirteen -->
		<LabelDef>
			<Color>
				<R>192</R>
				<G>192</G>
				<B>192</B>
				<A>255</A>
			</Color>
			<ControlId>1361</ControlId>
			<FontName>arial11</FontName>
			<Width>165</Width>
			<Height>15</Height>
			<MaxCharacters>50</MaxCharacters>
			<Data>Line Thirteen</Data>
			<Adapter>realm_name12</Adapter>
			<Position>
				<X>20</X>
				<Y>432</Y>
			</Position>
		</LabelDef>
		<InvisibleButtonDef>
			<ControlId>1360</ControlId>
			<Width>160</Width>
			<Height>15</Height>
			<Position>
				<X>20</X>
				<Y>430</Y>
			</Position>
			<OnClickEvent>NewTrainRealmInfo</OnClickEvent>
		</InvisibleButtonDef>
		<HorizontalSliderDef>
			<TemplateName>generic_horizontal_slider</TemplateName>
			<ControlId>1362</ControlId>
			<Position>
				<X>185</X>
				<Y>432</Y>
			</Position>
			<Adaptername>realm_level12</Adaptername>
			<Width>90</Width>
			<Numticks>6</Numticks>
		</HorizontalSliderDef>
		<ScalarLabelDef>
			<Color>
				<R>192</R>
				<G>192</G>
				<B>192</B>
				<A>255</A>
			</Color>
			<ControlId>1363</ControlId>
			<FontName>arial11</FontName>
			<Width>150</Width>
			<Height>15</Height>
			<MaxCharacters>50</MaxCharacters>
			<Adapter>realm_level12</Adapter>
			<Coloradapter>realm_level_color12</Coloradapter>
			<Position>
				<X>280</X>
				<Y>432</Y>
			</Position>
		</ScalarLabelDef>
		<ScalarLabelDef>
			<Color>
				<R>192</R>
				<G>192</G>
				<B>192</B>
				<A>255</A>
			</Color>
			<ControlId>1364</ControlId>
			<FontName>arial11</FontName>
			<Width>150</Width>
			<Height>15</Height>
			<MaxCharacters>50</MaxCharacters>
			<Data>Costo: </Data>
			<Adapter>realm_cost12</Adapter>
			<Position>
				<X>300</X>
				<Y>432</Y>
			</Position>
		</ScalarLabelDef>
		<!-- Line Fourteen -->
		<LabelDef>
			<Color>
				<R>192</R>
				<G>192</G>
				<B>192</B>
				<A>255</A>
			</Color>
			<ControlId>1366</ControlId>
			<FontName>arial11</FontName>
			<Width>165</Width>
			<Height>15</Height>
			<MaxCharacters>50</MaxCharacters>
			<Data>Line Fourteen</Data>
			<Adapter>realm_name13</Adapter>
			<Position>
				<X>20</X>
				<Y>453</Y>
			</Position>
		</LabelDef>
		<InvisibleButtonDef>
			<ControlId>1365</ControlId>
			<Width>160</Width>
			<Height>15</Height>
			<Position>
				<X>20</X>
				<Y>451</Y>
			</Position>
			<OnClickEvent>NewTrainRealmInfo</OnClickEvent>
		</InvisibleButtonDef>
		<HorizontalSliderDef>
			<TemplateName>generic_horizontal_slider</TemplateName>
			<ControlId>1367</ControlId>
			<Position>
				<X>185</X>
				<Y>453</Y>
			</Position>
			<Adaptername>realm_level13</Adaptername>
			<Width>90</Width>
			<Numticks>6</Numticks>
		</HorizontalSliderDef>
		<ScalarLabelDef>
			<Color>
				<R>192</R>
				<G>192</G>
				<B>192</B>
				<A>255</A>
			</Color>
			<ControlId>1368</ControlId>
			<FontName>arial11</FontName>
			<Width>150</Width>
			<Height>15</Height>
			<MaxCharacters>50</MaxCharacters>
			<Adapter>realm_level13</Adapter>
			<Coloradapter>realm_level_color13</Coloradapter>
			<Position>
				<X>280</X>
				<Y>453</Y>
			</Position>
		</ScalarLabelDef>
		<ScalarLabelDef>
			<Color>
				<R>192</R>
				<G>192</G>
				<B>192</B>
				<A>255</A>
			</Color>
			<ControlId>1369</ControlId>
			<FontName>arial11</FontName>
			<Width>150</Width>
			<Height>15</Height>
			<MaxCharacters>50</MaxCharacters>
			<Data>Costo: </Data>
			<Adapter>realm_cost13</Adapter>
			<Position>
				<X>300</X>
				<Y>453</Y>
			</Position>
		</ScalarLabelDef>
		
		<!-- Vertical Slider Bar -->
		<VerticalSliderDef>
			<TemplateName>generic_vertical_slider</TemplateName>
			<ControlId>1399</ControlId>
			<Position>
				<X>362</X>
				<Y>156</Y>
			</Position>
			<Adaptername>realm_slider</Adaptername>
			<Height>330</Height>
			<Numticks>5</Numticks>
		</VerticalSliderDef>
		
		<!--Bottom Buttons-->
        <HorizontalResizeButtonDef>
            <ControlId>1900</ControlId>
            <Position>
                <X>55</X>
                <Y>8</Y>
            </Position>
            <Alignment>
                <OffsetBottom>true</OffsetBottom>
            </Alignment>
            <TemplateName>generic_hr_button</TemplateName>
            <Label>Allena</Label>
            <Width>75</Width>
            <onClickEvent>NewTrain</onClickEvent>
        </HorizontalResizeButtonDef>
        <HorizontalResizeButtonDef>
            <ControlId>1901</ControlId>
            <Position>
                <X>143</X>
                <Y>12</Y>
            </Position>
            <Alignment>
                <OffsetBottom>true</OffsetBottom>
            </Alignment>
            <TemplateName>generic_hr_button</TemplateName>
            <Label>Azzera</Label>
            <Width>100</Width>
            <onClickEvent></onClickEvent>
        </HorizontalResizeButtonDef>
        <HorizontalResizeButtonDef>
            <ControlId>1902</ControlId>
            <Position>
                <X>255</X>
                <Y>12</Y>
            </Position>
            <Alignment>
                <OffsetBottom>true</OffsetBottom>
            </Alignment>
            <TemplateName>generic_hr_button</TemplateName>
            <Label>Chiudi</Label>
            <Width>75</Width>
            <onClickEvent></onClickEvent>
        </HorizontalResizeButtonDef>
        <HorizontalResizeButtonDef>
            <ControlId>1900</ControlId>
            <Position>
                <X>14</X>
                <Y>32</Y>
            </Position>
            <Alignment>
                <OffsetBottom>true</OffsetBottom>
            </Alignment>
            <TemplateName>generic_hr_button</TemplateName>
            <Label>/RESPEC ALL</Label>
            <Width>115</Width>
            <onClickEvent>RespecAll</onClickEvent>
        </HorizontalResizeButtonDef>
        <HorizontalResizeButtonDef>
            <ControlId>1900</ControlId>
            <Position>
                <X>257</X>
                <Y>32</Y>
            </Position>
            <Alignment>
                <OffsetBottom>true</OffsetBottom>
            </Alignment>
            <TemplateName>generic_hr_button</TemplateName>
            <Label>/RESPEC BUY</Label>
            <Width>115</Width>
            <onClickEvent>RespecBuy</onClickEvent>
        </HorizontalResizeButtonDef>
        <HorizontalResizeButtonDef>
            <ControlId>1900</ControlId>
            <Position>
                <X>135</X>
                <Y>32</Y>
            </Position>
            <Alignment>
                <OffsetBottom>true</OffsetBottom>
            </Alignment>
            <TemplateName>generic_hr_button</TemplateName>
            <Label>/RESPEC REALM</Label>
            <Width>115</Width>
            <onClickEvent>RespecRealm</onClickEvent>
        </HorizontalResizeButtonDef>
	</WindowTemplate>
</Root_Element>
