<?xml version="1.0" encoding="ISO-8859-1"?>
<Root_Element ID="DAOCUi">
	<WindowTemplate>
		<Name>train</Name>
		<CloseButton>true</CloseButton>
		<MoveButton>true</MoveButton>
		<Width>300</Width>
		<Height>450</Height>
		<TitleWidth>300</TitleWidth>
		<TitleHeight>18</TitleHeight>
		<ResizeableWidth>0</ResizeableWidth>
		<ResizeableHeight>0</ResizeableHeight>
		<ResizeableTwoWayWidth>0</ResizeableTwoWayWidth>
		<ResizeableTwoWayHeight>0</ResizeableTwoWayHeight>
		<WindowId>Train</WindowId>
		<MinWidth>100</MinWidth>
		<MinHeight>450</MinHeight>
		<FullResizeImageDef>
			<ControlId>BackgroundImage</ControlId>
			<Height>450</Height>
			<Width>300</Width>
			<Position>
				<X>0</X>
				<Y>0</Y>
			</Position>
			<TemplateName>valmer_box</TemplateName>
			<Alignment>
				<GrowWidth>true</GrowWidth>
				<GrowHeight>true</GrowHeight>
			</Alignment>
		</FullResizeImageDef>
		<ButtonDef>
			<TemplateName>button_large_new</TemplateName>
			<OnClickEvent>Train</OnClickEvent>
			<ControlId>1000</ControlId>
			<Label>Allena</Label>
			<Alignment>
				<OffsetBottom>true</OffsetBottom>
			</Alignment>
			<Position>
				<X>90</X>
				<Y>9</Y>
			</Position>
		</ButtonDef>
		<ButtonDef>
			<TemplateName>button_large_new</TemplateName>
			<OnClickEvent>TrainInfo</OnClickEvent>
			<ControlId>1001</ControlId>
			<Label>Info</Label>
			<Position>
				<X>152</X>
				<Y>9</Y>
			</Position>
			<Alignment>
				<OffsetBottom>true</OffsetBottom>
			</Alignment>
		</ButtonDef>
		<LabelDef>
			<Color>
				<R>255</R>
				<G>255</G>
				<B>255</B>
				<A>255</A>
			</Color>
			<FontName>title</FontName>
			<Width>300</Width>
			<Height>16</Height>
			<MaxCharacters>64</MaxCharacters>
			<Data>Allenamento</Data>
			<Position>
				<X>0</X>
				<Y>4</Y>
			</Position>
			<Adapter>none</Adapter>
			<Alignment>
				<CenterHorizontally>true</CenterHorizontally>
			</Alignment>
		</LabelDef>
		<ListBoxDef>
			<ControlId>1002</ControlId>
			<Height>125</Height>
			<Width>280</Width>
			<TemplateName>listbox_bg</TemplateName>
			<Position>
				<X>10</X>
				<Y>45</Y>
			</Position>
			<Alignment>
				<GrowWidth>true</GrowWidth>
			</Alignment>
			<Adapter>train_skills</Adapter>
			<Sorting>false</Sorting>
			<Columns>2</Columns>
			<IconTemplate>plain_icon_small</IconTemplate>
			<AdapterName>train_skills</AdapterName>
		</ListBoxDef>
		<ListBoxDef>
			<ControlId>1003</ControlId>
			<Height>225</Height>
			<Width>280</Width>
			<TemplateName>listbox_bg</TemplateName>
			<Position>
				<X>10</X>
				<Y>195</Y>
			</Position>
			<Alignment>
				<GrowWidth>true</GrowWidth>
				<GrowHeight>true</GrowHeight>
			</Alignment>
			<Adapter>train_realm</Adapter>
			<Sorting>false</Sorting>
			<Columns>2</Columns>
			<IconTemplate>plain_icon_small</IconTemplate>
			<AdapterName>train_realm</AdapterName>
		</ListBoxDef>
		<HorizontalResizeImageDef>
			<Position>
				<X>9</X>
				<Y>27</Y>
			</Position>
			<TemplateName>dialog_inset</TemplateName>
			<Width>124</Width>
		</HorizontalResizeImageDef>
		<LabelDef>
			<Color>
				<R>255</R>
				<G>255</G>
				<B>255</B>
				<A>255</A>
			</Color>
			<FontName>button_large</FontName>
			<Width>96</Width>
			<Height>16</Height>
			<MaxCharacters>64</MaxCharacters>
			<Data>Specializations</Data>
			<Position>
				<X>14</X>
				<Y>27</Y>
			</Position>
			<Adapter>none</Adapter>
		</LabelDef>
		<HorizontalResizeImageDef>
			<Position>
				<X>200</X>
				<Y>27</Y>
			</Position>
			<TemplateName>dialog_inset</TemplateName>
			<Width>86</Width>
		</HorizontalResizeImageDef>
		<LabelDef>
			<Color>
				<R>255</R>
				<G>255</G>
				<B>255</B>
				<A>255</A>
			</Color>
			<FontName>button_large</FontName>
			<Width>96</Width>
			<Height>16</Height>
			<MaxCharacters>64</MaxCharacters>
			<Data>kwijiboe</Data>
			<Position>
				<X>205</X>
				<Y>27</Y>
			</Position>
			<Adapter>train_skill_points</Adapter>
		</LabelDef>
		<HorizontalResizeImageDef>
			<Position>
				<X>9</X>
				<Y>177</Y>
			</Position>
			<TemplateName>dialog_inset</TemplateName>
			<Width>124</Width>
		</HorizontalResizeImageDef>
		<LabelDef>
			<Color>
				<R>255</R>
				<G>255</G>
				<B>255</B>
				<A>255</A>
			</Color>
			<FontName>button_large</FontName>
			<Width>96</Width>
			<Height>16</Height>
			<MaxCharacters>64</MaxCharacters>
			<Data>Realm Skills</Data>
			<Position>
				<X>14</X>
				<Y>177</Y>
			</Position>
			<Adapter>none</Adapter>
		</LabelDef>
		<HorizontalResizeImageDef>
			<Position>
				<X>200</X>
				<Y>177</Y>
			</Position>
			<TemplateName>dialog_inset</TemplateName>
			<Width>86</Width>
		</HorizontalResizeImageDef>
		<LabelDef>
			<Color>
				<R>255</R>
				<G>255</G>
				<B>255</B>
				<A>255</A>
			</Color>
			<FontName>button_large</FontName>
			<Width>96</Width>
			<Height>16</Height>
			<MaxCharacters>64</MaxCharacters>
			<Data>kwijiboe</Data>
			<Position>
				<X>205</X>
				<Y>177</Y>
			</Position>
			<Adapter>train_realm_skill_points</Adapter>
		</LabelDef>
	</WindowTemplate>
</Root_Element>
