<?xml version="1.0" encoding="ISO-8859-1"?>
<Root_Element ID="DAOCUi">
	<WindowTemplate>
		<Name>value_chooser</Name>
		<CloseButton>true</CloseButton>
		<MoveButton>true</MoveButton>
		<Width>128</Width>
		<Height>80</Height>
		<TitleWidth>128</TitleWidth>
		<TitleHeight>18</TitleHeight>
		<ResizeableWidth>0</ResizeableWidth>
		<ResizeableHeight>0</ResizeableHeight>
		<ResizeableTwoWayWidth>0</ResizeableTwoWayWidth>
		<ResizeableTwoWayHeight>0</ResizeableTwoWayHeight>
		<WindowId>ValueChooser</WindowId>
		<MinWidth>0</MinWidth>
		<MinHeight>0</MinHeight>
		<FullResizeImageDef>
			<ControlId>Background</ControlId>
			<Height>80</Height>
			<Width>128</Width>
			<Position>
				<X>0</X>
				<Y>0</Y>
			</Position>
			<TemplateName>valmer_box</TemplateName>
			<Alignment>
				<GrowWidth>true</GrowWidth>
				<GrowHeight>true</GrowHeight>
			</Alignment>
		</FullResizeImageDef>
		<LabelDef>
			<Color>
				<R>255</R>
				<G>255</G>
				<B>255</B>
				<A>255</A>
			</Color>
			<FontName>button_large</FontName>
			<Width>112</Width>
			<Height>16</Height>
			<MaxCharacters>64</MaxCharacters>
			<Data>Choose Quantity</Data>
			<Position>
				<X>8</X>
				<Y>2</Y>
			</Position>
			<Alignment>
				<CenterHorizontally>true</CenterHorizontally>
			</Alignment>
		</LabelDef>
		<LabelDef>
			<Color>
				<R>255</R>
				<G>255</G>
				<B>255</B>
				<A>255</A>
			</Color>
			<Adapter>value_item_title</Adapter>
			<FontName>arial11</FontName>
			<Width>112</Width>
			<Height>16</Height>
			<MaxCharacters>64</MaxCharacters>
			<Data>update me!</Data>
			<Position>
				<X>8</X>
				<Y>18</Y>
			</Position>
			<Alignment>
				<CenterHorizontally>true</CenterHorizontally>
			</Alignment>
		</LabelDef>
		<ButtonDef>
			<TemplateName>button_left</TemplateName>
			<OnClickEvent>ValueChooserDecrease</OnClickEvent>
			<OnShiftClickEvent>ValueChooserShiftDecrease</OnShiftClickEvent>
			<Position>
				<X>32</X>
				<Y>32</Y>
			</Position>
		</ButtonDef>
		<ButtonDef>
			<TemplateName>button_right</TemplateName>
			<OnClickEvent>ValueChooserIncrease</OnClickEvent>
			<OnShiftClickEvent>ValueChooserShiftIncrease</OnShiftClickEvent>
			<Position>
				<X>82</X>
				<Y>32</Y>
			</Position>
		</ButtonDef>
		<ScalarLabelDef>
			<Color>
				<R>255</R>
				<G>255</G>
				<B>255</B>
				<A>255</A>
			</Color>
			<FontName>arial9</FontName>
			<Width>34</Width>
			<Height>18</Height>
			<MaxCharacters>32</MaxCharacters>
			<Position>
				<X>55</X>
				<Y>34</Y>
			</Position>
			<Adapter>value_chooser_qty</Adapter>
		</ScalarLabelDef>
		<!--Commit Buttons-->
		<ButtonDef>
			<TemplateName>button_large</TemplateName>
			<OnClickEvent>ValueChooserAccept</OnClickEvent>
			<Position>
				<X>4</X>
				<Y>56</Y>
			</Position>
			<Label>Accetta</Label>
		</ButtonDef>
		<ButtonDef>
			<TemplateName>button_large</TemplateName>
			<OnClickEvent>ValueChooserCancel</OnClickEvent>
			<Position>
				<X>64</X>
				<Y>56</Y>
			</Position>
			<Label>Chiudi</Label>
		</ButtonDef>
	</WindowTemplate>
</Root_Element>
