<?xml version="1.0" encoding="ISO-8859-1"?>
<Root_Element ID="DAOCUi">

<!-- @@ Edited with the DAoC User Interface Editor v1.71 -->
<!-- @@ Free download available at http://www.bradtownsend.com/daoced -->

  <VerticalResizeImageTemplate>
    <Name>vault_blank</Name>
    <Width>16</Width>
    <TopHeight>1</TopHeight>
    <RepeatHeight>18</RepeatHeight>
    <BottomHeight>1</BottomHeight>
    <Texture>
      <TextureName>page2</TextureName>
      <Top>
        <X>186</X>
        <Y>95</Y>
      </Top>
      <Repeat>
        <X>186</X>
        <Y>75</Y>
      </Repeat>
      <Bottom>
        <X>186</X>
        <Y>95</Y>
      </Bottom>
    </Texture>
  </VerticalResizeImageTemplate>

  <WindowTemplate>
    <Name>vault_window</Name>
    <WindowId>Vault</WindowId>
    <CloseButton>true</CloseButton>
    <MoveButton>true</MoveButton>
    <TopRightResizeButton>false</TopRightResizeButton>
    <BottomRightResizeButton>true</BottomRightResizeButton>
    <BottomLeftResizeButton>true</BottomLeftResizeButton>
    <ResizeButtonOffsetX>2</ResizeButtonOffsetX>
    <ResizeButtonOffsetY>2</ResizeButtonOffsetY>
    <TitleWidth>300</TitleWidth>
    <TitleHeight>18</TitleHeight>
    <Width>300</Width>
    <Height>430</Height>
    <ResizeableWidth>5</ResizeableWidth>
    <ResizeableHeight>5</ResizeableHeight>
    <ResizeableTwoWayWidth>8</ResizeableTwoWayWidth>
    <ResizeableTwoWayHeight>8</ResizeableTwoWayHeight>
    <MinWidth>300</MinWidth>
    <MinHeight>200</MinHeight>

    <FullResizeImageDef>
      <ControlId></ControlId>
      <Position>
        <X>0</X>
        <Y>0</Y>
      </Position>
      <Alignment>
        <GrowWidth>true</GrowWidth>
        <GrowHeight>true</GrowHeight>
      </Alignment>
      <TemplateName>valmer_box</TemplateName>
      <Width>300</Width>
      <Height>430</Height>
    </FullResizeImageDef>

    <FullResizeImageDef>
      <ControlId></ControlId>
      <Position>
        <X>5</X>
        <Y>25</Y>
      </Position>
      <Alignment>
        <GrowWidth>true</GrowWidth>
        <GrowHeight>true</GrowHeight>
      </Alignment>
      <TemplateName>dlg_interior_large</TemplateName>
      <Width>290</Width>
      <Height>375</Height>
    </FullResizeImageDef>

    <LabelDef>
      <ControlId>1001</ControlId>
      <Position>
        <X>0</X>
        <Y>3</Y>
      </Position>
      <Alignment>
        <CenterHorizontally>true</CenterHorizontally>
      </Alignment>
      <FontName>title</FontName>
      <Adapter></Adapter>
      <ColorAdapter></ColorAdapter>
      <Width>200</Width>
      <Height>22</Height>
      <MaxCharacters>64</MaxCharacters>
      <Color>
        <R>255</R>
        <G>255</G>
        <B>255</B>
        <A>255</A>
      </Color>
      <Data>Magazzino</Data>
      <EndAligned>false</EndAligned>
      <TextCentered>false</TextCentered>
    </LabelDef>

    <VerticalResizeImageDef>
      <ControlId></ControlId>
      <Position>
        <X>11</X>
        <Y>31</Y>
      </Position>
      <Alignment>
        <GrowHeight>true</GrowHeight>
      </Alignment>
      <TemplateName>vault_blank</TemplateName>
      <Height>362</Height>
    </VerticalResizeImageDef>

    <ListBoxDef>
      <ControlId>1000</ControlId>
      <Position>
        <X>9</X>
        <Y>29</Y>
      </Position>
      <Alignment>
        <GrowWidth>true</GrowWidth>
        <GrowHeight>true</GrowHeight>
      </Alignment>
      <TemplateName>listbox_nobg</TemplateName>
      <AdapterName>vault_items</AdapterName>
      <Sorting>false</Sorting>
      <Columns>2</Columns>
      <Width>280</Width>
      <Height>366</Height>
    </ListBoxDef>

    <ButtonDef>
      <ControlId>1003</ControlId>
      <Position>
        <X>110</X>
        <Y>8</Y>
      </Position>
      <Alignment>
        <OffsetBottom>true</OffsetBottom>
        <OffsetRight>true</OffsetRight>
      </Alignment>
      <TemplateName>button_left</TemplateName>
      <Label></Label>
      <onClickEvent></onClickEvent>
    </ButtonDef>

    <ButtonDef>
      <ControlId>1004</ControlId>
      <Position>
        <X>85</X>
        <Y>8</Y>
      </Position>
      <Alignment>
        <OffsetBottom>true</OffsetBottom>
        <OffsetRight>true</OffsetRight>
      </Alignment>
      <TemplateName>button_right</TemplateName>
      <Label></Label>
      <onClickEvent></onClickEvent>
    </ButtonDef>

    <LabelDef>
      <ControlId>1005</ControlId>
      <Position>
        <X>12</X>
        <Y>7</Y>
      </Position>
      <Alignment>
        <OffsetBottom>true</OffsetBottom>
        <OffsetRight>true</OffsetRight>
      </Alignment>
      <FontName>arial11</FontName>
      <Adapter>vault_page</Adapter>
      <ColorAdapter></ColorAdapter>
      <Width>65</Width>
      <Height>16</Height>
      <MaxCharacters>64</MaxCharacters>
      <Color>
        <R>255</R>
        <G>255</G>
        <B>255</B>
        <A>255</A>
      </Color>
      <Data>Page Number</Data>
      <EndAligned>false</EndAligned>
      <TextCentered>false</TextCentered>
    </LabelDef>

    <ButtonDef>
      <ControlId>1002</ControlId>
      <Position>
        <X>140</X>
        <Y>8</Y>
      </Position>
      <Alignment>
        <OffsetBottom>true</OffsetBottom>
        <OffsetRight>true</OffsetRight>
      </Alignment>
      <TemplateName>button_large</TemplateName>
      <Label>Pagine</Label>
      <onClickEvent></onClickEvent>
    </ButtonDef>

  </WindowTemplate>

</Root_Element>
