<?xml version="1.0" encoding="ISO-8859-1"?>
<Root_Element ID="DAOCUi">

<!-- @@ Edited with the DAoC User Interface Editor v1.80 -->
<!-- @@ Free download available at http://www.bradtownsend.com/daoced -->

  <!-- Generic Up Arrow button -->

  <ButtonTemplate>
    <Name>Button_Arrow_Up</Name>
    <Size>
      <X>16</X>
      <Y>16</Y>
    </Size>
    <Font>
      <Name>font_buttons</Name>
      <ColorNormal>
        <R>255</R>
        <G>255</G>
        <B>255</B>
        <A>255</A>
      </ColorNormal>
      <ColorPressed>
        <R>255</R>
        <G>255</G>
        <B>255</B>
        <A>255</A>
      </ColorPressed>
      <ColorHighlit>
        <R>255</R>
        <G>255</G>
        <B>255</B>
        <A>255</A>
      </ColorHighlit>
      <ColorDisabled>
        <R>255</R>
        <G>255</G>
        <B>255</B>
        <A>255</A>
      </ColorDisabled>
    </Font>
    <Texture>
      <TextureName>buttons_01</TextureName>
      <Normal>
        <X>107</X>
        <Y>36</Y>
      </Normal>
      <Pressed>
        <X>124</X>
        <Y>36</Y>
      </Pressed>
      <NormalHighlit>
        <X>158</X>
        <Y>36</Y>
      </NormalHighlit>
      <PressedHighlit>
        <X>124</X>
        <Y>36</Y>
      </PressedHighlit>
      <Disabled>
        <X>141</X>
        <Y>36</Y>
      </Disabled>
    </Texture>
  </ButtonTemplate>

  <!-- Generic Down Arrow button -->

  <ButtonTemplate>
    <Name>Button_Arrow_Down</Name>
    <Size>
      <X>16</X>
      <Y>16</Y>
    </Size>
    <Font>
      <Name>font_buttons</Name>
      <ColorNormal>
        <R>255</R>
        <G>255</G>
        <B>255</B>
        <A>255</A>
      </ColorNormal>
      <ColorPressed>
        <R>255</R>
        <G>255</G>
        <B>255</B>
        <A>255</A>
      </ColorPressed>
      <ColorHighlit>
        <R>255</R>
        <G>255</G>
        <B>255</B>
        <A>255</A>
      </ColorHighlit>
      <ColorDisabled>
        <R>255</R>
        <G>255</G>
        <B>255</B>
        <A>255</A>
      </ColorDisabled>
    </Font>
    <Texture>
      <TextureName>buttons_01</TextureName>
      <Normal>
        <X>107</X>
        <Y>53</Y>
      </Normal>
      <Pressed>
        <X>124</X>
        <Y>53</Y>
      </Pressed>
      <NormalHighlit>
        <X>158</X>
        <Y>53</Y>
      </NormalHighlit>
      <PressedHighlit>
        <X>124</X>
        <Y>53</Y>
      </PressedHighlit>
      <Disabled>
        <X>141</X>
        <Y>53</Y>
      </Disabled>
    </Texture>
  </ButtonTemplate>

  <!-- Generic Left Arrow button -->

  <ButtonTemplate>
    <Name>Button_Arrow_Left</Name>
    <Size>
      <X>16</X>
      <Y>16</Y>
    </Size>
    <Font>
      <Name>font_buttons</Name>
      <ColorNormal>
        <R>255</R>
        <G>255</G>
        <B>255</B>
        <A>255</A>
      </ColorNormal>
      <ColorPressed>
        <R>255</R>
        <G>255</G>
        <B>255</B>
        <A>255</A>
      </ColorPressed>
      <ColorHighlit>
        <R>255</R>
        <G>255</G>
        <B>255</B>
        <A>255</A>
      </ColorHighlit>
      <ColorDisabled>
        <R>255</R>
        <G>255</G>
        <B>255</B>
        <A>255</A>
      </ColorDisabled>
    </Font>
    <Texture>
      <TextureName>buttons_01</TextureName>
      <Normal>
        <X>107</X>
        <Y>18</Y>
      </Normal>
      <Pressed>
        <X>124</X>
        <Y>18</Y>
      </Pressed>
      <NormalHighlit>
        <X>158</X>
        <Y>18</Y>
      </NormalHighlit>
      <PressedHighlit>
        <X>124</X>
        <Y>18</Y>
      </PressedHighlit>
      <Disabled>
        <X>141</X>
        <Y>18</Y>
      </Disabled>
    </Texture>
  </ButtonTemplate>

  <!-- Generic Right Arrow button -->

  <ButtonTemplate>
    <Name>Button_Arrow_Right</Name>
    <Size>
      <X>16</X>
      <Y>16</Y>
    </Size>
    <Font>
      <Name>font_buttons</Name>
      <ColorNormal>
        <R>255</R>
        <G>255</G>
        <B>255</B>
        <A>255</A>
      </ColorNormal>
      <ColorPressed>
        <R>255</R>
        <G>255</G>
        <B>255</B>
        <A>255</A>
      </ColorPressed>
      <ColorHighlit>
        <R>255</R>
        <G>255</G>
        <B>255</B>
        <A>255</A>
      </ColorHighlit>
      <ColorDisabled>
        <R>255</R>
        <G>255</G>
        <B>255</B>
        <A>255</A>
      </ColorDisabled>
    </Font>
    <Texture>
      <TextureName>buttons_01</TextureName>
      <Normal>
        <X>107</X>
        <Y>1</Y>
      </Normal>
      <Pressed>
        <X>124</X>
        <Y>1</Y>
      </Pressed>
      <NormalHighlit>
        <X>158</X>
        <Y>1</Y>
      </NormalHighlit>
      <PressedHighlit>
        <X>124</X>
        <Y>1</Y>
      </PressedHighlit>
      <Disabled>
        <X>141</X>
        <Y>1</Y>
      </Disabled>
    </Texture>
  </ButtonTemplate>

  <!-- Generic Shift Left Arrow button -->

  <ButtonTemplate>
    <Name>Button_Arrow_Shift_Left</Name>
    <Size>
      <X>16</X>
      <Y>16</Y>
    </Size>
    <Font>
      <Name>font_buttons</Name>
      <ColorNormal>
        <R>255</R>
        <G>255</G>
        <B>255</B>
        <A>255</A>
      </ColorNormal>
      <ColorPressed>
        <R>255</R>
        <G>255</G>
        <B>255</B>
        <A>255</A>
      </ColorPressed>
      <ColorHighlit>
        <R>255</R>
        <G>255</G>
        <B>255</B>
        <A>255</A>
      </ColorHighlit>
      <ColorDisabled>
        <R>255</R>
        <G>255</G>
        <B>255</B>
        <A>255</A>
      </ColorDisabled>
    </Font>
    <Texture>
      <TextureName>buttons_01</TextureName>
      <Normal>
        <X>176</X>
        <Y>18</Y>
      </Normal>
      <Pressed>
        <X>193</X>
        <Y>18</Y>
      </Pressed>
      <NormalHighlit>
        <X>227</X>
        <Y>18</Y>
      </NormalHighlit>
      <PressedHighlit>
        <X>193</X>
        <Y>18</Y>
      </PressedHighlit>
      <Disabled>
        <X>210</X>
        <Y>18</Y>
      </Disabled>
    </Texture>
  </ButtonTemplate>

  <!-- Generic Shift Right Arrow button -->

  <ButtonTemplate>
    <Name>Button_Arrow_Shift_Right</Name>
    <Size>
      <X>16</X>
      <Y>16</Y>
    </Size>
    <Font>
      <Name>font_buttons</Name>
      <ColorNormal>
        <R>255</R>
        <G>255</G>
        <B>255</B>
        <A>255</A>
      </ColorNormal>
      <ColorPressed>
        <R>255</R>
        <G>255</G>
        <B>255</B>
        <A>255</A>
      </ColorPressed>
      <ColorHighlit>
        <R>255</R>
        <G>255</G>
        <B>255</B>
        <A>255</A>
      </ColorHighlit>
      <ColorDisabled>
        <R>255</R>
        <G>255</G>
        <B>255</B>
        <A>255</A>
      </ColorDisabled>
    </Font>
    <Texture>
      <TextureName>buttons_01</TextureName>
      <Normal>
        <X>176</X>
        <Y>1</Y>
      </Normal>
      <Pressed>
        <X>193</X>
        <Y>1</Y>
      </Pressed>
      <NormalHighlit>
        <X>227</X>
        <Y>1</Y>
      </NormalHighlit>
      <PressedHighlit>
        <X>193</X>
        <Y>1</Y>
      </PressedHighlit>
      <Disabled>
        <X>210</X>
        <Y>1</Y>
      </Disabled>
    </Texture>
  </ButtonTemplate>

  <!-- Generic Small Labeled button -->

  <ButtonTemplate>
    <Name>Button_Generic_Small</Name>
    <Size>
      <X>38</X>
      <Y>16</Y>
    </Size>
    <Font>
      <Name>font_buttons</Name>
      <ColorNormal>
        <R>255</R>
        <G>192</G>
        <B>0</B>
        <A>255</A>
      </ColorNormal>
      <ColorPressed>
        <R>163</R>
        <G>123</G>
        <B>0</B>
        <A>255</A>
      </ColorPressed>
      <ColorHighlit>
        <R>255</R>
        <G>192</G>
        <B>0</B>
        <A>255</A>
      </ColorHighlit>
      <ColorDisabled>
        <R>128</R>
        <G>128</G>
        <B>128</B>
        <A>255</A>
      </ColorDisabled>
    </Font>
    <Texture>
      <TextureName>buttons_01</TextureName>
      <Normal>
        <X>1</X>
        <Y>18</Y>
      </Normal>
      <Pressed>
        <X>1</X>
        <Y>18</Y>
      </Pressed>
      <NormalHighlit>
        <X>1</X>
        <Y>1</Y>
      </NormalHighlit>
      <PressedHighlit>
        <X>1</X>
        <Y>1</Y>
      </PressedHighlit>
      <Disabled>
        <X>1</X>
        <Y>18</Y>
      </Disabled>
    </Texture>
  </ButtonTemplate>

  <!-- Generic Labeled button -->

  <ButtonTemplate>
    <Name>Button_Generic</Name>
    <Size>
      <X>60</X>
      <Y>16</Y>
    </Size>
    <Font>
      <Name>font_buttons</Name>
      <ColorNormal>
        <R>255</R>
        <G>192</G>
        <B>0</B>
        <A>255</A>
      </ColorNormal>
      <ColorPressed>
        <R>163</R>
        <G>123</G>
        <B>0</B>
        <A>255</A>
      </ColorPressed>
      <ColorHighlit>
        <R>255</R>
        <G>192</G>
        <B>0</B>
        <A>255</A>
      </ColorHighlit>
      <ColorDisabled>
        <R>128</R>
        <G>128</G>
        <B>128</B>
        <A>255</A>
      </ColorDisabled>
    </Font>
    <Texture>
      <TextureName>buttons_01</TextureName>
      <Normal>
        <X>1</X>
        <Y>53</Y>
      </Normal>
      <Pressed>
        <X>1</X>
        <Y>53</Y>
      </Pressed>
      <NormalHighlit>
        <X>1</X>
        <Y>36</Y>
      </NormalHighlit>
      <PressedHighlit>
        <X>1</X>
        <Y>36</Y>
      </PressedHighlit>
      <Disabled>
        <X>1</X>
        <Y>53</Y>
      </Disabled>
    </Texture>
  </ButtonTemplate>

  <!-- Generic Disabled Labeled button -->

  <ButtonTemplate>
    <Name>Button_Generic_Disabled</Name>
    <Size>
      <X>60</X>
      <Y>16</Y>
    </Size>
    <Font>
      <Name>font_buttons</Name>
      <ColorNormal>
        <R>128</R>
        <G>128</G>
        <B>128</B>
        <A>255</A>
      </ColorNormal>
      <ColorPressed>
        <R>128</R>
        <G>128</G>
        <B>128</B>
        <A>255</A>
      </ColorPressed>
      <ColorHighlit>
        <R>128</R>
        <G>128</G>
        <B>128</B>
        <A>255</A>
      </ColorHighlit>
      <ColorDisabled>
        <R>128</R>
        <G>128</G>
        <B>128</B>
        <A>255</A>
      </ColorDisabled>
    </Font>
    <Texture>
      <TextureName>buttons_01</TextureName>
      <Normal>
        <X>1</X>
        <Y>53</Y>
      </Normal>
      <Pressed>
        <X>1</X>
        <Y>53</Y>
      </Pressed>
      <NormalHighlit>
        <X>1</X>
        <Y>53</Y>
      </NormalHighlit>
      <PressedHighlit>
        <X>1</X>
        <Y>53</Y>
      </PressedHighlit>
      <Disabled>
        <X>1</X>
        <Y>53</Y>
      </Disabled>
    </Texture>
  </ButtonTemplate>

  <!-- Generic Wide Labeled button -->

  <ButtonTemplate>
    <Name>Button_Generic_Wide</Name>
    <Size>
      <X>100</X>
      <Y>16</Y>
    </Size>
    <Font>
      <Name>font_buttons</Name>
      <ColorNormal>
        <R>255</R>
        <G>192</G>
        <B>0</B>
        <A>255</A>
      </ColorNormal>
      <ColorPressed>
        <R>163</R>
        <G>123</G>
        <B>0</B>
        <A>255</A>
      </ColorPressed>
      <ColorHighlit>
        <R>255</R>
        <G>192</G>
        <B>0</B>
        <A>255</A>
      </ColorHighlit>
      <ColorDisabled>
        <R>128</R>
        <G>128</G>
        <B>128</B>
        <A>255</A>
      </ColorDisabled>
    </Font>
    <Texture>
      <TextureName>buttons_01</TextureName>
      <Normal>
        <X>1</X>
        <Y>88</Y>
      </Normal>
      <Pressed>
        <X>1</X>
        <Y>88</Y>
      </Pressed>
      <NormalHighlit>
        <X>1</X>
        <Y>71</Y>
      </NormalHighlit>
      <PressedHighlit>
        <X>1</X>
        <Y>71</Y>
      </PressedHighlit>
      <Disabled>
        <X>1</X>
        <Y>88</Y>
      </Disabled>
    </Texture>
  </ButtonTemplate>

  <!-- Scroll Bar Up button -->

  <ButtonTemplate>
    <Name>Button_Scroll_Up</Name>
    <Size>
      <X>9</X>
      <Y>12</Y>
    </Size>
    <Font>
      <Name>font_buttons</Name>
      <ColorNormal>
        <R>255</R>
        <G>255</G>
        <B>255</B>
        <A>255</A>
      </ColorNormal>
      <ColorPressed>
        <R>255</R>
        <G>255</G>
        <B>255</B>
        <A>255</A>
      </ColorPressed>
      <ColorHighlit>
        <R>255</R>
        <G>255</G>
        <B>255</B>
        <A>255</A>
      </ColorHighlit>
      <ColorDisabled>
        <R>255</R>
        <G>255</G>
        <B>255</B>
        <A>255</A>
      </ColorDisabled>
    </Font>
    <Texture>
      <TextureName>buttons_01</TextureName>
      <Normal>
        <X>176</X>
        <Y>39</Y>
      </Normal>
      <Pressed>
        <X>186</X>
        <Y>39</Y>
      </Pressed>
      <NormalHighlit>
        <X>206</X>
        <Y>39</Y>
      </NormalHighlit>
      <PressedHighlit>
        <X>186</X>
        <Y>39</Y>
      </PressedHighlit>
      <Disabled>
        <X>196</X>
        <Y>39</Y>
      </Disabled>
    </Texture>
  </ButtonTemplate>

  <!-- Scroll Bar Down button -->

  <ButtonTemplate>
    <Name>Button_Scroll_Down</Name>
    <Size>
      <X>9</X>
      <Y>12</Y>
    </Size>
    <Font>
      <Name>font_buttons</Name>
      <ColorNormal>
        <R>255</R>
        <G>255</G>
        <B>255</B>
        <A>255</A>
      </ColorNormal>
      <ColorPressed>
        <R>255</R>
        <G>255</G>
        <B>255</B>
        <A>255</A>
      </ColorPressed>
      <ColorHighlit>
        <R>255</R>
        <G>255</G>
        <B>255</B>
        <A>255</A>
      </ColorHighlit>
      <ColorDisabled>
        <R>255</R>
        <G>255</G>
        <B>255</B>
        <A>255</A>
      </ColorDisabled>
    </Font>
    <Texture>
      <TextureName>buttons_01</TextureName>
      <Normal>
        <X>176</X>
        <Y>53</Y>
      </Normal>
      <Pressed>
        <X>186</X>
        <Y>53</Y>
      </Pressed>
      <NormalHighlit>
        <X>206</X>
        <Y>53</Y>
      </NormalHighlit>
      <PressedHighlit>
        <X>186</X>
        <Y>53</Y>
      </PressedHighlit>
      <Disabled>
        <X>196</X>
        <Y>53</Y>
      </Disabled>
    </Texture>
  </ButtonTemplate>

  <!-- Combo Box Label button -->

  <ButtonTemplate>
    <Name>Button_ComboBox</Name>
    <Size>
      <X>104</X>
      <Y>16</Y>
    </Size>
    <Font>
      <Name>font_buttons</Name>
      <ColorNormal>
        <R>192</R>
        <G>192</G>
        <B>192</B>
        <A>255</A>
      </ColorNormal>
      <ColorPressed>
        <R>163</R>
        <G>123</G>
        <B>0</B>
        <A>255</A>
      </ColorPressed>
      <ColorHighlit>
        <R>255</R>
        <G>192</G>
        <B>0</B>
        <A>255</A>
      </ColorHighlit>
      <ColorDisabled>
        <R>128</R>
        <G>128</G>
        <B>128</B>
        <A>255</A>
      </ColorDisabled>
    </Font>
    <Texture>
      <TextureName>buttons_01</TextureName>
      <Normal>
        <X>107</X>
        <Y>88</Y>
      </Normal>
      <Pressed>
        <X>107</X>
        <Y>88</Y>
      </Pressed>
      <NormalHighlit>
        <X>107</X>
        <Y>71</Y>
      </NormalHighlit>
      <PressedHighlit>
        <X>107</X>
        <Y>71</Y>
      </PressedHighlit>
      <Disabled>
        <X>107</X>
        <Y>88</Y>
      </Disabled>
    </Texture>
  </ButtonTemplate>

  <!-- Inventory Bag button -->

  <ButtonTemplate>
    <Name>Button_Bag</Name>
    <Size>
      <X>15</X>
      <Y>16</Y>
    </Size>
    <Font>
      <Name>font_buttons</Name>
      <ColorNormal>
        <R>255</R>
        <G>255</G>
        <B>255</B>
        <A>255</A>
      </ColorNormal>
      <ColorPressed>
        <R>255</R>
        <G>255</G>
        <B>255</B>
        <A>255</A>
      </ColorPressed>
      <ColorHighlit>
        <R>255</R>
        <G>255</G>
        <B>255</B>
        <A>255</A>
      </ColorHighlit>
      <ColorDisabled>
        <R>255</R>
        <G>255</G>
        <B>255</B>
        <A>255</A>
      </ColorDisabled>
    </Font>
    <Texture>
      <TextureName>buttons_01</TextureName>
      <Normal>
        <X>220</X>
        <Y>133</Y>
      </Normal>
      <Pressed>
        <X>204</X>
        <Y>133</Y>
      </Pressed>
      <NormalHighlit>
        <X>220</X>
        <Y>133</Y>
      </NormalHighlit>
      <PressedHighlit>
        <X>204</X>
        <Y>133</Y>
      </PressedHighlit>
      <Disabled>
        <X>220</X>
        <Y>133</Y>
      </Disabled>
    </Texture>
  </ButtonTemplate>

  <!-- Money button - Transparent used in social window -->

  <ButtonTemplate>
    <Name>Button_Money</Name>
    <Size>
      <X>120</X>
      <Y>16</Y>
    </Size>
    <Font>
      <Name>font_buttons</Name>
      <ColorNormal>
        <R>255</R>
        <G>192</G>
        <B>0</B>
        <A>255</A>
      </ColorNormal>
      <ColorPressed>
        <R>255</R>
        <G>192</G>
        <B>0</B>
        <A>255</A>
      </ColorPressed>
      <ColorHighlit>
        <R>255</R>
        <G>255</G>
        <B>255</B>
        <A>255</A>
      </ColorHighlit>
      <ColorDisabled>
        <R>128</R>
        <G>128</G>
        <B>128</B>
        <A>255</A>
      </ColorDisabled>
    </Font>
    <Texture>
      <TextureName>buttons_01</TextureName>
      <Normal>
        <X>1</X>
        <Y>240</Y>
      </Normal>
      <Pressed>
        <X>1</X>
        <Y>240</Y>
      </Pressed>
      <NormalHighlit>
        <X>1</X>
        <Y>240</Y>
      </NormalHighlit>
      <PressedHighlit>
        <X>1</X>
        <Y>240</Y>
      </PressedHighlit>
      <Disabled>
        <X>1</X>
        <Y>240</Y>
      </Disabled>
    </Texture>
  </ButtonTemplate>

  <ButtonTemplate>
    <Name>Button_HHSelect</Name>
    <Size>
      <X>75</X>
      <Y>75</Y>
    </Size>
    <Font>
      <Name></Name>
      <ColorNormal>
        <R>255</R>
        <G>255</G>
        <B>255</B>
        <A>255</A>
      </ColorNormal>
      <ColorPressed>
        <R>255</R>
        <G>255</G>
        <B>255</B>
        <A>255</A>
      </ColorPressed>
      <ColorHighlit>
        <R>255</R>
        <G>255</G>
        <B>255</B>
        <A>255</A>
      </ColorHighlit>
      <ColorDisabled>
        <R>255</R>
        <G>255</G>
        <B>255</B>
        <A>255</A>
      </ColorDisabled>
    </Font>
    <Texture>
      <TextureName>healerhelper_01</TextureName>
      <Normal>
        <X>78</X>
        <Y>1</Y>
      </Normal>
      <Pressed>
        <X>78</X>
        <Y>1</Y>
      </Pressed>
      <NormalHighlit>
        <X>1</X>
        <Y>1</Y>
      </NormalHighlit>
      <PressedHighlit>
        <X>1</X>
        <Y>1</Y>
      </PressedHighlit>
      <Disabled>
        <X>78</X>
        <Y>1</Y>
      </Disabled>
    </Texture>
  </ButtonTemplate>

  <ButtonTemplate>
    <Name>Button_MiniGroupSelect</Name>
    <Size>
      <X>199</X>
      <Y>14</Y>
    </Size>
    <Font>
      <Name></Name>
      <ColorNormal>
        <R>255</R>
        <G>255</G>
        <B>255</B>
        <A>255</A>
      </ColorNormal>
      <ColorPressed>
        <R>255</R>
        <G>255</G>
        <B>255</B>
        <A>255</A>
      </ColorPressed>
      <ColorHighlit>
        <R>255</R>
        <G>255</G>
        <B>255</B>
        <A>255</A>
      </ColorHighlit>
      <ColorDisabled>
        <R>255</R>
        <G>255</G>
        <B>255</B>
        <A>255</A>
      </ColorDisabled>
    </Font>
    <Texture>
      <TextureName>buttons_03</TextureName>
      <Normal>
        <X>1</X>
        <Y>83</Y>
      </Normal>
      <Pressed>
        <X>1</X>
        <Y>83</Y>
      </Pressed>
      <NormalHighlit>
        <X>1</X>
        <Y>113</Y>
      </NormalHighlit>
      <PressedHighlit>
        <X>1</X>
        <Y>113</Y>
      </PressedHighlit>
      <Disabled>
        <X>1</X>
        <Y>83</Y>
      </Disabled>
    </Texture>
  </ButtonTemplate>

  <ButtonTemplate>
    <Name>Button_MiniGroup_Vert_BG</Name>
    <Size>
      <X>200</X>
      <Y>105</Y>
    </Size>
    <Font>
      <Name></Name>
      <ColorNormal>
        <R>255</R>
        <G>255</G>
        <B>255</B>
        <A>255</A>
      </ColorNormal>
      <ColorPressed>
        <R>255</R>
        <G>255</G>
        <B>255</B>
        <A>255</A>
      </ColorPressed>
      <ColorHighlit>
        <R>255</R>
        <G>255</G>
        <B>255</B>
        <A>255</A>
      </ColorHighlit>
      <ColorDisabled>
        <R>255</R>
        <G>255</G>
        <B>255</B>
        <A>255</A>
      </ColorDisabled>
    </Font>
    <Texture>
      <TextureName>transparentimages_512</TextureName>
      <Normal>
        <X>768</X>
        <Y>0</Y>
      </Normal>
      <Pressed>
        <X>768</X>
        <Y>0</Y>
      </Pressed>
      <NormalHighlit>
        <X>0</X>
        <Y>0</Y>
      </NormalHighlit>
      <PressedHighlit>
        <X>0</X>
        <Y>0</Y>
      </PressedHighlit>
      <Disabled>
        <X>768</X>
        <Y>0</Y>
      </Disabled>
    </Texture>
  </ButtonTemplate>

  <ButtonTemplate>
    <Name>Button_MiniGroup_Horiz_BG</Name>
    <Size>
      <X>400</X>
      <Y>53</Y>
    </Size>
    <Font>
      <Name></Name>
      <ColorNormal>
        <R>255</R>
        <G>255</G>
        <B>255</B>
        <A>255</A>
      </ColorNormal>
      <ColorPressed>
        <R>255</R>
        <G>255</G>
        <B>255</B>
        <A>255</A>
      </ColorPressed>
      <ColorHighlit>
        <R>255</R>
        <G>255</G>
        <B>255</B>
        <A>255</A>
      </ColorHighlit>
      <ColorDisabled>
        <R>255</R>
        <G>255</G>
        <B>255</B>
        <A>255</A>
      </ColorDisabled>
    </Font>
    <Texture>
      <TextureName>transparentimages_512</TextureName>
      <Normal>
        <X>0</X>
        <Y>768</Y>
      </Normal>
      <Pressed>
        <X>0</X>
        <Y>768</Y>
      </Pressed>
      <NormalHighlit>
        <X>0</X>
        <Y>0</Y>
      </NormalHighlit>
      <PressedHighlit>
        <X>0</X>
        <Y>0</Y>
      </PressedHighlit>
      <Disabled>
        <X>0</X>
        <Y>768</Y>
      </Disabled>
    </Texture>
  </ButtonTemplate>

  <ButtonTemplate>
    <Name>Button_MiniGroupSelect_Short</Name>
    <Size>
      <X>188</X>
      <Y>14</Y>
    </Size>
    <Font>
      <Name></Name>
      <ColorNormal>
        <R>255</R>
        <G>255</G>
        <B>255</B>
        <A>255</A>
      </ColorNormal>
      <ColorPressed>
        <R>255</R>
        <G>255</G>
        <B>255</B>
        <A>255</A>
      </ColorPressed>
      <ColorHighlit>
        <R>255</R>
        <G>255</G>
        <B>255</B>
        <A>255</A>
      </ColorHighlit>
      <ColorDisabled>
        <R>255</R>
        <G>255</G>
        <B>255</B>
        <A>255</A>
      </ColorDisabled>
    </Font>
    <Texture>
      <TextureName>buttons_03</TextureName>
      <Normal>
        <X>1</X>
        <Y>83</Y>
      </Normal>
      <Pressed>
        <X>1</X>
        <Y>83</Y>
      </Pressed>
      <NormalHighlit>
        <X>1</X>
        <Y>98</Y>
      </NormalHighlit>
      <PressedHighlit>
        <X>1</X>
        <Y>98</Y>
      </PressedHighlit>
      <Disabled>
        <X>1</X>
        <Y>83</Y>
      </Disabled>
    </Texture>
  </ButtonTemplate>

  <!-- Generic Labeled button -->

  <ButtonTemplate>
    <Name>Button_Size_48</Name>
    <Size>
      <X>48</X>
      <Y>16</Y>
    </Size>
    <Font>
      <Name>font_buttons</Name>
      <ColorNormal>
        <R>255</R>
        <G>192</G>
        <B>0</B>
        <A>255</A>
      </ColorNormal>
      <ColorPressed>
        <R>163</R>
        <G>123</G>
        <B>0</B>
        <A>255</A>
      </ColorPressed>
      <ColorHighlit>
        <R>255</R>
        <G>192</G>
        <B>0</B>
        <A>255</A>
      </ColorHighlit>
      <ColorDisabled>
        <R>128</R>
        <G>128</G>
        <B>128</B>
        <A>255</A>
      </ColorDisabled>
    </Font>
    <Texture>
      <TextureName>buttons_04</TextureName>
      <Normal>
        <X>1</X>
        <Y>18</Y>
      </Normal>
      <Pressed>
        <X>1</X>
        <Y>18</Y>
      </Pressed>
      <NormalHighlit>
        <X>1</X>
        <Y>1</Y>
      </NormalHighlit>
      <PressedHighlit>
        <X>1</X>
        <Y>1</Y>
      </PressedHighlit>
      <Disabled>
        <X>1</X>
        <Y>18</Y>
      </Disabled>
    </Texture>
  </ButtonTemplate>

  <ButtonTemplate>
    <Name>Button_Size_62</Name>
    <Size>
      <X>62</X>
      <Y>16</Y>
    </Size>
    <Font>
      <Name>font_buttons</Name>
      <ColorNormal>
        <R>255</R>
        <G>192</G>
        <B>0</B>
        <A>255</A>
      </ColorNormal>
      <ColorPressed>
        <R>163</R>
        <G>123</G>
        <B>0</B>
        <A>255</A>
      </ColorPressed>
      <ColorHighlit>
        <R>255</R>
        <G>192</G>
        <B>0</B>
        <A>255</A>
      </ColorHighlit>
      <ColorDisabled>
        <R>128</R>
        <G>128</G>
        <B>128</B>
        <A>255</A>
      </ColorDisabled>
    </Font>
    <Texture>
      <TextureName>buttons_04</TextureName>
      <Normal>
        <X>1</X>
        <Y>53</Y>
      </Normal>
      <Pressed>
        <X>1</X>
        <Y>53</Y>
      </Pressed>
      <NormalHighlit>
        <X>1</X>
        <Y>36</Y>
      </NormalHighlit>
      <PressedHighlit>
        <X>1</X>
        <Y>36</Y>
      </PressedHighlit>
      <Disabled>
        <X>1</X>
        <Y>53</Y>
      </Disabled>
    </Texture>
  </ButtonTemplate>

  <ButtonTemplate>
    <Name>Button_Size_64</Name>
    <Size>
      <X>64</X>
      <Y>16</Y>
    </Size>
    <Font>
      <Name>font_buttons</Name>
      <ColorNormal>
        <R>255</R>
        <G>192</G>
        <B>0</B>
        <A>255</A>
      </ColorNormal>
      <ColorPressed>
        <R>163</R>
        <G>123</G>
        <B>0</B>
        <A>255</A>
      </ColorPressed>
      <ColorHighlit>
        <R>255</R>
        <G>192</G>
        <B>0</B>
        <A>255</A>
      </ColorHighlit>
      <ColorDisabled>
        <R>128</R>
        <G>128</G>
        <B>128</B>
        <A>255</A>
      </ColorDisabled>
    </Font>
    <Texture>
      <TextureName>buttons_04</TextureName>
      <Normal>
        <X>1</X>
        <Y>88</Y>
      </Normal>
      <Pressed>
        <X>1</X>
        <Y>88</Y>
      </Pressed>
      <NormalHighlit>
        <X>1</X>
        <Y>71</Y>
      </NormalHighlit>
      <PressedHighlit>
        <X>1</X>
        <Y>71</Y>
      </PressedHighlit>
      <Disabled>
        <X>1</X>
        <Y>88</Y>
      </Disabled>
    </Texture>
  </ButtonTemplate>

  <ButtonTemplate>
    <Name>Button_Size_68</Name>
    <Size>
      <X>68</X>
      <Y>16</Y>
    </Size>
    <Font>
      <Name>font_buttons</Name>
      <ColorNormal>
        <R>255</R>
        <G>192</G>
        <B>0</B>
        <A>255</A>
      </ColorNormal>
      <ColorPressed>
        <R>163</R>
        <G>123</G>
        <B>0</B>
        <A>255</A>
      </ColorPressed>
      <ColorHighlit>
        <R>255</R>
        <G>192</G>
        <B>0</B>
        <A>255</A>
      </ColorHighlit>
      <ColorDisabled>
        <R>128</R>
        <G>128</G>
        <B>128</B>
        <A>255</A>
      </ColorDisabled>
    </Font>
    <Texture>
      <TextureName>buttons_04</TextureName>
      <Normal>
        <X>1</X>
        <Y>123</Y>
      </Normal>
      <Pressed>
        <X>1</X>
        <Y>123</Y>
      </Pressed>
      <NormalHighlit>
        <X>1</X>
        <Y>106</Y>
      </NormalHighlit>
      <PressedHighlit>
        <X>1</X>
        <Y>106</Y>
      </PressedHighlit>
      <Disabled>
        <X>1</X>
        <Y>123</Y>
      </Disabled>
    </Texture>
  </ButtonTemplate>

  <ButtonTemplate>
    <Name>Button_Size_70</Name>
    <Size>
      <X>70</X>
      <Y>16</Y>
    </Size>
    <Font>
      <Name>font_buttons</Name>
      <ColorNormal>
        <R>255</R>
        <G>192</G>
        <B>0</B>
        <A>255</A>
      </ColorNormal>
      <ColorPressed>
        <R>163</R>
        <G>123</G>
        <B>0</B>
        <A>255</A>
      </ColorPressed>
      <ColorHighlit>
        <R>255</R>
        <G>192</G>
        <B>0</B>
        <A>255</A>
      </ColorHighlit>
      <ColorDisabled>
        <R>128</R>
        <G>128</G>
        <B>128</B>
        <A>255</A>
      </ColorDisabled>
    </Font>
    <Texture>
      <TextureName>buttons_04</TextureName>
      <Normal>
        <X>1</X>
        <Y>158</Y>
      </Normal>
      <Pressed>
        <X>1</X>
        <Y>158</Y>
      </Pressed>
      <NormalHighlit>
        <X>1</X>
        <Y>141</Y>
      </NormalHighlit>
      <PressedHighlit>
        <X>1</X>
        <Y>141</Y>
      </PressedHighlit>
      <Disabled>
        <X>1</X>
        <Y>158</Y>
      </Disabled>
    </Texture>
  </ButtonTemplate>

  <ButtonTemplate>
    <Name>Button_Size_85</Name>
    <Size>
      <X>85</X>
      <Y>16</Y>
    </Size>
    <Font>
      <Name>font_buttons</Name>
      <ColorNormal>
        <R>255</R>
        <G>192</G>
        <B>0</B>
        <A>255</A>
      </ColorNormal>
      <ColorPressed>
        <R>163</R>
        <G>123</G>
        <B>0</B>
        <A>255</A>
      </ColorPressed>
      <ColorHighlit>
        <R>255</R>
        <G>192</G>
        <B>0</B>
        <A>255</A>
      </ColorHighlit>
      <ColorDisabled>
        <R>128</R>
        <G>128</G>
        <B>128</B>
        <A>255</A>
      </ColorDisabled>
    </Font>
    <Texture>
      <TextureName>buttons_04</TextureName>
      <Normal>
        <X>1</X>
        <Y>193</Y>
      </Normal>
      <Pressed>
        <X>1</X>
        <Y>193</Y>
      </Pressed>
      <NormalHighlit>
        <X>1</X>
        <Y>176</Y>
      </NormalHighlit>
      <PressedHighlit>
        <X>1</X>
        <Y>176</Y>
      </PressedHighlit>
      <Disabled>
        <X>1</X>
        <Y>193</Y>
      </Disabled>
    </Texture>
  </ButtonTemplate>

  <ButtonTemplate>
    <Name>Button_Size_95</Name>
    <Size>
      <X>95</X>
      <Y>16</Y>
    </Size>
    <Font>
      <Name>font_buttons</Name>
      <ColorNormal>
        <R>255</R>
        <G>192</G>
        <B>0</B>
        <A>255</A>
      </ColorNormal>
      <ColorPressed>
        <R>163</R>
        <G>123</G>
        <B>0</B>
        <A>255</A>
      </ColorPressed>
      <ColorHighlit>
        <R>255</R>
        <G>192</G>
        <B>0</B>
        <A>255</A>
      </ColorHighlit>
      <ColorDisabled>
        <R>128</R>
        <G>128</G>
        <B>128</B>
        <A>255</A>
      </ColorDisabled>
    </Font>
    <Texture>
      <TextureName>buttons_04</TextureName>
      <Normal>
        <X>1</X>
        <Y>228</Y>
      </Normal>
      <Pressed>
        <X>1</X>
        <Y>228</Y>
      </Pressed>
      <NormalHighlit>
        <X>1</X>
        <Y>211</Y>
      </NormalHighlit>
      <PressedHighlit>
        <X>1</X>
        <Y>211</Y>
      </PressedHighlit>
      <Disabled>
        <X>1</X>
        <Y>228</Y>
      </Disabled>
    </Texture>
  </ButtonTemplate>

  <ButtonTemplate>
    <Name>Button_Size_96</Name>
    <Size>
      <X>96</X>
      <Y>16</Y>
    </Size>
    <Font>
      <Name>font_buttons</Name>
      <ColorNormal>
        <R>255</R>
        <G>192</G>
        <B>0</B>
        <A>255</A>
      </ColorNormal>
      <ColorPressed>
        <R>163</R>
        <G>123</G>
        <B>0</B>
        <A>255</A>
      </ColorPressed>
      <ColorHighlit>
        <R>255</R>
        <G>192</G>
        <B>0</B>
        <A>255</A>
      </ColorHighlit>
      <ColorDisabled>
        <R>128</R>
        <G>128</G>
        <B>128</B>
        <A>255</A>
      </ColorDisabled>
    </Font>
    <Texture>
      <TextureName>buttons_04</TextureName>
      <Normal>
        <X>98</X>
        <Y>18</Y>
      </Normal>
      <Pressed>
        <X>98</X>
        <Y>18</Y>
      </Pressed>
      <NormalHighlit>
        <X>98</X>
        <Y>1</Y>
      </NormalHighlit>
      <PressedHighlit>
        <X>98</X>
        <Y>1</Y>
      </PressedHighlit>
      <Disabled>
        <X>98</X>
        <Y>18</Y>
      </Disabled>
    </Texture>
  </ButtonTemplate>

  <ButtonTemplate>
    <Name>Button_Size_110</Name>
    <Size>
      <X>110</X>
      <Y>16</Y>
    </Size>
    <Font>
      <Name>font_buttons</Name>
      <ColorNormal>
        <R>255</R>
        <G>192</G>
        <B>0</B>
        <A>255</A>
      </ColorNormal>
      <ColorPressed>
        <R>163</R>
        <G>123</G>
        <B>0</B>
        <A>255</A>
      </ColorPressed>
      <ColorHighlit>
        <R>255</R>
        <G>192</G>
        <B>0</B>
        <A>255</A>
      </ColorHighlit>
      <ColorDisabled>
        <R>128</R>
        <G>128</G>
        <B>128</B>
        <A>255</A>
      </ColorDisabled>
    </Font>
    <Texture>
      <TextureName>buttons_04</TextureName>
      <Normal>
        <X>98</X>
        <Y>53</Y>
      </Normal>
      <Pressed>
        <X>98</X>
        <Y>53</Y>
      </Pressed>
      <NormalHighlit>
        <X>98</X>
        <Y>36</Y>
      </NormalHighlit>
      <PressedHighlit>
        <X>98</X>
        <Y>36</Y>
      </PressedHighlit>
      <Disabled>
        <X>98</X>
        <Y>53</Y>
      </Disabled>
    </Texture>
  </ButtonTemplate>

  <ButtonTemplate>
    <Name>Button_Size_115</Name>
    <Size>
      <X>115</X>
      <Y>16</Y>
    </Size>
    <Font>
      <Name>font_buttons</Name>
      <ColorNormal>
        <R>255</R>
        <G>192</G>
        <B>0</B>
        <A>255</A>
      </ColorNormal>
      <ColorPressed>
        <R>163</R>
        <G>123</G>
        <B>0</B>
        <A>255</A>
      </ColorPressed>
      <ColorHighlit>
        <R>255</R>
        <G>192</G>
        <B>0</B>
        <A>255</A>
      </ColorHighlit>
      <ColorDisabled>
        <R>128</R>
        <G>128</G>
        <B>128</B>
        <A>255</A>
      </ColorDisabled>
    </Font>
    <Texture>
      <TextureName>buttons_04</TextureName>
      <Normal>
        <X>98</X>
        <Y>88</Y>
      </Normal>
      <Pressed>
        <X>98</X>
        <Y>88</Y>
      </Pressed>
      <NormalHighlit>
        <X>98</X>
        <Y>71</Y>
      </NormalHighlit>
      <PressedHighlit>
        <X>98</X>
        <Y>71</Y>
      </PressedHighlit>
      <Disabled>
        <X>98</X>
        <Y>88</Y>
      </Disabled>
    </Texture>
  </ButtonTemplate>

  <ButtonTemplate>
    <Name>Button_Size_145</Name>
    <Size>
      <X>145</X>
      <Y>16</Y>
    </Size>
    <Font>
      <Name>font_buttons</Name>
      <ColorNormal>
        <R>255</R>
        <G>192</G>
        <B>0</B>
        <A>255</A>
      </ColorNormal>
      <ColorPressed>
        <R>163</R>
        <G>123</G>
        <B>0</B>
        <A>255</A>
      </ColorPressed>
      <ColorHighlit>
        <R>255</R>
        <G>192</G>
        <B>0</B>
        <A>255</A>
      </ColorHighlit>
      <ColorDisabled>
        <R>128</R>
        <G>128</G>
        <B>128</B>
        <A>255</A>
      </ColorDisabled>
    </Font>
    <Texture>
      <TextureName>buttons_04</TextureName>
      <Normal>
        <X>98</X>
        <Y>123</Y>
      </Normal>
      <Pressed>
        <X>98</X>
        <Y>123</Y>
      </Pressed>
      <NormalHighlit>
        <X>98</X>
        <Y>106</Y>
      </NormalHighlit>
      <PressedHighlit>
        <X>98</X>
        <Y>106</Y>
      </PressedHighlit>
      <Disabled>
        <X>98</X>
        <Y>123</Y>
      </Disabled>
    </Texture>
  </ButtonTemplate>

</Root_Element>
