<?xml version="1.0" encoding="ISO-8859-1"?>
<Root_Element ID="DAOCUi">

<!-- @@ Edited with the DAoC User Interface Editor v1.80 -->
<!-- @@ Free download available at http://www.bradtownsend.com/daoced -->

  <!-- Radio style button -->

  <!-- Radio style button with small font -->

  <CheckBoxTemplate>
    <Name>CheckBox_Generic_Small_Font</Name>
    <Size>
      <X>16</X>
      <Y>16</Y>
    </Size>
    <Font>
      <Name>font_buttons_small</Name>
      <ColorNormal>
        <R>148</R>
        <G>111</G>
        <B>0</B>
        <A>255</A>
      </ColorNormal>
      <ColorPressed>
        <R>255</R>
        <G>192</G>
        <B>0</B>
        <A>255</A>
      </ColorPressed>
      <ColorHighlit>
        <R>192</R>
        <G>192</G>
        <B>192</B>
        <A>255</A>
      </ColorHighlit>
      <ColorDisabled>
        <R>128</R>
        <G>128</G>
        <B>128</B>
        <A>128</A>
      </ColorDisabled>
      <TextOffset>
        <X>16</X>
        <Y>0</Y>
      </TextOffset>
      <TextAlignment>
        <TopLeft>true</TopLeft>
      </TextAlignment>
      <ChangeFontColor>true</ChangeFontColor>
    </Font>
    <Texture>
      <TextureName>buttons_01</TextureName>
      <Normal>
        <X>124</X>
        <Y>148</Y>
      </Normal>
      <Pressed>
        <X>108</X>
        <Y>148</Y>
      </Pressed>
      <NormalHighlit>
        <X>156</X>
        <Y>148</Y>
      </NormalHighlit>
      <PressedHighlit>
        <X>140</X>
        <Y>148</Y>
      </PressedHighlit>
      <Disabled>
        <X>124</X>
        <Y>148</Y>
      </Disabled>
    </Texture>
  </CheckBoxTemplate>

  <!-- Invisible buttons across top of CHAT window -->

  <CheckBoxTemplate>
    <Name>CheckBox_Chat</Name>
    <Size>
      <X>57</X>
      <Y>17</Y>
    </Size>
    <Font>
      <Name>font_buttons</Name>
      <ColorNormal>
        <R>148</R>
        <G>111</G>
        <B>0</B>
        <A>255</A>
      </ColorNormal>
      <ColorPressed>
        <R>255</R>
        <G>192</G>
        <B>0</B>
        <A>255</A>
      </ColorPressed>
      <ColorHighlit>
        <R>192</R>
        <G>192</G>
        <B>192</B>
        <A>255</A>
      </ColorHighlit>
      <ColorDisabled>
        <R>128</R>
        <G>128</G>
        <B>128</B>
        <A>128</A>
      </ColorDisabled>
      <TextOffset>
        <X>0</X>
        <Y>4</Y>
      </TextOffset>
      <TextAlignment>
        <CenterHorizontally>true</CenterHorizontally>
      </TextAlignment>
      <ChangeFontColor>true</ChangeFontColor>
    </Font>
    <Texture>
      <TextureName>none</TextureName>
      <Normal>
        <X>163</X>
        <Y>65</Y>
      </Normal>
      <Pressed>
        <X>163</X>
        <Y>47</Y>
      </Pressed>
      <NormalHighlit>
        <X>163</X>
        <Y>65</Y>
      </NormalHighlit>
      <PressedHighlit>
        <X>163</X>
        <Y>47</Y>
      </PressedHighlit>
      <Disabled>
        <X>163</X>
        <Y>65</Y>
      </Disabled>
    </Texture>
  </CheckBoxTemplate>

  <CheckBoxTemplate>
    <Name>CheckBox_Generic</Name>
    <Size>
      <X>16</X>
      <Y>16</Y>
    </Size>
    <Font>
      <Name>font_buttons</Name>
      <ColorNormal>
        <R>148</R>
        <G>111</G>
        <B>0</B>
        <A>255</A>
      </ColorNormal>
      <ColorPressed>
        <R>255</R>
        <G>192</G>
        <B>0</B>
        <A>255</A>
      </ColorPressed>
      <ColorHighlit>
        <R>192</R>
        <G>192</G>
        <B>192</B>
        <A>255</A>
      </ColorHighlit>
      <ColorDisabled>
        <R>128</R>
        <G>128</G>
        <B>128</B>
        <A>128</A>
      </ColorDisabled>
      <TextOffset>
        <X>17</X>
        <Y>0</Y>
      </TextOffset>
      <TextAlignment>
        <TopLeft>true</TopLeft>
      </TextAlignment>
      <ChangeFontColor>true</ChangeFontColor>
    </Font>
    <Texture>
      <TextureName>buttons_01</TextureName>
      <Normal>
        <X>124</X>
        <Y>148</Y>
      </Normal>
      <Pressed>
        <X>108</X>
        <Y>148</Y>
      </Pressed>
      <NormalHighlit>
        <X>156</X>
        <Y>148</Y>
      </NormalHighlit>
      <PressedHighlit>
        <X>140</X>
        <Y>148</Y>
      </PressedHighlit>
      <Disabled>
        <X>124</X>
        <Y>148</Y>
      </Disabled>
    </Texture>
  </CheckBoxTemplate>

  <CheckBoxTemplate>
    <Name>CheckBox_Chat_Config</Name>
    <Size>
      <X>16</X>
      <Y>16</Y>
    </Size>
    <Font>
      <Name>font_buttons</Name>
      <ColorNormal>
        <R>148</R>
        <G>111</G>
        <B>0</B>
        <A>255</A>
      </ColorNormal>
      <ColorPressed>
        <R>255</R>
        <G>192</G>
        <B>0</B>
        <A>255</A>
      </ColorPressed>
      <ColorHighlit>
        <R>192</R>
        <G>192</G>
        <B>192</B>
        <A>255</A>
      </ColorHighlit>
      <ColorDisabled>
        <R>128</R>
        <G>128</G>
        <B>128</B>
        <A>128</A>
      </ColorDisabled>
      <TextOffset>
        <X>16</X>
        <Y>0</Y>
      </TextOffset>
      <TextAlignment>
        <TopLeft>true</TopLeft>
      </TextAlignment>
      <ChangeFontColor>false</ChangeFontColor>
    </Font>
    <Texture>
      <TextureName>buttons_01</TextureName>
      <Normal>
        <X>124</X>
        <Y>148</Y>
      </Normal>
      <Pressed>
        <X>108</X>
        <Y>148</Y>
      </Pressed>
      <NormalHighlit>
        <X>156</X>
        <Y>148</Y>
      </NormalHighlit>
      <PressedHighlit>
        <X>140</X>
        <Y>148</Y>
      </PressedHighlit>
      <Disabled>
        <X>124</X>
        <Y>148</Y>
      </Disabled>
    </Texture>
  </CheckBoxTemplate>

  <CheckBoxTemplate>
    <Name>CheckBox_RealmWar</Name>
    <Size>
      <X>60</X>
      <Y>16</Y>
    </Size>
    <Font>
      <Name>font_buttons</Name>
      <ColorNormal>
        <R>148</R>
        <G>111</G>
        <B>0</B>
        <A>255</A>
      </ColorNormal>
      <ColorPressed>
        <R>255</R>
        <G>192</G>
        <B>0</B>
        <A>255</A>
      </ColorPressed>
      <ColorHighlit>
        <R>192</R>
        <G>192</G>
        <B>192</B>
        <A>255</A>
      </ColorHighlit>
      <ColorDisabled>
        <R>128</R>
        <G>128</G>
        <B>128</B>
        <A>128</A>
      </ColorDisabled>
      <TextOffset>
        <X>0</X>
        <Y>0</Y>
      </TextOffset>
      <TextAlignment>
        <TopLeft>true</TopLeft>
        <CenterHorizontally>true</CenterHorizontally>
      </TextAlignment>
      <ChangeFontColor>true</ChangeFontColor>
    </Font>
    <Texture>
      <TextureName></TextureName>
      <Normal>
        <X>163</X>
        <Y>65</Y>
      </Normal>
      <Pressed>
        <X>163</X>
        <Y>47</Y>
      </Pressed>
      <NormalHighlit>
        <X>163</X>
        <Y>65</Y>
      </NormalHighlit>
      <PressedHighlit>
        <X>163</X>
        <Y>47</Y>
      </PressedHighlit>
      <Disabled>
        <X>163</X>
        <Y>65</Y>
      </Disabled>
    </Texture>
  </CheckBoxTemplate>

  <CheckBoxTemplate>
    <Name>CheckBox_Summary_Health</Name>
    <Size>
      <X>12</X>
      <Y>10</Y>
    </Size>
    <Font>
      <Name>font_buttons</Name>
      <ColorNormal>
        <R>255</R>
        <G>255</G>
        <B>255</B>
        <A>255</A>
      </ColorNormal>
      <ColorPressed>
        <R>255</R>
        <G>255</G>
        <B>255</B>
        <A>255</A>
      </ColorPressed>
      <ColorHighlit>
        <R>255</R>
        <G>255</G>
        <B>255</B>
        <A>255</A>
      </ColorHighlit>
      <ColorDisabled>
        <R>255</R>
        <G>255</G>
        <B>255</B>
        <A>255</A>
      </ColorDisabled>
      <TextOffset>
        <X>0</X>
        <Y>0</Y>
      </TextOffset>
      <TextAlignment>
        <TopLeft>true</TopLeft>
      </TextAlignment>
      <ChangeFontColor>false</ChangeFontColor>
    </Font>
    <Texture>
      <TextureName>statusicons_02</TextureName>
      <Normal>
        <X>0</X>
        <Y>1010</Y>
      </Normal>
      <Pressed>
        <X>0</X>
        <Y>1010</Y>
      </Pressed>
      <NormalHighlit>
        <X>13</X>
        <Y>1010</Y>
      </NormalHighlit>
      <PressedHighlit>
        <X>13</X>
        <Y>1010</Y>
      </PressedHighlit>
      <Disabled>
        <X>0</X>
        <Y>1010</Y>
      </Disabled>
    </Texture>
  </CheckBoxTemplate>

  <CheckBoxTemplate>
    <Name>CheckBox_Summary_TogglePower</Name>
    <Size>
      <X>181</X>
      <Y>11</Y>
    </Size>
    <Font>
      <Name></Name>
      <ColorNormal>
        <R>255</R>
        <G>255</G>
        <B>255</B>
        <A>255</A>
      </ColorNormal>
      <ColorPressed>
        <R>255</R>
        <G>255</G>
        <B>255</B>
        <A>255</A>
      </ColorPressed>
      <ColorHighlit>
        <R>255</R>
        <G>255</G>
        <B>255</B>
        <A>255</A>
      </ColorHighlit>
      <ColorDisabled>
        <R>255</R>
        <G>255</G>
        <B>255</B>
        <A>255</A>
      </ColorDisabled>
      <TextOffset>
        <X>0</X>
        <Y>0</Y>
      </TextOffset>
      <TextAlignment>
        <TopLeft>true</TopLeft>
      </TextAlignment>
      <ChangeFontColor>false</ChangeFontColor>
    </Font>
    <Texture>
      <TextureName>dialogimages_02</TextureName>
      <Normal>
        <X>2</X>
        <Y>242</Y>
      </Normal>
      <Pressed>
        <X>47</X>
        <Y>174</Y>
      </Pressed>
      <NormalHighlit>
        <X>2</X>
        <Y>242</Y>
      </NormalHighlit>
      <PressedHighlit>
        <X>47</X>
        <Y>174</Y>
      </PressedHighlit>
      <Disabled>
        <X>2</X>
        <Y>242</Y>
      </Disabled>
    </Texture>
  </CheckBoxTemplate>

  <CheckBoxTemplate>
    <Name>CheckBox_Summary_Target</Name>
    <Size>
      <X>12</X>
      <Y>10</Y>
    </Size>
    <Font>
      <Name>font_buttons</Name>
      <ColorNormal>
        <R>255</R>
        <G>255</G>
        <B>255</B>
        <A>255</A>
      </ColorNormal>
      <ColorPressed>
        <R>255</R>
        <G>255</G>
        <B>255</B>
        <A>255</A>
      </ColorPressed>
      <ColorHighlit>
        <R>255</R>
        <G>255</G>
        <B>255</B>
        <A>255</A>
      </ColorHighlit>
      <ColorDisabled>
        <R>255</R>
        <G>255</G>
        <B>255</B>
        <A>128</A>
      </ColorDisabled>
      <TextOffset>
        <X>0</X>
        <Y>0</Y>
      </TextOffset>
      <TextAlignment>
        <TopLeft>true</TopLeft>
      </TextAlignment>
      <ChangeFontColor>false</ChangeFontColor>
    </Font>
    <Texture>
      <TextureName>statusicons_07</TextureName>
      <Normal>
        <X>0</X>
        <Y>1010</Y>
      </Normal>
      <Pressed>
        <X>0</X>
        <Y>1010</Y>
      </Pressed>
      <NormalHighlit>
        <X>13</X>
        <Y>1010</Y>
      </NormalHighlit>
      <PressedHighlit>
        <X>13</X>
        <Y>1010</Y>
      </PressedHighlit>
      <Disabled>
        <X>0</X>
        <Y>1010</Y>
      </Disabled>
    </Texture>
  </CheckBoxTemplate>

  <CheckBoxTemplate>
    <Name>CheckBox_Summary_Power</Name>
    <Size>
      <X>12</X>
      <Y>10</Y>
    </Size>
    <Font>
      <Name>font_buttons</Name>
      <ColorNormal>
        <R>255</R>
        <G>255</G>
        <B>255</B>
        <A>255</A>
      </ColorNormal>
      <ColorPressed>
        <R>255</R>
        <G>255</G>
        <B>255</B>
        <A>255</A>
      </ColorPressed>
      <ColorHighlit>
        <R>255</R>
        <G>255</G>
        <B>255</B>
        <A>255</A>
      </ColorHighlit>
      <ColorDisabled>
        <R>255</R>
        <G>255</G>
        <B>255</B>
        <A>128</A>
      </ColorDisabled>
      <TextOffset>
        <X>0</X>
        <Y>0</Y>
      </TextOffset>
      <TextAlignment>
        <TopLeft>true</TopLeft>
      </TextAlignment>
      <ChangeFontColor>false</ChangeFontColor>
    </Font>
    <Texture>
      <TextureName>statusicons_04</TextureName>
      <Normal>
        <X>0</X>
        <Y>1010</Y>
      </Normal>
      <Pressed>
        <X>0</X>
        <Y>1010</Y>
      </Pressed>
      <NormalHighlit>
        <X>13</X>
        <Y>1010</Y>
      </NormalHighlit>
      <PressedHighlit>
        <X>13</X>
        <Y>1010</Y>
      </PressedHighlit>
      <Disabled>
        <X>0</X>
        <Y>1010</Y>
      </Disabled>
    </Texture>
  </CheckBoxTemplate>

  <CheckBoxTemplate>
    <Name>CheckBox_Summary_Endurance</Name>
    <Size>
      <X>12</X>
      <Y>10</Y>
    </Size>
    <Font>
      <Name>font_buttons</Name>
      <ColorNormal>
        <R>255</R>
        <G>255</G>
        <B>255</B>
        <A>255</A>
      </ColorNormal>
      <ColorPressed>
        <R>255</R>
        <G>255</G>
        <B>255</B>
        <A>255</A>
      </ColorPressed>
      <ColorHighlit>
        <R>255</R>
        <G>255</G>
        <B>255</B>
        <A>255</A>
      </ColorHighlit>
      <ColorDisabled>
        <R>255</R>
        <G>255</G>
        <B>255</B>
        <A>128</A>
      </ColorDisabled>
      <TextOffset>
        <X>0</X>
        <Y>0</Y>
      </TextOffset>
      <TextAlignment>
        <TopLeft>true</TopLeft>
      </TextAlignment>
      <ChangeFontColor>false</ChangeFontColor>
    </Font>
    <Texture>
      <TextureName>statusicons_03</TextureName>
      <Normal>
        <X>0</X>
        <Y>1010</Y>
      </Normal>
      <Pressed>
        <X>0</X>
        <Y>1010</Y>
      </Pressed>
      <NormalHighlit>
        <X>13</X>
        <Y>1010</Y>
      </NormalHighlit>
      <PressedHighlit>
        <X>13</X>
        <Y>1010</Y>
      </PressedHighlit>
      <Disabled>
        <X>0</X>
        <Y>1010</Y>
      </Disabled>
    </Texture>
  </CheckBoxTemplate>

</Root_Element>
