<?xml version="1.0" encoding="ISO-8859-1"?>
<Root_Element ID="DAOCUi">

<!-- @@ Edited with the DAoC User Interface Editor v1.80 -->
<!-- @@ Free download available at http://www.bradtownsend.com/daoced -->

  <!-- Alternate Row BG Image in Listbox -->

  <!-- Also used behind section text -->

  <HorizontalResizeImageTemplate>
    <Name>HResizeImage_ListBox_Row_BG</Name>
    <Height>16</Height>
    <LeftWidth>16</LeftWidth>
    <RepeatWidth>80</RepeatWidth>
    <RightWidth>16</RightWidth>
    <Texture>
      <TextureName>dialogimages_02</TextureName>
      <Left>
        <X>317</X>
        <Y>154</Y>
      </Left>
      <Repeat>
        <X>334</X>
        <Y>154</Y>
      </Repeat>
      <Right>
        <X>415</X>
        <Y>154</Y>
      </Right>
    </Texture>
  </HorizontalResizeImageTemplate>

  <HorizontalResizeImageTemplate>
    <Name>HResizeImage_Bar_Green_BG_Small</Name>
    <Height>3</Height>
    <LeftWidth>0</LeftWidth>
    <RepeatWidth>128</RepeatWidth>
    <RightWidth>0</RightWidth>
    <Texture>
      <TextureName>statusicons_01</TextureName>
      <Left>
        <X>0</X>
        <Y>99</Y>
      </Left>
      <Repeat>
        <X>0</X>
        <Y>99</Y>
      </Repeat>
      <Right>
        <X>0</X>
        <Y>99</Y>
      </Right>
    </Texture>
  </HorizontalResizeImageTemplate>

  <HorizontalResizeImageTemplate>
    <Name>HResizeImage_Bar_Green_FG_Small</Name>
    <Height>3</Height>
    <LeftWidth>0</LeftWidth>
    <RepeatWidth>128</RepeatWidth>
    <RightWidth>0</RightWidth>
    <Texture>
      <TextureName>statusicons_01</TextureName>
      <Left>
        <X>0</X>
        <Y>195</Y>
      </Left>
      <Repeat>
        <X>0</X>
        <Y>195</Y>
      </Repeat>
      <Right>
        <X>0</X>
        <Y>195</Y>
      </Right>
    </Texture>
  </HorizontalResizeImageTemplate>

  <HorizontalResizeImageTemplate>
    <Name>HResizeImage_Bar_Green_BG</Name>
    <Height>6</Height>
    <LeftWidth>0</LeftWidth>
    <RepeatWidth>128</RepeatWidth>
    <RightWidth>0</RightWidth>
    <Texture>
      <TextureName>statusbars_01</TextureName>
      <Left>
        <X>0</X>
        <Y>22</Y>
      </Left>
      <Repeat>
        <X>0</X>
        <Y>22</Y>
      </Repeat>
      <Right>
        <X>0</X>
        <Y>22</Y>
      </Right>
    </Texture>
  </HorizontalResizeImageTemplate>

  <HorizontalResizeImageTemplate>
    <Name>HResizeImage_Bar_Green_FG</Name>
    <Height>6</Height>
    <LeftWidth>0</LeftWidth>
    <RepeatWidth>128</RepeatWidth>
    <RightWidth>0</RightWidth>
    <Texture>
      <TextureName>statusbars_01</TextureName>
      <Left>
        <X>0</X>
        <Y>15</Y>
      </Left>
      <Repeat>
        <X>0</X>
        <Y>15</Y>
      </Repeat>
      <Right>
        <X>0</X>
        <Y>15</Y>
      </Right>
    </Texture>
  </HorizontalResizeImageTemplate>

  <HorizontalResizeImageTemplate>
    <Name>HResizeImage_Bar_Red_FG</Name>
    <Height>6</Height>
    <LeftWidth>0</LeftWidth>
    <RepeatWidth>128</RepeatWidth>
    <RightWidth>0</RightWidth>
    <Texture>
      <TextureName>statusbars_01</TextureName>
      <Left>
        <X>0</X>
        <Y>1</Y>
      </Left>
      <Repeat>
        <X>0</X>
        <Y>1</Y>
      </Repeat>
      <Right>
        <X>0</X>
        <Y>1</Y>
      </Right>
    </Texture>
  </HorizontalResizeImageTemplate>

  <HorizontalResizeImageTemplate>
    <Name>HResizeImage_Bar_Red_BG</Name>
    <Height>6</Height>
    <LeftWidth>0</LeftWidth>
    <RepeatWidth>128</RepeatWidth>
    <RightWidth>0</RightWidth>
    <Texture>
      <TextureName>statusbars_01</TextureName>
      <Left>
        <X>0</X>
        <Y>8</Y>
      </Left>
      <Repeat>
        <X>0</X>
        <Y>8</Y>
      </Repeat>
      <Right>
        <X>0</X>
        <Y>8</Y>
      </Right>
    </Texture>
  </HorizontalResizeImageTemplate>

  <HorizontalResizeImageTemplate>
    <Name>HResizeImage_Bar_Yellow_BG_Small</Name>
    <Height>3</Height>
    <LeftWidth>0</LeftWidth>
    <RepeatWidth>128</RepeatWidth>
    <RightWidth>0</RightWidth>
    <Texture>
      <TextureName>statusicons_01</TextureName>
      <Left>
        <X>0</X>
        <Y>198</Y>
      </Left>
      <Repeat>
        <X>0</X>
        <Y>198</Y>
      </Repeat>
      <Right>
        <X>0</X>
        <Y>198</Y>
      </Right>
    </Texture>
  </HorizontalResizeImageTemplate>

  <HorizontalResizeImageTemplate>
    <Name>HResizeImage_Bar_Yellow_BG</Name>
    <Height>6</Height>
    <LeftWidth>0</LeftWidth>
    <RepeatWidth>128</RepeatWidth>
    <RightWidth>0</RightWidth>
    <Texture>
      <TextureName>statusbars_01</TextureName>
      <Left>
        <X>0</X>
        <Y>36</Y>
      </Left>
      <Repeat>
        <X>0</X>
        <Y>36</Y>
      </Repeat>
      <Right>
        <X>0</X>
        <Y>36</Y>
      </Right>
    </Texture>
  </HorizontalResizeImageTemplate>

  <HorizontalResizeImageTemplate>
    <Name>HResizeImage_Bar_Yellow_FG_Small</Name>
    <Height>3</Height>
    <LeftWidth>0</LeftWidth>
    <RepeatWidth>128</RepeatWidth>
    <RightWidth>0</RightWidth>
    <Texture>
      <TextureName>statusicons_01</TextureName>
      <Left>
        <X>0</X>
        <Y>294</Y>
      </Left>
      <Repeat>
        <X>0</X>
        <Y>294</Y>
      </Repeat>
      <Right>
        <X>0</X>
        <Y>294</Y>
      </Right>
    </Texture>
  </HorizontalResizeImageTemplate>

  <HorizontalResizeImageTemplate>
    <Name>HResizeImage_Bar_Yellow_FG</Name>
    <Height>6</Height>
    <LeftWidth>0</LeftWidth>
    <RepeatWidth>128</RepeatWidth>
    <RightWidth>0</RightWidth>
    <Texture>
      <TextureName>statusbars_01</TextureName>
      <Left>
        <X>0</X>
        <Y>29</Y>
      </Left>
      <Repeat>
        <X>0</X>
        <Y>29</Y>
      </Repeat>
      <Right>
        <X>0</X>
        <Y>29</Y>
      </Right>
    </Texture>
  </HorizontalResizeImageTemplate>

  <HorizontalResizeImageTemplate>
    <Name>HResizeImage_Generic_Normal</Name>
    <Height>16</Height>
    <LeftWidth>10</LeftWidth>
    <RepeatWidth>78</RepeatWidth>
    <RightWidth>10</RightWidth>
    <Texture>
      <TextureName>buttons_01</TextureName>
      <Left>
        <X>1</X>
        <Y>88</Y>
      </Left>
      <Repeat>
        <X>12</X>
        <Y>88</Y>
      </Repeat>
      <Right>
        <X>91</X>
        <Y>88</Y>
      </Right>
    </Texture>
  </HorizontalResizeImageTemplate>

  <HorizontalResizeImageTemplate>
    <Name>HResizeImage_Generic_Pressed</Name>
    <Height>16</Height>
    <LeftWidth>10</LeftWidth>
    <RepeatWidth>78</RepeatWidth>
    <RightWidth>10</RightWidth>
    <Texture>
      <TextureName>buttons_01</TextureName>
      <Left>
        <X>1</X>
        <Y>88</Y>
      </Left>
      <Repeat>
        <X>12</X>
        <Y>88</Y>
      </Repeat>
      <Right>
        <X>91</X>
        <Y>88</Y>
      </Right>
    </Texture>
  </HorizontalResizeImageTemplate>

  <HorizontalResizeImageTemplate>
    <Name>HResizeImage_Generic_NormalHighlight</Name>
    <Height>16</Height>
    <LeftWidth>10</LeftWidth>
    <RepeatWidth>78</RepeatWidth>
    <RightWidth>10</RightWidth>
    <Texture>
      <TextureName>buttons_01</TextureName>
      <Left>
        <X>1</X>
        <Y>71</Y>
      </Left>
      <Repeat>
        <X>12</X>
        <Y>71</Y>
      </Repeat>
      <Right>
        <X>91</X>
        <Y>71</Y>
      </Right>
    </Texture>
  </HorizontalResizeImageTemplate>

  <HorizontalResizeImageTemplate>
    <Name>HResizeImage_Generic_Disabled</Name>
    <Height>16</Height>
    <LeftWidth>10</LeftWidth>
    <RepeatWidth>78</RepeatWidth>
    <RightWidth>10</RightWidth>
    <Texture>
      <TextureName>buttons_01</TextureName>
      <Left>
        <X>1</X>
        <Y>88</Y>
      </Left>
      <Repeat>
        <X>12</X>
        <Y>88</Y>
      </Repeat>
      <Right>
        <X>91</X>
        <Y>88</Y>
      </Right>
    </Texture>
  </HorizontalResizeImageTemplate>

  <HorizontalResizeImageTemplate>
    <Name>HResizeImage_PaperDoll_BG</Name>
    <Height>174</Height>
    <LeftWidth>52</LeftWidth>
    <RepeatWidth>138</RepeatWidth>
    <RightWidth>52</RightWidth>
    <Texture>
      <TextureName>mountimages_01</TextureName>
      <Left>
        <X>1</X>
        <Y>1</Y>
      </Left>
      <Repeat>
        <X>52</X>
        <Y>1</Y>
      </Repeat>
      <Right>
        <X>189</X>
        <Y>1</Y>
      </Right>
    </Texture>
  </HorizontalResizeImageTemplate>

  <HorizontalResizeImageTemplate>
    <Name>HResizeImage_Bar_Orange_FG_Small</Name>
    <Height>3</Height>
    <LeftWidth>0</LeftWidth>
    <RepeatWidth>128</RepeatWidth>
    <RightWidth>0</RightWidth>
    <Texture>
      <TextureName>statusicons_01</TextureName>
      <Left>
        <X>0</X>
        <Y>492</Y>
      </Left>
      <Repeat>
        <X>0</X>
        <Y>492</Y>
      </Repeat>
      <Right>
        <X>0</X>
        <Y>492</Y>
      </Right>
    </Texture>
  </HorizontalResizeImageTemplate>

  <HorizontalResizeImageTemplate>
    <Name>HResizeImage_Bar_Orange_BG_Small</Name>
    <Height>3</Height>
    <LeftWidth>0</LeftWidth>
    <RepeatWidth>128</RepeatWidth>
    <RightWidth>0</RightWidth>
    <Texture>
      <TextureName>statusicons_01</TextureName>
      <Left>
        <X>0</X>
        <Y>396</Y>
      </Left>
      <Repeat>
        <X>0</X>
        <Y>396</Y>
      </Repeat>
      <Right>
        <X>0</X>
        <Y>396</Y>
      </Right>
    </Texture>
  </HorizontalResizeImageTemplate>

  <HorizontalResizeImageTemplate>
    <Name>HResizeImage_XP_Blue_BG</Name>
    <Height>10</Height>
    <LeftWidth>0</LeftWidth>
    <RepeatWidth>128</RepeatWidth>
    <RightWidth>0</RightWidth>
    <Texture>
      <TextureName>statusicons_05</TextureName>
      <Left>
        <X>0</X>
        <Y>0</Y>
      </Left>
      <Repeat>
        <X>0</X>
        <Y>0</Y>
      </Repeat>
      <Right>
        <X>0</X>
        <Y>0</Y>
      </Right>
    </Texture>
  </HorizontalResizeImageTemplate>

  <HorizontalResizeImageTemplate>
    <Name>HResizeImage_XP_Blue_FG</Name>
    <Height>10</Height>
    <LeftWidth>0</LeftWidth>
    <RepeatWidth>128</RepeatWidth>
    <RightWidth>0</RightWidth>
    <Texture>
      <TextureName>statusicons_05</TextureName>
      <Left>
        <X>0</X>
        <Y>1000</Y>
      </Left>
      <Repeat>
        <X>0</X>
        <Y>1000</Y>
      </Repeat>
      <Right>
        <X>0</X>
        <Y>1000</Y>
      </Right>
    </Texture>
  </HorizontalResizeImageTemplate>

  <HorizontalResizeImageTemplate>
    <Name>HResizeImage_Bar_Blue_BG_Small</Name>
    <Height>3</Height>
    <LeftWidth>0</LeftWidth>
    <RepeatWidth>128</RepeatWidth>
    <RightWidth>0</RightWidth>
    <Texture>
      <TextureName>statusicons_01</TextureName>
      <Left>
        <X>0</X>
        <Y>297</Y>
      </Left>
      <Repeat>
        <X>0</X>
        <Y>297</Y>
      </Repeat>
      <Right>
        <X>0</X>
        <Y>297</Y>
      </Right>
    </Texture>
  </HorizontalResizeImageTemplate>

  <HorizontalResizeImageTemplate>
    <Name>HResizeImage_Bar_Blue_FG_Small</Name>
    <Height>3</Height>
    <LeftWidth>0</LeftWidth>
    <RepeatWidth>128</RepeatWidth>
    <RightWidth>0</RightWidth>
    <Texture>
      <TextureName>statusicons_01</TextureName>
      <Left>
        <X>0</X>
        <Y>393</Y>
      </Left>
      <Repeat>
        <X>0</X>
        <Y>393</Y>
      </Repeat>
      <Right>
        <X>0</X>
        <Y>393</Y>
      </Right>
    </Texture>
  </HorizontalResizeImageTemplate>

  <HorizontalResizeImageTemplate>
    <Name>HResizeImage_Slot_Blank</Name>
    <Height>32</Height>
    <LeftWidth>0</LeftWidth>
    <RepeatWidth>35</RepeatWidth>
    <RightWidth>3</RightWidth>
    <Texture>
      <TextureName>dialogimages_02</TextureName>
      <Left>
        <X>311</X>
        <Y>99</Y>
      </Left>
      <Repeat>
        <X>279</X>
        <Y>99</Y>
      </Repeat>
      <Right>
        <X>311</X>
        <Y>99</Y>
      </Right>
    </Texture>
  </HorizontalResizeImageTemplate>

  <HorizontalResizeImageTemplate>
    <Name>HResizeImage_MiniGroup_End_BG</Name>
    <Height>10</Height>
    <LeftWidth>0</LeftWidth>
    <RepeatWidth>29</RepeatWidth>
    <RightWidth>0</RightWidth>
    <Texture>
      <TextureName>statusbars_01</TextureName>
      <Left>
        <X>30</X>
        <Y>43</Y>
      </Left>
      <Repeat>
        <X>30</X>
        <Y>43</Y>
      </Repeat>
      <Right>
        <X>30</X>
        <Y>43</Y>
      </Right>
    </Texture>
  </HorizontalResizeImageTemplate>

  <HorizontalResizeImageTemplate>
    <Name>HResizeImage_MiniGroup_End_FG</Name>
    <Height>10</Height>
    <LeftWidth>0</LeftWidth>
    <RepeatWidth>29</RepeatWidth>
    <RightWidth>0</RightWidth>
    <Texture>
      <TextureName>statusbars_01</TextureName>
      <Left>
        <X>0</X>
        <Y>43</Y>
      </Left>
      <Repeat>
        <X>0</X>
        <Y>43</Y>
      </Repeat>
      <Right>
        <X>0</X>
        <Y>43</Y>
      </Right>
    </Texture>
  </HorizontalResizeImageTemplate>

  <HorizontalResizeImageTemplate>
    <Name>HResizeImage_MiniGroup_Pwr_BG</Name>
    <Height>10</Height>
    <LeftWidth>0</LeftWidth>
    <RepeatWidth>29</RepeatWidth>
    <RightWidth>0</RightWidth>
    <Texture>
      <TextureName>statusbars_01</TextureName>
      <Left>
        <X>90</X>
        <Y>43</Y>
      </Left>
      <Repeat>
        <X>90</X>
        <Y>43</Y>
      </Repeat>
      <Right>
        <X>90</X>
        <Y>43</Y>
      </Right>
    </Texture>
  </HorizontalResizeImageTemplate>

  <HorizontalResizeImageTemplate>
    <Name>HResizeImage_MiniGroup_Pwr_FG</Name>
    <Height>10</Height>
    <LeftWidth>0</LeftWidth>
    <RepeatWidth>29</RepeatWidth>
    <RightWidth>0</RightWidth>
    <Texture>
      <TextureName>statusbars_01</TextureName>
      <Left>
        <X>60</X>
        <Y>43</Y>
      </Left>
      <Repeat>
        <X>60</X>
        <Y>43</Y>
      </Repeat>
      <Right>
        <X>60</X>
        <Y>43</Y>
      </Right>
    </Texture>
  </HorizontalResizeImageTemplate>

  <HorizontalResizeImageTemplate>
    <Name>HResizeImage_TabPanel_BG</Name>
    <Height>16</Height>
    <LeftWidth>0</LeftWidth>
    <RepeatWidth>40</RepeatWidth>
    <RightWidth>0</RightWidth>
    <Texture>
      <TextureName>dialogimages_01</TextureName>
      <Left>
        <X>0</X>
        <Y>0</Y>
      </Left>
      <Repeat>
        <X>376</X>
        <Y>123</Y>
      </Repeat>
      <Right>
        <X>0</X>
        <Y>0</Y>
      </Right>
    </Texture>
  </HorizontalResizeImageTemplate>

  <HorizontalResizeImageTemplate>
    <Name>HResizeImage_Slot_Blank_Small</Name>
    <Height>16</Height>
    <LeftWidth>0</LeftWidth>
    <RepeatWidth>16</RepeatWidth>
    <RightWidth>0</RightWidth>
    <Texture>
      <TextureName>dialogimages_02</TextureName>
      <Left>
        <X>295</X>
        <Y>134</Y>
      </Left>
      <Repeat>
        <X>279</X>
        <Y>134</Y>
      </Repeat>
      <Right>
        <X>295</X>
        <Y>134</Y>
      </Right>
    </Texture>
  </HorizontalResizeImageTemplate>

</Root_Element>
