<?xml version="1.0" encoding="ISO-8859-1"?>
<Root_Element ID="DAOCUi">

<!-- @@ Edited with the DAoC User Interface Editor v1.80 -->
<!-- @@ Free download available at http://www.bradtownsend.com/daoced -->

  <!-- Name - Header Image -->

  <ListBoxHeaderTemplate>
    <Name>ListBoxHeader_Name</Name>
    <Texture>
      <Name>buttons_03</Name>
      <Size>
        <X>16</X>
        <Y>24</Y>
      </Size>
      <Normal>
        <X>102</X>
        <Y>1</Y>
      </Normal>
      <Pressed>
        <X>102</X>
        <Y>25</Y>
      </Pressed>
      <Highlit>
        <X>102</X>
        <Y>49</Y>
      </Highlit>
    </Texture>
    <TextFont>
      <Name>font_headings</Name>
      <ColorNormal>
        <R>192</R>
        <G>192</G>
        <B>192</B>
        <A>255</A>
      </ColorNormal>
      <ColorPressed>
        <R>255</R>
        <G>192</G>
        <B>0</B>
        <A>255</A>
      </ColorPressed>
      <ColorHighlit>
        <R>225</R>
        <G>225</G>
        <B>225</B>
        <A>255</A>
      </ColorHighlit>
      <ColorGreyed>
        <R>127</R>
        <G>127</G>
        <B>127</B>
        <A>255</A>
      </ColorGreyed>
    </TextFont>
  </ListBoxHeaderTemplate>

  <!-- Level - Header Image -->

  <ListBoxHeaderTemplate>
    <Name>ListBoxHeader_Level</Name>
    <Texture>
      <Name>buttons_03</Name>
      <Size>
        <X>24</X>
        <Y>24</Y>
      </Size>
      <Normal>
        <X>122</X>
        <Y>1</Y>
      </Normal>
      <Pressed>
        <X>122</X>
        <Y>25</Y>
      </Pressed>
      <Highlit>
        <X>122</X>
        <Y>49</Y>
      </Highlit>
    </Texture>
    <TextFont>
      <Name>font_headings</Name>
      <ColorNormal>
        <R>192</R>
        <G>192</G>
        <B>192</B>
        <A>255</A>
      </ColorNormal>
      <ColorPressed>
        <R>255</R>
        <G>192</G>
        <B>0</B>
        <A>255</A>
      </ColorPressed>
      <ColorHighlit>
        <R>225</R>
        <G>225</G>
        <B>225</B>
        <A>255</A>
      </ColorHighlit>
      <ColorGreyed>
        <R>127</R>
        <G>127</G>
        <B>127</B>
        <A>255</A>
      </ColorGreyed>
    </TextFont>
  </ListBoxHeaderTemplate>

  <!-- Rank - Header Image -->

  <ListBoxHeaderTemplate>
    <Name>ListBoxHeader_Rank</Name>
    <Texture>
      <Name>buttons_03</Name>
      <Size>
        <X>24</X>
        <Y>24</Y>
      </Size>
      <Normal>
        <X>74</X>
        <Y>1</Y>
      </Normal>
      <Pressed>
        <X>74</X>
        <Y>25</Y>
      </Pressed>
      <Highlit>
        <X>74</X>
        <Y>49</Y>
      </Highlit>
    </Texture>
    <TextFont>
      <Name>font_headings</Name>
      <ColorNormal>
        <R>192</R>
        <G>192</G>
        <B>192</B>
        <A>255</A>
      </ColorNormal>
      <ColorPressed>
        <R>255</R>
        <G>192</G>
        <B>0</B>
        <A>255</A>
      </ColorPressed>
      <ColorHighlit>
        <R>225</R>
        <G>225</G>
        <B>225</B>
        <A>255</A>
      </ColorHighlit>
      <ColorGreyed>
        <R>127</R>
        <G>127</G>
        <B>127</B>
        <A>255</A>
      </ColorGreyed>
    </TextFont>
  </ListBoxHeaderTemplate>

  <!-- Class - Header Image -->

  <ListBoxHeaderTemplate>
    <Name>ListBoxHeader_Class</Name>
    <Texture>
      <Name>buttons_03</Name>
      <Size>
        <X>24</X>
        <Y>24</Y>
      </Size>
      <Normal>
        <X>47</X>
        <Y>1</Y>
      </Normal>
      <Pressed>
        <X>47</X>
        <Y>25</Y>
      </Pressed>
      <Highlit>
        <X>47</X>
        <Y>49</Y>
      </Highlit>
    </Texture>
    <TextFont>
      <Name>font_headings</Name>
      <ColorNormal>
        <R>192</R>
        <G>192</G>
        <B>192</B>
        <A>255</A>
      </ColorNormal>
      <ColorPressed>
        <R>255</R>
        <G>192</G>
        <B>0</B>
        <A>255</A>
      </ColorPressed>
      <ColorHighlit>
        <R>225</R>
        <G>225</G>
        <B>225</B>
        <A>255</A>
      </ColorHighlit>
      <ColorGreyed>
        <R>127</R>
        <G>127</G>
        <B>127</B>
        <A>255</A>
      </ColorGreyed>
    </TextFont>
  </ListBoxHeaderTemplate>

  <!-- Group - Header Image -->

  <ListBoxHeaderTemplate>
    <Name>ListBoxHeader_Group</Name>
    <Texture>
      <Name>buttons_03</Name>
      <Size>
        <X>24</X>
        <Y>24</Y>
      </Size>
      <Normal>
        <X>150</X>
        <Y>1</Y>
      </Normal>
      <Pressed>
        <X>150</X>
        <Y>25</Y>
      </Pressed>
      <Highlit>
        <X>150</X>
        <Y>49</Y>
      </Highlit>
    </Texture>
    <TextFont>
      <Name>font_headings</Name>
      <ColorNormal>
        <R>192</R>
        <G>192</G>
        <B>192</B>
        <A>255</A>
      </ColorNormal>
      <ColorPressed>
        <R>255</R>
        <G>192</G>
        <B>0</B>
        <A>255</A>
      </ColorPressed>
      <ColorHighlit>
        <R>225</R>
        <G>225</G>
        <B>225</B>
        <A>255</A>
      </ColorHighlit>
      <ColorGreyed>
        <R>127</R>
        <G>127</G>
        <B>127</B>
        <A>255</A>
      </ColorGreyed>
    </TextFont>
  </ListBoxHeaderTemplate>

  <!-- Zone - Header Image -->

  <ListBoxHeaderTemplate>
    <Name>ListBoxHeader_Zone</Name>
    <Texture>
      <Name>buttons_03</Name>
      <Size>
        <X>20</X>
        <Y>24</Y>
      </Size>
      <Normal>
        <X>24</X>
        <Y>1</Y>
      </Normal>
      <Pressed>
        <X>24</X>
        <Y>25</Y>
      </Pressed>
      <Highlit>
        <X>24</X>
        <Y>49</Y>
      </Highlit>
    </Texture>
    <TextFont>
      <Name>font_headings</Name>
      <ColorNormal>
        <R>192</R>
        <G>192</G>
        <B>192</B>
        <A>255</A>
      </ColorNormal>
      <ColorPressed>
        <R>255</R>
        <G>192</G>
        <B>0</B>
        <A>255</A>
      </ColorPressed>
      <ColorHighlit>
        <R>225</R>
        <G>225</G>
        <B>225</B>
        <A>255</A>
      </ColorHighlit>
      <ColorGreyed>
        <R>127</R>
        <G>127</G>
        <B>127</B>
        <A>255</A>
      </ColorGreyed>
    </TextFont>
  </ListBoxHeaderTemplate>

  <!-- Banner - Header Image -->

  <ListBoxHeaderTemplate>
    <Name>ListBoxHeader_Banner</Name>
    <Texture>
      <Name>buttons_03</Name>
      <Size>
        <X>20</X>
        <Y>23</Y>
      </Size>
      <Normal>
        <X>1</X>
        <Y>1</Y>
      </Normal>
      <Pressed>
        <X>1</X>
        <Y>25</Y>
      </Pressed>
      <Highlit>
        <X>1</X>
        <Y>49</Y>
      </Highlit>
    </Texture>
    <TextFont>
      <Name>font_headings</Name>
      <ColorNormal>
        <R>192</R>
        <G>192</G>
        <B>192</B>
        <A>255</A>
      </ColorNormal>
      <ColorPressed>
        <R>255</R>
        <G>192</G>
        <B>0</B>
        <A>255</A>
      </ColorPressed>
      <ColorHighlit>
        <R>225</R>
        <G>225</G>
        <B>225</B>
        <A>255</A>
      </ColorHighlit>
      <ColorGreyed>
        <R>127</R>
        <G>127</G>
        <B>127</B>
        <A>255</A>
      </ColorGreyed>
    </TextFont>
  </ListBoxHeaderTemplate>

  <!-- Note - Header Image -->

  <ListBoxHeaderTemplate>
    <Name>ListBoxHeader_Note</Name>
    <Texture>
      <Name>buttons_03</Name>
      <Size>
        <X>20</X>
        <Y>24</Y>
      </Size>
      <Normal>
        <X>177</X>
        <Y>1</Y>
      </Normal>
      <Pressed>
        <X>177</X>
        <Y>25</Y>
      </Pressed>
      <Highlit>
        <X>177</X>
        <Y>49</Y>
      </Highlit>
    </Texture>
    <TextFont>
      <Name>font_headings</Name>
      <ColorNormal>
        <R>192</R>
        <G>192</G>
        <B>192</B>
        <A>255</A>
      </ColorNormal>
      <ColorPressed>
        <R>255</R>
        <G>192</G>
        <B>0</B>
        <A>255</A>
      </ColorPressed>
      <ColorHighlit>
        <R>225</R>
        <G>225</G>
        <B>225</B>
        <A>255</A>
      </ColorHighlit>
      <ColorGreyed>
        <R>127</R>
        <G>127</G>
        <B>127</B>
        <A>255</A>
      </ColorGreyed>
    </TextFont>
  </ListBoxHeaderTemplate>

</Root_Element>
