<?xml version="1.0" encoding="ISO-8859-1"?>
<Root_Element ID="DAOCUi">

<!-- @@ Edited with the DAoC User Interface Editor v1.80 -->
<!-- @@ Free download available at http://www.bradtownsend.com/daoced -->

  <WindowTemplate>
    <Name>command</Name>
    <WindowId>Command</WindowId>
    <CloseButton>true</CloseButton>
    <MoveButton>true</MoveButton>
    <TopRightResizeButton>false</TopRightResizeButton>
    <BottomRightResizeButton>false</BottomRightResizeButton>
    <BottomLeftResizeButton>false</BottomLeftResizeButton>
    <ResizeButtonOffsetX>0</ResizeButtonOffsetX>
    <ResizeButtonOffsetY>0</ResizeButtonOffsetY>
    <TitleWidth>0</TitleWidth>
    <TitleHeight>0</TitleHeight>
    <Width>61</Width>
    <Height>460</Height>
    <ResizeableWidth>0</ResizeableWidth>
    <ResizeableHeight>0</ResizeableHeight>
    <ResizeableTwoWayWidth>0</ResizeableTwoWayWidth>
    <ResizeableTwoWayHeight>0</ResizeableTwoWayHeight>
    <MinWidth>0</MinWidth>
    <MinHeight>0</MinHeight>
    <ContextTemplateName></ContextTemplateName>

    <!--  Static Actions    -->

    <ButtonDef>
      <ControlId>19</ControlId>
      <Position>
        <X>0</X>
        <Y>0</Y>
      </Position>
      <Alignment>
        <TopLeft>true</TopLeft>
      </Alignment>
      <TemplateName>button_large</TemplateName>
      <Label>QUIT</Label>
      <onClickEvent>Quit</onClickEvent>
    </ButtonDef>

    <ButtonDef>
      <ControlId>15</ControlId>
      <Position>
        <X>0</X>
        <Y>18</Y>
      </Position>
      <Alignment>
        <TopLeft>true</TopLeft>
      </Alignment>
      <TemplateName>button_large</TemplateName>
      <Label>AFK</Label>
      <onClickEvent>Afk</onClickEvent>
    </ButtonDef>

    <ButtonDef>
      <ControlId>2</ControlId>
      <Position>
        <X>0</X>
        <Y>36</Y>
      </Position>
      <Alignment>
        <TopLeft>true</TopLeft>
      </Alignment>
      <TemplateName>button_large</TemplateName>
      <Label>SIT</Label>
      <onClickEvent>ToggleSitting</onClickEvent>
    </ButtonDef>

    <ButtonDef>
      <ControlId>7</ControlId>
      <Position>
        <X>0</X>
        <Y>54</Y>
      </Position>
      <Alignment>
        <TopLeft>true</TopLeft>
      </Alignment>
      <TemplateName>button_large</TemplateName>
      <Label>PRAY</Label>
      <onClickEvent>PRAY</onClickEvent>
    </ButtonDef>

    <ButtonDef>
      <ControlId>8</ControlId>
      <Position>
        <X>0</X>
        <Y>72</Y>
      </Position>
      <Alignment>
        <TopLeft>true</TopLeft>
      </Alignment>
      <TemplateName>button_large</TemplateName>
      <Label>RELEASE</Label>
      <onClickEvent>Release</onClickEvent>
    </ButtonDef>

    <ButtonDef>
      <ControlId>10</ControlId>
      <Position>
        <X>0</X>
        <Y>90</Y>
      </Position>
      <Alignment>
        <TopLeft>true</TopLeft>
      </Alignment>
      <TemplateName>button_large</TemplateName>
      <Label>BIND</Label>
      <onClickEvent>Bind</onClickEvent>
    </ButtonDef>

    <!--  Dynamic Actions    -->

    <ButtonDef>
      <ControlId>1</ControlId>
      <Position>
        <X>0</X>
        <Y>112</Y>
      </Position>
      <Alignment>
        <TopLeft>true</TopLeft>
      </Alignment>
      <TemplateName>button_large</TemplateName>
      <Label>SPRINT</Label>
      <onClickEvent>Sprint</onClickEvent>
    </ButtonDef>

    <ButtonDef>
      <ControlId>0</ControlId>
      <Position>
        <X>0</X>
        <Y>130</Y>
      </Position>
      <Alignment>
        <TopLeft>true</TopLeft>
      </Alignment>
      <TemplateName>button_large</TemplateName>
      <Label>ATTACK</Label>
      <onClickEvent>ToggleAttackMode</onClickEvent>
    </ButtonDef>

    <ButtonDef>
      <ControlId>3</ControlId>
      <Position>
        <X>0</X>
        <Y>148</Y>
      </Position>
      <Alignment>
        <TopLeft>true</TopLeft>
      </Alignment>
      <TemplateName>button_large</TemplateName>
      <Label>FOLLOW</Label>
      <onClickEvent>Follow</onClickEvent>
    </ButtonDef>

    <ButtonDef>
      <ControlId>4</ControlId>
      <Position>
        <X>0</X>
        <Y>166</Y>
      </Position>
      <Alignment>
        <TopLeft>true</TopLeft>
      </Alignment>
      <TemplateName>button_large</TemplateName>
      <Label>STICK</Label>
      <onClickEvent>STICK</onClickEvent>
    </ButtonDef>

    <ButtonDef>
      <ControlId>6</ControlId>
      <Position>
        <X>0</X>
        <Y>184</Y>
      </Position>
      <Alignment>
        <TopLeft>true</TopLeft>
      </Alignment>
      <TemplateName>button_large</TemplateName>
      <Label>FACE</Label>
      <onClickEvent>Face</onClickEvent>
    </ButtonDef>

    <ButtonDef>
      <ControlId></ControlId>
      <Position>
        <X>0</X>
        <Y>202</Y>
      </Position>
      <Alignment>
        <TopLeft>true</TopLeft>
      </Alignment>
      <TemplateName>button_large</TemplateName>
      <Label>ASSIST</Label>
      <onClickEvent>AssistTarget</onClickEvent>
    </ButtonDef>


    <!-- Info Buttons   -->

    <ButtonDef>
      <ControlId>14</ControlId>
      <Position>
        <X>0</X>
        <Y>225</Y>
      </Position>
      <Alignment>
        <TopLeft>true</TopLeft>
      </Alignment>
      <TemplateName>button_large</TemplateName>
      <Label>Amici</Label>
      <onClickEvent>Friends</onClickEvent>
    </ButtonDef>

    <ButtonDef>
      <ControlId>11</ControlId>
      <Position>
        <X>0</X>
        <Y>243</Y>
      </Position>
      <Alignment>
        <TopLeft>true</TopLeft>
      </Alignment>
      <TemplateName>button_large</TemplateName>
      <Label>Fortezze</Label>
      <onClickEvent>Realm</onClickEvent>
    </ButtonDef>

    <ButtonDef>
      <ControlId>12</ControlId>
      <Position>
        <X>0</X>
        <Y>261</Y>
      </Position>
      <Alignment>
        <TopLeft>true</TopLeft>
      </Alignment>
      <TemplateName>button_large</TemplateName>
      <Label>Reliquie</Label>
      <onClickEvent>Relic</onClickEvent>
    </ButtonDef>

    <ButtonDef>
      <ControlId>13</ControlId>
      <Position>
        <X>0</X>
        <Y>279</Y>
      </Position>
      <Alignment>
        <TopLeft>true</TopLeft>
      </Alignment>
      <TemplateName>button_large</TemplateName>
      <Label>Task</Label>
      <onClickEvent>Task</onClickEvent>
    </ButtonDef>

    <ButtonDef>
      <ControlId>18</ControlId>
      <Position>
        <X>0</X>
        <Y>297</Y>
      </Position>
      <Alignment>
        <TopLeft>true</TopLeft>
      </Alignment>
      <TemplateName>button_large</TemplateName>
      <Label>Diario</Label>
      <onClickEvent>Journal</onClickEvent>
    </ButtonDef>

    <ButtonDef>
      <ControlId>16</ControlId>
      <Position>
        <X>0</X>
        <Y>315</Y>
      </Position>
      <Alignment>
        <TopLeft>true</TopLeft>
      </Alignment>
      <TemplateName>button_large</TemplateName>
      <Label>Liv.Reame</Label>
      <onClickEvent>ToggleCustom0</onClickEvent>
    </ButtonDef>

    <ButtonDef>
      <ControlId>5</ControlId>
      <Position>
        <X>0</X>
        <Y>333</Y>
      </Position>
      <Alignment>
        <TopLeft>true</TopLeft>
      </Alignment>
      <TemplateName>button_large</TemplateName>
      <Label>MiniCure</Label>
      <onClickEvent>ToggleCustom1</onClickEvent>
    </ButtonDef>

    <ButtonDef>
      <ControlId>9</ControlId>
      <Position>
        <X>0</X>
        <Y>351</Y>
      </Position>
      <Alignment>
        <TopLeft>true</TopLeft>
      </Alignment>
      <TemplateName>button_large</TemplateName>
      <Label>Benefici</Label>
      <onClickEvent>Bonuses</onClickEvent>
    </ButtonDef>

    <ButtonDef>
      <ControlId>17</ControlId>
      <Position>
        <X>0</X>
        <Y>369</Y>
      </Position>
      <Alignment>
        <TopLeft>true</TopLeft>
      </Alignment>
      <TemplateName>button_large</TemplateName>
      <Label>Aiuto</Label>
      <onClickEvent>Help</onClickEvent>
    </ButtonDef>

    <ButtonDef>
      <ControlId>20</ControlId>
      <Position>
        <X>0</X>
        <Y>387</Y>
      </Position>
      <Alignment>
        <TopLeft>true</TopLeft>
      </Alignment>
      <TemplateName>button_large</TemplateName>
      <Label>Tastiera</Label>
      <onClickEvent>ShowKeyboardConfig</onClickEvent>
    </ButtonDef>

    <ButtonDef>
      <ControlId>5</ControlId>
      <Position>
        <X>0</X>
        <Y>405</Y>
      </Position>
      <Alignment>
        <TopLeft>true</TopLeft>
      </Alignment>
      <TemplateName>button_large</TemplateName>
      <Label>Mappe Gr.</Label>
      <onClickEvent>ToggleCustom10</onClickEvent>
    </ButtonDef>

    <ButtonDef>
      <ControlId>5</ControlId>
      <Position>
        <X>0</X>
        <Y>423</Y>
      </Position>
      <Alignment>
        <TopLeft>true</TopLeft>
      </Alignment>
      <TemplateName>button_large</TemplateName>
      <Label>Bussola</Label>
      <onClickEvent>ToggleCompass</onClickEvent>
    </ButtonDef>

    <ButtonDef>
      <ControlId>5</ControlId>
      <Position>
        <X>02</X>
        <Y>441</Y>
      </Position>
      <Alignment>
        <TopLeft>true</TopLeft>
      </Alignment>
      <TemplateName>button_large</TemplateName>
      <Label>MenuBar</Label>
      <onClickEvent>ToggleMenuBar</onClickEvent>
    </ButtonDef>
  </WindowTemplate>

</Root_Element>
