<?xml version="1.0" encoding="ISO-8859-1"?>
<Root_Element ID="DAOCUi">

<!-- @@ Edited with the DAoC User Interface Editor v1.76b -->
<!-- @@ Free download available at http://www.bradtownsend.com/daoced -->

  <ImageAreaTemplate>
    <Name>compass_large_border</Name>
    <TextureName>page3</TextureName>
    <Size>
      <X>128</X>
      <Y>32</Y>
    </Size>
    <TopLeft>
      <X>1</X>
      <Y>156</Y>
    </TopLeft>
  </ImageAreaTemplate>

  <ImageAreaTemplate>
    <Name>compass_small_border</Name>
    <TextureName>page3</TextureName>
    <Size>
      <X>64</X>
      <Y>16</Y>
    </Size>
    <TopLeft>
      <X>2</X>
      <Y>133</Y>
    </TopLeft>
  </ImageAreaTemplate>

  <WindowTemplate>
    <Name>compass</Name>
    <WindowId>Compass</WindowId>
    <CloseButton>false</CloseButton>
    <MoveButton>false</MoveButton>
    <TopRightResizeButton>false</TopRightResizeButton>
    <BottomRightResizeButton>false</BottomRightResizeButton>
    <BottomLeftResizeButton>false</BottomLeftResizeButton>
    <ResizeButtonOffsetX>0</ResizeButtonOffsetX>
    <ResizeButtonOffsetY>0</ResizeButtonOffsetY>
    <TitleWidth>0</TitleWidth>
    <TitleHeight>0</TitleHeight>
    <Width>64</Width>
    <Height>16</Height>
    <ResizeableWidth>0</ResizeableWidth>
    <ResizeableHeight>0</ResizeableHeight>
    <ResizeableTwoWayWidth>0</ResizeableTwoWayWidth>
    <ResizeableTwoWayHeight>0</ResizeableTwoWayHeight>
    <MinWidth>0</MinWidth>
    <MinHeight>0</MinHeight>

    <!--                                     Small Compass                                    -->

    <CompassControlDef>
      <ControlId>1000</ControlId>
      <Position>
        <X>0</X>
        <Y>0</Y>
      </Position>
      <Alignment>
        <TopLeft>true</TopLeft>
      </Alignment>
      <TemplateName>compass</TemplateName>
      <AdapterName>compass_heading</AdapterName>
      <Width>64</Width>
      <Height>16</Height>
    </CompassControlDef>

    <ImageAreaDef>
      <ControlId>1000</ControlId>
      <Position>
        <X>0</X>
        <Y>0</Y>
      </Position>
      <Alignment>
        <TopLeft>true</TopLeft>
      </Alignment>
      <TemplateName>compass_small_border</TemplateName>
    </ImageAreaDef>

    <!--                                     Large Compass                                     -->

  </WindowTemplate>

</Root_Element>
